ISO-10303-21;
HEADER;
/* Generated by software containing ST-Developer
 * from STEP Tools, Inc. (www.steptools.com) 
 */
/* OPTION: using custom renumber hook */

FILE_DESCRIPTION(
/* description */ ('STEP AP214'),
/* implementation_level */ '2;1');

FILE_NAME(
/* name */ '285-199',
/* time_stamp */ '2026-08-26T09:47:42+02:00',
/* author */ ('License CC BY-ND 4.0'),
/* organization */ ('CADENAS'),
/* preprocessor_version */ 'ST-DEVELOPER v20',
/* originating_system */ 'PARTsolutions',
/* authorisation */ '  ');

FILE_SCHEMA (('AUTOMOTIVE_DESIGN {1 0 10303 214 3 1 1}'));
ENDSEC;

DATA;
#10=PROPERTY_DEFINITION_REPRESENTATION(#14,#12);
#11=PROPERTY_DEFINITION_REPRESENTATION(#15,#13);
#12=REPRESENTATION('',(#16),#17024);
#13=REPRESENTATION('',(#17),#17024);
#14=PROPERTY_DEFINITION('pmi validation property','',#17029);
#15=PROPERTY_DEFINITION('pmi validation property','',#17029);
#16=VALUE_REPRESENTATION_ITEM('number of annotations',COUNT_MEASURE(0.));
#17=VALUE_REPRESENTATION_ITEM('number of views',COUNT_MEASURE(0.));
#18=SHAPE_REPRESENTATION_RELATIONSHIP('','',#11664,#19);
#19=ADVANCED_BREP_SHAPE_REPRESENTATION('',(#11662),#17024);
#20=CONICAL_SURFACE('',#11716,5.57735026918963,0.523598775598299);
#21=CONICAL_SURFACE('',#11721,5.57735026918963,0.523598775598299);
#22=CONICAL_SURFACE('',#11726,5.57735026918963,0.523598775598299);
#23=CONICAL_SURFACE('',#11731,5.57735026918963,0.523598775598299);
#24=CONICAL_SURFACE('',#11736,5.57735026918963,0.523598775598299);
#25=CONICAL_SURFACE('',#11745,5.,0.523598775598299);
#26=CONICAL_SURFACE('',#11750,5.,0.523598775598299);
#27=CONICAL_SURFACE('',#11755,5.,0.523598775598299);
#28=CONICAL_SURFACE('',#11760,5.,0.523598775598299);
#29=CONICAL_SURFACE('',#11765,5.,0.523598775598299);
#30=DRAUGHTING_PRE_DEFINED_COLOUR('green');
#31=CIRCLE('',#11671,0.999999999999994);
#32=CIRCLE('',#11672,0.999999999999994);
#33=CIRCLE('',#11675,2.00000000000001);
#34=CIRCLE('',#11676,2.00000000000001);
#35=CIRCLE('',#11679,2.00000000000025);
#36=CIRCLE('',#11680,2.00000000000025);
#37=CIRCLE('',#11685,1.99999999999993);
#38=CIRCLE('',#11686,1.99999999999993);
#39=CIRCLE('',#11689,2.);
#40=CIRCLE('',#11690,2.);
#41=CIRCLE('',#11693,0.999999999999991);
#42=CIRCLE('',#11694,0.999999999999991);
#43=CIRCLE('',#11702,5.57735026918963);
#44=CIRCLE('',#11703,5.57735026918963);
#45=CIRCLE('',#11704,5.57735026918963);
#46=CIRCLE('',#11705,5.57735026918963);
#47=CIRCLE('',#11706,5.57735026918963);
#48=CIRCLE('',#11707,5.57735026918963);
#49=CIRCLE('',#11708,5.57735026918963);
#50=CIRCLE('',#11709,5.57735026918963);
#51=CIRCLE('',#11710,5.57735026918963);
#52=CIRCLE('',#11711,5.57735026918963);
#53=CIRCLE('',#11717,5.);
#54=CIRCLE('',#11719,5.);
#55=CIRCLE('',#11722,5.);
#56=CIRCLE('',#11724,5.);
#57=CIRCLE('',#11727,5.);
#58=CIRCLE('',#11729,5.);
#59=CIRCLE('',#11732,5.);
#60=CIRCLE('',#11734,5.);
#61=CIRCLE('',#11737,5.);
#62=CIRCLE('',#11739,5.);
#63=CIRCLE('',#11742,5.);
#64=CIRCLE('',#11744,5.);
#65=CIRCLE('',#11747,5.);
#66=CIRCLE('',#11749,5.);
#67=CIRCLE('',#11752,5.);
#68=CIRCLE('',#11754,5.);
#69=CIRCLE('',#11757,5.);
#70=CIRCLE('',#11759,5.);
#71=CIRCLE('',#11762,5.);
#72=CIRCLE('',#11764,5.);
#73=CIRCLE('',#11767,0.5);
#74=CIRCLE('',#11768,0.5);
#75=CIRCLE('',#11770,0.499999999999999);
#76=CIRCLE('',#11771,0.499999999999999);
#77=CIRCLE('',#11773,7.49999999999998);
#78=CIRCLE('',#11774,7.49999999999998);
#79=CIRCLE('',#11776,0.500000000000056);
#80=CIRCLE('',#11777,0.500000000000056);
#81=CIRCLE('',#11780,0.500000000000054);
#82=CIRCLE('',#11781,0.500000000000054);
#83=CIRCLE('',#11783,7.49999999999997);
#84=CIRCLE('',#11784,7.49999999999997);
#85=CIRCLE('',#11788,0.5);
#86=CIRCLE('',#11789,0.5);
#87=CIRCLE('',#11791,0.499999999999999);
#88=CIRCLE('',#11792,0.499999999999999);
#89=CIRCLE('',#11794,7.49999999999998);
#90=CIRCLE('',#11795,7.49999999999998);
#91=CIRCLE('',#11797,0.500000000000056);
#92=CIRCLE('',#11798,0.500000000000056);
#93=CIRCLE('',#11801,0.500000000000054);
#94=CIRCLE('',#11802,0.500000000000054);
#95=CIRCLE('',#11804,7.49999999999997);
#96=CIRCLE('',#11805,7.49999999999997);
#97=CIRCLE('',#11809,0.5);
#98=CIRCLE('',#11810,0.5);
#99=CIRCLE('',#11812,0.499999999999999);
#100=CIRCLE('',#11813,0.499999999999999);
#101=CIRCLE('',#11815,7.49999999999998);
#102=CIRCLE('',#11816,7.49999999999998);
#103=CIRCLE('',#11818,0.500000000000056);
#104=CIRCLE('',#11819,0.500000000000056);
#105=CIRCLE('',#11822,0.500000000000054);
#106=CIRCLE('',#11823,0.500000000000054);
#107=CIRCLE('',#11825,7.49999999999997);
#108=CIRCLE('',#11826,7.49999999999997);
#109=CIRCLE('',#11830,0.5);
#110=CIRCLE('',#11831,0.5);
#111=CIRCLE('',#11833,0.499999999999999);
#112=CIRCLE('',#11834,0.499999999999999);
#113=CIRCLE('',#11836,7.49999999999998);
#114=CIRCLE('',#11837,7.49999999999998);
#115=CIRCLE('',#11839,0.500000000000056);
#116=CIRCLE('',#11840,0.500000000000056);
#117=CIRCLE('',#11843,0.500000000000054);
#118=CIRCLE('',#11844,0.500000000000054);
#119=CIRCLE('',#11846,7.49999999999997);
#120=CIRCLE('',#11847,7.49999999999997);
#121=CIRCLE('',#11851,0.5);
#122=CIRCLE('',#11852,0.5);
#123=CIRCLE('',#11854,0.499999999999999);
#124=CIRCLE('',#11855,0.499999999999999);
#125=CIRCLE('',#11857,7.49999999999998);
#126=CIRCLE('',#11858,7.49999999999998);
#127=CIRCLE('',#11860,0.500000000000056);
#128=CIRCLE('',#11861,0.500000000000056);
#129=CIRCLE('',#11864,0.500000000000054);
#130=CIRCLE('',#11865,0.500000000000054);
#131=CIRCLE('',#11867,7.49999999999997);
#132=CIRCLE('',#11868,7.49999999999997);
#133=CIRCLE('',#12048,0.399999999999994);
#134=CIRCLE('',#12049,0.399999999999994);
#135=CIRCLE('',#12056,0.400000000000001);
#136=CIRCLE('',#12057,0.400000000000001);
#137=CIRCLE('',#12060,0.400000000000003);
#138=CIRCLE('',#12061,0.400000000000003);
#139=CIRCLE('',#12067,0.399999999999994);
#140=CIRCLE('',#12068,0.399999999999994);
#141=CIRCLE('',#12073,0.400000000000005);
#142=CIRCLE('',#12074,0.400000000000005);
#143=CIRCLE('',#12081,0.399999999999997);
#144=CIRCLE('',#12082,0.399999999999997);
#145=CIRCLE('',#12085,0.400000000000005);
#146=CIRCLE('',#12086,0.400000000000005);
#147=CIRCLE('',#12092,0.400000000000005);
#148=CIRCLE('',#12093,0.400000000000005);
#149=CIRCLE('',#12098,0.400000000000011);
#150=CIRCLE('',#12099,0.400000000000011);
#151=CIRCLE('',#12106,0.400000000000003);
#152=CIRCLE('',#12107,0.400000000000003);
#153=CIRCLE('',#12110,0.400000000000011);
#154=CIRCLE('',#12111,0.400000000000011);
#155=CIRCLE('',#12117,0.400000000000017);
#156=CIRCLE('',#12118,0.400000000000017);
#157=CIRCLE('',#12123,0.400000000000011);
#158=CIRCLE('',#12124,0.400000000000011);
#159=CIRCLE('',#12131,0.400000000000003);
#160=CIRCLE('',#12132,0.400000000000003);
#161=CIRCLE('',#12135,0.400000000000011);
#162=CIRCLE('',#12136,0.400000000000011);
#163=CIRCLE('',#12142,0.400000000000017);
#164=CIRCLE('',#12143,0.400000000000017);
#165=CIRCLE('',#12148,0.400000000000011);
#166=CIRCLE('',#12149,0.400000000000011);
#167=CIRCLE('',#12156,0.400000000000003);
#168=CIRCLE('',#12157,0.400000000000003);
#169=CIRCLE('',#12160,0.400000000000011);
#170=CIRCLE('',#12161,0.400000000000011);
#171=CIRCLE('',#12167,0.400000000000017);
#172=CIRCLE('',#12168,0.400000000000017);
#173=CIRCLE('',#12172,0.399999999999995);
#174=CIRCLE('',#12173,0.399999999999995);
#175=CIRCLE('',#12176,0.399999999999994);
#176=CIRCLE('',#12177,0.399999999999994);
#177=CIRCLE('',#12183,0.400000000000001);
#178=CIRCLE('',#12184,0.400000000000001);
#179=CIRCLE('',#12187,0.400000000000003);
#180=CIRCLE('',#12188,0.400000000000003);
#181=CIRCLE('',#12197,0.400000000000005);
#182=CIRCLE('',#12198,0.400000000000005);
#183=CIRCLE('',#12201,0.400000000000005);
#184=CIRCLE('',#12202,0.400000000000005);
#185=CIRCLE('',#12208,0.400000000000005);
#186=CIRCLE('',#12209,0.400000000000005);
#187=CIRCLE('',#12212,0.400000000000005);
#188=CIRCLE('',#12213,0.400000000000005);
#189=CIRCLE('',#12222,0.400000000000017);
#190=CIRCLE('',#12223,0.400000000000017);
#191=CIRCLE('',#12226,0.400000000000011);
#192=CIRCLE('',#12227,0.400000000000011);
#193=CIRCLE('',#12233,0.400000000000015);
#194=CIRCLE('',#12234,0.400000000000015);
#195=CIRCLE('',#12237,0.400000000000011);
#196=CIRCLE('',#12238,0.400000000000011);
#197=CIRCLE('',#12247,0.400000000000017);
#198=CIRCLE('',#12248,0.400000000000017);
#199=CIRCLE('',#12251,0.400000000000011);
#200=CIRCLE('',#12252,0.400000000000011);
#201=CIRCLE('',#12258,0.400000000000015);
#202=CIRCLE('',#12259,0.400000000000015);
#203=CIRCLE('',#12262,0.400000000000011);
#204=CIRCLE('',#12263,0.400000000000011);
#205=CIRCLE('',#12272,0.400000000000017);
#206=CIRCLE('',#12273,0.400000000000017);
#207=CIRCLE('',#12276,0.400000000000011);
#208=CIRCLE('',#12277,0.400000000000011);
#209=CIRCLE('',#12283,0.400000000000015);
#210=CIRCLE('',#12284,0.400000000000015);
#211=CIRCLE('',#12287,0.400000000000011);
#212=CIRCLE('',#12288,0.400000000000011);
#213=CYLINDRICAL_SURFACE('',#11670,0.999999999999994);
#214=CYLINDRICAL_SURFACE('',#11674,2.00000000000001);
#215=CYLINDRICAL_SURFACE('',#11678,2.00000000000025);
#216=CYLINDRICAL_SURFACE('',#11684,1.99999999999993);
#217=CYLINDRICAL_SURFACE('',#11688,2.);
#218=CYLINDRICAL_SURFACE('',#11692,0.999999999999991);
#219=CYLINDRICAL_SURFACE('',#11718,5.);
#220=CYLINDRICAL_SURFACE('',#11723,5.);
#221=CYLINDRICAL_SURFACE('',#11728,5.);
#222=CYLINDRICAL_SURFACE('',#11733,5.);
#223=CYLINDRICAL_SURFACE('',#11738,5.);
#224=CYLINDRICAL_SURFACE('',#11743,5.);
#225=CYLINDRICAL_SURFACE('',#11748,5.);
#226=CYLINDRICAL_SURFACE('',#11753,5.);
#227=CYLINDRICAL_SURFACE('',#11758,5.);
#228=CYLINDRICAL_SURFACE('',#11763,5.);
#229=CYLINDRICAL_SURFACE('',#11766,0.5);
#230=CYLINDRICAL_SURFACE('',#11769,0.499999999999999);
#231=CYLINDRICAL_SURFACE('',#11772,7.49999999999998);
#232=CYLINDRICAL_SURFACE('',#11775,0.500000000000056);
#233=CYLINDRICAL_SURFACE('',#11779,0.500000000000054);
#234=CYLINDRICAL_SURFACE('',#11782,7.49999999999997);
#235=CYLINDRICAL_SURFACE('',#11787,0.5);
#236=CYLINDRICAL_SURFACE('',#11790,0.499999999999999);
#237=CYLINDRICAL_SURFACE('',#11793,7.49999999999998);
#238=CYLINDRICAL_SURFACE('',#11796,0.500000000000056);
#239=CYLINDRICAL_SURFACE('',#11800,0.500000000000054);
#240=CYLINDRICAL_SURFACE('',#11803,7.49999999999997);
#241=CYLINDRICAL_SURFACE('',#11808,0.5);
#242=CYLINDRICAL_SURFACE('',#11811,0.499999999999999);
#243=CYLINDRICAL_SURFACE('',#11814,7.49999999999998);
#244=CYLINDRICAL_SURFACE('',#11817,0.500000000000056);
#245=CYLINDRICAL_SURFACE('',#11821,0.500000000000054);
#246=CYLINDRICAL_SURFACE('',#11824,7.49999999999997);
#247=CYLINDRICAL_SURFACE('',#11829,0.5);
#248=CYLINDRICAL_SURFACE('',#11832,0.499999999999999);
#249=CYLINDRICAL_SURFACE('',#11835,7.49999999999998);
#250=CYLINDRICAL_SURFACE('',#11838,0.500000000000056);
#251=CYLINDRICAL_SURFACE('',#11842,0.500000000000054);
#252=CYLINDRICAL_SURFACE('',#11845,7.49999999999997);
#253=CYLINDRICAL_SURFACE('',#11850,0.5);
#254=CYLINDRICAL_SURFACE('',#11853,0.499999999999999);
#255=CYLINDRICAL_SURFACE('',#11856,7.49999999999998);
#256=CYLINDRICAL_SURFACE('',#11859,0.500000000000056);
#257=CYLINDRICAL_SURFACE('',#11863,0.500000000000054);
#258=CYLINDRICAL_SURFACE('',#11866,7.49999999999997);
#259=CYLINDRICAL_SURFACE('',#12047,0.399999999999994);
#260=CYLINDRICAL_SURFACE('',#12055,0.400000000000001);
#261=CYLINDRICAL_SURFACE('',#12059,0.400000000000003);
#262=CYLINDRICAL_SURFACE('',#12066,0.399999999999994);
#263=CYLINDRICAL_SURFACE('',#12072,0.400000000000005);
#264=CYLINDRICAL_SURFACE('',#12080,0.399999999999997);
#265=CYLINDRICAL_SURFACE('',#12084,0.400000000000005);
#266=CYLINDRICAL_SURFACE('',#12091,0.400000000000005);
#267=CYLINDRICAL_SURFACE('',#12097,0.400000000000011);
#268=CYLINDRICAL_SURFACE('',#12105,0.400000000000003);
#269=CYLINDRICAL_SURFACE('',#12109,0.400000000000011);
#270=CYLINDRICAL_SURFACE('',#12116,0.400000000000017);
#271=CYLINDRICAL_SURFACE('',#12122,0.400000000000011);
#272=CYLINDRICAL_SURFACE('',#12130,0.400000000000003);
#273=CYLINDRICAL_SURFACE('',#12134,0.400000000000011);
#274=CYLINDRICAL_SURFACE('',#12141,0.400000000000017);
#275=CYLINDRICAL_SURFACE('',#12147,0.400000000000011);
#276=CYLINDRICAL_SURFACE('',#12155,0.400000000000003);
#277=CYLINDRICAL_SURFACE('',#12159,0.400000000000011);
#278=CYLINDRICAL_SURFACE('',#12166,0.400000000000017);
#279=CYLINDRICAL_SURFACE('',#12171,0.399999999999995);
#280=CYLINDRICAL_SURFACE('',#12175,0.399999999999994);
#281=CYLINDRICAL_SURFACE('',#12182,0.400000000000001);
#282=CYLINDRICAL_SURFACE('',#12186,0.400000000000003);
#283=CYLINDRICAL_SURFACE('',#12196,0.400000000000005);
#284=CYLINDRICAL_SURFACE('',#12200,0.400000000000005);
#285=CYLINDRICAL_SURFACE('',#12207,0.400000000000005);
#286=CYLINDRICAL_SURFACE('',#12211,0.400000000000005);
#287=CYLINDRICAL_SURFACE('',#12221,0.400000000000017);
#288=CYLINDRICAL_SURFACE('',#12225,0.400000000000011);
#289=CYLINDRICAL_SURFACE('',#12232,0.400000000000015);
#290=CYLINDRICAL_SURFACE('',#12236,0.400000000000011);
#291=CYLINDRICAL_SURFACE('',#12246,0.400000000000017);
#292=CYLINDRICAL_SURFACE('',#12250,0.400000000000011);
#293=CYLINDRICAL_SURFACE('',#12257,0.400000000000015);
#294=CYLINDRICAL_SURFACE('',#12261,0.400000000000011);
#295=CYLINDRICAL_SURFACE('',#12271,0.400000000000017);
#296=CYLINDRICAL_SURFACE('',#12275,0.400000000000011);
#297=CYLINDRICAL_SURFACE('',#12282,0.400000000000015);
#298=CYLINDRICAL_SURFACE('',#12286,0.400000000000011);
#299=ORIENTED_EDGE('',*,*,#2695,.F.);
#300=ORIENTED_EDGE('',*,*,#2696,.T.);
#301=ORIENTED_EDGE('',*,*,#2697,.F.);
#302=ORIENTED_EDGE('',*,*,#2698,.F.);
#303=ORIENTED_EDGE('',*,*,#2699,.F.);
#304=ORIENTED_EDGE('',*,*,#2700,.T.);
#305=ORIENTED_EDGE('',*,*,#2701,.F.);
#306=ORIENTED_EDGE('',*,*,#2702,.F.);
#307=ORIENTED_EDGE('',*,*,#2703,.T.);
#308=ORIENTED_EDGE('',*,*,#2704,.T.);
#309=ORIENTED_EDGE('',*,*,#2705,.T.);
#310=ORIENTED_EDGE('',*,*,#2706,.T.);
#311=ORIENTED_EDGE('',*,*,#2707,.T.);
#312=ORIENTED_EDGE('',*,*,#2708,.T.);
#313=ORIENTED_EDGE('',*,*,#2709,.T.);
#314=ORIENTED_EDGE('',*,*,#2710,.T.);
#315=ORIENTED_EDGE('',*,*,#2711,.T.);
#316=ORIENTED_EDGE('',*,*,#2712,.T.);
#317=ORIENTED_EDGE('',*,*,#2713,.T.);
#318=ORIENTED_EDGE('',*,*,#2714,.T.);
#319=ORIENTED_EDGE('',*,*,#2715,.F.);
#320=ORIENTED_EDGE('',*,*,#2716,.F.);
#321=ORIENTED_EDGE('',*,*,#2717,.F.);
#322=ORIENTED_EDGE('',*,*,#2718,.T.);
#323=ORIENTED_EDGE('',*,*,#2719,.F.);
#324=ORIENTED_EDGE('',*,*,#2720,.F.);
#325=ORIENTED_EDGE('',*,*,#2721,.F.);
#326=ORIENTED_EDGE('',*,*,#2722,.T.);
#327=ORIENTED_EDGE('',*,*,#2723,.F.);
#328=ORIENTED_EDGE('',*,*,#2724,.F.);
#329=ORIENTED_EDGE('',*,*,#2725,.F.);
#330=ORIENTED_EDGE('',*,*,#2726,.T.);
#331=ORIENTED_EDGE('',*,*,#2727,.F.);
#332=ORIENTED_EDGE('',*,*,#2728,.F.);
#333=ORIENTED_EDGE('',*,*,#2697,.T.);
#334=ORIENTED_EDGE('',*,*,#2729,.T.);
#335=ORIENTED_EDGE('',*,*,#2730,.T.);
#336=ORIENTED_EDGE('',*,*,#2731,.F.);
#337=ORIENTED_EDGE('',*,*,#2727,.T.);
#338=ORIENTED_EDGE('',*,*,#2732,.T.);
#339=ORIENTED_EDGE('',*,*,#2733,.T.);
#340=ORIENTED_EDGE('',*,*,#2734,.F.);
#341=ORIENTED_EDGE('',*,*,#2723,.T.);
#342=ORIENTED_EDGE('',*,*,#2735,.T.);
#343=ORIENTED_EDGE('',*,*,#2736,.T.);
#344=ORIENTED_EDGE('',*,*,#2737,.F.);
#345=ORIENTED_EDGE('',*,*,#2719,.T.);
#346=ORIENTED_EDGE('',*,*,#2738,.T.);
#347=ORIENTED_EDGE('',*,*,#2739,.T.);
#348=ORIENTED_EDGE('',*,*,#2740,.F.);
#349=ORIENTED_EDGE('',*,*,#2715,.T.);
#350=ORIENTED_EDGE('',*,*,#2741,.T.);
#351=ORIENTED_EDGE('',*,*,#2742,.F.);
#352=ORIENTED_EDGE('',*,*,#2743,.F.);
#353=ORIENTED_EDGE('',*,*,#2701,.T.);
#354=ORIENTED_EDGE('',*,*,#2744,.T.);
#355=ORIENTED_EDGE('',*,*,#2745,.T.);
#356=ORIENTED_EDGE('',*,*,#2746,.F.);
#357=ORIENTED_EDGE('',*,*,#2747,.T.);
#358=ORIENTED_EDGE('',*,*,#2748,.F.);
#359=ORIENTED_EDGE('',*,*,#2749,.F.);
#360=ORIENTED_EDGE('',*,*,#2742,.T.);
#361=ORIENTED_EDGE('',*,*,#2750,.T.);
#362=ORIENTED_EDGE('',*,*,#2751,.F.);
#363=ORIENTED_EDGE('',*,*,#2752,.F.);
#364=ORIENTED_EDGE('',*,*,#2748,.T.);
#365=ORIENTED_EDGE('',*,*,#2753,.T.);
#366=ORIENTED_EDGE('',*,*,#2754,.F.);
#367=ORIENTED_EDGE('',*,*,#2755,.F.);
#368=ORIENTED_EDGE('',*,*,#2751,.T.);
#369=ORIENTED_EDGE('',*,*,#2756,.T.);
#370=ORIENTED_EDGE('',*,*,#2757,.F.);
#371=ORIENTED_EDGE('',*,*,#2758,.F.);
#372=ORIENTED_EDGE('',*,*,#2754,.T.);
#373=ORIENTED_EDGE('',*,*,#2759,.T.);
#374=ORIENTED_EDGE('',*,*,#2760,.F.);
#375=ORIENTED_EDGE('',*,*,#2761,.F.);
#376=ORIENTED_EDGE('',*,*,#2757,.T.);
#377=ORIENTED_EDGE('',*,*,#2762,.T.);
#378=ORIENTED_EDGE('',*,*,#2763,.F.);
#379=ORIENTED_EDGE('',*,*,#2764,.F.);
#380=ORIENTED_EDGE('',*,*,#2760,.T.);
#381=ORIENTED_EDGE('',*,*,#2765,.T.);
#382=ORIENTED_EDGE('',*,*,#2766,.F.);
#383=ORIENTED_EDGE('',*,*,#2767,.F.);
#384=ORIENTED_EDGE('',*,*,#2763,.T.);
#385=ORIENTED_EDGE('',*,*,#2768,.T.);
#386=ORIENTED_EDGE('',*,*,#2769,.F.);
#387=ORIENTED_EDGE('',*,*,#2770,.F.);
#388=ORIENTED_EDGE('',*,*,#2766,.T.);
#389=ORIENTED_EDGE('',*,*,#2771,.T.);
#390=ORIENTED_EDGE('',*,*,#2772,.F.);
#391=ORIENTED_EDGE('',*,*,#2773,.F.);
#392=ORIENTED_EDGE('',*,*,#2769,.T.);
#393=ORIENTED_EDGE('',*,*,#2774,.T.);
#394=ORIENTED_EDGE('',*,*,#2775,.F.);
#395=ORIENTED_EDGE('',*,*,#2776,.F.);
#396=ORIENTED_EDGE('',*,*,#2772,.T.);
#397=ORIENTED_EDGE('',*,*,#2777,.T.);
#398=ORIENTED_EDGE('',*,*,#2778,.F.);
#399=ORIENTED_EDGE('',*,*,#2779,.F.);
#400=ORIENTED_EDGE('',*,*,#2775,.T.);
#401=ORIENTED_EDGE('',*,*,#2780,.T.);
#402=ORIENTED_EDGE('',*,*,#2781,.F.);
#403=ORIENTED_EDGE('',*,*,#2782,.F.);
#404=ORIENTED_EDGE('',*,*,#2778,.T.);
#405=ORIENTED_EDGE('',*,*,#2783,.T.);
#406=ORIENTED_EDGE('',*,*,#2784,.F.);
#407=ORIENTED_EDGE('',*,*,#2785,.F.);
#408=ORIENTED_EDGE('',*,*,#2781,.T.);
#409=ORIENTED_EDGE('',*,*,#2786,.T.);
#410=ORIENTED_EDGE('',*,*,#2787,.F.);
#411=ORIENTED_EDGE('',*,*,#2788,.F.);
#412=ORIENTED_EDGE('',*,*,#2784,.T.);
#413=ORIENTED_EDGE('',*,*,#2789,.T.);
#414=ORIENTED_EDGE('',*,*,#2790,.F.);
#415=ORIENTED_EDGE('',*,*,#2791,.F.);
#416=ORIENTED_EDGE('',*,*,#2787,.T.);
#417=ORIENTED_EDGE('',*,*,#2792,.T.);
#418=ORIENTED_EDGE('',*,*,#2793,.F.);
#419=ORIENTED_EDGE('',*,*,#2794,.F.);
#420=ORIENTED_EDGE('',*,*,#2790,.T.);
#421=ORIENTED_EDGE('',*,*,#2795,.T.);
#422=ORIENTED_EDGE('',*,*,#2796,.F.);
#423=ORIENTED_EDGE('',*,*,#2797,.F.);
#424=ORIENTED_EDGE('',*,*,#2793,.T.);
#425=ORIENTED_EDGE('',*,*,#2798,.F.);
#426=ORIENTED_EDGE('',*,*,#2799,.T.);
#427=ORIENTED_EDGE('',*,*,#2800,.F.);
#428=ORIENTED_EDGE('',*,*,#2801,.F.);
#429=ORIENTED_EDGE('',*,*,#2802,.F.);
#430=ORIENTED_EDGE('',*,*,#2803,.T.);
#431=ORIENTED_EDGE('',*,*,#2804,.F.);
#432=ORIENTED_EDGE('',*,*,#2805,.F.);
#433=ORIENTED_EDGE('',*,*,#2796,.T.);
#434=ORIENTED_EDGE('',*,*,#2806,.T.);
#435=ORIENTED_EDGE('',*,*,#2807,.F.);
#436=ORIENTED_EDGE('',*,*,#2808,.F.);
#437=ORIENTED_EDGE('',*,*,#2809,.F.);
#438=ORIENTED_EDGE('',*,*,#2810,.T.);
#439=ORIENTED_EDGE('',*,*,#2811,.F.);
#440=ORIENTED_EDGE('',*,*,#2812,.F.);
#441=ORIENTED_EDGE('',*,*,#2813,.F.);
#442=ORIENTED_EDGE('',*,*,#2814,.T.);
#443=ORIENTED_EDGE('',*,*,#2815,.F.);
#444=ORIENTED_EDGE('',*,*,#2816,.F.);
#445=ORIENTED_EDGE('',*,*,#2817,.F.);
#446=ORIENTED_EDGE('',*,*,#2818,.T.);
#447=ORIENTED_EDGE('',*,*,#2819,.F.);
#448=ORIENTED_EDGE('',*,*,#2820,.F.);
#449=ORIENTED_EDGE('',*,*,#2800,.T.);
#450=ORIENTED_EDGE('',*,*,#2821,.T.);
#451=ORIENTED_EDGE('',*,*,#2822,.F.);
#452=ORIENTED_EDGE('',*,*,#2823,.F.);
#453=ORIENTED_EDGE('',*,*,#2819,.T.);
#454=ORIENTED_EDGE('',*,*,#2824,.T.);
#455=ORIENTED_EDGE('',*,*,#2825,.F.);
#456=ORIENTED_EDGE('',*,*,#2826,.F.);
#457=ORIENTED_EDGE('',*,*,#2815,.T.);
#458=ORIENTED_EDGE('',*,*,#2827,.T.);
#459=ORIENTED_EDGE('',*,*,#2828,.F.);
#460=ORIENTED_EDGE('',*,*,#2829,.F.);
#461=ORIENTED_EDGE('',*,*,#2811,.T.);
#462=ORIENTED_EDGE('',*,*,#2830,.T.);
#463=ORIENTED_EDGE('',*,*,#2831,.F.);
#464=ORIENTED_EDGE('',*,*,#2832,.F.);
#465=ORIENTED_EDGE('',*,*,#2807,.T.);
#466=ORIENTED_EDGE('',*,*,#2833,.T.);
#467=ORIENTED_EDGE('',*,*,#2834,.F.);
#468=ORIENTED_EDGE('',*,*,#2835,.F.);
#469=ORIENTED_EDGE('',*,*,#2836,.F.);
#470=ORIENTED_EDGE('',*,*,#2837,.F.);
#471=ORIENTED_EDGE('',*,*,#2838,.F.);
#472=ORIENTED_EDGE('',*,*,#2839,.F.);
#473=ORIENTED_EDGE('',*,*,#2840,.F.);
#474=ORIENTED_EDGE('',*,*,#2841,.F.);
#475=ORIENTED_EDGE('',*,*,#2842,.F.);
#476=ORIENTED_EDGE('',*,*,#2843,.F.);
#477=ORIENTED_EDGE('',*,*,#2844,.F.);
#478=ORIENTED_EDGE('',*,*,#2845,.F.);
#479=ORIENTED_EDGE('',*,*,#2804,.T.);
#480=ORIENTED_EDGE('',*,*,#2846,.T.);
#481=ORIENTED_EDGE('',*,*,#2847,.F.);
#482=ORIENTED_EDGE('',*,*,#2848,.F.);
#483=ORIENTED_EDGE('',*,*,#2842,.T.);
#484=ORIENTED_EDGE('',*,*,#2849,.T.);
#485=ORIENTED_EDGE('',*,*,#2850,.T.);
#486=ORIENTED_EDGE('',*,*,#2851,.F.);
#487=ORIENTED_EDGE('',*,*,#2840,.T.);
#488=ORIENTED_EDGE('',*,*,#2852,.T.);
#489=ORIENTED_EDGE('',*,*,#2853,.T.);
#490=ORIENTED_EDGE('',*,*,#2854,.F.);
#491=ORIENTED_EDGE('',*,*,#2838,.T.);
#492=ORIENTED_EDGE('',*,*,#2855,.T.);
#493=ORIENTED_EDGE('',*,*,#2856,.T.);
#494=ORIENTED_EDGE('',*,*,#2857,.F.);
#495=ORIENTED_EDGE('',*,*,#2836,.T.);
#496=ORIENTED_EDGE('',*,*,#2858,.T.);
#497=ORIENTED_EDGE('',*,*,#2859,.T.);
#498=ORIENTED_EDGE('',*,*,#2860,.F.);
#499=ORIENTED_EDGE('',*,*,#2834,.T.);
#500=ORIENTED_EDGE('',*,*,#2861,.T.);
#501=ORIENTED_EDGE('',*,*,#2862,.F.);
#502=ORIENTED_EDGE('',*,*,#2863,.F.);
#503=ORIENTED_EDGE('',*,*,#2844,.T.);
#504=ORIENTED_EDGE('',*,*,#2864,.T.);
#505=ORIENTED_EDGE('',*,*,#2865,.T.);
#506=ORIENTED_EDGE('',*,*,#2866,.F.);
#507=ORIENTED_EDGE('',*,*,#2867,.F.);
#508=ORIENTED_EDGE('',*,*,#2868,.T.);
#509=ORIENTED_EDGE('',*,*,#2869,.T.);
#510=ORIENTED_EDGE('',*,*,#2870,.F.);
#511=ORIENTED_EDGE('',*,*,#2871,.F.);
#512=ORIENTED_EDGE('',*,*,#2872,.T.);
#513=ORIENTED_EDGE('',*,*,#2873,.T.);
#514=ORIENTED_EDGE('',*,*,#2874,.F.);
#515=ORIENTED_EDGE('',*,*,#2875,.F.);
#516=ORIENTED_EDGE('',*,*,#2876,.T.);
#517=ORIENTED_EDGE('',*,*,#2877,.T.);
#518=ORIENTED_EDGE('',*,*,#2878,.F.);
#519=ORIENTED_EDGE('',*,*,#2879,.F.);
#520=ORIENTED_EDGE('',*,*,#2880,.T.);
#521=ORIENTED_EDGE('',*,*,#2881,.T.);
#522=ORIENTED_EDGE('',*,*,#2882,.F.);
#523=ORIENTED_EDGE('',*,*,#2883,.F.);
#524=ORIENTED_EDGE('',*,*,#2884,.T.);
#525=ORIENTED_EDGE('',*,*,#2885,.T.);
#526=ORIENTED_EDGE('',*,*,#2886,.F.);
#527=ORIENTED_EDGE('',*,*,#2887,.T.);
#528=ORIENTED_EDGE('',*,*,#2888,.F.);
#529=ORIENTED_EDGE('',*,*,#2889,.F.);
#530=ORIENTED_EDGE('',*,*,#2862,.T.);
#531=ORIENTED_EDGE('',*,*,#2890,.F.);
#532=ORIENTED_EDGE('',*,*,#2891,.T.);
#533=ORIENTED_EDGE('',*,*,#2892,.T.);
#534=ORIENTED_EDGE('',*,*,#2893,.F.);
#535=ORIENTED_EDGE('',*,*,#2894,.F.);
#536=ORIENTED_EDGE('',*,*,#2895,.T.);
#537=ORIENTED_EDGE('',*,*,#2896,.T.);
#538=ORIENTED_EDGE('',*,*,#2897,.F.);
#539=ORIENTED_EDGE('',*,*,#2898,.F.);
#540=ORIENTED_EDGE('',*,*,#2899,.T.);
#541=ORIENTED_EDGE('',*,*,#2900,.T.);
#542=ORIENTED_EDGE('',*,*,#2901,.F.);
#543=ORIENTED_EDGE('',*,*,#2902,.F.);
#544=ORIENTED_EDGE('',*,*,#2903,.T.);
#545=ORIENTED_EDGE('',*,*,#2904,.T.);
#546=ORIENTED_EDGE('',*,*,#2905,.F.);
#547=ORIENTED_EDGE('',*,*,#2906,.F.);
#548=ORIENTED_EDGE('',*,*,#2907,.T.);
#549=ORIENTED_EDGE('',*,*,#2908,.T.);
#550=ORIENTED_EDGE('',*,*,#2909,.F.);
#551=ORIENTED_EDGE('',*,*,#2910,.F.);
#552=ORIENTED_EDGE('',*,*,#2911,.F.);
#553=ORIENTED_EDGE('',*,*,#2912,.F.);
#554=ORIENTED_EDGE('',*,*,#2913,.F.);
#555=ORIENTED_EDGE('',*,*,#2914,.F.);
#556=ORIENTED_EDGE('',*,*,#2915,.T.);
#557=ORIENTED_EDGE('',*,*,#2916,.T.);
#558=ORIENTED_EDGE('',*,*,#2917,.T.);
#559=ORIENTED_EDGE('',*,*,#2918,.T.);
#560=ORIENTED_EDGE('',*,*,#2919,.T.);
#561=ORIENTED_EDGE('',*,*,#2920,.T.);
#562=ORIENTED_EDGE('',*,*,#2921,.F.);
#563=ORIENTED_EDGE('',*,*,#2922,.F.);
#564=ORIENTED_EDGE('',*,*,#2888,.T.);
#565=ORIENTED_EDGE('',*,*,#2923,.F.);
#566=ORIENTED_EDGE('',*,*,#2924,.T.);
#567=ORIENTED_EDGE('',*,*,#2925,.T.);
#568=ORIENTED_EDGE('',*,*,#2926,.F.);
#569=ORIENTED_EDGE('',*,*,#2927,.F.);
#570=ORIENTED_EDGE('',*,*,#2928,.T.);
#571=ORIENTED_EDGE('',*,*,#2929,.T.);
#572=ORIENTED_EDGE('',*,*,#2930,.F.);
#573=ORIENTED_EDGE('',*,*,#2931,.F.);
#574=ORIENTED_EDGE('',*,*,#2932,.T.);
#575=ORIENTED_EDGE('',*,*,#2933,.T.);
#576=ORIENTED_EDGE('',*,*,#2934,.F.);
#577=ORIENTED_EDGE('',*,*,#2935,.F.);
#578=ORIENTED_EDGE('',*,*,#2936,.T.);
#579=ORIENTED_EDGE('',*,*,#2937,.T.);
#580=ORIENTED_EDGE('',*,*,#2938,.F.);
#581=ORIENTED_EDGE('',*,*,#2939,.F.);
#582=ORIENTED_EDGE('',*,*,#2940,.T.);
#583=ORIENTED_EDGE('',*,*,#2941,.T.);
#584=ORIENTED_EDGE('',*,*,#2942,.F.);
#585=ORIENTED_EDGE('',*,*,#2943,.T.);
#586=ORIENTED_EDGE('',*,*,#2944,.F.);
#587=ORIENTED_EDGE('',*,*,#2945,.F.);
#588=ORIENTED_EDGE('',*,*,#2921,.T.);
#589=ORIENTED_EDGE('',*,*,#2946,.F.);
#590=ORIENTED_EDGE('',*,*,#2947,.T.);
#591=ORIENTED_EDGE('',*,*,#2705,.F.);
#592=ORIENTED_EDGE('',*,*,#2948,.F.);
#593=ORIENTED_EDGE('',*,*,#2949,.F.);
#594=ORIENTED_EDGE('',*,*,#2950,.T.);
#595=ORIENTED_EDGE('',*,*,#2703,.F.);
#596=ORIENTED_EDGE('',*,*,#2951,.F.);
#597=ORIENTED_EDGE('',*,*,#2944,.T.);
#598=ORIENTED_EDGE('',*,*,#2952,.T.);
#599=ORIENTED_EDGE('',*,*,#2713,.F.);
#600=ORIENTED_EDGE('',*,*,#2953,.F.);
#601=ORIENTED_EDGE('',*,*,#2954,.F.);
#602=ORIENTED_EDGE('',*,*,#2955,.T.);
#603=ORIENTED_EDGE('',*,*,#2711,.F.);
#604=ORIENTED_EDGE('',*,*,#2956,.F.);
#605=ORIENTED_EDGE('',*,*,#2957,.F.);
#606=ORIENTED_EDGE('',*,*,#2958,.T.);
#607=ORIENTED_EDGE('',*,*,#2709,.F.);
#608=ORIENTED_EDGE('',*,*,#2959,.F.);
#609=ORIENTED_EDGE('',*,*,#2960,.F.);
#610=ORIENTED_EDGE('',*,*,#2961,.T.);
#611=ORIENTED_EDGE('',*,*,#2707,.F.);
#612=ORIENTED_EDGE('',*,*,#2962,.F.);
#613=ORIENTED_EDGE('',*,*,#2714,.F.);
#614=ORIENTED_EDGE('',*,*,#2952,.F.);
#615=ORIENTED_EDGE('',*,*,#2943,.F.);
#616=ORIENTED_EDGE('',*,*,#2920,.F.);
#617=ORIENTED_EDGE('',*,*,#2887,.F.);
#618=ORIENTED_EDGE('',*,*,#2861,.F.);
#619=ORIENTED_EDGE('',*,*,#2833,.F.);
#620=ORIENTED_EDGE('',*,*,#2806,.F.);
#621=ORIENTED_EDGE('',*,*,#2795,.F.);
#622=ORIENTED_EDGE('',*,*,#2792,.F.);
#623=ORIENTED_EDGE('',*,*,#2789,.F.);
#624=ORIENTED_EDGE('',*,*,#2786,.F.);
#625=ORIENTED_EDGE('',*,*,#2783,.F.);
#626=ORIENTED_EDGE('',*,*,#2780,.F.);
#627=ORIENTED_EDGE('',*,*,#2777,.F.);
#628=ORIENTED_EDGE('',*,*,#2774,.F.);
#629=ORIENTED_EDGE('',*,*,#2771,.F.);
#630=ORIENTED_EDGE('',*,*,#2768,.F.);
#631=ORIENTED_EDGE('',*,*,#2765,.F.);
#632=ORIENTED_EDGE('',*,*,#2762,.F.);
#633=ORIENTED_EDGE('',*,*,#2759,.F.);
#634=ORIENTED_EDGE('',*,*,#2756,.F.);
#635=ORIENTED_EDGE('',*,*,#2753,.F.);
#636=ORIENTED_EDGE('',*,*,#2750,.F.);
#637=ORIENTED_EDGE('',*,*,#2747,.F.);
#638=ORIENTED_EDGE('',*,*,#2741,.F.);
#639=ORIENTED_EDGE('',*,*,#2702,.T.);
#640=ORIENTED_EDGE('',*,*,#2743,.T.);
#641=ORIENTED_EDGE('',*,*,#2749,.T.);
#642=ORIENTED_EDGE('',*,*,#2752,.T.);
#643=ORIENTED_EDGE('',*,*,#2755,.T.);
#644=ORIENTED_EDGE('',*,*,#2758,.T.);
#645=ORIENTED_EDGE('',*,*,#2761,.T.);
#646=ORIENTED_EDGE('',*,*,#2764,.T.);
#647=ORIENTED_EDGE('',*,*,#2767,.T.);
#648=ORIENTED_EDGE('',*,*,#2770,.T.);
#649=ORIENTED_EDGE('',*,*,#2773,.T.);
#650=ORIENTED_EDGE('',*,*,#2776,.T.);
#651=ORIENTED_EDGE('',*,*,#2779,.T.);
#652=ORIENTED_EDGE('',*,*,#2782,.T.);
#653=ORIENTED_EDGE('',*,*,#2785,.T.);
#654=ORIENTED_EDGE('',*,*,#2788,.T.);
#655=ORIENTED_EDGE('',*,*,#2791,.T.);
#656=ORIENTED_EDGE('',*,*,#2794,.T.);
#657=ORIENTED_EDGE('',*,*,#2797,.T.);
#658=ORIENTED_EDGE('',*,*,#2805,.T.);
#659=ORIENTED_EDGE('',*,*,#2845,.T.);
#660=ORIENTED_EDGE('',*,*,#2863,.T.);
#661=ORIENTED_EDGE('',*,*,#2889,.T.);
#662=ORIENTED_EDGE('',*,*,#2922,.T.);
#663=ORIENTED_EDGE('',*,*,#2945,.T.);
#664=ORIENTED_EDGE('',*,*,#2951,.T.);
#665=ORIENTED_EDGE('',*,*,#2963,.T.);
#666=ORIENTED_EDGE('',*,*,#2919,.F.);
#667=ORIENTED_EDGE('',*,*,#2964,.T.);
#668=ORIENTED_EDGE('',*,*,#2963,.F.);
#669=ORIENTED_EDGE('',*,*,#2964,.F.);
#670=ORIENTED_EDGE('',*,*,#2965,.T.);
#671=ORIENTED_EDGE('',*,*,#2918,.F.);
#672=ORIENTED_EDGE('',*,*,#2966,.T.);
#673=ORIENTED_EDGE('',*,*,#2965,.F.);
#674=ORIENTED_EDGE('',*,*,#2966,.F.);
#675=ORIENTED_EDGE('',*,*,#2967,.T.);
#676=ORIENTED_EDGE('',*,*,#2917,.F.);
#677=ORIENTED_EDGE('',*,*,#2968,.T.);
#678=ORIENTED_EDGE('',*,*,#2967,.F.);
#679=ORIENTED_EDGE('',*,*,#2968,.F.);
#680=ORIENTED_EDGE('',*,*,#2969,.T.);
#681=ORIENTED_EDGE('',*,*,#2916,.F.);
#682=ORIENTED_EDGE('',*,*,#2970,.T.);
#683=ORIENTED_EDGE('',*,*,#2969,.F.);
#684=ORIENTED_EDGE('',*,*,#2970,.F.);
#685=ORIENTED_EDGE('',*,*,#2971,.T.);
#686=ORIENTED_EDGE('',*,*,#2915,.F.);
#687=ORIENTED_EDGE('',*,*,#2972,.T.);
#688=ORIENTED_EDGE('',*,*,#2971,.F.);
#689=ORIENTED_EDGE('',*,*,#2972,.F.);
#690=ORIENTED_EDGE('',*,*,#2973,.T.);
#691=ORIENTED_EDGE('',*,*,#2974,.T.);
#692=ORIENTED_EDGE('',*,*,#2973,.F.);
#693=ORIENTED_EDGE('',*,*,#2914,.T.);
#694=ORIENTED_EDGE('',*,*,#2974,.F.);
#695=ORIENTED_EDGE('',*,*,#2975,.T.);
#696=ORIENTED_EDGE('',*,*,#2976,.T.);
#697=ORIENTED_EDGE('',*,*,#2975,.F.);
#698=ORIENTED_EDGE('',*,*,#2913,.T.);
#699=ORIENTED_EDGE('',*,*,#2976,.F.);
#700=ORIENTED_EDGE('',*,*,#2977,.T.);
#701=ORIENTED_EDGE('',*,*,#2978,.T.);
#702=ORIENTED_EDGE('',*,*,#2977,.F.);
#703=ORIENTED_EDGE('',*,*,#2912,.T.);
#704=ORIENTED_EDGE('',*,*,#2978,.F.);
#705=ORIENTED_EDGE('',*,*,#2979,.T.);
#706=ORIENTED_EDGE('',*,*,#2980,.T.);
#707=ORIENTED_EDGE('',*,*,#2979,.F.);
#708=ORIENTED_EDGE('',*,*,#2911,.T.);
#709=ORIENTED_EDGE('',*,*,#2980,.F.);
#710=ORIENTED_EDGE('',*,*,#2981,.T.);
#711=ORIENTED_EDGE('',*,*,#2982,.T.);
#712=ORIENTED_EDGE('',*,*,#2981,.F.);
#713=ORIENTED_EDGE('',*,*,#2910,.T.);
#714=ORIENTED_EDGE('',*,*,#2982,.F.);
#715=ORIENTED_EDGE('',*,*,#2983,.T.);
#716=ORIENTED_EDGE('',*,*,#2908,.F.);
#717=ORIENTED_EDGE('',*,*,#2984,.F.);
#718=ORIENTED_EDGE('',*,*,#2985,.T.);
#719=ORIENTED_EDGE('',*,*,#2986,.T.);
#720=ORIENTED_EDGE('',*,*,#2987,.F.);
#721=ORIENTED_EDGE('',*,*,#2988,.F.);
#722=ORIENTED_EDGE('',*,*,#2906,.T.);
#723=ORIENTED_EDGE('',*,*,#2989,.F.);
#724=ORIENTED_EDGE('',*,*,#2990,.F.);
#725=ORIENTED_EDGE('',*,*,#2991,.T.);
#726=ORIENTED_EDGE('',*,*,#2987,.T.);
#727=ORIENTED_EDGE('',*,*,#2992,.F.);
#728=ORIENTED_EDGE('',*,*,#2993,.F.);
#729=ORIENTED_EDGE('',*,*,#2994,.T.);
#730=ORIENTED_EDGE('',*,*,#2990,.T.);
#731=ORIENTED_EDGE('',*,*,#2995,.T.);
#732=ORIENTED_EDGE('',*,*,#2996,.T.);
#733=ORIENTED_EDGE('',*,*,#2997,.F.);
#734=ORIENTED_EDGE('',*,*,#2998,.F.);
#735=ORIENTED_EDGE('',*,*,#2999,.F.);
#736=ORIENTED_EDGE('',*,*,#3000,.F.);
#737=ORIENTED_EDGE('',*,*,#3001,.T.);
#738=ORIENTED_EDGE('',*,*,#2993,.T.);
#739=ORIENTED_EDGE('',*,*,#3002,.F.);
#740=ORIENTED_EDGE('',*,*,#3003,.F.);
#741=ORIENTED_EDGE('',*,*,#3004,.T.);
#742=ORIENTED_EDGE('',*,*,#3000,.T.);
#743=ORIENTED_EDGE('',*,*,#3005,.F.);
#744=ORIENTED_EDGE('',*,*,#2985,.F.);
#745=ORIENTED_EDGE('',*,*,#3006,.T.);
#746=ORIENTED_EDGE('',*,*,#3003,.T.);
#747=ORIENTED_EDGE('',*,*,#2984,.T.);
#748=ORIENTED_EDGE('',*,*,#2907,.F.);
#749=ORIENTED_EDGE('',*,*,#2988,.T.);
#750=ORIENTED_EDGE('',*,*,#2991,.F.);
#751=ORIENTED_EDGE('',*,*,#2994,.F.);
#752=ORIENTED_EDGE('',*,*,#3001,.F.);
#753=ORIENTED_EDGE('',*,*,#3004,.F.);
#754=ORIENTED_EDGE('',*,*,#3006,.F.);
#755=ORIENTED_EDGE('',*,*,#2983,.F.);
#756=ORIENTED_EDGE('',*,*,#3005,.T.);
#757=ORIENTED_EDGE('',*,*,#3002,.T.);
#758=ORIENTED_EDGE('',*,*,#2999,.T.);
#759=ORIENTED_EDGE('',*,*,#2992,.T.);
#760=ORIENTED_EDGE('',*,*,#2989,.T.);
#761=ORIENTED_EDGE('',*,*,#2986,.F.);
#762=ORIENTED_EDGE('',*,*,#2909,.T.);
#763=ORIENTED_EDGE('',*,*,#3007,.T.);
#764=ORIENTED_EDGE('',*,*,#2904,.F.);
#765=ORIENTED_EDGE('',*,*,#3008,.F.);
#766=ORIENTED_EDGE('',*,*,#3009,.T.);
#767=ORIENTED_EDGE('',*,*,#3010,.T.);
#768=ORIENTED_EDGE('',*,*,#3011,.F.);
#769=ORIENTED_EDGE('',*,*,#3012,.F.);
#770=ORIENTED_EDGE('',*,*,#2902,.T.);
#771=ORIENTED_EDGE('',*,*,#3013,.F.);
#772=ORIENTED_EDGE('',*,*,#3014,.F.);
#773=ORIENTED_EDGE('',*,*,#3015,.T.);
#774=ORIENTED_EDGE('',*,*,#3011,.T.);
#775=ORIENTED_EDGE('',*,*,#3016,.F.);
#776=ORIENTED_EDGE('',*,*,#3017,.F.);
#777=ORIENTED_EDGE('',*,*,#3018,.T.);
#778=ORIENTED_EDGE('',*,*,#3014,.T.);
#779=ORIENTED_EDGE('',*,*,#3019,.T.);
#780=ORIENTED_EDGE('',*,*,#3020,.T.);
#781=ORIENTED_EDGE('',*,*,#3021,.F.);
#782=ORIENTED_EDGE('',*,*,#3022,.F.);
#783=ORIENTED_EDGE('',*,*,#3023,.F.);
#784=ORIENTED_EDGE('',*,*,#3024,.F.);
#785=ORIENTED_EDGE('',*,*,#3025,.T.);
#786=ORIENTED_EDGE('',*,*,#3017,.T.);
#787=ORIENTED_EDGE('',*,*,#3026,.F.);
#788=ORIENTED_EDGE('',*,*,#3027,.F.);
#789=ORIENTED_EDGE('',*,*,#3028,.T.);
#790=ORIENTED_EDGE('',*,*,#3024,.T.);
#791=ORIENTED_EDGE('',*,*,#3029,.F.);
#792=ORIENTED_EDGE('',*,*,#3009,.F.);
#793=ORIENTED_EDGE('',*,*,#3030,.T.);
#794=ORIENTED_EDGE('',*,*,#3027,.T.);
#795=ORIENTED_EDGE('',*,*,#3008,.T.);
#796=ORIENTED_EDGE('',*,*,#2903,.F.);
#797=ORIENTED_EDGE('',*,*,#3012,.T.);
#798=ORIENTED_EDGE('',*,*,#3015,.F.);
#799=ORIENTED_EDGE('',*,*,#3018,.F.);
#800=ORIENTED_EDGE('',*,*,#3025,.F.);
#801=ORIENTED_EDGE('',*,*,#3028,.F.);
#802=ORIENTED_EDGE('',*,*,#3030,.F.);
#803=ORIENTED_EDGE('',*,*,#3007,.F.);
#804=ORIENTED_EDGE('',*,*,#3029,.T.);
#805=ORIENTED_EDGE('',*,*,#3026,.T.);
#806=ORIENTED_EDGE('',*,*,#3023,.T.);
#807=ORIENTED_EDGE('',*,*,#3016,.T.);
#808=ORIENTED_EDGE('',*,*,#3013,.T.);
#809=ORIENTED_EDGE('',*,*,#3010,.F.);
#810=ORIENTED_EDGE('',*,*,#2905,.T.);
#811=ORIENTED_EDGE('',*,*,#3031,.T.);
#812=ORIENTED_EDGE('',*,*,#2900,.F.);
#813=ORIENTED_EDGE('',*,*,#3032,.F.);
#814=ORIENTED_EDGE('',*,*,#3033,.T.);
#815=ORIENTED_EDGE('',*,*,#3034,.T.);
#816=ORIENTED_EDGE('',*,*,#3035,.F.);
#817=ORIENTED_EDGE('',*,*,#3036,.F.);
#818=ORIENTED_EDGE('',*,*,#2898,.T.);
#819=ORIENTED_EDGE('',*,*,#3037,.F.);
#820=ORIENTED_EDGE('',*,*,#3038,.F.);
#821=ORIENTED_EDGE('',*,*,#3039,.T.);
#822=ORIENTED_EDGE('',*,*,#3035,.T.);
#823=ORIENTED_EDGE('',*,*,#3040,.F.);
#824=ORIENTED_EDGE('',*,*,#3041,.F.);
#825=ORIENTED_EDGE('',*,*,#3042,.T.);
#826=ORIENTED_EDGE('',*,*,#3038,.T.);
#827=ORIENTED_EDGE('',*,*,#3043,.T.);
#828=ORIENTED_EDGE('',*,*,#3044,.T.);
#829=ORIENTED_EDGE('',*,*,#3045,.F.);
#830=ORIENTED_EDGE('',*,*,#3046,.F.);
#831=ORIENTED_EDGE('',*,*,#3047,.F.);
#832=ORIENTED_EDGE('',*,*,#3048,.F.);
#833=ORIENTED_EDGE('',*,*,#3049,.T.);
#834=ORIENTED_EDGE('',*,*,#3041,.T.);
#835=ORIENTED_EDGE('',*,*,#3050,.F.);
#836=ORIENTED_EDGE('',*,*,#3051,.F.);
#837=ORIENTED_EDGE('',*,*,#3052,.T.);
#838=ORIENTED_EDGE('',*,*,#3048,.T.);
#839=ORIENTED_EDGE('',*,*,#3053,.F.);
#840=ORIENTED_EDGE('',*,*,#3033,.F.);
#841=ORIENTED_EDGE('',*,*,#3054,.T.);
#842=ORIENTED_EDGE('',*,*,#3051,.T.);
#843=ORIENTED_EDGE('',*,*,#3032,.T.);
#844=ORIENTED_EDGE('',*,*,#2899,.F.);
#845=ORIENTED_EDGE('',*,*,#3036,.T.);
#846=ORIENTED_EDGE('',*,*,#3039,.F.);
#847=ORIENTED_EDGE('',*,*,#3042,.F.);
#848=ORIENTED_EDGE('',*,*,#3049,.F.);
#849=ORIENTED_EDGE('',*,*,#3052,.F.);
#850=ORIENTED_EDGE('',*,*,#3054,.F.);
#851=ORIENTED_EDGE('',*,*,#3031,.F.);
#852=ORIENTED_EDGE('',*,*,#3053,.T.);
#853=ORIENTED_EDGE('',*,*,#3050,.T.);
#854=ORIENTED_EDGE('',*,*,#3047,.T.);
#855=ORIENTED_EDGE('',*,*,#3040,.T.);
#856=ORIENTED_EDGE('',*,*,#3037,.T.);
#857=ORIENTED_EDGE('',*,*,#3034,.F.);
#858=ORIENTED_EDGE('',*,*,#2901,.T.);
#859=ORIENTED_EDGE('',*,*,#3055,.T.);
#860=ORIENTED_EDGE('',*,*,#2896,.F.);
#861=ORIENTED_EDGE('',*,*,#3056,.F.);
#862=ORIENTED_EDGE('',*,*,#3057,.T.);
#863=ORIENTED_EDGE('',*,*,#3058,.T.);
#864=ORIENTED_EDGE('',*,*,#3059,.F.);
#865=ORIENTED_EDGE('',*,*,#3060,.F.);
#866=ORIENTED_EDGE('',*,*,#2894,.T.);
#867=ORIENTED_EDGE('',*,*,#3061,.F.);
#868=ORIENTED_EDGE('',*,*,#3062,.F.);
#869=ORIENTED_EDGE('',*,*,#3063,.T.);
#870=ORIENTED_EDGE('',*,*,#3059,.T.);
#871=ORIENTED_EDGE('',*,*,#3064,.F.);
#872=ORIENTED_EDGE('',*,*,#3065,.F.);
#873=ORIENTED_EDGE('',*,*,#3066,.T.);
#874=ORIENTED_EDGE('',*,*,#3062,.T.);
#875=ORIENTED_EDGE('',*,*,#3067,.T.);
#876=ORIENTED_EDGE('',*,*,#3068,.T.);
#877=ORIENTED_EDGE('',*,*,#3069,.F.);
#878=ORIENTED_EDGE('',*,*,#3070,.F.);
#879=ORIENTED_EDGE('',*,*,#3071,.F.);
#880=ORIENTED_EDGE('',*,*,#3072,.F.);
#881=ORIENTED_EDGE('',*,*,#3073,.T.);
#882=ORIENTED_EDGE('',*,*,#3065,.T.);
#883=ORIENTED_EDGE('',*,*,#3074,.F.);
#884=ORIENTED_EDGE('',*,*,#3075,.F.);
#885=ORIENTED_EDGE('',*,*,#3076,.T.);
#886=ORIENTED_EDGE('',*,*,#3072,.T.);
#887=ORIENTED_EDGE('',*,*,#3077,.F.);
#888=ORIENTED_EDGE('',*,*,#3057,.F.);
#889=ORIENTED_EDGE('',*,*,#3078,.T.);
#890=ORIENTED_EDGE('',*,*,#3075,.T.);
#891=ORIENTED_EDGE('',*,*,#3056,.T.);
#892=ORIENTED_EDGE('',*,*,#2895,.F.);
#893=ORIENTED_EDGE('',*,*,#3060,.T.);
#894=ORIENTED_EDGE('',*,*,#3063,.F.);
#895=ORIENTED_EDGE('',*,*,#3066,.F.);
#896=ORIENTED_EDGE('',*,*,#3073,.F.);
#897=ORIENTED_EDGE('',*,*,#3076,.F.);
#898=ORIENTED_EDGE('',*,*,#3078,.F.);
#899=ORIENTED_EDGE('',*,*,#3055,.F.);
#900=ORIENTED_EDGE('',*,*,#3077,.T.);
#901=ORIENTED_EDGE('',*,*,#3074,.T.);
#902=ORIENTED_EDGE('',*,*,#3071,.T.);
#903=ORIENTED_EDGE('',*,*,#3064,.T.);
#904=ORIENTED_EDGE('',*,*,#3061,.T.);
#905=ORIENTED_EDGE('',*,*,#3058,.F.);
#906=ORIENTED_EDGE('',*,*,#2897,.T.);
#907=ORIENTED_EDGE('',*,*,#3079,.T.);
#908=ORIENTED_EDGE('',*,*,#2892,.F.);
#909=ORIENTED_EDGE('',*,*,#3080,.F.);
#910=ORIENTED_EDGE('',*,*,#3081,.T.);
#911=ORIENTED_EDGE('',*,*,#3082,.T.);
#912=ORIENTED_EDGE('',*,*,#3083,.F.);
#913=ORIENTED_EDGE('',*,*,#3084,.F.);
#914=ORIENTED_EDGE('',*,*,#2890,.T.);
#915=ORIENTED_EDGE('',*,*,#3085,.F.);
#916=ORIENTED_EDGE('',*,*,#3086,.F.);
#917=ORIENTED_EDGE('',*,*,#3087,.T.);
#918=ORIENTED_EDGE('',*,*,#3083,.T.);
#919=ORIENTED_EDGE('',*,*,#3088,.F.);
#920=ORIENTED_EDGE('',*,*,#3089,.F.);
#921=ORIENTED_EDGE('',*,*,#3090,.T.);
#922=ORIENTED_EDGE('',*,*,#3086,.T.);
#923=ORIENTED_EDGE('',*,*,#3091,.T.);
#924=ORIENTED_EDGE('',*,*,#3092,.T.);
#925=ORIENTED_EDGE('',*,*,#3093,.F.);
#926=ORIENTED_EDGE('',*,*,#3094,.F.);
#927=ORIENTED_EDGE('',*,*,#3095,.F.);
#928=ORIENTED_EDGE('',*,*,#3096,.F.);
#929=ORIENTED_EDGE('',*,*,#3097,.T.);
#930=ORIENTED_EDGE('',*,*,#3089,.T.);
#931=ORIENTED_EDGE('',*,*,#3098,.F.);
#932=ORIENTED_EDGE('',*,*,#3099,.F.);
#933=ORIENTED_EDGE('',*,*,#3100,.T.);
#934=ORIENTED_EDGE('',*,*,#3096,.T.);
#935=ORIENTED_EDGE('',*,*,#3101,.F.);
#936=ORIENTED_EDGE('',*,*,#3081,.F.);
#937=ORIENTED_EDGE('',*,*,#3102,.T.);
#938=ORIENTED_EDGE('',*,*,#3099,.T.);
#939=ORIENTED_EDGE('',*,*,#3080,.T.);
#940=ORIENTED_EDGE('',*,*,#2891,.F.);
#941=ORIENTED_EDGE('',*,*,#3084,.T.);
#942=ORIENTED_EDGE('',*,*,#3087,.F.);
#943=ORIENTED_EDGE('',*,*,#3090,.F.);
#944=ORIENTED_EDGE('',*,*,#3097,.F.);
#945=ORIENTED_EDGE('',*,*,#3100,.F.);
#946=ORIENTED_EDGE('',*,*,#3102,.F.);
#947=ORIENTED_EDGE('',*,*,#3079,.F.);
#948=ORIENTED_EDGE('',*,*,#3101,.T.);
#949=ORIENTED_EDGE('',*,*,#3098,.T.);
#950=ORIENTED_EDGE('',*,*,#3095,.T.);
#951=ORIENTED_EDGE('',*,*,#3088,.T.);
#952=ORIENTED_EDGE('',*,*,#3085,.T.);
#953=ORIENTED_EDGE('',*,*,#3082,.F.);
#954=ORIENTED_EDGE('',*,*,#2893,.T.);
#955=ORIENTED_EDGE('',*,*,#3103,.F.);
#956=ORIENTED_EDGE('',*,*,#2996,.F.);
#957=ORIENTED_EDGE('',*,*,#3104,.T.);
#958=ORIENTED_EDGE('',*,*,#3105,.T.);
#959=ORIENTED_EDGE('',*,*,#3106,.F.);
#960=ORIENTED_EDGE('',*,*,#3105,.F.);
#961=ORIENTED_EDGE('',*,*,#3107,.T.);
#962=ORIENTED_EDGE('',*,*,#3108,.T.);
#963=ORIENTED_EDGE('',*,*,#3109,.F.);
#964=ORIENTED_EDGE('',*,*,#3108,.F.);
#965=ORIENTED_EDGE('',*,*,#3110,.T.);
#966=ORIENTED_EDGE('',*,*,#2998,.T.);
#967=ORIENTED_EDGE('',*,*,#3104,.F.);
#968=ORIENTED_EDGE('',*,*,#2995,.F.);
#969=ORIENTED_EDGE('',*,*,#3110,.F.);
#970=ORIENTED_EDGE('',*,*,#3107,.F.);
#971=ORIENTED_EDGE('',*,*,#3103,.T.);
#972=ORIENTED_EDGE('',*,*,#3106,.T.);
#973=ORIENTED_EDGE('',*,*,#3109,.T.);
#974=ORIENTED_EDGE('',*,*,#2997,.T.);
#975=ORIENTED_EDGE('',*,*,#3111,.F.);
#976=ORIENTED_EDGE('',*,*,#3020,.F.);
#977=ORIENTED_EDGE('',*,*,#3112,.T.);
#978=ORIENTED_EDGE('',*,*,#3113,.T.);
#979=ORIENTED_EDGE('',*,*,#3114,.F.);
#980=ORIENTED_EDGE('',*,*,#3113,.F.);
#981=ORIENTED_EDGE('',*,*,#3115,.T.);
#982=ORIENTED_EDGE('',*,*,#3116,.T.);
#983=ORIENTED_EDGE('',*,*,#3117,.F.);
#984=ORIENTED_EDGE('',*,*,#3116,.F.);
#985=ORIENTED_EDGE('',*,*,#3118,.T.);
#986=ORIENTED_EDGE('',*,*,#3022,.T.);
#987=ORIENTED_EDGE('',*,*,#3112,.F.);
#988=ORIENTED_EDGE('',*,*,#3019,.F.);
#989=ORIENTED_EDGE('',*,*,#3118,.F.);
#990=ORIENTED_EDGE('',*,*,#3115,.F.);
#991=ORIENTED_EDGE('',*,*,#3111,.T.);
#992=ORIENTED_EDGE('',*,*,#3114,.T.);
#993=ORIENTED_EDGE('',*,*,#3117,.T.);
#994=ORIENTED_EDGE('',*,*,#3021,.T.);
#995=ORIENTED_EDGE('',*,*,#3119,.F.);
#996=ORIENTED_EDGE('',*,*,#3044,.F.);
#997=ORIENTED_EDGE('',*,*,#3120,.T.);
#998=ORIENTED_EDGE('',*,*,#3121,.T.);
#999=ORIENTED_EDGE('',*,*,#3122,.F.);
#1000=ORIENTED_EDGE('',*,*,#3121,.F.);
#1001=ORIENTED_EDGE('',*,*,#3123,.T.);
#1002=ORIENTED_EDGE('',*,*,#3124,.T.);
#1003=ORIENTED_EDGE('',*,*,#3125,.F.);
#1004=ORIENTED_EDGE('',*,*,#3124,.F.);
#1005=ORIENTED_EDGE('',*,*,#3126,.T.);
#1006=ORIENTED_EDGE('',*,*,#3046,.T.);
#1007=ORIENTED_EDGE('',*,*,#3120,.F.);
#1008=ORIENTED_EDGE('',*,*,#3043,.F.);
#1009=ORIENTED_EDGE('',*,*,#3126,.F.);
#1010=ORIENTED_EDGE('',*,*,#3123,.F.);
#1011=ORIENTED_EDGE('',*,*,#3119,.T.);
#1012=ORIENTED_EDGE('',*,*,#3122,.T.);
#1013=ORIENTED_EDGE('',*,*,#3125,.T.);
#1014=ORIENTED_EDGE('',*,*,#3045,.T.);
#1015=ORIENTED_EDGE('',*,*,#3127,.F.);
#1016=ORIENTED_EDGE('',*,*,#3092,.F.);
#1017=ORIENTED_EDGE('',*,*,#3128,.T.);
#1018=ORIENTED_EDGE('',*,*,#3129,.T.);
#1019=ORIENTED_EDGE('',*,*,#3130,.F.);
#1020=ORIENTED_EDGE('',*,*,#3129,.F.);
#1021=ORIENTED_EDGE('',*,*,#3131,.T.);
#1022=ORIENTED_EDGE('',*,*,#3132,.T.);
#1023=ORIENTED_EDGE('',*,*,#3133,.F.);
#1024=ORIENTED_EDGE('',*,*,#3132,.F.);
#1025=ORIENTED_EDGE('',*,*,#3134,.T.);
#1026=ORIENTED_EDGE('',*,*,#3094,.T.);
#1027=ORIENTED_EDGE('',*,*,#3128,.F.);
#1028=ORIENTED_EDGE('',*,*,#3091,.F.);
#1029=ORIENTED_EDGE('',*,*,#3134,.F.);
#1030=ORIENTED_EDGE('',*,*,#3131,.F.);
#1031=ORIENTED_EDGE('',*,*,#3127,.T.);
#1032=ORIENTED_EDGE('',*,*,#3130,.T.);
#1033=ORIENTED_EDGE('',*,*,#3133,.T.);
#1034=ORIENTED_EDGE('',*,*,#3093,.T.);
#1035=ORIENTED_EDGE('',*,*,#3135,.F.);
#1036=ORIENTED_EDGE('',*,*,#3068,.F.);
#1037=ORIENTED_EDGE('',*,*,#3136,.T.);
#1038=ORIENTED_EDGE('',*,*,#3137,.T.);
#1039=ORIENTED_EDGE('',*,*,#3138,.F.);
#1040=ORIENTED_EDGE('',*,*,#3137,.F.);
#1041=ORIENTED_EDGE('',*,*,#3139,.T.);
#1042=ORIENTED_EDGE('',*,*,#3140,.T.);
#1043=ORIENTED_EDGE('',*,*,#3141,.F.);
#1044=ORIENTED_EDGE('',*,*,#3140,.F.);
#1045=ORIENTED_EDGE('',*,*,#3142,.T.);
#1046=ORIENTED_EDGE('',*,*,#3070,.T.);
#1047=ORIENTED_EDGE('',*,*,#3136,.F.);
#1048=ORIENTED_EDGE('',*,*,#3067,.F.);
#1049=ORIENTED_EDGE('',*,*,#3142,.F.);
#1050=ORIENTED_EDGE('',*,*,#3139,.F.);
#1051=ORIENTED_EDGE('',*,*,#3135,.T.);
#1052=ORIENTED_EDGE('',*,*,#3138,.T.);
#1053=ORIENTED_EDGE('',*,*,#3141,.T.);
#1054=ORIENTED_EDGE('',*,*,#3069,.T.);
#1055=ORIENTED_EDGE('',*,*,#3143,.F.);
#1056=ORIENTED_EDGE('',*,*,#3144,.F.);
#1057=ORIENTED_EDGE('',*,*,#3145,.T.);
#1058=ORIENTED_EDGE('',*,*,#3146,.T.);
#1059=ORIENTED_EDGE('',*,*,#3147,.F.);
#1060=ORIENTED_EDGE('',*,*,#3146,.F.);
#1061=ORIENTED_EDGE('',*,*,#3148,.T.);
#1062=ORIENTED_EDGE('',*,*,#3149,.T.);
#1063=ORIENTED_EDGE('',*,*,#3150,.F.);
#1064=ORIENTED_EDGE('',*,*,#3149,.F.);
#1065=ORIENTED_EDGE('',*,*,#3151,.T.);
#1066=ORIENTED_EDGE('',*,*,#2835,.T.);
#1067=ORIENTED_EDGE('',*,*,#3152,.F.);
#1068=ORIENTED_EDGE('',*,*,#2859,.F.);
#1069=ORIENTED_EDGE('',*,*,#3153,.T.);
#1070=ORIENTED_EDGE('',*,*,#3154,.T.);
#1071=ORIENTED_EDGE('',*,*,#3155,.F.);
#1072=ORIENTED_EDGE('',*,*,#3154,.F.);
#1073=ORIENTED_EDGE('',*,*,#3156,.T.);
#1074=ORIENTED_EDGE('',*,*,#3157,.T.);
#1075=ORIENTED_EDGE('',*,*,#3158,.F.);
#1076=ORIENTED_EDGE('',*,*,#3157,.F.);
#1077=ORIENTED_EDGE('',*,*,#3159,.T.);
#1078=ORIENTED_EDGE('',*,*,#3160,.T.);
#1079=ORIENTED_EDGE('',*,*,#3161,.F.);
#1080=ORIENTED_EDGE('',*,*,#3160,.F.);
#1081=ORIENTED_EDGE('',*,*,#3162,.T.);
#1082=ORIENTED_EDGE('',*,*,#3163,.T.);
#1083=ORIENTED_EDGE('',*,*,#3164,.F.);
#1084=ORIENTED_EDGE('',*,*,#3163,.F.);
#1085=ORIENTED_EDGE('',*,*,#3165,.T.);
#1086=ORIENTED_EDGE('',*,*,#3144,.T.);
#1087=ORIENTED_EDGE('',*,*,#3145,.F.);
#1088=ORIENTED_EDGE('',*,*,#3165,.F.);
#1089=ORIENTED_EDGE('',*,*,#3162,.F.);
#1090=ORIENTED_EDGE('',*,*,#3159,.F.);
#1091=ORIENTED_EDGE('',*,*,#3156,.F.);
#1092=ORIENTED_EDGE('',*,*,#3153,.F.);
#1093=ORIENTED_EDGE('',*,*,#2858,.F.);
#1094=ORIENTED_EDGE('',*,*,#3151,.F.);
#1095=ORIENTED_EDGE('',*,*,#3148,.F.);
#1096=ORIENTED_EDGE('',*,*,#3143,.T.);
#1097=ORIENTED_EDGE('',*,*,#3147,.T.);
#1098=ORIENTED_EDGE('',*,*,#3150,.T.);
#1099=ORIENTED_EDGE('',*,*,#2860,.T.);
#1100=ORIENTED_EDGE('',*,*,#3152,.T.);
#1101=ORIENTED_EDGE('',*,*,#3155,.T.);
#1102=ORIENTED_EDGE('',*,*,#3158,.T.);
#1103=ORIENTED_EDGE('',*,*,#3161,.T.);
#1104=ORIENTED_EDGE('',*,*,#3164,.T.);
#1105=ORIENTED_EDGE('',*,*,#3166,.F.);
#1106=ORIENTED_EDGE('',*,*,#3167,.F.);
#1107=ORIENTED_EDGE('',*,*,#3168,.T.);
#1108=ORIENTED_EDGE('',*,*,#3169,.T.);
#1109=ORIENTED_EDGE('',*,*,#3170,.F.);
#1110=ORIENTED_EDGE('',*,*,#3169,.F.);
#1111=ORIENTED_EDGE('',*,*,#3171,.T.);
#1112=ORIENTED_EDGE('',*,*,#3172,.T.);
#1113=ORIENTED_EDGE('',*,*,#3173,.F.);
#1114=ORIENTED_EDGE('',*,*,#3172,.F.);
#1115=ORIENTED_EDGE('',*,*,#3174,.T.);
#1116=ORIENTED_EDGE('',*,*,#2837,.T.);
#1117=ORIENTED_EDGE('',*,*,#3175,.F.);
#1118=ORIENTED_EDGE('',*,*,#2856,.F.);
#1119=ORIENTED_EDGE('',*,*,#3176,.T.);
#1120=ORIENTED_EDGE('',*,*,#3177,.T.);
#1121=ORIENTED_EDGE('',*,*,#3178,.F.);
#1122=ORIENTED_EDGE('',*,*,#3177,.F.);
#1123=ORIENTED_EDGE('',*,*,#3179,.T.);
#1124=ORIENTED_EDGE('',*,*,#3180,.T.);
#1125=ORIENTED_EDGE('',*,*,#3181,.F.);
#1126=ORIENTED_EDGE('',*,*,#3180,.F.);
#1127=ORIENTED_EDGE('',*,*,#3182,.T.);
#1128=ORIENTED_EDGE('',*,*,#3183,.T.);
#1129=ORIENTED_EDGE('',*,*,#3184,.F.);
#1130=ORIENTED_EDGE('',*,*,#3183,.F.);
#1131=ORIENTED_EDGE('',*,*,#3185,.T.);
#1132=ORIENTED_EDGE('',*,*,#3186,.T.);
#1133=ORIENTED_EDGE('',*,*,#3187,.F.);
#1134=ORIENTED_EDGE('',*,*,#3186,.F.);
#1135=ORIENTED_EDGE('',*,*,#3188,.T.);
#1136=ORIENTED_EDGE('',*,*,#3167,.T.);
#1137=ORIENTED_EDGE('',*,*,#3168,.F.);
#1138=ORIENTED_EDGE('',*,*,#3188,.F.);
#1139=ORIENTED_EDGE('',*,*,#3185,.F.);
#1140=ORIENTED_EDGE('',*,*,#3182,.F.);
#1141=ORIENTED_EDGE('',*,*,#3179,.F.);
#1142=ORIENTED_EDGE('',*,*,#3176,.F.);
#1143=ORIENTED_EDGE('',*,*,#2855,.F.);
#1144=ORIENTED_EDGE('',*,*,#3174,.F.);
#1145=ORIENTED_EDGE('',*,*,#3171,.F.);
#1146=ORIENTED_EDGE('',*,*,#3166,.T.);
#1147=ORIENTED_EDGE('',*,*,#3170,.T.);
#1148=ORIENTED_EDGE('',*,*,#3173,.T.);
#1149=ORIENTED_EDGE('',*,*,#2857,.T.);
#1150=ORIENTED_EDGE('',*,*,#3175,.T.);
#1151=ORIENTED_EDGE('',*,*,#3178,.T.);
#1152=ORIENTED_EDGE('',*,*,#3181,.T.);
#1153=ORIENTED_EDGE('',*,*,#3184,.T.);
#1154=ORIENTED_EDGE('',*,*,#3187,.T.);
#1155=ORIENTED_EDGE('',*,*,#3189,.F.);
#1156=ORIENTED_EDGE('',*,*,#3190,.F.);
#1157=ORIENTED_EDGE('',*,*,#3191,.T.);
#1158=ORIENTED_EDGE('',*,*,#3192,.T.);
#1159=ORIENTED_EDGE('',*,*,#3193,.F.);
#1160=ORIENTED_EDGE('',*,*,#3192,.F.);
#1161=ORIENTED_EDGE('',*,*,#3194,.T.);
#1162=ORIENTED_EDGE('',*,*,#3195,.T.);
#1163=ORIENTED_EDGE('',*,*,#3196,.F.);
#1164=ORIENTED_EDGE('',*,*,#3195,.F.);
#1165=ORIENTED_EDGE('',*,*,#3197,.T.);
#1166=ORIENTED_EDGE('',*,*,#2839,.T.);
#1167=ORIENTED_EDGE('',*,*,#3198,.F.);
#1168=ORIENTED_EDGE('',*,*,#2853,.F.);
#1169=ORIENTED_EDGE('',*,*,#3199,.T.);
#1170=ORIENTED_EDGE('',*,*,#3200,.T.);
#1171=ORIENTED_EDGE('',*,*,#3201,.F.);
#1172=ORIENTED_EDGE('',*,*,#3200,.F.);
#1173=ORIENTED_EDGE('',*,*,#3202,.T.);
#1174=ORIENTED_EDGE('',*,*,#3203,.T.);
#1175=ORIENTED_EDGE('',*,*,#3204,.F.);
#1176=ORIENTED_EDGE('',*,*,#3203,.F.);
#1177=ORIENTED_EDGE('',*,*,#3205,.T.);
#1178=ORIENTED_EDGE('',*,*,#3206,.T.);
#1179=ORIENTED_EDGE('',*,*,#3207,.F.);
#1180=ORIENTED_EDGE('',*,*,#3206,.F.);
#1181=ORIENTED_EDGE('',*,*,#3208,.T.);
#1182=ORIENTED_EDGE('',*,*,#3209,.T.);
#1183=ORIENTED_EDGE('',*,*,#3210,.F.);
#1184=ORIENTED_EDGE('',*,*,#3209,.F.);
#1185=ORIENTED_EDGE('',*,*,#3211,.T.);
#1186=ORIENTED_EDGE('',*,*,#3190,.T.);
#1187=ORIENTED_EDGE('',*,*,#3191,.F.);
#1188=ORIENTED_EDGE('',*,*,#3211,.F.);
#1189=ORIENTED_EDGE('',*,*,#3208,.F.);
#1190=ORIENTED_EDGE('',*,*,#3205,.F.);
#1191=ORIENTED_EDGE('',*,*,#3202,.F.);
#1192=ORIENTED_EDGE('',*,*,#3199,.F.);
#1193=ORIENTED_EDGE('',*,*,#2852,.F.);
#1194=ORIENTED_EDGE('',*,*,#3197,.F.);
#1195=ORIENTED_EDGE('',*,*,#3194,.F.);
#1196=ORIENTED_EDGE('',*,*,#3189,.T.);
#1197=ORIENTED_EDGE('',*,*,#3193,.T.);
#1198=ORIENTED_EDGE('',*,*,#3196,.T.);
#1199=ORIENTED_EDGE('',*,*,#2854,.T.);
#1200=ORIENTED_EDGE('',*,*,#3198,.T.);
#1201=ORIENTED_EDGE('',*,*,#3201,.T.);
#1202=ORIENTED_EDGE('',*,*,#3204,.T.);
#1203=ORIENTED_EDGE('',*,*,#3207,.T.);
#1204=ORIENTED_EDGE('',*,*,#3210,.T.);
#1205=ORIENTED_EDGE('',*,*,#3212,.F.);
#1206=ORIENTED_EDGE('',*,*,#3213,.F.);
#1207=ORIENTED_EDGE('',*,*,#3214,.T.);
#1208=ORIENTED_EDGE('',*,*,#3215,.T.);
#1209=ORIENTED_EDGE('',*,*,#3216,.F.);
#1210=ORIENTED_EDGE('',*,*,#3215,.F.);
#1211=ORIENTED_EDGE('',*,*,#3217,.T.);
#1212=ORIENTED_EDGE('',*,*,#3218,.T.);
#1213=ORIENTED_EDGE('',*,*,#3219,.F.);
#1214=ORIENTED_EDGE('',*,*,#3218,.F.);
#1215=ORIENTED_EDGE('',*,*,#3220,.T.);
#1216=ORIENTED_EDGE('',*,*,#2843,.T.);
#1217=ORIENTED_EDGE('',*,*,#3221,.F.);
#1218=ORIENTED_EDGE('',*,*,#2865,.F.);
#1219=ORIENTED_EDGE('',*,*,#3222,.T.);
#1220=ORIENTED_EDGE('',*,*,#3223,.T.);
#1221=ORIENTED_EDGE('',*,*,#3224,.F.);
#1222=ORIENTED_EDGE('',*,*,#3223,.F.);
#1223=ORIENTED_EDGE('',*,*,#3225,.T.);
#1224=ORIENTED_EDGE('',*,*,#3226,.T.);
#1225=ORIENTED_EDGE('',*,*,#3227,.F.);
#1226=ORIENTED_EDGE('',*,*,#3226,.F.);
#1227=ORIENTED_EDGE('',*,*,#3228,.T.);
#1228=ORIENTED_EDGE('',*,*,#3229,.T.);
#1229=ORIENTED_EDGE('',*,*,#3230,.F.);
#1230=ORIENTED_EDGE('',*,*,#3229,.F.);
#1231=ORIENTED_EDGE('',*,*,#3231,.T.);
#1232=ORIENTED_EDGE('',*,*,#3232,.T.);
#1233=ORIENTED_EDGE('',*,*,#3233,.F.);
#1234=ORIENTED_EDGE('',*,*,#3232,.F.);
#1235=ORIENTED_EDGE('',*,*,#3234,.T.);
#1236=ORIENTED_EDGE('',*,*,#3213,.T.);
#1237=ORIENTED_EDGE('',*,*,#3214,.F.);
#1238=ORIENTED_EDGE('',*,*,#3234,.F.);
#1239=ORIENTED_EDGE('',*,*,#3231,.F.);
#1240=ORIENTED_EDGE('',*,*,#3228,.F.);
#1241=ORIENTED_EDGE('',*,*,#3225,.F.);
#1242=ORIENTED_EDGE('',*,*,#3222,.F.);
#1243=ORIENTED_EDGE('',*,*,#2864,.F.);
#1244=ORIENTED_EDGE('',*,*,#3220,.F.);
#1245=ORIENTED_EDGE('',*,*,#3217,.F.);
#1246=ORIENTED_EDGE('',*,*,#3212,.T.);
#1247=ORIENTED_EDGE('',*,*,#3216,.T.);
#1248=ORIENTED_EDGE('',*,*,#3219,.T.);
#1249=ORIENTED_EDGE('',*,*,#2866,.T.);
#1250=ORIENTED_EDGE('',*,*,#3221,.T.);
#1251=ORIENTED_EDGE('',*,*,#3224,.T.);
#1252=ORIENTED_EDGE('',*,*,#3227,.T.);
#1253=ORIENTED_EDGE('',*,*,#3230,.T.);
#1254=ORIENTED_EDGE('',*,*,#3233,.T.);
#1255=ORIENTED_EDGE('',*,*,#3235,.F.);
#1256=ORIENTED_EDGE('',*,*,#3236,.F.);
#1257=ORIENTED_EDGE('',*,*,#3237,.T.);
#1258=ORIENTED_EDGE('',*,*,#3238,.T.);
#1259=ORIENTED_EDGE('',*,*,#3239,.F.);
#1260=ORIENTED_EDGE('',*,*,#3238,.F.);
#1261=ORIENTED_EDGE('',*,*,#3240,.T.);
#1262=ORIENTED_EDGE('',*,*,#3241,.T.);
#1263=ORIENTED_EDGE('',*,*,#3242,.F.);
#1264=ORIENTED_EDGE('',*,*,#3241,.F.);
#1265=ORIENTED_EDGE('',*,*,#3243,.T.);
#1266=ORIENTED_EDGE('',*,*,#2841,.T.);
#1267=ORIENTED_EDGE('',*,*,#3244,.F.);
#1268=ORIENTED_EDGE('',*,*,#2850,.F.);
#1269=ORIENTED_EDGE('',*,*,#3245,.T.);
#1270=ORIENTED_EDGE('',*,*,#3246,.T.);
#1271=ORIENTED_EDGE('',*,*,#3247,.F.);
#1272=ORIENTED_EDGE('',*,*,#3246,.F.);
#1273=ORIENTED_EDGE('',*,*,#3248,.T.);
#1274=ORIENTED_EDGE('',*,*,#3249,.T.);
#1275=ORIENTED_EDGE('',*,*,#3250,.F.);
#1276=ORIENTED_EDGE('',*,*,#3249,.F.);
#1277=ORIENTED_EDGE('',*,*,#3251,.T.);
#1278=ORIENTED_EDGE('',*,*,#3252,.T.);
#1279=ORIENTED_EDGE('',*,*,#3253,.F.);
#1280=ORIENTED_EDGE('',*,*,#3252,.F.);
#1281=ORIENTED_EDGE('',*,*,#3254,.T.);
#1282=ORIENTED_EDGE('',*,*,#3255,.T.);
#1283=ORIENTED_EDGE('',*,*,#3256,.F.);
#1284=ORIENTED_EDGE('',*,*,#3255,.F.);
#1285=ORIENTED_EDGE('',*,*,#3257,.T.);
#1286=ORIENTED_EDGE('',*,*,#3236,.T.);
#1287=ORIENTED_EDGE('',*,*,#3237,.F.);
#1288=ORIENTED_EDGE('',*,*,#3257,.F.);
#1289=ORIENTED_EDGE('',*,*,#3254,.F.);
#1290=ORIENTED_EDGE('',*,*,#3251,.F.);
#1291=ORIENTED_EDGE('',*,*,#3248,.F.);
#1292=ORIENTED_EDGE('',*,*,#3245,.F.);
#1293=ORIENTED_EDGE('',*,*,#2849,.F.);
#1294=ORIENTED_EDGE('',*,*,#3243,.F.);
#1295=ORIENTED_EDGE('',*,*,#3240,.F.);
#1296=ORIENTED_EDGE('',*,*,#3235,.T.);
#1297=ORIENTED_EDGE('',*,*,#3239,.T.);
#1298=ORIENTED_EDGE('',*,*,#3242,.T.);
#1299=ORIENTED_EDGE('',*,*,#2851,.T.);
#1300=ORIENTED_EDGE('',*,*,#3244,.T.);
#1301=ORIENTED_EDGE('',*,*,#3247,.T.);
#1302=ORIENTED_EDGE('',*,*,#3250,.T.);
#1303=ORIENTED_EDGE('',*,*,#3253,.T.);
#1304=ORIENTED_EDGE('',*,*,#3256,.T.);
#1305=ORIENTED_EDGE('',*,*,#3258,.F.);
#1306=ORIENTED_EDGE('',*,*,#3259,.F.);
#1307=ORIENTED_EDGE('',*,*,#3260,.T.);
#1308=ORIENTED_EDGE('',*,*,#2954,.T.);
#1309=ORIENTED_EDGE('',*,*,#3261,.F.);
#1310=ORIENTED_EDGE('',*,*,#2712,.F.);
#1311=ORIENTED_EDGE('',*,*,#3262,.T.);
#1312=ORIENTED_EDGE('',*,*,#3263,.T.);
#1313=ORIENTED_EDGE('',*,*,#3264,.F.);
#1314=ORIENTED_EDGE('',*,*,#3263,.F.);
#1315=ORIENTED_EDGE('',*,*,#3265,.T.);
#1316=ORIENTED_EDGE('',*,*,#3266,.T.);
#1317=ORIENTED_EDGE('',*,*,#3267,.F.);
#1318=ORIENTED_EDGE('',*,*,#3266,.F.);
#1319=ORIENTED_EDGE('',*,*,#3268,.T.);
#1320=ORIENTED_EDGE('',*,*,#3269,.T.);
#1321=ORIENTED_EDGE('',*,*,#3270,.F.);
#1322=ORIENTED_EDGE('',*,*,#3269,.F.);
#1323=ORIENTED_EDGE('',*,*,#3271,.T.);
#1324=ORIENTED_EDGE('',*,*,#3272,.T.);
#1325=ORIENTED_EDGE('',*,*,#3273,.F.);
#1326=ORIENTED_EDGE('',*,*,#3272,.F.);
#1327=ORIENTED_EDGE('',*,*,#3274,.T.);
#1328=ORIENTED_EDGE('',*,*,#3275,.T.);
#1329=ORIENTED_EDGE('',*,*,#3276,.F.);
#1330=ORIENTED_EDGE('',*,*,#3275,.F.);
#1331=ORIENTED_EDGE('',*,*,#3277,.T.);
#1332=ORIENTED_EDGE('',*,*,#3278,.T.);
#1333=ORIENTED_EDGE('',*,*,#3279,.F.);
#1334=ORIENTED_EDGE('',*,*,#3278,.F.);
#1335=ORIENTED_EDGE('',*,*,#3280,.T.);
#1336=ORIENTED_EDGE('',*,*,#3259,.T.);
#1337=ORIENTED_EDGE('',*,*,#3260,.F.);
#1338=ORIENTED_EDGE('',*,*,#3280,.F.);
#1339=ORIENTED_EDGE('',*,*,#3277,.F.);
#1340=ORIENTED_EDGE('',*,*,#3274,.F.);
#1341=ORIENTED_EDGE('',*,*,#3271,.F.);
#1342=ORIENTED_EDGE('',*,*,#3268,.F.);
#1343=ORIENTED_EDGE('',*,*,#3265,.F.);
#1344=ORIENTED_EDGE('',*,*,#3262,.F.);
#1345=ORIENTED_EDGE('',*,*,#2955,.F.);
#1346=ORIENTED_EDGE('',*,*,#3258,.T.);
#1347=ORIENTED_EDGE('',*,*,#2953,.T.);
#1348=ORIENTED_EDGE('',*,*,#3261,.T.);
#1349=ORIENTED_EDGE('',*,*,#3264,.T.);
#1350=ORIENTED_EDGE('',*,*,#3267,.T.);
#1351=ORIENTED_EDGE('',*,*,#3270,.T.);
#1352=ORIENTED_EDGE('',*,*,#3273,.T.);
#1353=ORIENTED_EDGE('',*,*,#3276,.T.);
#1354=ORIENTED_EDGE('',*,*,#3279,.T.);
#1355=ORIENTED_EDGE('',*,*,#3281,.F.);
#1356=ORIENTED_EDGE('',*,*,#3282,.F.);
#1357=ORIENTED_EDGE('',*,*,#3283,.T.);
#1358=ORIENTED_EDGE('',*,*,#2957,.T.);
#1359=ORIENTED_EDGE('',*,*,#3284,.F.);
#1360=ORIENTED_EDGE('',*,*,#2710,.F.);
#1361=ORIENTED_EDGE('',*,*,#3285,.T.);
#1362=ORIENTED_EDGE('',*,*,#3286,.T.);
#1363=ORIENTED_EDGE('',*,*,#3287,.F.);
#1364=ORIENTED_EDGE('',*,*,#3286,.F.);
#1365=ORIENTED_EDGE('',*,*,#3288,.T.);
#1366=ORIENTED_EDGE('',*,*,#3289,.T.);
#1367=ORIENTED_EDGE('',*,*,#3290,.F.);
#1368=ORIENTED_EDGE('',*,*,#3289,.F.);
#1369=ORIENTED_EDGE('',*,*,#3291,.T.);
#1370=ORIENTED_EDGE('',*,*,#3292,.T.);
#1371=ORIENTED_EDGE('',*,*,#3293,.F.);
#1372=ORIENTED_EDGE('',*,*,#3292,.F.);
#1373=ORIENTED_EDGE('',*,*,#3294,.T.);
#1374=ORIENTED_EDGE('',*,*,#3295,.T.);
#1375=ORIENTED_EDGE('',*,*,#3296,.F.);
#1376=ORIENTED_EDGE('',*,*,#3295,.F.);
#1377=ORIENTED_EDGE('',*,*,#3297,.T.);
#1378=ORIENTED_EDGE('',*,*,#3298,.T.);
#1379=ORIENTED_EDGE('',*,*,#3299,.F.);
#1380=ORIENTED_EDGE('',*,*,#3298,.F.);
#1381=ORIENTED_EDGE('',*,*,#3300,.T.);
#1382=ORIENTED_EDGE('',*,*,#3301,.T.);
#1383=ORIENTED_EDGE('',*,*,#3302,.F.);
#1384=ORIENTED_EDGE('',*,*,#3301,.F.);
#1385=ORIENTED_EDGE('',*,*,#3303,.T.);
#1386=ORIENTED_EDGE('',*,*,#3282,.T.);
#1387=ORIENTED_EDGE('',*,*,#3283,.F.);
#1388=ORIENTED_EDGE('',*,*,#3303,.F.);
#1389=ORIENTED_EDGE('',*,*,#3300,.F.);
#1390=ORIENTED_EDGE('',*,*,#3297,.F.);
#1391=ORIENTED_EDGE('',*,*,#3294,.F.);
#1392=ORIENTED_EDGE('',*,*,#3291,.F.);
#1393=ORIENTED_EDGE('',*,*,#3288,.F.);
#1394=ORIENTED_EDGE('',*,*,#3285,.F.);
#1395=ORIENTED_EDGE('',*,*,#2958,.F.);
#1396=ORIENTED_EDGE('',*,*,#3281,.T.);
#1397=ORIENTED_EDGE('',*,*,#2956,.T.);
#1398=ORIENTED_EDGE('',*,*,#3284,.T.);
#1399=ORIENTED_EDGE('',*,*,#3287,.T.);
#1400=ORIENTED_EDGE('',*,*,#3290,.T.);
#1401=ORIENTED_EDGE('',*,*,#3293,.T.);
#1402=ORIENTED_EDGE('',*,*,#3296,.T.);
#1403=ORIENTED_EDGE('',*,*,#3299,.T.);
#1404=ORIENTED_EDGE('',*,*,#3302,.T.);
#1405=ORIENTED_EDGE('',*,*,#3304,.F.);
#1406=ORIENTED_EDGE('',*,*,#3305,.F.);
#1407=ORIENTED_EDGE('',*,*,#3306,.T.);
#1408=ORIENTED_EDGE('',*,*,#2960,.T.);
#1409=ORIENTED_EDGE('',*,*,#3307,.F.);
#1410=ORIENTED_EDGE('',*,*,#2708,.F.);
#1411=ORIENTED_EDGE('',*,*,#3308,.T.);
#1412=ORIENTED_EDGE('',*,*,#3309,.T.);
#1413=ORIENTED_EDGE('',*,*,#3310,.F.);
#1414=ORIENTED_EDGE('',*,*,#3309,.F.);
#1415=ORIENTED_EDGE('',*,*,#3311,.T.);
#1416=ORIENTED_EDGE('',*,*,#3312,.T.);
#1417=ORIENTED_EDGE('',*,*,#3313,.F.);
#1418=ORIENTED_EDGE('',*,*,#3312,.F.);
#1419=ORIENTED_EDGE('',*,*,#3314,.T.);
#1420=ORIENTED_EDGE('',*,*,#3315,.T.);
#1421=ORIENTED_EDGE('',*,*,#3316,.F.);
#1422=ORIENTED_EDGE('',*,*,#3315,.F.);
#1423=ORIENTED_EDGE('',*,*,#3317,.T.);
#1424=ORIENTED_EDGE('',*,*,#3318,.T.);
#1425=ORIENTED_EDGE('',*,*,#3319,.F.);
#1426=ORIENTED_EDGE('',*,*,#3318,.F.);
#1427=ORIENTED_EDGE('',*,*,#3320,.T.);
#1428=ORIENTED_EDGE('',*,*,#3321,.T.);
#1429=ORIENTED_EDGE('',*,*,#3322,.F.);
#1430=ORIENTED_EDGE('',*,*,#3321,.F.);
#1431=ORIENTED_EDGE('',*,*,#3323,.T.);
#1432=ORIENTED_EDGE('',*,*,#3324,.T.);
#1433=ORIENTED_EDGE('',*,*,#3325,.F.);
#1434=ORIENTED_EDGE('',*,*,#3324,.F.);
#1435=ORIENTED_EDGE('',*,*,#3326,.T.);
#1436=ORIENTED_EDGE('',*,*,#3305,.T.);
#1437=ORIENTED_EDGE('',*,*,#3306,.F.);
#1438=ORIENTED_EDGE('',*,*,#3326,.F.);
#1439=ORIENTED_EDGE('',*,*,#3323,.F.);
#1440=ORIENTED_EDGE('',*,*,#3320,.F.);
#1441=ORIENTED_EDGE('',*,*,#3317,.F.);
#1442=ORIENTED_EDGE('',*,*,#3314,.F.);
#1443=ORIENTED_EDGE('',*,*,#3311,.F.);
#1444=ORIENTED_EDGE('',*,*,#3308,.F.);
#1445=ORIENTED_EDGE('',*,*,#2961,.F.);
#1446=ORIENTED_EDGE('',*,*,#3304,.T.);
#1447=ORIENTED_EDGE('',*,*,#2959,.T.);
#1448=ORIENTED_EDGE('',*,*,#3307,.T.);
#1449=ORIENTED_EDGE('',*,*,#3310,.T.);
#1450=ORIENTED_EDGE('',*,*,#3313,.T.);
#1451=ORIENTED_EDGE('',*,*,#3316,.T.);
#1452=ORIENTED_EDGE('',*,*,#3319,.T.);
#1453=ORIENTED_EDGE('',*,*,#3322,.T.);
#1454=ORIENTED_EDGE('',*,*,#3325,.T.);
#1455=ORIENTED_EDGE('',*,*,#3327,.F.);
#1456=ORIENTED_EDGE('',*,*,#3328,.F.);
#1457=ORIENTED_EDGE('',*,*,#3329,.T.);
#1458=ORIENTED_EDGE('',*,*,#2949,.T.);
#1459=ORIENTED_EDGE('',*,*,#3330,.F.);
#1460=ORIENTED_EDGE('',*,*,#2704,.F.);
#1461=ORIENTED_EDGE('',*,*,#3331,.T.);
#1462=ORIENTED_EDGE('',*,*,#3332,.T.);
#1463=ORIENTED_EDGE('',*,*,#3333,.F.);
#1464=ORIENTED_EDGE('',*,*,#3332,.F.);
#1465=ORIENTED_EDGE('',*,*,#3334,.T.);
#1466=ORIENTED_EDGE('',*,*,#3335,.T.);
#1467=ORIENTED_EDGE('',*,*,#3336,.F.);
#1468=ORIENTED_EDGE('',*,*,#3335,.F.);
#1469=ORIENTED_EDGE('',*,*,#3337,.T.);
#1470=ORIENTED_EDGE('',*,*,#3338,.T.);
#1471=ORIENTED_EDGE('',*,*,#3339,.F.);
#1472=ORIENTED_EDGE('',*,*,#3338,.F.);
#1473=ORIENTED_EDGE('',*,*,#3340,.T.);
#1474=ORIENTED_EDGE('',*,*,#3341,.T.);
#1475=ORIENTED_EDGE('',*,*,#3342,.F.);
#1476=ORIENTED_EDGE('',*,*,#3341,.F.);
#1477=ORIENTED_EDGE('',*,*,#3343,.T.);
#1478=ORIENTED_EDGE('',*,*,#3344,.T.);
#1479=ORIENTED_EDGE('',*,*,#3345,.F.);
#1480=ORIENTED_EDGE('',*,*,#3344,.F.);
#1481=ORIENTED_EDGE('',*,*,#3346,.T.);
#1482=ORIENTED_EDGE('',*,*,#3347,.T.);
#1483=ORIENTED_EDGE('',*,*,#3348,.F.);
#1484=ORIENTED_EDGE('',*,*,#3347,.F.);
#1485=ORIENTED_EDGE('',*,*,#3349,.T.);
#1486=ORIENTED_EDGE('',*,*,#3328,.T.);
#1487=ORIENTED_EDGE('',*,*,#3329,.F.);
#1488=ORIENTED_EDGE('',*,*,#3349,.F.);
#1489=ORIENTED_EDGE('',*,*,#3346,.F.);
#1490=ORIENTED_EDGE('',*,*,#3343,.F.);
#1491=ORIENTED_EDGE('',*,*,#3340,.F.);
#1492=ORIENTED_EDGE('',*,*,#3337,.F.);
#1493=ORIENTED_EDGE('',*,*,#3334,.F.);
#1494=ORIENTED_EDGE('',*,*,#3331,.F.);
#1495=ORIENTED_EDGE('',*,*,#2950,.F.);
#1496=ORIENTED_EDGE('',*,*,#3327,.T.);
#1497=ORIENTED_EDGE('',*,*,#2948,.T.);
#1498=ORIENTED_EDGE('',*,*,#3330,.T.);
#1499=ORIENTED_EDGE('',*,*,#3333,.T.);
#1500=ORIENTED_EDGE('',*,*,#3336,.T.);
#1501=ORIENTED_EDGE('',*,*,#3339,.T.);
#1502=ORIENTED_EDGE('',*,*,#3342,.T.);
#1503=ORIENTED_EDGE('',*,*,#3345,.T.);
#1504=ORIENTED_EDGE('',*,*,#3348,.T.);
#1505=ORIENTED_EDGE('',*,*,#3350,.F.);
#1506=ORIENTED_EDGE('',*,*,#3351,.F.);
#1507=ORIENTED_EDGE('',*,*,#3352,.T.);
#1508=ORIENTED_EDGE('',*,*,#2946,.T.);
#1509=ORIENTED_EDGE('',*,*,#3353,.F.);
#1510=ORIENTED_EDGE('',*,*,#2706,.F.);
#1511=ORIENTED_EDGE('',*,*,#3354,.T.);
#1512=ORIENTED_EDGE('',*,*,#3355,.T.);
#1513=ORIENTED_EDGE('',*,*,#3356,.F.);
#1514=ORIENTED_EDGE('',*,*,#3355,.F.);
#1515=ORIENTED_EDGE('',*,*,#3357,.T.);
#1516=ORIENTED_EDGE('',*,*,#3358,.T.);
#1517=ORIENTED_EDGE('',*,*,#3359,.F.);
#1518=ORIENTED_EDGE('',*,*,#3358,.F.);
#1519=ORIENTED_EDGE('',*,*,#3360,.T.);
#1520=ORIENTED_EDGE('',*,*,#3361,.T.);
#1521=ORIENTED_EDGE('',*,*,#3362,.F.);
#1522=ORIENTED_EDGE('',*,*,#3361,.F.);
#1523=ORIENTED_EDGE('',*,*,#3363,.T.);
#1524=ORIENTED_EDGE('',*,*,#3364,.T.);
#1525=ORIENTED_EDGE('',*,*,#3365,.F.);
#1526=ORIENTED_EDGE('',*,*,#3364,.F.);
#1527=ORIENTED_EDGE('',*,*,#3366,.T.);
#1528=ORIENTED_EDGE('',*,*,#3367,.T.);
#1529=ORIENTED_EDGE('',*,*,#3368,.F.);
#1530=ORIENTED_EDGE('',*,*,#3367,.F.);
#1531=ORIENTED_EDGE('',*,*,#3369,.T.);
#1532=ORIENTED_EDGE('',*,*,#3370,.T.);
#1533=ORIENTED_EDGE('',*,*,#3371,.F.);
#1534=ORIENTED_EDGE('',*,*,#3370,.F.);
#1535=ORIENTED_EDGE('',*,*,#3372,.T.);
#1536=ORIENTED_EDGE('',*,*,#3351,.T.);
#1537=ORIENTED_EDGE('',*,*,#3352,.F.);
#1538=ORIENTED_EDGE('',*,*,#3372,.F.);
#1539=ORIENTED_EDGE('',*,*,#3369,.F.);
#1540=ORIENTED_EDGE('',*,*,#3366,.F.);
#1541=ORIENTED_EDGE('',*,*,#3363,.F.);
#1542=ORIENTED_EDGE('',*,*,#3360,.F.);
#1543=ORIENTED_EDGE('',*,*,#3357,.F.);
#1544=ORIENTED_EDGE('',*,*,#3354,.F.);
#1545=ORIENTED_EDGE('',*,*,#2947,.F.);
#1546=ORIENTED_EDGE('',*,*,#3350,.T.);
#1547=ORIENTED_EDGE('',*,*,#2962,.T.);
#1548=ORIENTED_EDGE('',*,*,#3353,.T.);
#1549=ORIENTED_EDGE('',*,*,#3356,.T.);
#1550=ORIENTED_EDGE('',*,*,#3359,.T.);
#1551=ORIENTED_EDGE('',*,*,#3362,.T.);
#1552=ORIENTED_EDGE('',*,*,#3365,.T.);
#1553=ORIENTED_EDGE('',*,*,#3368,.T.);
#1554=ORIENTED_EDGE('',*,*,#3371,.T.);
#1555=ORIENTED_EDGE('',*,*,#2831,.T.);
#1556=ORIENTED_EDGE('',*,*,#3373,.T.);
#1557=ORIENTED_EDGE('',*,*,#3374,.T.);
#1558=ORIENTED_EDGE('',*,*,#3375,.F.);
#1559=ORIENTED_EDGE('',*,*,#2810,.F.);
#1560=ORIENTED_EDGE('',*,*,#3376,.F.);
#1561=ORIENTED_EDGE('',*,*,#3377,.F.);
#1562=ORIENTED_EDGE('',*,*,#3373,.F.);
#1563=ORIENTED_EDGE('',*,*,#2830,.F.);
#1564=ORIENTED_EDGE('',*,*,#2832,.T.);
#1565=ORIENTED_EDGE('',*,*,#3375,.T.);
#1566=ORIENTED_EDGE('',*,*,#3378,.T.);
#1567=ORIENTED_EDGE('',*,*,#3379,.T.);
#1568=ORIENTED_EDGE('',*,*,#2808,.T.);
#1569=ORIENTED_EDGE('',*,*,#3378,.F.);
#1570=ORIENTED_EDGE('',*,*,#3374,.F.);
#1571=ORIENTED_EDGE('',*,*,#3377,.T.);
#1572=ORIENTED_EDGE('',*,*,#3380,.T.);
#1573=ORIENTED_EDGE('',*,*,#3379,.F.);
#1574=ORIENTED_EDGE('',*,*,#3380,.F.);
#1575=ORIENTED_EDGE('',*,*,#3376,.T.);
#1576=ORIENTED_EDGE('',*,*,#2809,.T.);
#1577=ORIENTED_EDGE('',*,*,#2828,.T.);
#1578=ORIENTED_EDGE('',*,*,#3381,.T.);
#1579=ORIENTED_EDGE('',*,*,#3382,.T.);
#1580=ORIENTED_EDGE('',*,*,#3383,.F.);
#1581=ORIENTED_EDGE('',*,*,#2814,.F.);
#1582=ORIENTED_EDGE('',*,*,#3384,.F.);
#1583=ORIENTED_EDGE('',*,*,#3385,.F.);
#1584=ORIENTED_EDGE('',*,*,#3381,.F.);
#1585=ORIENTED_EDGE('',*,*,#2827,.F.);
#1586=ORIENTED_EDGE('',*,*,#2829,.T.);
#1587=ORIENTED_EDGE('',*,*,#3383,.T.);
#1588=ORIENTED_EDGE('',*,*,#3386,.T.);
#1589=ORIENTED_EDGE('',*,*,#3387,.T.);
#1590=ORIENTED_EDGE('',*,*,#2812,.T.);
#1591=ORIENTED_EDGE('',*,*,#3386,.F.);
#1592=ORIENTED_EDGE('',*,*,#3382,.F.);
#1593=ORIENTED_EDGE('',*,*,#3385,.T.);
#1594=ORIENTED_EDGE('',*,*,#3388,.T.);
#1595=ORIENTED_EDGE('',*,*,#3387,.F.);
#1596=ORIENTED_EDGE('',*,*,#3388,.F.);
#1597=ORIENTED_EDGE('',*,*,#3384,.T.);
#1598=ORIENTED_EDGE('',*,*,#2813,.T.);
#1599=ORIENTED_EDGE('',*,*,#2825,.T.);
#1600=ORIENTED_EDGE('',*,*,#3389,.T.);
#1601=ORIENTED_EDGE('',*,*,#3390,.T.);
#1602=ORIENTED_EDGE('',*,*,#3391,.F.);
#1603=ORIENTED_EDGE('',*,*,#2818,.F.);
#1604=ORIENTED_EDGE('',*,*,#3392,.F.);
#1605=ORIENTED_EDGE('',*,*,#3393,.F.);
#1606=ORIENTED_EDGE('',*,*,#3389,.F.);
#1607=ORIENTED_EDGE('',*,*,#2824,.F.);
#1608=ORIENTED_EDGE('',*,*,#2826,.T.);
#1609=ORIENTED_EDGE('',*,*,#3391,.T.);
#1610=ORIENTED_EDGE('',*,*,#3394,.T.);
#1611=ORIENTED_EDGE('',*,*,#3395,.T.);
#1612=ORIENTED_EDGE('',*,*,#2816,.T.);
#1613=ORIENTED_EDGE('',*,*,#3394,.F.);
#1614=ORIENTED_EDGE('',*,*,#3390,.F.);
#1615=ORIENTED_EDGE('',*,*,#3393,.T.);
#1616=ORIENTED_EDGE('',*,*,#3396,.T.);
#1617=ORIENTED_EDGE('',*,*,#3395,.F.);
#1618=ORIENTED_EDGE('',*,*,#3396,.F.);
#1619=ORIENTED_EDGE('',*,*,#3392,.T.);
#1620=ORIENTED_EDGE('',*,*,#2817,.T.);
#1621=ORIENTED_EDGE('',*,*,#2847,.T.);
#1622=ORIENTED_EDGE('',*,*,#3397,.T.);
#1623=ORIENTED_EDGE('',*,*,#3398,.T.);
#1624=ORIENTED_EDGE('',*,*,#3399,.F.);
#1625=ORIENTED_EDGE('',*,*,#2803,.F.);
#1626=ORIENTED_EDGE('',*,*,#3400,.F.);
#1627=ORIENTED_EDGE('',*,*,#3401,.F.);
#1628=ORIENTED_EDGE('',*,*,#3397,.F.);
#1629=ORIENTED_EDGE('',*,*,#2846,.F.);
#1630=ORIENTED_EDGE('',*,*,#2848,.T.);
#1631=ORIENTED_EDGE('',*,*,#3399,.T.);
#1632=ORIENTED_EDGE('',*,*,#3402,.T.);
#1633=ORIENTED_EDGE('',*,*,#3403,.T.);
#1634=ORIENTED_EDGE('',*,*,#2801,.T.);
#1635=ORIENTED_EDGE('',*,*,#3402,.F.);
#1636=ORIENTED_EDGE('',*,*,#3398,.F.);
#1637=ORIENTED_EDGE('',*,*,#3401,.T.);
#1638=ORIENTED_EDGE('',*,*,#3404,.T.);
#1639=ORIENTED_EDGE('',*,*,#3403,.F.);
#1640=ORIENTED_EDGE('',*,*,#3404,.F.);
#1641=ORIENTED_EDGE('',*,*,#3400,.T.);
#1642=ORIENTED_EDGE('',*,*,#2802,.T.);
#1643=ORIENTED_EDGE('',*,*,#2822,.T.);
#1644=ORIENTED_EDGE('',*,*,#3405,.T.);
#1645=ORIENTED_EDGE('',*,*,#3406,.T.);
#1646=ORIENTED_EDGE('',*,*,#3407,.F.);
#1647=ORIENTED_EDGE('',*,*,#2799,.F.);
#1648=ORIENTED_EDGE('',*,*,#3408,.F.);
#1649=ORIENTED_EDGE('',*,*,#3409,.F.);
#1650=ORIENTED_EDGE('',*,*,#3405,.F.);
#1651=ORIENTED_EDGE('',*,*,#2821,.F.);
#1652=ORIENTED_EDGE('',*,*,#2823,.T.);
#1653=ORIENTED_EDGE('',*,*,#3407,.T.);
#1654=ORIENTED_EDGE('',*,*,#3410,.T.);
#1655=ORIENTED_EDGE('',*,*,#3411,.T.);
#1656=ORIENTED_EDGE('',*,*,#2820,.T.);
#1657=ORIENTED_EDGE('',*,*,#3410,.F.);
#1658=ORIENTED_EDGE('',*,*,#3406,.F.);
#1659=ORIENTED_EDGE('',*,*,#3409,.T.);
#1660=ORIENTED_EDGE('',*,*,#3412,.T.);
#1661=ORIENTED_EDGE('',*,*,#3411,.F.);
#1662=ORIENTED_EDGE('',*,*,#3412,.F.);
#1663=ORIENTED_EDGE('',*,*,#3408,.T.);
#1664=ORIENTED_EDGE('',*,*,#2798,.T.);
#1665=ORIENTED_EDGE('',*,*,#2717,.T.);
#1666=ORIENTED_EDGE('',*,*,#3413,.F.);
#1667=ORIENTED_EDGE('',*,*,#3414,.F.);
#1668=ORIENTED_EDGE('',*,*,#3415,.T.);
#1669=ORIENTED_EDGE('',*,*,#3415,.F.);
#1670=ORIENTED_EDGE('',*,*,#3416,.F.);
#1671=ORIENTED_EDGE('',*,*,#3417,.F.);
#1672=ORIENTED_EDGE('',*,*,#2738,.F.);
#1673=ORIENTED_EDGE('',*,*,#2718,.F.);
#1674=ORIENTED_EDGE('',*,*,#2716,.T.);
#1675=ORIENTED_EDGE('',*,*,#2740,.T.);
#1676=ORIENTED_EDGE('',*,*,#3418,.T.);
#1677=ORIENTED_EDGE('',*,*,#3419,.T.);
#1678=ORIENTED_EDGE('',*,*,#3413,.T.);
#1679=ORIENTED_EDGE('',*,*,#3418,.F.);
#1680=ORIENTED_EDGE('',*,*,#2739,.F.);
#1681=ORIENTED_EDGE('',*,*,#3417,.T.);
#1682=ORIENTED_EDGE('',*,*,#3420,.T.);
#1683=ORIENTED_EDGE('',*,*,#3419,.F.);
#1684=ORIENTED_EDGE('',*,*,#3420,.F.);
#1685=ORIENTED_EDGE('',*,*,#3416,.T.);
#1686=ORIENTED_EDGE('',*,*,#3414,.T.);
#1687=ORIENTED_EDGE('',*,*,#2721,.T.);
#1688=ORIENTED_EDGE('',*,*,#3421,.F.);
#1689=ORIENTED_EDGE('',*,*,#3422,.F.);
#1690=ORIENTED_EDGE('',*,*,#3423,.T.);
#1691=ORIENTED_EDGE('',*,*,#3423,.F.);
#1692=ORIENTED_EDGE('',*,*,#3424,.F.);
#1693=ORIENTED_EDGE('',*,*,#3425,.F.);
#1694=ORIENTED_EDGE('',*,*,#2735,.F.);
#1695=ORIENTED_EDGE('',*,*,#2722,.F.);
#1696=ORIENTED_EDGE('',*,*,#2720,.T.);
#1697=ORIENTED_EDGE('',*,*,#2737,.T.);
#1698=ORIENTED_EDGE('',*,*,#3426,.T.);
#1699=ORIENTED_EDGE('',*,*,#3427,.T.);
#1700=ORIENTED_EDGE('',*,*,#3421,.T.);
#1701=ORIENTED_EDGE('',*,*,#3426,.F.);
#1702=ORIENTED_EDGE('',*,*,#2736,.F.);
#1703=ORIENTED_EDGE('',*,*,#3425,.T.);
#1704=ORIENTED_EDGE('',*,*,#3428,.T.);
#1705=ORIENTED_EDGE('',*,*,#3427,.F.);
#1706=ORIENTED_EDGE('',*,*,#3428,.F.);
#1707=ORIENTED_EDGE('',*,*,#3424,.T.);
#1708=ORIENTED_EDGE('',*,*,#3422,.T.);
#1709=ORIENTED_EDGE('',*,*,#2725,.T.);
#1710=ORIENTED_EDGE('',*,*,#3429,.F.);
#1711=ORIENTED_EDGE('',*,*,#3430,.F.);
#1712=ORIENTED_EDGE('',*,*,#3431,.T.);
#1713=ORIENTED_EDGE('',*,*,#3431,.F.);
#1714=ORIENTED_EDGE('',*,*,#3432,.F.);
#1715=ORIENTED_EDGE('',*,*,#3433,.F.);
#1716=ORIENTED_EDGE('',*,*,#2732,.F.);
#1717=ORIENTED_EDGE('',*,*,#2726,.F.);
#1718=ORIENTED_EDGE('',*,*,#2724,.T.);
#1719=ORIENTED_EDGE('',*,*,#2734,.T.);
#1720=ORIENTED_EDGE('',*,*,#3434,.T.);
#1721=ORIENTED_EDGE('',*,*,#3435,.T.);
#1722=ORIENTED_EDGE('',*,*,#3429,.T.);
#1723=ORIENTED_EDGE('',*,*,#3434,.F.);
#1724=ORIENTED_EDGE('',*,*,#2733,.F.);
#1725=ORIENTED_EDGE('',*,*,#3433,.T.);
#1726=ORIENTED_EDGE('',*,*,#3436,.T.);
#1727=ORIENTED_EDGE('',*,*,#3435,.F.);
#1728=ORIENTED_EDGE('',*,*,#3436,.F.);
#1729=ORIENTED_EDGE('',*,*,#3432,.T.);
#1730=ORIENTED_EDGE('',*,*,#3430,.T.);
#1731=ORIENTED_EDGE('',*,*,#2699,.T.);
#1732=ORIENTED_EDGE('',*,*,#3437,.F.);
#1733=ORIENTED_EDGE('',*,*,#3438,.F.);
#1734=ORIENTED_EDGE('',*,*,#3439,.T.);
#1735=ORIENTED_EDGE('',*,*,#3439,.F.);
#1736=ORIENTED_EDGE('',*,*,#3440,.F.);
#1737=ORIENTED_EDGE('',*,*,#3441,.F.);
#1738=ORIENTED_EDGE('',*,*,#2744,.F.);
#1739=ORIENTED_EDGE('',*,*,#2700,.F.);
#1740=ORIENTED_EDGE('',*,*,#2698,.T.);
#1741=ORIENTED_EDGE('',*,*,#2746,.T.);
#1742=ORIENTED_EDGE('',*,*,#3442,.T.);
#1743=ORIENTED_EDGE('',*,*,#3443,.T.);
#1744=ORIENTED_EDGE('',*,*,#3437,.T.);
#1745=ORIENTED_EDGE('',*,*,#3442,.F.);
#1746=ORIENTED_EDGE('',*,*,#2745,.F.);
#1747=ORIENTED_EDGE('',*,*,#3441,.T.);
#1748=ORIENTED_EDGE('',*,*,#3444,.T.);
#1749=ORIENTED_EDGE('',*,*,#3443,.F.);
#1750=ORIENTED_EDGE('',*,*,#3444,.F.);
#1751=ORIENTED_EDGE('',*,*,#3440,.T.);
#1752=ORIENTED_EDGE('',*,*,#3438,.T.);
#1753=ORIENTED_EDGE('',*,*,#2695,.T.);
#1754=ORIENTED_EDGE('',*,*,#3445,.F.);
#1755=ORIENTED_EDGE('',*,*,#3446,.F.);
#1756=ORIENTED_EDGE('',*,*,#3447,.T.);
#1757=ORIENTED_EDGE('',*,*,#3447,.F.);
#1758=ORIENTED_EDGE('',*,*,#3448,.F.);
#1759=ORIENTED_EDGE('',*,*,#3449,.F.);
#1760=ORIENTED_EDGE('',*,*,#2729,.F.);
#1761=ORIENTED_EDGE('',*,*,#2696,.F.);
#1762=ORIENTED_EDGE('',*,*,#2728,.T.);
#1763=ORIENTED_EDGE('',*,*,#2731,.T.);
#1764=ORIENTED_EDGE('',*,*,#3450,.T.);
#1765=ORIENTED_EDGE('',*,*,#3451,.T.);
#1766=ORIENTED_EDGE('',*,*,#3445,.T.);
#1767=ORIENTED_EDGE('',*,*,#3450,.F.);
#1768=ORIENTED_EDGE('',*,*,#2730,.F.);
#1769=ORIENTED_EDGE('',*,*,#3449,.T.);
#1770=ORIENTED_EDGE('',*,*,#3452,.T.);
#1771=ORIENTED_EDGE('',*,*,#3451,.F.);
#1772=ORIENTED_EDGE('',*,*,#3452,.F.);
#1773=ORIENTED_EDGE('',*,*,#3448,.T.);
#1774=ORIENTED_EDGE('',*,*,#3446,.T.);
#1775=ORIENTED_EDGE('',*,*,#3453,.F.);
#1776=ORIENTED_EDGE('',*,*,#3454,.F.);
#1777=ORIENTED_EDGE('',*,*,#3455,.T.);
#1778=ORIENTED_EDGE('',*,*,#3456,.T.);
#1779=ORIENTED_EDGE('',*,*,#3457,.F.);
#1780=ORIENTED_EDGE('',*,*,#3456,.F.);
#1781=ORIENTED_EDGE('',*,*,#3458,.T.);
#1782=ORIENTED_EDGE('',*,*,#3459,.T.);
#1783=ORIENTED_EDGE('',*,*,#3460,.F.);
#1784=ORIENTED_EDGE('',*,*,#3459,.F.);
#1785=ORIENTED_EDGE('',*,*,#3461,.T.);
#1786=ORIENTED_EDGE('',*,*,#3462,.T.);
#1787=ORIENTED_EDGE('',*,*,#3463,.F.);
#1788=ORIENTED_EDGE('',*,*,#3462,.F.);
#1789=ORIENTED_EDGE('',*,*,#3464,.T.);
#1790=ORIENTED_EDGE('',*,*,#3465,.T.);
#1791=ORIENTED_EDGE('',*,*,#3466,.F.);
#1792=ORIENTED_EDGE('',*,*,#3465,.F.);
#1793=ORIENTED_EDGE('',*,*,#3467,.T.);
#1794=ORIENTED_EDGE('',*,*,#3468,.T.);
#1795=ORIENTED_EDGE('',*,*,#3469,.F.);
#1796=ORIENTED_EDGE('',*,*,#3468,.F.);
#1797=ORIENTED_EDGE('',*,*,#3470,.T.);
#1798=ORIENTED_EDGE('',*,*,#3471,.T.);
#1799=ORIENTED_EDGE('',*,*,#3472,.F.);
#1800=ORIENTED_EDGE('',*,*,#3471,.F.);
#1801=ORIENTED_EDGE('',*,*,#3473,.T.);
#1802=ORIENTED_EDGE('',*,*,#3474,.T.);
#1803=ORIENTED_EDGE('',*,*,#3475,.F.);
#1804=ORIENTED_EDGE('',*,*,#3474,.F.);
#1805=ORIENTED_EDGE('',*,*,#3476,.T.);
#1806=ORIENTED_EDGE('',*,*,#3477,.T.);
#1807=ORIENTED_EDGE('',*,*,#3478,.F.);
#1808=ORIENTED_EDGE('',*,*,#3477,.F.);
#1809=ORIENTED_EDGE('',*,*,#3479,.T.);
#1810=ORIENTED_EDGE('',*,*,#3480,.T.);
#1811=ORIENTED_EDGE('',*,*,#3481,.F.);
#1812=ORIENTED_EDGE('',*,*,#3480,.F.);
#1813=ORIENTED_EDGE('',*,*,#3482,.T.);
#1814=ORIENTED_EDGE('',*,*,#3483,.T.);
#1815=ORIENTED_EDGE('',*,*,#3484,.F.);
#1816=ORIENTED_EDGE('',*,*,#3483,.F.);
#1817=ORIENTED_EDGE('',*,*,#3485,.T.);
#1818=ORIENTED_EDGE('',*,*,#3486,.T.);
#1819=ORIENTED_EDGE('',*,*,#3487,.F.);
#1820=ORIENTED_EDGE('',*,*,#3486,.F.);
#1821=ORIENTED_EDGE('',*,*,#3488,.T.);
#1822=ORIENTED_EDGE('',*,*,#2883,.T.);
#1823=ORIENTED_EDGE('',*,*,#3489,.F.);
#1824=ORIENTED_EDGE('',*,*,#2885,.F.);
#1825=ORIENTED_EDGE('',*,*,#3490,.T.);
#1826=ORIENTED_EDGE('',*,*,#3491,.T.);
#1827=ORIENTED_EDGE('',*,*,#3492,.F.);
#1828=ORIENTED_EDGE('',*,*,#3491,.F.);
#1829=ORIENTED_EDGE('',*,*,#3493,.T.);
#1830=ORIENTED_EDGE('',*,*,#3494,.T.);
#1831=ORIENTED_EDGE('',*,*,#3495,.F.);
#1832=ORIENTED_EDGE('',*,*,#3494,.F.);
#1833=ORIENTED_EDGE('',*,*,#3496,.T.);
#1834=ORIENTED_EDGE('',*,*,#3454,.T.);
#1835=ORIENTED_EDGE('',*,*,#3455,.F.);
#1836=ORIENTED_EDGE('',*,*,#3496,.F.);
#1837=ORIENTED_EDGE('',*,*,#3493,.F.);
#1838=ORIENTED_EDGE('',*,*,#3490,.F.);
#1839=ORIENTED_EDGE('',*,*,#2884,.F.);
#1840=ORIENTED_EDGE('',*,*,#3488,.F.);
#1841=ORIENTED_EDGE('',*,*,#3485,.F.);
#1842=ORIENTED_EDGE('',*,*,#3482,.F.);
#1843=ORIENTED_EDGE('',*,*,#3479,.F.);
#1844=ORIENTED_EDGE('',*,*,#3476,.F.);
#1845=ORIENTED_EDGE('',*,*,#3473,.F.);
#1846=ORIENTED_EDGE('',*,*,#3470,.F.);
#1847=ORIENTED_EDGE('',*,*,#3467,.F.);
#1848=ORIENTED_EDGE('',*,*,#3464,.F.);
#1849=ORIENTED_EDGE('',*,*,#3461,.F.);
#1850=ORIENTED_EDGE('',*,*,#3458,.F.);
#1851=ORIENTED_EDGE('',*,*,#3453,.T.);
#1852=ORIENTED_EDGE('',*,*,#3457,.T.);
#1853=ORIENTED_EDGE('',*,*,#3460,.T.);
#1854=ORIENTED_EDGE('',*,*,#3463,.T.);
#1855=ORIENTED_EDGE('',*,*,#3466,.T.);
#1856=ORIENTED_EDGE('',*,*,#3469,.T.);
#1857=ORIENTED_EDGE('',*,*,#3472,.T.);
#1858=ORIENTED_EDGE('',*,*,#3475,.T.);
#1859=ORIENTED_EDGE('',*,*,#3478,.T.);
#1860=ORIENTED_EDGE('',*,*,#3481,.T.);
#1861=ORIENTED_EDGE('',*,*,#3484,.T.);
#1862=ORIENTED_EDGE('',*,*,#3487,.T.);
#1863=ORIENTED_EDGE('',*,*,#2886,.T.);
#1864=ORIENTED_EDGE('',*,*,#3489,.T.);
#1865=ORIENTED_EDGE('',*,*,#3492,.T.);
#1866=ORIENTED_EDGE('',*,*,#3495,.T.);
#1867=ORIENTED_EDGE('',*,*,#3497,.F.);
#1868=ORIENTED_EDGE('',*,*,#3498,.F.);
#1869=ORIENTED_EDGE('',*,*,#3499,.T.);
#1870=ORIENTED_EDGE('',*,*,#3500,.T.);
#1871=ORIENTED_EDGE('',*,*,#3501,.F.);
#1872=ORIENTED_EDGE('',*,*,#3500,.F.);
#1873=ORIENTED_EDGE('',*,*,#3502,.T.);
#1874=ORIENTED_EDGE('',*,*,#3503,.T.);
#1875=ORIENTED_EDGE('',*,*,#3504,.F.);
#1876=ORIENTED_EDGE('',*,*,#3503,.F.);
#1877=ORIENTED_EDGE('',*,*,#3505,.T.);
#1878=ORIENTED_EDGE('',*,*,#3506,.T.);
#1879=ORIENTED_EDGE('',*,*,#3507,.F.);
#1880=ORIENTED_EDGE('',*,*,#3506,.F.);
#1881=ORIENTED_EDGE('',*,*,#3508,.T.);
#1882=ORIENTED_EDGE('',*,*,#3509,.T.);
#1883=ORIENTED_EDGE('',*,*,#3510,.F.);
#1884=ORIENTED_EDGE('',*,*,#3509,.F.);
#1885=ORIENTED_EDGE('',*,*,#3511,.T.);
#1886=ORIENTED_EDGE('',*,*,#3512,.T.);
#1887=ORIENTED_EDGE('',*,*,#3513,.F.);
#1888=ORIENTED_EDGE('',*,*,#3512,.F.);
#1889=ORIENTED_EDGE('',*,*,#3514,.T.);
#1890=ORIENTED_EDGE('',*,*,#3515,.T.);
#1891=ORIENTED_EDGE('',*,*,#3516,.F.);
#1892=ORIENTED_EDGE('',*,*,#3515,.F.);
#1893=ORIENTED_EDGE('',*,*,#3517,.T.);
#1894=ORIENTED_EDGE('',*,*,#3518,.T.);
#1895=ORIENTED_EDGE('',*,*,#3519,.F.);
#1896=ORIENTED_EDGE('',*,*,#3518,.F.);
#1897=ORIENTED_EDGE('',*,*,#3520,.T.);
#1898=ORIENTED_EDGE('',*,*,#3521,.T.);
#1899=ORIENTED_EDGE('',*,*,#3522,.F.);
#1900=ORIENTED_EDGE('',*,*,#3521,.F.);
#1901=ORIENTED_EDGE('',*,*,#3523,.T.);
#1902=ORIENTED_EDGE('',*,*,#3524,.T.);
#1903=ORIENTED_EDGE('',*,*,#3525,.F.);
#1904=ORIENTED_EDGE('',*,*,#3524,.F.);
#1905=ORIENTED_EDGE('',*,*,#3526,.T.);
#1906=ORIENTED_EDGE('',*,*,#3527,.T.);
#1907=ORIENTED_EDGE('',*,*,#3528,.F.);
#1908=ORIENTED_EDGE('',*,*,#3527,.F.);
#1909=ORIENTED_EDGE('',*,*,#3529,.T.);
#1910=ORIENTED_EDGE('',*,*,#3530,.T.);
#1911=ORIENTED_EDGE('',*,*,#3531,.F.);
#1912=ORIENTED_EDGE('',*,*,#3530,.F.);
#1913=ORIENTED_EDGE('',*,*,#3532,.T.);
#1914=ORIENTED_EDGE('',*,*,#2879,.T.);
#1915=ORIENTED_EDGE('',*,*,#3533,.F.);
#1916=ORIENTED_EDGE('',*,*,#2881,.F.);
#1917=ORIENTED_EDGE('',*,*,#3534,.T.);
#1918=ORIENTED_EDGE('',*,*,#3535,.T.);
#1919=ORIENTED_EDGE('',*,*,#3536,.F.);
#1920=ORIENTED_EDGE('',*,*,#3535,.F.);
#1921=ORIENTED_EDGE('',*,*,#3537,.T.);
#1922=ORIENTED_EDGE('',*,*,#3538,.T.);
#1923=ORIENTED_EDGE('',*,*,#3539,.F.);
#1924=ORIENTED_EDGE('',*,*,#3538,.F.);
#1925=ORIENTED_EDGE('',*,*,#3540,.T.);
#1926=ORIENTED_EDGE('',*,*,#3498,.T.);
#1927=ORIENTED_EDGE('',*,*,#3499,.F.);
#1928=ORIENTED_EDGE('',*,*,#3540,.F.);
#1929=ORIENTED_EDGE('',*,*,#3537,.F.);
#1930=ORIENTED_EDGE('',*,*,#3534,.F.);
#1931=ORIENTED_EDGE('',*,*,#2880,.F.);
#1932=ORIENTED_EDGE('',*,*,#3532,.F.);
#1933=ORIENTED_EDGE('',*,*,#3529,.F.);
#1934=ORIENTED_EDGE('',*,*,#3526,.F.);
#1935=ORIENTED_EDGE('',*,*,#3523,.F.);
#1936=ORIENTED_EDGE('',*,*,#3520,.F.);
#1937=ORIENTED_EDGE('',*,*,#3517,.F.);
#1938=ORIENTED_EDGE('',*,*,#3514,.F.);
#1939=ORIENTED_EDGE('',*,*,#3511,.F.);
#1940=ORIENTED_EDGE('',*,*,#3508,.F.);
#1941=ORIENTED_EDGE('',*,*,#3505,.F.);
#1942=ORIENTED_EDGE('',*,*,#3502,.F.);
#1943=ORIENTED_EDGE('',*,*,#3497,.T.);
#1944=ORIENTED_EDGE('',*,*,#3501,.T.);
#1945=ORIENTED_EDGE('',*,*,#3504,.T.);
#1946=ORIENTED_EDGE('',*,*,#3507,.T.);
#1947=ORIENTED_EDGE('',*,*,#3510,.T.);
#1948=ORIENTED_EDGE('',*,*,#3513,.T.);
#1949=ORIENTED_EDGE('',*,*,#3516,.T.);
#1950=ORIENTED_EDGE('',*,*,#3519,.T.);
#1951=ORIENTED_EDGE('',*,*,#3522,.T.);
#1952=ORIENTED_EDGE('',*,*,#3525,.T.);
#1953=ORIENTED_EDGE('',*,*,#3528,.T.);
#1954=ORIENTED_EDGE('',*,*,#3531,.T.);
#1955=ORIENTED_EDGE('',*,*,#2882,.T.);
#1956=ORIENTED_EDGE('',*,*,#3533,.T.);
#1957=ORIENTED_EDGE('',*,*,#3536,.T.);
#1958=ORIENTED_EDGE('',*,*,#3539,.T.);
#1959=ORIENTED_EDGE('',*,*,#3541,.F.);
#1960=ORIENTED_EDGE('',*,*,#3542,.F.);
#1961=ORIENTED_EDGE('',*,*,#3543,.T.);
#1962=ORIENTED_EDGE('',*,*,#3544,.T.);
#1963=ORIENTED_EDGE('',*,*,#3545,.F.);
#1964=ORIENTED_EDGE('',*,*,#3544,.F.);
#1965=ORIENTED_EDGE('',*,*,#3546,.T.);
#1966=ORIENTED_EDGE('',*,*,#3547,.T.);
#1967=ORIENTED_EDGE('',*,*,#3548,.F.);
#1968=ORIENTED_EDGE('',*,*,#3547,.F.);
#1969=ORIENTED_EDGE('',*,*,#3549,.T.);
#1970=ORIENTED_EDGE('',*,*,#3550,.T.);
#1971=ORIENTED_EDGE('',*,*,#3551,.F.);
#1972=ORIENTED_EDGE('',*,*,#3550,.F.);
#1973=ORIENTED_EDGE('',*,*,#3552,.T.);
#1974=ORIENTED_EDGE('',*,*,#3553,.T.);
#1975=ORIENTED_EDGE('',*,*,#3554,.F.);
#1976=ORIENTED_EDGE('',*,*,#3553,.F.);
#1977=ORIENTED_EDGE('',*,*,#3555,.T.);
#1978=ORIENTED_EDGE('',*,*,#3556,.T.);
#1979=ORIENTED_EDGE('',*,*,#3557,.F.);
#1980=ORIENTED_EDGE('',*,*,#3556,.F.);
#1981=ORIENTED_EDGE('',*,*,#3558,.T.);
#1982=ORIENTED_EDGE('',*,*,#3559,.T.);
#1983=ORIENTED_EDGE('',*,*,#3560,.F.);
#1984=ORIENTED_EDGE('',*,*,#3559,.F.);
#1985=ORIENTED_EDGE('',*,*,#3561,.T.);
#1986=ORIENTED_EDGE('',*,*,#3562,.T.);
#1987=ORIENTED_EDGE('',*,*,#3563,.F.);
#1988=ORIENTED_EDGE('',*,*,#3562,.F.);
#1989=ORIENTED_EDGE('',*,*,#3564,.T.);
#1990=ORIENTED_EDGE('',*,*,#3565,.T.);
#1991=ORIENTED_EDGE('',*,*,#3566,.F.);
#1992=ORIENTED_EDGE('',*,*,#3565,.F.);
#1993=ORIENTED_EDGE('',*,*,#3567,.T.);
#1994=ORIENTED_EDGE('',*,*,#3568,.T.);
#1995=ORIENTED_EDGE('',*,*,#3569,.F.);
#1996=ORIENTED_EDGE('',*,*,#3568,.F.);
#1997=ORIENTED_EDGE('',*,*,#3570,.T.);
#1998=ORIENTED_EDGE('',*,*,#3571,.T.);
#1999=ORIENTED_EDGE('',*,*,#3572,.F.);
#2000=ORIENTED_EDGE('',*,*,#3571,.F.);
#2001=ORIENTED_EDGE('',*,*,#3573,.T.);
#2002=ORIENTED_EDGE('',*,*,#3574,.T.);
#2003=ORIENTED_EDGE('',*,*,#3575,.F.);
#2004=ORIENTED_EDGE('',*,*,#3574,.F.);
#2005=ORIENTED_EDGE('',*,*,#3576,.T.);
#2006=ORIENTED_EDGE('',*,*,#2875,.T.);
#2007=ORIENTED_EDGE('',*,*,#3577,.F.);
#2008=ORIENTED_EDGE('',*,*,#2877,.F.);
#2009=ORIENTED_EDGE('',*,*,#3578,.T.);
#2010=ORIENTED_EDGE('',*,*,#3579,.T.);
#2011=ORIENTED_EDGE('',*,*,#3580,.F.);
#2012=ORIENTED_EDGE('',*,*,#3579,.F.);
#2013=ORIENTED_EDGE('',*,*,#3581,.T.);
#2014=ORIENTED_EDGE('',*,*,#3582,.T.);
#2015=ORIENTED_EDGE('',*,*,#3583,.F.);
#2016=ORIENTED_EDGE('',*,*,#3582,.F.);
#2017=ORIENTED_EDGE('',*,*,#3584,.T.);
#2018=ORIENTED_EDGE('',*,*,#3542,.T.);
#2019=ORIENTED_EDGE('',*,*,#3543,.F.);
#2020=ORIENTED_EDGE('',*,*,#3584,.F.);
#2021=ORIENTED_EDGE('',*,*,#3581,.F.);
#2022=ORIENTED_EDGE('',*,*,#3578,.F.);
#2023=ORIENTED_EDGE('',*,*,#2876,.F.);
#2024=ORIENTED_EDGE('',*,*,#3576,.F.);
#2025=ORIENTED_EDGE('',*,*,#3573,.F.);
#2026=ORIENTED_EDGE('',*,*,#3570,.F.);
#2027=ORIENTED_EDGE('',*,*,#3567,.F.);
#2028=ORIENTED_EDGE('',*,*,#3564,.F.);
#2029=ORIENTED_EDGE('',*,*,#3561,.F.);
#2030=ORIENTED_EDGE('',*,*,#3558,.F.);
#2031=ORIENTED_EDGE('',*,*,#3555,.F.);
#2032=ORIENTED_EDGE('',*,*,#3552,.F.);
#2033=ORIENTED_EDGE('',*,*,#3549,.F.);
#2034=ORIENTED_EDGE('',*,*,#3546,.F.);
#2035=ORIENTED_EDGE('',*,*,#3541,.T.);
#2036=ORIENTED_EDGE('',*,*,#3545,.T.);
#2037=ORIENTED_EDGE('',*,*,#3548,.T.);
#2038=ORIENTED_EDGE('',*,*,#3551,.T.);
#2039=ORIENTED_EDGE('',*,*,#3554,.T.);
#2040=ORIENTED_EDGE('',*,*,#3557,.T.);
#2041=ORIENTED_EDGE('',*,*,#3560,.T.);
#2042=ORIENTED_EDGE('',*,*,#3563,.T.);
#2043=ORIENTED_EDGE('',*,*,#3566,.T.);
#2044=ORIENTED_EDGE('',*,*,#3569,.T.);
#2045=ORIENTED_EDGE('',*,*,#3572,.T.);
#2046=ORIENTED_EDGE('',*,*,#3575,.T.);
#2047=ORIENTED_EDGE('',*,*,#2878,.T.);
#2048=ORIENTED_EDGE('',*,*,#3577,.T.);
#2049=ORIENTED_EDGE('',*,*,#3580,.T.);
#2050=ORIENTED_EDGE('',*,*,#3583,.T.);
#2051=ORIENTED_EDGE('',*,*,#3585,.F.);
#2052=ORIENTED_EDGE('',*,*,#3586,.F.);
#2053=ORIENTED_EDGE('',*,*,#3587,.T.);
#2054=ORIENTED_EDGE('',*,*,#3588,.T.);
#2055=ORIENTED_EDGE('',*,*,#3589,.F.);
#2056=ORIENTED_EDGE('',*,*,#3588,.F.);
#2057=ORIENTED_EDGE('',*,*,#3590,.T.);
#2058=ORIENTED_EDGE('',*,*,#3591,.T.);
#2059=ORIENTED_EDGE('',*,*,#3592,.F.);
#2060=ORIENTED_EDGE('',*,*,#3591,.F.);
#2061=ORIENTED_EDGE('',*,*,#3593,.T.);
#2062=ORIENTED_EDGE('',*,*,#3594,.T.);
#2063=ORIENTED_EDGE('',*,*,#3595,.F.);
#2064=ORIENTED_EDGE('',*,*,#3594,.F.);
#2065=ORIENTED_EDGE('',*,*,#3596,.T.);
#2066=ORIENTED_EDGE('',*,*,#3597,.T.);
#2067=ORIENTED_EDGE('',*,*,#3598,.F.);
#2068=ORIENTED_EDGE('',*,*,#3597,.F.);
#2069=ORIENTED_EDGE('',*,*,#3599,.T.);
#2070=ORIENTED_EDGE('',*,*,#3600,.T.);
#2071=ORIENTED_EDGE('',*,*,#3601,.F.);
#2072=ORIENTED_EDGE('',*,*,#3600,.F.);
#2073=ORIENTED_EDGE('',*,*,#3602,.T.);
#2074=ORIENTED_EDGE('',*,*,#3603,.T.);
#2075=ORIENTED_EDGE('',*,*,#3604,.F.);
#2076=ORIENTED_EDGE('',*,*,#3603,.F.);
#2077=ORIENTED_EDGE('',*,*,#3605,.T.);
#2078=ORIENTED_EDGE('',*,*,#3606,.T.);
#2079=ORIENTED_EDGE('',*,*,#3607,.F.);
#2080=ORIENTED_EDGE('',*,*,#3606,.F.);
#2081=ORIENTED_EDGE('',*,*,#3608,.T.);
#2082=ORIENTED_EDGE('',*,*,#3609,.T.);
#2083=ORIENTED_EDGE('',*,*,#3610,.F.);
#2084=ORIENTED_EDGE('',*,*,#3609,.F.);
#2085=ORIENTED_EDGE('',*,*,#3611,.T.);
#2086=ORIENTED_EDGE('',*,*,#3612,.T.);
#2087=ORIENTED_EDGE('',*,*,#3613,.F.);
#2088=ORIENTED_EDGE('',*,*,#3612,.F.);
#2089=ORIENTED_EDGE('',*,*,#3614,.T.);
#2090=ORIENTED_EDGE('',*,*,#3615,.T.);
#2091=ORIENTED_EDGE('',*,*,#3616,.F.);
#2092=ORIENTED_EDGE('',*,*,#3615,.F.);
#2093=ORIENTED_EDGE('',*,*,#3617,.T.);
#2094=ORIENTED_EDGE('',*,*,#3618,.T.);
#2095=ORIENTED_EDGE('',*,*,#3619,.F.);
#2096=ORIENTED_EDGE('',*,*,#3618,.F.);
#2097=ORIENTED_EDGE('',*,*,#3620,.T.);
#2098=ORIENTED_EDGE('',*,*,#2871,.T.);
#2099=ORIENTED_EDGE('',*,*,#3621,.F.);
#2100=ORIENTED_EDGE('',*,*,#2873,.F.);
#2101=ORIENTED_EDGE('',*,*,#3622,.T.);
#2102=ORIENTED_EDGE('',*,*,#3623,.T.);
#2103=ORIENTED_EDGE('',*,*,#3624,.F.);
#2104=ORIENTED_EDGE('',*,*,#3623,.F.);
#2105=ORIENTED_EDGE('',*,*,#3625,.T.);
#2106=ORIENTED_EDGE('',*,*,#3626,.T.);
#2107=ORIENTED_EDGE('',*,*,#3627,.F.);
#2108=ORIENTED_EDGE('',*,*,#3626,.F.);
#2109=ORIENTED_EDGE('',*,*,#3628,.T.);
#2110=ORIENTED_EDGE('',*,*,#3586,.T.);
#2111=ORIENTED_EDGE('',*,*,#3587,.F.);
#2112=ORIENTED_EDGE('',*,*,#3628,.F.);
#2113=ORIENTED_EDGE('',*,*,#3625,.F.);
#2114=ORIENTED_EDGE('',*,*,#3622,.F.);
#2115=ORIENTED_EDGE('',*,*,#2872,.F.);
#2116=ORIENTED_EDGE('',*,*,#3620,.F.);
#2117=ORIENTED_EDGE('',*,*,#3617,.F.);
#2118=ORIENTED_EDGE('',*,*,#3614,.F.);
#2119=ORIENTED_EDGE('',*,*,#3611,.F.);
#2120=ORIENTED_EDGE('',*,*,#3608,.F.);
#2121=ORIENTED_EDGE('',*,*,#3605,.F.);
#2122=ORIENTED_EDGE('',*,*,#3602,.F.);
#2123=ORIENTED_EDGE('',*,*,#3599,.F.);
#2124=ORIENTED_EDGE('',*,*,#3596,.F.);
#2125=ORIENTED_EDGE('',*,*,#3593,.F.);
#2126=ORIENTED_EDGE('',*,*,#3590,.F.);
#2127=ORIENTED_EDGE('',*,*,#3585,.T.);
#2128=ORIENTED_EDGE('',*,*,#3589,.T.);
#2129=ORIENTED_EDGE('',*,*,#3592,.T.);
#2130=ORIENTED_EDGE('',*,*,#3595,.T.);
#2131=ORIENTED_EDGE('',*,*,#3598,.T.);
#2132=ORIENTED_EDGE('',*,*,#3601,.T.);
#2133=ORIENTED_EDGE('',*,*,#3604,.T.);
#2134=ORIENTED_EDGE('',*,*,#3607,.T.);
#2135=ORIENTED_EDGE('',*,*,#3610,.T.);
#2136=ORIENTED_EDGE('',*,*,#3613,.T.);
#2137=ORIENTED_EDGE('',*,*,#3616,.T.);
#2138=ORIENTED_EDGE('',*,*,#3619,.T.);
#2139=ORIENTED_EDGE('',*,*,#2874,.T.);
#2140=ORIENTED_EDGE('',*,*,#3621,.T.);
#2141=ORIENTED_EDGE('',*,*,#3624,.T.);
#2142=ORIENTED_EDGE('',*,*,#3627,.T.);
#2143=ORIENTED_EDGE('',*,*,#3629,.F.);
#2144=ORIENTED_EDGE('',*,*,#3630,.F.);
#2145=ORIENTED_EDGE('',*,*,#3631,.T.);
#2146=ORIENTED_EDGE('',*,*,#3632,.T.);
#2147=ORIENTED_EDGE('',*,*,#3633,.F.);
#2148=ORIENTED_EDGE('',*,*,#3632,.F.);
#2149=ORIENTED_EDGE('',*,*,#3634,.T.);
#2150=ORIENTED_EDGE('',*,*,#3635,.T.);
#2151=ORIENTED_EDGE('',*,*,#3636,.F.);
#2152=ORIENTED_EDGE('',*,*,#3635,.F.);
#2153=ORIENTED_EDGE('',*,*,#3637,.T.);
#2154=ORIENTED_EDGE('',*,*,#3638,.T.);
#2155=ORIENTED_EDGE('',*,*,#3639,.F.);
#2156=ORIENTED_EDGE('',*,*,#3638,.F.);
#2157=ORIENTED_EDGE('',*,*,#3640,.T.);
#2158=ORIENTED_EDGE('',*,*,#3641,.T.);
#2159=ORIENTED_EDGE('',*,*,#3642,.F.);
#2160=ORIENTED_EDGE('',*,*,#3641,.F.);
#2161=ORIENTED_EDGE('',*,*,#3643,.T.);
#2162=ORIENTED_EDGE('',*,*,#3644,.T.);
#2163=ORIENTED_EDGE('',*,*,#3645,.F.);
#2164=ORIENTED_EDGE('',*,*,#3644,.F.);
#2165=ORIENTED_EDGE('',*,*,#3646,.T.);
#2166=ORIENTED_EDGE('',*,*,#3647,.T.);
#2167=ORIENTED_EDGE('',*,*,#3648,.F.);
#2168=ORIENTED_EDGE('',*,*,#3647,.F.);
#2169=ORIENTED_EDGE('',*,*,#3649,.T.);
#2170=ORIENTED_EDGE('',*,*,#3650,.T.);
#2171=ORIENTED_EDGE('',*,*,#3651,.F.);
#2172=ORIENTED_EDGE('',*,*,#3650,.F.);
#2173=ORIENTED_EDGE('',*,*,#3652,.T.);
#2174=ORIENTED_EDGE('',*,*,#3653,.T.);
#2175=ORIENTED_EDGE('',*,*,#3654,.F.);
#2176=ORIENTED_EDGE('',*,*,#3653,.F.);
#2177=ORIENTED_EDGE('',*,*,#3655,.T.);
#2178=ORIENTED_EDGE('',*,*,#3656,.T.);
#2179=ORIENTED_EDGE('',*,*,#3657,.F.);
#2180=ORIENTED_EDGE('',*,*,#3656,.F.);
#2181=ORIENTED_EDGE('',*,*,#3658,.T.);
#2182=ORIENTED_EDGE('',*,*,#3659,.T.);
#2183=ORIENTED_EDGE('',*,*,#3660,.F.);
#2184=ORIENTED_EDGE('',*,*,#3659,.F.);
#2185=ORIENTED_EDGE('',*,*,#3661,.T.);
#2186=ORIENTED_EDGE('',*,*,#3662,.T.);
#2187=ORIENTED_EDGE('',*,*,#3663,.F.);
#2188=ORIENTED_EDGE('',*,*,#3662,.F.);
#2189=ORIENTED_EDGE('',*,*,#3664,.T.);
#2190=ORIENTED_EDGE('',*,*,#2867,.T.);
#2191=ORIENTED_EDGE('',*,*,#3665,.F.);
#2192=ORIENTED_EDGE('',*,*,#2869,.F.);
#2193=ORIENTED_EDGE('',*,*,#3666,.T.);
#2194=ORIENTED_EDGE('',*,*,#3667,.T.);
#2195=ORIENTED_EDGE('',*,*,#3668,.F.);
#2196=ORIENTED_EDGE('',*,*,#3667,.F.);
#2197=ORIENTED_EDGE('',*,*,#3669,.T.);
#2198=ORIENTED_EDGE('',*,*,#3670,.T.);
#2199=ORIENTED_EDGE('',*,*,#3671,.F.);
#2200=ORIENTED_EDGE('',*,*,#3670,.F.);
#2201=ORIENTED_EDGE('',*,*,#3672,.T.);
#2202=ORIENTED_EDGE('',*,*,#3630,.T.);
#2203=ORIENTED_EDGE('',*,*,#3631,.F.);
#2204=ORIENTED_EDGE('',*,*,#3672,.F.);
#2205=ORIENTED_EDGE('',*,*,#3669,.F.);
#2206=ORIENTED_EDGE('',*,*,#3666,.F.);
#2207=ORIENTED_EDGE('',*,*,#2868,.F.);
#2208=ORIENTED_EDGE('',*,*,#3664,.F.);
#2209=ORIENTED_EDGE('',*,*,#3661,.F.);
#2210=ORIENTED_EDGE('',*,*,#3658,.F.);
#2211=ORIENTED_EDGE('',*,*,#3655,.F.);
#2212=ORIENTED_EDGE('',*,*,#3652,.F.);
#2213=ORIENTED_EDGE('',*,*,#3649,.F.);
#2214=ORIENTED_EDGE('',*,*,#3646,.F.);
#2215=ORIENTED_EDGE('',*,*,#3643,.F.);
#2216=ORIENTED_EDGE('',*,*,#3640,.F.);
#2217=ORIENTED_EDGE('',*,*,#3637,.F.);
#2218=ORIENTED_EDGE('',*,*,#3634,.F.);
#2219=ORIENTED_EDGE('',*,*,#3629,.T.);
#2220=ORIENTED_EDGE('',*,*,#3633,.T.);
#2221=ORIENTED_EDGE('',*,*,#3636,.T.);
#2222=ORIENTED_EDGE('',*,*,#3639,.T.);
#2223=ORIENTED_EDGE('',*,*,#3642,.T.);
#2224=ORIENTED_EDGE('',*,*,#3645,.T.);
#2225=ORIENTED_EDGE('',*,*,#3648,.T.);
#2226=ORIENTED_EDGE('',*,*,#3651,.T.);
#2227=ORIENTED_EDGE('',*,*,#3654,.T.);
#2228=ORIENTED_EDGE('',*,*,#3657,.T.);
#2229=ORIENTED_EDGE('',*,*,#3660,.T.);
#2230=ORIENTED_EDGE('',*,*,#3663,.T.);
#2231=ORIENTED_EDGE('',*,*,#2870,.T.);
#2232=ORIENTED_EDGE('',*,*,#3665,.T.);
#2233=ORIENTED_EDGE('',*,*,#3668,.T.);
#2234=ORIENTED_EDGE('',*,*,#3671,.T.);
#2235=ORIENTED_EDGE('',*,*,#3673,.F.);
#2236=ORIENTED_EDGE('',*,*,#3674,.F.);
#2237=ORIENTED_EDGE('',*,*,#3675,.T.);
#2238=ORIENTED_EDGE('',*,*,#3676,.T.);
#2239=ORIENTED_EDGE('',*,*,#3677,.F.);
#2240=ORIENTED_EDGE('',*,*,#3676,.F.);
#2241=ORIENTED_EDGE('',*,*,#3678,.T.);
#2242=ORIENTED_EDGE('',*,*,#3679,.T.);
#2243=ORIENTED_EDGE('',*,*,#3680,.F.);
#2244=ORIENTED_EDGE('',*,*,#3679,.F.);
#2245=ORIENTED_EDGE('',*,*,#3681,.T.);
#2246=ORIENTED_EDGE('',*,*,#3682,.T.);
#2247=ORIENTED_EDGE('',*,*,#3683,.F.);
#2248=ORIENTED_EDGE('',*,*,#3682,.F.);
#2249=ORIENTED_EDGE('',*,*,#3684,.T.);
#2250=ORIENTED_EDGE('',*,*,#3685,.T.);
#2251=ORIENTED_EDGE('',*,*,#3686,.F.);
#2252=ORIENTED_EDGE('',*,*,#3685,.F.);
#2253=ORIENTED_EDGE('',*,*,#3687,.T.);
#2254=ORIENTED_EDGE('',*,*,#2939,.T.);
#2255=ORIENTED_EDGE('',*,*,#3688,.F.);
#2256=ORIENTED_EDGE('',*,*,#2941,.F.);
#2257=ORIENTED_EDGE('',*,*,#3689,.T.);
#2258=ORIENTED_EDGE('',*,*,#3690,.T.);
#2259=ORIENTED_EDGE('',*,*,#3691,.F.);
#2260=ORIENTED_EDGE('',*,*,#3690,.F.);
#2261=ORIENTED_EDGE('',*,*,#3692,.T.);
#2262=ORIENTED_EDGE('',*,*,#3693,.T.);
#2263=ORIENTED_EDGE('',*,*,#3694,.F.);
#2264=ORIENTED_EDGE('',*,*,#3693,.F.);
#2265=ORIENTED_EDGE('',*,*,#3695,.T.);
#2266=ORIENTED_EDGE('',*,*,#3696,.T.);
#2267=ORIENTED_EDGE('',*,*,#3697,.F.);
#2268=ORIENTED_EDGE('',*,*,#3696,.F.);
#2269=ORIENTED_EDGE('',*,*,#3698,.T.);
#2270=ORIENTED_EDGE('',*,*,#3699,.T.);
#2271=ORIENTED_EDGE('',*,*,#3700,.F.);
#2272=ORIENTED_EDGE('',*,*,#3699,.F.);
#2273=ORIENTED_EDGE('',*,*,#3701,.T.);
#2274=ORIENTED_EDGE('',*,*,#3702,.T.);
#2275=ORIENTED_EDGE('',*,*,#3703,.F.);
#2276=ORIENTED_EDGE('',*,*,#3702,.F.);
#2277=ORIENTED_EDGE('',*,*,#3704,.T.);
#2278=ORIENTED_EDGE('',*,*,#3705,.T.);
#2279=ORIENTED_EDGE('',*,*,#3706,.F.);
#2280=ORIENTED_EDGE('',*,*,#3705,.F.);
#2281=ORIENTED_EDGE('',*,*,#3707,.T.);
#2282=ORIENTED_EDGE('',*,*,#3708,.T.);
#2283=ORIENTED_EDGE('',*,*,#3709,.F.);
#2284=ORIENTED_EDGE('',*,*,#3708,.F.);
#2285=ORIENTED_EDGE('',*,*,#3710,.T.);
#2286=ORIENTED_EDGE('',*,*,#3711,.T.);
#2287=ORIENTED_EDGE('',*,*,#3712,.F.);
#2288=ORIENTED_EDGE('',*,*,#3711,.F.);
#2289=ORIENTED_EDGE('',*,*,#3713,.T.);
#2290=ORIENTED_EDGE('',*,*,#3714,.T.);
#2291=ORIENTED_EDGE('',*,*,#3715,.F.);
#2292=ORIENTED_EDGE('',*,*,#3714,.F.);
#2293=ORIENTED_EDGE('',*,*,#3716,.T.);
#2294=ORIENTED_EDGE('',*,*,#3674,.T.);
#2295=ORIENTED_EDGE('',*,*,#3675,.F.);
#2296=ORIENTED_EDGE('',*,*,#3716,.F.);
#2297=ORIENTED_EDGE('',*,*,#3713,.F.);
#2298=ORIENTED_EDGE('',*,*,#3710,.F.);
#2299=ORIENTED_EDGE('',*,*,#3707,.F.);
#2300=ORIENTED_EDGE('',*,*,#3704,.F.);
#2301=ORIENTED_EDGE('',*,*,#3701,.F.);
#2302=ORIENTED_EDGE('',*,*,#3698,.F.);
#2303=ORIENTED_EDGE('',*,*,#3695,.F.);
#2304=ORIENTED_EDGE('',*,*,#3692,.F.);
#2305=ORIENTED_EDGE('',*,*,#3689,.F.);
#2306=ORIENTED_EDGE('',*,*,#2940,.F.);
#2307=ORIENTED_EDGE('',*,*,#3687,.F.);
#2308=ORIENTED_EDGE('',*,*,#3684,.F.);
#2309=ORIENTED_EDGE('',*,*,#3681,.F.);
#2310=ORIENTED_EDGE('',*,*,#3678,.F.);
#2311=ORIENTED_EDGE('',*,*,#3673,.T.);
#2312=ORIENTED_EDGE('',*,*,#3677,.T.);
#2313=ORIENTED_EDGE('',*,*,#3680,.T.);
#2314=ORIENTED_EDGE('',*,*,#3683,.T.);
#2315=ORIENTED_EDGE('',*,*,#3686,.T.);
#2316=ORIENTED_EDGE('',*,*,#2942,.T.);
#2317=ORIENTED_EDGE('',*,*,#3688,.T.);
#2318=ORIENTED_EDGE('',*,*,#3691,.T.);
#2319=ORIENTED_EDGE('',*,*,#3694,.T.);
#2320=ORIENTED_EDGE('',*,*,#3697,.T.);
#2321=ORIENTED_EDGE('',*,*,#3700,.T.);
#2322=ORIENTED_EDGE('',*,*,#3703,.T.);
#2323=ORIENTED_EDGE('',*,*,#3706,.T.);
#2324=ORIENTED_EDGE('',*,*,#3709,.T.);
#2325=ORIENTED_EDGE('',*,*,#3712,.T.);
#2326=ORIENTED_EDGE('',*,*,#3715,.T.);
#2327=ORIENTED_EDGE('',*,*,#3717,.F.);
#2328=ORIENTED_EDGE('',*,*,#3718,.F.);
#2329=ORIENTED_EDGE('',*,*,#3719,.T.);
#2330=ORIENTED_EDGE('',*,*,#3720,.T.);
#2331=ORIENTED_EDGE('',*,*,#3721,.F.);
#2332=ORIENTED_EDGE('',*,*,#3720,.F.);
#2333=ORIENTED_EDGE('',*,*,#3722,.T.);
#2334=ORIENTED_EDGE('',*,*,#3723,.T.);
#2335=ORIENTED_EDGE('',*,*,#3724,.F.);
#2336=ORIENTED_EDGE('',*,*,#3723,.F.);
#2337=ORIENTED_EDGE('',*,*,#3725,.T.);
#2338=ORIENTED_EDGE('',*,*,#3726,.T.);
#2339=ORIENTED_EDGE('',*,*,#3727,.F.);
#2340=ORIENTED_EDGE('',*,*,#3726,.F.);
#2341=ORIENTED_EDGE('',*,*,#3728,.T.);
#2342=ORIENTED_EDGE('',*,*,#3729,.T.);
#2343=ORIENTED_EDGE('',*,*,#3730,.F.);
#2344=ORIENTED_EDGE('',*,*,#3729,.F.);
#2345=ORIENTED_EDGE('',*,*,#3731,.T.);
#2346=ORIENTED_EDGE('',*,*,#2935,.T.);
#2347=ORIENTED_EDGE('',*,*,#3732,.F.);
#2348=ORIENTED_EDGE('',*,*,#2937,.F.);
#2349=ORIENTED_EDGE('',*,*,#3733,.T.);
#2350=ORIENTED_EDGE('',*,*,#3734,.T.);
#2351=ORIENTED_EDGE('',*,*,#3735,.F.);
#2352=ORIENTED_EDGE('',*,*,#3734,.F.);
#2353=ORIENTED_EDGE('',*,*,#3736,.T.);
#2354=ORIENTED_EDGE('',*,*,#3737,.T.);
#2355=ORIENTED_EDGE('',*,*,#3738,.F.);
#2356=ORIENTED_EDGE('',*,*,#3737,.F.);
#2357=ORIENTED_EDGE('',*,*,#3739,.T.);
#2358=ORIENTED_EDGE('',*,*,#3740,.T.);
#2359=ORIENTED_EDGE('',*,*,#3741,.F.);
#2360=ORIENTED_EDGE('',*,*,#3740,.F.);
#2361=ORIENTED_EDGE('',*,*,#3742,.T.);
#2362=ORIENTED_EDGE('',*,*,#3743,.T.);
#2363=ORIENTED_EDGE('',*,*,#3744,.F.);
#2364=ORIENTED_EDGE('',*,*,#3743,.F.);
#2365=ORIENTED_EDGE('',*,*,#3745,.T.);
#2366=ORIENTED_EDGE('',*,*,#3746,.T.);
#2367=ORIENTED_EDGE('',*,*,#3747,.F.);
#2368=ORIENTED_EDGE('',*,*,#3746,.F.);
#2369=ORIENTED_EDGE('',*,*,#3748,.T.);
#2370=ORIENTED_EDGE('',*,*,#3749,.T.);
#2371=ORIENTED_EDGE('',*,*,#3750,.F.);
#2372=ORIENTED_EDGE('',*,*,#3749,.F.);
#2373=ORIENTED_EDGE('',*,*,#3751,.T.);
#2374=ORIENTED_EDGE('',*,*,#3752,.T.);
#2375=ORIENTED_EDGE('',*,*,#3753,.F.);
#2376=ORIENTED_EDGE('',*,*,#3752,.F.);
#2377=ORIENTED_EDGE('',*,*,#3754,.T.);
#2378=ORIENTED_EDGE('',*,*,#3755,.T.);
#2379=ORIENTED_EDGE('',*,*,#3756,.F.);
#2380=ORIENTED_EDGE('',*,*,#3755,.F.);
#2381=ORIENTED_EDGE('',*,*,#3757,.T.);
#2382=ORIENTED_EDGE('',*,*,#3758,.T.);
#2383=ORIENTED_EDGE('',*,*,#3759,.F.);
#2384=ORIENTED_EDGE('',*,*,#3758,.F.);
#2385=ORIENTED_EDGE('',*,*,#3760,.T.);
#2386=ORIENTED_EDGE('',*,*,#3718,.T.);
#2387=ORIENTED_EDGE('',*,*,#3719,.F.);
#2388=ORIENTED_EDGE('',*,*,#3760,.F.);
#2389=ORIENTED_EDGE('',*,*,#3757,.F.);
#2390=ORIENTED_EDGE('',*,*,#3754,.F.);
#2391=ORIENTED_EDGE('',*,*,#3751,.F.);
#2392=ORIENTED_EDGE('',*,*,#3748,.F.);
#2393=ORIENTED_EDGE('',*,*,#3745,.F.);
#2394=ORIENTED_EDGE('',*,*,#3742,.F.);
#2395=ORIENTED_EDGE('',*,*,#3739,.F.);
#2396=ORIENTED_EDGE('',*,*,#3736,.F.);
#2397=ORIENTED_EDGE('',*,*,#3733,.F.);
#2398=ORIENTED_EDGE('',*,*,#2936,.F.);
#2399=ORIENTED_EDGE('',*,*,#3731,.F.);
#2400=ORIENTED_EDGE('',*,*,#3728,.F.);
#2401=ORIENTED_EDGE('',*,*,#3725,.F.);
#2402=ORIENTED_EDGE('',*,*,#3722,.F.);
#2403=ORIENTED_EDGE('',*,*,#3717,.T.);
#2404=ORIENTED_EDGE('',*,*,#3721,.T.);
#2405=ORIENTED_EDGE('',*,*,#3724,.T.);
#2406=ORIENTED_EDGE('',*,*,#3727,.T.);
#2407=ORIENTED_EDGE('',*,*,#3730,.T.);
#2408=ORIENTED_EDGE('',*,*,#2938,.T.);
#2409=ORIENTED_EDGE('',*,*,#3732,.T.);
#2410=ORIENTED_EDGE('',*,*,#3735,.T.);
#2411=ORIENTED_EDGE('',*,*,#3738,.T.);
#2412=ORIENTED_EDGE('',*,*,#3741,.T.);
#2413=ORIENTED_EDGE('',*,*,#3744,.T.);
#2414=ORIENTED_EDGE('',*,*,#3747,.T.);
#2415=ORIENTED_EDGE('',*,*,#3750,.T.);
#2416=ORIENTED_EDGE('',*,*,#3753,.T.);
#2417=ORIENTED_EDGE('',*,*,#3756,.T.);
#2418=ORIENTED_EDGE('',*,*,#3759,.T.);
#2419=ORIENTED_EDGE('',*,*,#3761,.F.);
#2420=ORIENTED_EDGE('',*,*,#3762,.F.);
#2421=ORIENTED_EDGE('',*,*,#3763,.T.);
#2422=ORIENTED_EDGE('',*,*,#3764,.T.);
#2423=ORIENTED_EDGE('',*,*,#3765,.F.);
#2424=ORIENTED_EDGE('',*,*,#3764,.F.);
#2425=ORIENTED_EDGE('',*,*,#3766,.T.);
#2426=ORIENTED_EDGE('',*,*,#3767,.T.);
#2427=ORIENTED_EDGE('',*,*,#3768,.F.);
#2428=ORIENTED_EDGE('',*,*,#3767,.F.);
#2429=ORIENTED_EDGE('',*,*,#3769,.T.);
#2430=ORIENTED_EDGE('',*,*,#3770,.T.);
#2431=ORIENTED_EDGE('',*,*,#3771,.F.);
#2432=ORIENTED_EDGE('',*,*,#3770,.F.);
#2433=ORIENTED_EDGE('',*,*,#3772,.T.);
#2434=ORIENTED_EDGE('',*,*,#3773,.T.);
#2435=ORIENTED_EDGE('',*,*,#3774,.F.);
#2436=ORIENTED_EDGE('',*,*,#3773,.F.);
#2437=ORIENTED_EDGE('',*,*,#3775,.T.);
#2438=ORIENTED_EDGE('',*,*,#2931,.T.);
#2439=ORIENTED_EDGE('',*,*,#3776,.F.);
#2440=ORIENTED_EDGE('',*,*,#2933,.F.);
#2441=ORIENTED_EDGE('',*,*,#3777,.T.);
#2442=ORIENTED_EDGE('',*,*,#3778,.T.);
#2443=ORIENTED_EDGE('',*,*,#3779,.F.);
#2444=ORIENTED_EDGE('',*,*,#3778,.F.);
#2445=ORIENTED_EDGE('',*,*,#3780,.T.);
#2446=ORIENTED_EDGE('',*,*,#3781,.T.);
#2447=ORIENTED_EDGE('',*,*,#3782,.F.);
#2448=ORIENTED_EDGE('',*,*,#3781,.F.);
#2449=ORIENTED_EDGE('',*,*,#3783,.T.);
#2450=ORIENTED_EDGE('',*,*,#3784,.T.);
#2451=ORIENTED_EDGE('',*,*,#3785,.F.);
#2452=ORIENTED_EDGE('',*,*,#3784,.F.);
#2453=ORIENTED_EDGE('',*,*,#3786,.T.);
#2454=ORIENTED_EDGE('',*,*,#3787,.T.);
#2455=ORIENTED_EDGE('',*,*,#3788,.F.);
#2456=ORIENTED_EDGE('',*,*,#3787,.F.);
#2457=ORIENTED_EDGE('',*,*,#3789,.T.);
#2458=ORIENTED_EDGE('',*,*,#3790,.T.);
#2459=ORIENTED_EDGE('',*,*,#3791,.F.);
#2460=ORIENTED_EDGE('',*,*,#3790,.F.);
#2461=ORIENTED_EDGE('',*,*,#3792,.T.);
#2462=ORIENTED_EDGE('',*,*,#3793,.T.);
#2463=ORIENTED_EDGE('',*,*,#3794,.F.);
#2464=ORIENTED_EDGE('',*,*,#3793,.F.);
#2465=ORIENTED_EDGE('',*,*,#3795,.T.);
#2466=ORIENTED_EDGE('',*,*,#3796,.T.);
#2467=ORIENTED_EDGE('',*,*,#3797,.F.);
#2468=ORIENTED_EDGE('',*,*,#3796,.F.);
#2469=ORIENTED_EDGE('',*,*,#3798,.T.);
#2470=ORIENTED_EDGE('',*,*,#3799,.T.);
#2471=ORIENTED_EDGE('',*,*,#3800,.F.);
#2472=ORIENTED_EDGE('',*,*,#3799,.F.);
#2473=ORIENTED_EDGE('',*,*,#3801,.T.);
#2474=ORIENTED_EDGE('',*,*,#3802,.T.);
#2475=ORIENTED_EDGE('',*,*,#3803,.F.);
#2476=ORIENTED_EDGE('',*,*,#3802,.F.);
#2477=ORIENTED_EDGE('',*,*,#3804,.T.);
#2478=ORIENTED_EDGE('',*,*,#3762,.T.);
#2479=ORIENTED_EDGE('',*,*,#3763,.F.);
#2480=ORIENTED_EDGE('',*,*,#3804,.F.);
#2481=ORIENTED_EDGE('',*,*,#3801,.F.);
#2482=ORIENTED_EDGE('',*,*,#3798,.F.);
#2483=ORIENTED_EDGE('',*,*,#3795,.F.);
#2484=ORIENTED_EDGE('',*,*,#3792,.F.);
#2485=ORIENTED_EDGE('',*,*,#3789,.F.);
#2486=ORIENTED_EDGE('',*,*,#3786,.F.);
#2487=ORIENTED_EDGE('',*,*,#3783,.F.);
#2488=ORIENTED_EDGE('',*,*,#3780,.F.);
#2489=ORIENTED_EDGE('',*,*,#3777,.F.);
#2490=ORIENTED_EDGE('',*,*,#2932,.F.);
#2491=ORIENTED_EDGE('',*,*,#3775,.F.);
#2492=ORIENTED_EDGE('',*,*,#3772,.F.);
#2493=ORIENTED_EDGE('',*,*,#3769,.F.);
#2494=ORIENTED_EDGE('',*,*,#3766,.F.);
#2495=ORIENTED_EDGE('',*,*,#3761,.T.);
#2496=ORIENTED_EDGE('',*,*,#3765,.T.);
#2497=ORIENTED_EDGE('',*,*,#3768,.T.);
#2498=ORIENTED_EDGE('',*,*,#3771,.T.);
#2499=ORIENTED_EDGE('',*,*,#3774,.T.);
#2500=ORIENTED_EDGE('',*,*,#2934,.T.);
#2501=ORIENTED_EDGE('',*,*,#3776,.T.);
#2502=ORIENTED_EDGE('',*,*,#3779,.T.);
#2503=ORIENTED_EDGE('',*,*,#3782,.T.);
#2504=ORIENTED_EDGE('',*,*,#3785,.T.);
#2505=ORIENTED_EDGE('',*,*,#3788,.T.);
#2506=ORIENTED_EDGE('',*,*,#3791,.T.);
#2507=ORIENTED_EDGE('',*,*,#3794,.T.);
#2508=ORIENTED_EDGE('',*,*,#3797,.T.);
#2509=ORIENTED_EDGE('',*,*,#3800,.T.);
#2510=ORIENTED_EDGE('',*,*,#3803,.T.);
#2511=ORIENTED_EDGE('',*,*,#3805,.F.);
#2512=ORIENTED_EDGE('',*,*,#3806,.F.);
#2513=ORIENTED_EDGE('',*,*,#3807,.T.);
#2514=ORIENTED_EDGE('',*,*,#3808,.T.);
#2515=ORIENTED_EDGE('',*,*,#3809,.F.);
#2516=ORIENTED_EDGE('',*,*,#3808,.F.);
#2517=ORIENTED_EDGE('',*,*,#3810,.T.);
#2518=ORIENTED_EDGE('',*,*,#3811,.T.);
#2519=ORIENTED_EDGE('',*,*,#3812,.F.);
#2520=ORIENTED_EDGE('',*,*,#3811,.F.);
#2521=ORIENTED_EDGE('',*,*,#3813,.T.);
#2522=ORIENTED_EDGE('',*,*,#3814,.T.);
#2523=ORIENTED_EDGE('',*,*,#3815,.F.);
#2524=ORIENTED_EDGE('',*,*,#3814,.F.);
#2525=ORIENTED_EDGE('',*,*,#3816,.T.);
#2526=ORIENTED_EDGE('',*,*,#3817,.T.);
#2527=ORIENTED_EDGE('',*,*,#3818,.F.);
#2528=ORIENTED_EDGE('',*,*,#3817,.F.);
#2529=ORIENTED_EDGE('',*,*,#3819,.T.);
#2530=ORIENTED_EDGE('',*,*,#2927,.T.);
#2531=ORIENTED_EDGE('',*,*,#3820,.F.);
#2532=ORIENTED_EDGE('',*,*,#2929,.F.);
#2533=ORIENTED_EDGE('',*,*,#3821,.T.);
#2534=ORIENTED_EDGE('',*,*,#3822,.T.);
#2535=ORIENTED_EDGE('',*,*,#3823,.F.);
#2536=ORIENTED_EDGE('',*,*,#3822,.F.);
#2537=ORIENTED_EDGE('',*,*,#3824,.T.);
#2538=ORIENTED_EDGE('',*,*,#3825,.T.);
#2539=ORIENTED_EDGE('',*,*,#3826,.F.);
#2540=ORIENTED_EDGE('',*,*,#3825,.F.);
#2541=ORIENTED_EDGE('',*,*,#3827,.T.);
#2542=ORIENTED_EDGE('',*,*,#3828,.T.);
#2543=ORIENTED_EDGE('',*,*,#3829,.F.);
#2544=ORIENTED_EDGE('',*,*,#3828,.F.);
#2545=ORIENTED_EDGE('',*,*,#3830,.T.);
#2546=ORIENTED_EDGE('',*,*,#3831,.T.);
#2547=ORIENTED_EDGE('',*,*,#3832,.F.);
#2548=ORIENTED_EDGE('',*,*,#3831,.F.);
#2549=ORIENTED_EDGE('',*,*,#3833,.T.);
#2550=ORIENTED_EDGE('',*,*,#3834,.T.);
#2551=ORIENTED_EDGE('',*,*,#3835,.F.);
#2552=ORIENTED_EDGE('',*,*,#3834,.F.);
#2553=ORIENTED_EDGE('',*,*,#3836,.T.);
#2554=ORIENTED_EDGE('',*,*,#3837,.T.);
#2555=ORIENTED_EDGE('',*,*,#3838,.F.);
#2556=ORIENTED_EDGE('',*,*,#3837,.F.);
#2557=ORIENTED_EDGE('',*,*,#3839,.T.);
#2558=ORIENTED_EDGE('',*,*,#3840,.T.);
#2559=ORIENTED_EDGE('',*,*,#3841,.F.);
#2560=ORIENTED_EDGE('',*,*,#3840,.F.);
#2561=ORIENTED_EDGE('',*,*,#3842,.T.);
#2562=ORIENTED_EDGE('',*,*,#3843,.T.);
#2563=ORIENTED_EDGE('',*,*,#3844,.F.);
#2564=ORIENTED_EDGE('',*,*,#3843,.F.);
#2565=ORIENTED_EDGE('',*,*,#3845,.T.);
#2566=ORIENTED_EDGE('',*,*,#3846,.T.);
#2567=ORIENTED_EDGE('',*,*,#3847,.F.);
#2568=ORIENTED_EDGE('',*,*,#3846,.F.);
#2569=ORIENTED_EDGE('',*,*,#3848,.T.);
#2570=ORIENTED_EDGE('',*,*,#3806,.T.);
#2571=ORIENTED_EDGE('',*,*,#3807,.F.);
#2572=ORIENTED_EDGE('',*,*,#3848,.F.);
#2573=ORIENTED_EDGE('',*,*,#3845,.F.);
#2574=ORIENTED_EDGE('',*,*,#3842,.F.);
#2575=ORIENTED_EDGE('',*,*,#3839,.F.);
#2576=ORIENTED_EDGE('',*,*,#3836,.F.);
#2577=ORIENTED_EDGE('',*,*,#3833,.F.);
#2578=ORIENTED_EDGE('',*,*,#3830,.F.);
#2579=ORIENTED_EDGE('',*,*,#3827,.F.);
#2580=ORIENTED_EDGE('',*,*,#3824,.F.);
#2581=ORIENTED_EDGE('',*,*,#3821,.F.);
#2582=ORIENTED_EDGE('',*,*,#2928,.F.);
#2583=ORIENTED_EDGE('',*,*,#3819,.F.);
#2584=ORIENTED_EDGE('',*,*,#3816,.F.);
#2585=ORIENTED_EDGE('',*,*,#3813,.F.);
#2586=ORIENTED_EDGE('',*,*,#3810,.F.);
#2587=ORIENTED_EDGE('',*,*,#3805,.T.);
#2588=ORIENTED_EDGE('',*,*,#3809,.T.);
#2589=ORIENTED_EDGE('',*,*,#3812,.T.);
#2590=ORIENTED_EDGE('',*,*,#3815,.T.);
#2591=ORIENTED_EDGE('',*,*,#3818,.T.);
#2592=ORIENTED_EDGE('',*,*,#2930,.T.);
#2593=ORIENTED_EDGE('',*,*,#3820,.T.);
#2594=ORIENTED_EDGE('',*,*,#3823,.T.);
#2595=ORIENTED_EDGE('',*,*,#3826,.T.);
#2596=ORIENTED_EDGE('',*,*,#3829,.T.);
#2597=ORIENTED_EDGE('',*,*,#3832,.T.);
#2598=ORIENTED_EDGE('',*,*,#3835,.T.);
#2599=ORIENTED_EDGE('',*,*,#3838,.T.);
#2600=ORIENTED_EDGE('',*,*,#3841,.T.);
#2601=ORIENTED_EDGE('',*,*,#3844,.T.);
#2602=ORIENTED_EDGE('',*,*,#3847,.T.);
#2603=ORIENTED_EDGE('',*,*,#3849,.F.);
#2604=ORIENTED_EDGE('',*,*,#3850,.F.);
#2605=ORIENTED_EDGE('',*,*,#3851,.T.);
#2606=ORIENTED_EDGE('',*,*,#3852,.T.);
#2607=ORIENTED_EDGE('',*,*,#3853,.F.);
#2608=ORIENTED_EDGE('',*,*,#3852,.F.);
#2609=ORIENTED_EDGE('',*,*,#3854,.T.);
#2610=ORIENTED_EDGE('',*,*,#3855,.T.);
#2611=ORIENTED_EDGE('',*,*,#3856,.F.);
#2612=ORIENTED_EDGE('',*,*,#3855,.F.);
#2613=ORIENTED_EDGE('',*,*,#3857,.T.);
#2614=ORIENTED_EDGE('',*,*,#3858,.T.);
#2615=ORIENTED_EDGE('',*,*,#3859,.F.);
#2616=ORIENTED_EDGE('',*,*,#3858,.F.);
#2617=ORIENTED_EDGE('',*,*,#3860,.T.);
#2618=ORIENTED_EDGE('',*,*,#3861,.T.);
#2619=ORIENTED_EDGE('',*,*,#3862,.F.);
#2620=ORIENTED_EDGE('',*,*,#3861,.F.);
#2621=ORIENTED_EDGE('',*,*,#3863,.T.);
#2622=ORIENTED_EDGE('',*,*,#2923,.T.);
#2623=ORIENTED_EDGE('',*,*,#3864,.F.);
#2624=ORIENTED_EDGE('',*,*,#2925,.F.);
#2625=ORIENTED_EDGE('',*,*,#3865,.T.);
#2626=ORIENTED_EDGE('',*,*,#3866,.T.);
#2627=ORIENTED_EDGE('',*,*,#3867,.F.);
#2628=ORIENTED_EDGE('',*,*,#3866,.F.);
#2629=ORIENTED_EDGE('',*,*,#3868,.T.);
#2630=ORIENTED_EDGE('',*,*,#3869,.T.);
#2631=ORIENTED_EDGE('',*,*,#3870,.F.);
#2632=ORIENTED_EDGE('',*,*,#3869,.F.);
#2633=ORIENTED_EDGE('',*,*,#3871,.T.);
#2634=ORIENTED_EDGE('',*,*,#3872,.T.);
#2635=ORIENTED_EDGE('',*,*,#3873,.F.);
#2636=ORIENTED_EDGE('',*,*,#3872,.F.);
#2637=ORIENTED_EDGE('',*,*,#3874,.T.);
#2638=ORIENTED_EDGE('',*,*,#3875,.T.);
#2639=ORIENTED_EDGE('',*,*,#3876,.F.);
#2640=ORIENTED_EDGE('',*,*,#3875,.F.);
#2641=ORIENTED_EDGE('',*,*,#3877,.T.);
#2642=ORIENTED_EDGE('',*,*,#3878,.T.);
#2643=ORIENTED_EDGE('',*,*,#3879,.F.);
#2644=ORIENTED_EDGE('',*,*,#3878,.F.);
#2645=ORIENTED_EDGE('',*,*,#3880,.T.);
#2646=ORIENTED_EDGE('',*,*,#3881,.T.);
#2647=ORIENTED_EDGE('',*,*,#3882,.F.);
#2648=ORIENTED_EDGE('',*,*,#3881,.F.);
#2649=ORIENTED_EDGE('',*,*,#3883,.T.);
#2650=ORIENTED_EDGE('',*,*,#3884,.T.);
#2651=ORIENTED_EDGE('',*,*,#3885,.F.);
#2652=ORIENTED_EDGE('',*,*,#3884,.F.);
#2653=ORIENTED_EDGE('',*,*,#3886,.T.);
#2654=ORIENTED_EDGE('',*,*,#3887,.T.);
#2655=ORIENTED_EDGE('',*,*,#3888,.F.);
#2656=ORIENTED_EDGE('',*,*,#3887,.F.);
#2657=ORIENTED_EDGE('',*,*,#3889,.T.);
#2658=ORIENTED_EDGE('',*,*,#3890,.T.);
#2659=ORIENTED_EDGE('',*,*,#3891,.F.);
#2660=ORIENTED_EDGE('',*,*,#3890,.F.);
#2661=ORIENTED_EDGE('',*,*,#3892,.T.);
#2662=ORIENTED_EDGE('',*,*,#3850,.T.);
#2663=ORIENTED_EDGE('',*,*,#3851,.F.);
#2664=ORIENTED_EDGE('',*,*,#3892,.F.);
#2665=ORIENTED_EDGE('',*,*,#3889,.F.);
#2666=ORIENTED_EDGE('',*,*,#3886,.F.);
#2667=ORIENTED_EDGE('',*,*,#3883,.F.);
#2668=ORIENTED_EDGE('',*,*,#3880,.F.);
#2669=ORIENTED_EDGE('',*,*,#3877,.F.);
#2670=ORIENTED_EDGE('',*,*,#3874,.F.);
#2671=ORIENTED_EDGE('',*,*,#3871,.F.);
#2672=ORIENTED_EDGE('',*,*,#3868,.F.);
#2673=ORIENTED_EDGE('',*,*,#3865,.F.);
#2674=ORIENTED_EDGE('',*,*,#2924,.F.);
#2675=ORIENTED_EDGE('',*,*,#3863,.F.);
#2676=ORIENTED_EDGE('',*,*,#3860,.F.);
#2677=ORIENTED_EDGE('',*,*,#3857,.F.);
#2678=ORIENTED_EDGE('',*,*,#3854,.F.);
#2679=ORIENTED_EDGE('',*,*,#3849,.T.);
#2680=ORIENTED_EDGE('',*,*,#3853,.T.);
#2681=ORIENTED_EDGE('',*,*,#3856,.T.);
#2682=ORIENTED_EDGE('',*,*,#3859,.T.);
#2683=ORIENTED_EDGE('',*,*,#3862,.T.);
#2684=ORIENTED_EDGE('',*,*,#2926,.T.);
#2685=ORIENTED_EDGE('',*,*,#3864,.T.);
#2686=ORIENTED_EDGE('',*,*,#3867,.T.);
#2687=ORIENTED_EDGE('',*,*,#3870,.T.);
#2688=ORIENTED_EDGE('',*,*,#3873,.T.);
#2689=ORIENTED_EDGE('',*,*,#3876,.T.);
#2690=ORIENTED_EDGE('',*,*,#3879,.T.);
#2691=ORIENTED_EDGE('',*,*,#3882,.T.);
#2692=ORIENTED_EDGE('',*,*,#3885,.T.);
#2693=ORIENTED_EDGE('',*,*,#3888,.T.);
#2694=ORIENTED_EDGE('',*,*,#3891,.T.);
#2695=EDGE_CURVE('',#3893,#3894,#4695,.T.);
#2696=EDGE_CURVE('',#3893,#3895,#4696,.T.);
#2697=EDGE_CURVE('',#3896,#3895,#4697,.T.);
#2698=EDGE_CURVE('',#3897,#3896,#4698,.T.);
#2699=EDGE_CURVE('',#3898,#3897,#4699,.T.);
#2700=EDGE_CURVE('',#3898,#3899,#4700,.T.);
#2701=EDGE_CURVE('',#3900,#3899,#4701,.T.);
#2702=EDGE_CURVE('',#3901,#3900,#4702,.T.);
#2703=EDGE_CURVE('',#3901,#3902,#4703,.T.);
#2704=EDGE_CURVE('',#3902,#3903,#4704,.T.);
#2705=EDGE_CURVE('',#3903,#3904,#4705,.T.);
#2706=EDGE_CURVE('',#3904,#3905,#4706,.T.);
#2707=EDGE_CURVE('',#3905,#3906,#4707,.T.);
#2708=EDGE_CURVE('',#3906,#3907,#4708,.T.);
#2709=EDGE_CURVE('',#3907,#3908,#4709,.T.);
#2710=EDGE_CURVE('',#3908,#3909,#4710,.T.);
#2711=EDGE_CURVE('',#3909,#3910,#4711,.T.);
#2712=EDGE_CURVE('',#3910,#3911,#4712,.T.);
#2713=EDGE_CURVE('',#3911,#3912,#4713,.T.);
#2714=EDGE_CURVE('',#3912,#3913,#4714,.T.);
#2715=EDGE_CURVE('',#3914,#3913,#4715,.T.);
#2716=EDGE_CURVE('',#3915,#3914,#4716,.T.);
#2717=EDGE_CURVE('',#3916,#3915,#4717,.T.);
#2718=EDGE_CURVE('',#3916,#3917,#4718,.T.);
#2719=EDGE_CURVE('',#3918,#3917,#4719,.T.);
#2720=EDGE_CURVE('',#3919,#3918,#4720,.T.);
#2721=EDGE_CURVE('',#3920,#3919,#4721,.T.);
#2722=EDGE_CURVE('',#3920,#3921,#4722,.T.);
#2723=EDGE_CURVE('',#3922,#3921,#4723,.T.);
#2724=EDGE_CURVE('',#3923,#3922,#4724,.T.);
#2725=EDGE_CURVE('',#3924,#3923,#4725,.T.);
#2726=EDGE_CURVE('',#3924,#3925,#4726,.T.);
#2727=EDGE_CURVE('',#3926,#3925,#4727,.T.);
#2728=EDGE_CURVE('',#3894,#3926,#4728,.T.);
#2729=EDGE_CURVE('',#3895,#3927,#4729,.T.);
#2730=EDGE_CURVE('',#3927,#3928,#4730,.T.);
#2731=EDGE_CURVE('',#3926,#3928,#4731,.T.);
#2732=EDGE_CURVE('',#3925,#3929,#4732,.T.);
#2733=EDGE_CURVE('',#3929,#3930,#4733,.T.);
#2734=EDGE_CURVE('',#3922,#3930,#4734,.T.);
#2735=EDGE_CURVE('',#3921,#3931,#4735,.T.);
#2736=EDGE_CURVE('',#3931,#3932,#4736,.T.);
#2737=EDGE_CURVE('',#3918,#3932,#4737,.T.);
#2738=EDGE_CURVE('',#3917,#3933,#4738,.T.);
#2739=EDGE_CURVE('',#3933,#3934,#4739,.T.);
#2740=EDGE_CURVE('',#3914,#3934,#4740,.T.);
#2741=EDGE_CURVE('',#3913,#3935,#4741,.T.);
#2742=EDGE_CURVE('',#3936,#3935,#4742,.T.);
#2743=EDGE_CURVE('',#3900,#3936,#4743,.T.);
#2744=EDGE_CURVE('',#3899,#3937,#4744,.T.);
#2745=EDGE_CURVE('',#3937,#3938,#4745,.T.);
#2746=EDGE_CURVE('',#3896,#3938,#4746,.T.);
#2747=EDGE_CURVE('',#3935,#3939,#4747,.T.);
#2748=EDGE_CURVE('',#3940,#3939,#4748,.T.);
#2749=EDGE_CURVE('',#3936,#3940,#4749,.T.);
#2750=EDGE_CURVE('',#3939,#3941,#4750,.T.);
#2751=EDGE_CURVE('',#3942,#3941,#4751,.T.);
#2752=EDGE_CURVE('',#3940,#3942,#4752,.T.);
#2753=EDGE_CURVE('',#3941,#3943,#31,.T.);
#2754=EDGE_CURVE('',#3944,#3943,#4753,.T.);
#2755=EDGE_CURVE('',#3942,#3944,#32,.T.);
#2756=EDGE_CURVE('',#3943,#3945,#4754,.T.);
#2757=EDGE_CURVE('',#3946,#3945,#4755,.T.);
#2758=EDGE_CURVE('',#3944,#3946,#4756,.T.);
#2759=EDGE_CURVE('',#3945,#3947,#33,.T.);
#2760=EDGE_CURVE('',#3948,#3947,#4757,.T.);
#2761=EDGE_CURVE('',#3946,#3948,#34,.T.);
#2762=EDGE_CURVE('',#3947,#3949,#4758,.T.);
#2763=EDGE_CURVE('',#3950,#3949,#4759,.T.);
#2764=EDGE_CURVE('',#3948,#3950,#4760,.T.);
#2765=EDGE_CURVE('',#3949,#3951,#35,.T.);
#2766=EDGE_CURVE('',#3952,#3951,#4761,.T.);
#2767=EDGE_CURVE('',#3950,#3952,#36,.T.);
#2768=EDGE_CURVE('',#3951,#3953,#4762,.T.);
#2769=EDGE_CURVE('',#3954,#3953,#4763,.T.);
#2770=EDGE_CURVE('',#3952,#3954,#4764,.T.);
#2771=EDGE_CURVE('',#3953,#3955,#4765,.T.);
#2772=EDGE_CURVE('',#3956,#3955,#4766,.T.);
#2773=EDGE_CURVE('',#3954,#3956,#4767,.T.);
#2774=EDGE_CURVE('',#3955,#3957,#4768,.T.);
#2775=EDGE_CURVE('',#3958,#3957,#4769,.T.);
#2776=EDGE_CURVE('',#3956,#3958,#4770,.T.);
#2777=EDGE_CURVE('',#3957,#3959,#37,.T.);
#2778=EDGE_CURVE('',#3960,#3959,#4771,.T.);
#2779=EDGE_CURVE('',#3958,#3960,#38,.T.);
#2780=EDGE_CURVE('',#3959,#3961,#4772,.T.);
#2781=EDGE_CURVE('',#3962,#3961,#4773,.T.);
#2782=EDGE_CURVE('',#3960,#3962,#4774,.T.);
#2783=EDGE_CURVE('',#3961,#3963,#39,.T.);
#2784=EDGE_CURVE('',#3964,#3963,#4775,.T.);
#2785=EDGE_CURVE('',#3962,#3964,#40,.T.);
#2786=EDGE_CURVE('',#3963,#3965,#4776,.T.);
#2787=EDGE_CURVE('',#3966,#3965,#4777,.T.);
#2788=EDGE_CURVE('',#3964,#3966,#4778,.T.);
#2789=EDGE_CURVE('',#3965,#3967,#41,.T.);
#2790=EDGE_CURVE('',#3968,#3967,#4779,.T.);
#2791=EDGE_CURVE('',#3966,#3968,#42,.T.);
#2792=EDGE_CURVE('',#3967,#3969,#4780,.T.);
#2793=EDGE_CURVE('',#3970,#3969,#4781,.T.);
#2794=EDGE_CURVE('',#3968,#3970,#4782,.T.);
#2795=EDGE_CURVE('',#3969,#3971,#4783,.T.);
#2796=EDGE_CURVE('',#3972,#3971,#4784,.T.);
#2797=EDGE_CURVE('',#3970,#3972,#4785,.T.);
#2798=EDGE_CURVE('',#3973,#3974,#4786,.T.);
#2799=EDGE_CURVE('',#3973,#3975,#4787,.T.);
#2800=EDGE_CURVE('',#3976,#3975,#4788,.T.);
#2801=EDGE_CURVE('',#3977,#3976,#4789,.T.);
#2802=EDGE_CURVE('',#3978,#3977,#4790,.T.);
#2803=EDGE_CURVE('',#3978,#3979,#4791,.T.);
#2804=EDGE_CURVE('',#3980,#3979,#4792,.T.);
#2805=EDGE_CURVE('',#3972,#3980,#4793,.T.);
#2806=EDGE_CURVE('',#3971,#3981,#4794,.T.);
#2807=EDGE_CURVE('',#3982,#3981,#4795,.T.);
#2808=EDGE_CURVE('',#3983,#3982,#4796,.T.);
#2809=EDGE_CURVE('',#3984,#3983,#4797,.T.);
#2810=EDGE_CURVE('',#3984,#3985,#4798,.T.);
#2811=EDGE_CURVE('',#3986,#3985,#4799,.T.);
#2812=EDGE_CURVE('',#3987,#3986,#4800,.T.);
#2813=EDGE_CURVE('',#3988,#3987,#4801,.T.);
#2814=EDGE_CURVE('',#3988,#3989,#4802,.T.);
#2815=EDGE_CURVE('',#3990,#3989,#4803,.T.);
#2816=EDGE_CURVE('',#3991,#3990,#4804,.T.);
#2817=EDGE_CURVE('',#3992,#3991,#4805,.T.);
#2818=EDGE_CURVE('',#3992,#3993,#4806,.T.);
#2819=EDGE_CURVE('',#3994,#3993,#4807,.T.);
#2820=EDGE_CURVE('',#3974,#3994,#4808,.T.);
#2821=EDGE_CURVE('',#3975,#3995,#4809,.T.);
#2822=EDGE_CURVE('',#3996,#3995,#4810,.T.);
#2823=EDGE_CURVE('',#3994,#3996,#4811,.T.);
#2824=EDGE_CURVE('',#3993,#3997,#4812,.T.);
#2825=EDGE_CURVE('',#3998,#3997,#4813,.T.);
#2826=EDGE_CURVE('',#3990,#3998,#4814,.T.);
#2827=EDGE_CURVE('',#3989,#3999,#4815,.T.);
#2828=EDGE_CURVE('',#4000,#3999,#4816,.T.);
#2829=EDGE_CURVE('',#3986,#4000,#4817,.T.);
#2830=EDGE_CURVE('',#3985,#4001,#4818,.T.);
#2831=EDGE_CURVE('',#4002,#4001,#4819,.T.);
#2832=EDGE_CURVE('',#3982,#4002,#4820,.T.);
#2833=EDGE_CURVE('',#3981,#4003,#4821,.T.);
#2834=EDGE_CURVE('',#4004,#4003,#4822,.T.);
#2835=EDGE_CURVE('',#4005,#4004,#4823,.T.);
#2836=EDGE_CURVE('',#4006,#4005,#4824,.T.);
#2837=EDGE_CURVE('',#4007,#4006,#4825,.T.);
#2838=EDGE_CURVE('',#4008,#4007,#4826,.T.);
#2839=EDGE_CURVE('',#4009,#4008,#4827,.T.);
#2840=EDGE_CURVE('',#4010,#4009,#4828,.T.);
#2841=EDGE_CURVE('',#4011,#4010,#4829,.T.);
#2842=EDGE_CURVE('',#4012,#4011,#4830,.T.);
#2843=EDGE_CURVE('',#4013,#4012,#4831,.T.);
#2844=EDGE_CURVE('',#4014,#4013,#4832,.T.);
#2845=EDGE_CURVE('',#3980,#4014,#4833,.T.);
#2846=EDGE_CURVE('',#3979,#4015,#4834,.T.);
#2847=EDGE_CURVE('',#4016,#4015,#4835,.T.);
#2848=EDGE_CURVE('',#3976,#4016,#4836,.T.);
#2849=EDGE_CURVE('',#4011,#4017,#4837,.T.);
#2850=EDGE_CURVE('',#4017,#4018,#4838,.T.);
#2851=EDGE_CURVE('',#4010,#4018,#4839,.T.);
#2852=EDGE_CURVE('',#4009,#4019,#4840,.T.);
#2853=EDGE_CURVE('',#4019,#4020,#4841,.T.);
#2854=EDGE_CURVE('',#4008,#4020,#4842,.T.);
#2855=EDGE_CURVE('',#4007,#4021,#4843,.T.);
#2856=EDGE_CURVE('',#4021,#4022,#4844,.T.);
#2857=EDGE_CURVE('',#4006,#4022,#4845,.T.);
#2858=EDGE_CURVE('',#4005,#4023,#4846,.T.);
#2859=EDGE_CURVE('',#4023,#4024,#4847,.T.);
#2860=EDGE_CURVE('',#4004,#4024,#4848,.T.);
#2861=EDGE_CURVE('',#4003,#4025,#4849,.T.);
#2862=EDGE_CURVE('',#4026,#4025,#4850,.T.);
#2863=EDGE_CURVE('',#4014,#4026,#4851,.T.);
#2864=EDGE_CURVE('',#4013,#4027,#4852,.T.);
#2865=EDGE_CURVE('',#4027,#4028,#4853,.T.);
#2866=EDGE_CURVE('',#4012,#4028,#4854,.T.);
#2867=EDGE_CURVE('',#4029,#4030,#4855,.T.);
#2868=EDGE_CURVE('',#4029,#4031,#4856,.T.);
#2869=EDGE_CURVE('',#4031,#4032,#4857,.T.);
#2870=EDGE_CURVE('',#4030,#4032,#4858,.T.);
#2871=EDGE_CURVE('',#4033,#4034,#4859,.T.);
#2872=EDGE_CURVE('',#4033,#4035,#4860,.T.);
#2873=EDGE_CURVE('',#4035,#4036,#4861,.T.);
#2874=EDGE_CURVE('',#4034,#4036,#4862,.T.);
#2875=EDGE_CURVE('',#4037,#4038,#4863,.T.);
#2876=EDGE_CURVE('',#4037,#4039,#4864,.T.);
#2877=EDGE_CURVE('',#4039,#4040,#4865,.T.);
#2878=EDGE_CURVE('',#4038,#4040,#4866,.T.);
#2879=EDGE_CURVE('',#4041,#4042,#4867,.T.);
#2880=EDGE_CURVE('',#4041,#4043,#4868,.T.);
#2881=EDGE_CURVE('',#4043,#4044,#4869,.T.);
#2882=EDGE_CURVE('',#4042,#4044,#4870,.T.);
#2883=EDGE_CURVE('',#4045,#4046,#4871,.T.);
#2884=EDGE_CURVE('',#4045,#4047,#4872,.T.);
#2885=EDGE_CURVE('',#4047,#4048,#4873,.T.);
#2886=EDGE_CURVE('',#4046,#4048,#4874,.T.);
#2887=EDGE_CURVE('',#4025,#4049,#4875,.T.);
#2888=EDGE_CURVE('',#4050,#4049,#4876,.T.);
#2889=EDGE_CURVE('',#4026,#4050,#4877,.T.);
#2890=EDGE_CURVE('',#4051,#4052,#4878,.T.);
#2891=EDGE_CURVE('',#4051,#4053,#4879,.T.);
#2892=EDGE_CURVE('',#4053,#4054,#4880,.T.);
#2893=EDGE_CURVE('',#4052,#4054,#4881,.T.);
#2894=EDGE_CURVE('',#4055,#4056,#4882,.T.);
#2895=EDGE_CURVE('',#4055,#4057,#4883,.T.);
#2896=EDGE_CURVE('',#4057,#4058,#4884,.T.);
#2897=EDGE_CURVE('',#4056,#4058,#4885,.T.);
#2898=EDGE_CURVE('',#4059,#4060,#4886,.T.);
#2899=EDGE_CURVE('',#4059,#4061,#4887,.T.);
#2900=EDGE_CURVE('',#4061,#4062,#4888,.T.);
#2901=EDGE_CURVE('',#4060,#4062,#4889,.T.);
#2902=EDGE_CURVE('',#4063,#4064,#4890,.T.);
#2903=EDGE_CURVE('',#4063,#4065,#4891,.T.);
#2904=EDGE_CURVE('',#4065,#4066,#4892,.T.);
#2905=EDGE_CURVE('',#4064,#4066,#4893,.T.);
#2906=EDGE_CURVE('',#4067,#4068,#4894,.T.);
#2907=EDGE_CURVE('',#4067,#4069,#4895,.T.);
#2908=EDGE_CURVE('',#4069,#4070,#4896,.T.);
#2909=EDGE_CURVE('',#4068,#4070,#4897,.T.);
#2910=EDGE_CURVE('',#4071,#4071,#43,.T.);
#2911=EDGE_CURVE('',#4072,#4072,#44,.T.);
#2912=EDGE_CURVE('',#4073,#4073,#45,.T.);
#2913=EDGE_CURVE('',#4074,#4074,#46,.T.);
#2914=EDGE_CURVE('',#4075,#4075,#47,.T.);
#2915=EDGE_CURVE('',#4076,#4076,#48,.T.);
#2916=EDGE_CURVE('',#4077,#4077,#49,.T.);
#2917=EDGE_CURVE('',#4078,#4078,#50,.T.);
#2918=EDGE_CURVE('',#4079,#4079,#51,.T.);
#2919=EDGE_CURVE('',#4080,#4080,#52,.T.);
#2920=EDGE_CURVE('',#4049,#4081,#4898,.T.);
#2921=EDGE_CURVE('',#4082,#4081,#4899,.T.);
#2922=EDGE_CURVE('',#4050,#4082,#4900,.T.);
#2923=EDGE_CURVE('',#4083,#4084,#4901,.T.);
#2924=EDGE_CURVE('',#4083,#4085,#4902,.T.);
#2925=EDGE_CURVE('',#4085,#4086,#4903,.T.);
#2926=EDGE_CURVE('',#4084,#4086,#4904,.T.);
#2927=EDGE_CURVE('',#4087,#4088,#4905,.T.);
#2928=EDGE_CURVE('',#4087,#4089,#4906,.T.);
#2929=EDGE_CURVE('',#4089,#4090,#4907,.T.);
#2930=EDGE_CURVE('',#4088,#4090,#4908,.T.);
#2931=EDGE_CURVE('',#4091,#4092,#4909,.T.);
#2932=EDGE_CURVE('',#4091,#4093,#4910,.T.);
#2933=EDGE_CURVE('',#4093,#4094,#4911,.T.);
#2934=EDGE_CURVE('',#4092,#4094,#4912,.T.);
#2935=EDGE_CURVE('',#4095,#4096,#4913,.T.);
#2936=EDGE_CURVE('',#4095,#4097,#4914,.T.);
#2937=EDGE_CURVE('',#4097,#4098,#4915,.T.);
#2938=EDGE_CURVE('',#4096,#4098,#4916,.T.);
#2939=EDGE_CURVE('',#4099,#4100,#4917,.T.);
#2940=EDGE_CURVE('',#4099,#4101,#4918,.T.);
#2941=EDGE_CURVE('',#4101,#4102,#4919,.T.);
#2942=EDGE_CURVE('',#4100,#4102,#4920,.T.);
#2943=EDGE_CURVE('',#4081,#4103,#4921,.T.);
#2944=EDGE_CURVE('',#4104,#4103,#4922,.T.);
#2945=EDGE_CURVE('',#4082,#4104,#4923,.T.);
#2946=EDGE_CURVE('',#4105,#4106,#4924,.T.);
#2947=EDGE_CURVE('',#4105,#3904,#4925,.T.);
#2948=EDGE_CURVE('',#4107,#3903,#4926,.T.);
#2949=EDGE_CURVE('',#4108,#4107,#4927,.T.);
#2950=EDGE_CURVE('',#4108,#3902,#4928,.T.);
#2951=EDGE_CURVE('',#4104,#3901,#4929,.T.);
#2952=EDGE_CURVE('',#4103,#3912,#4930,.T.);
#2953=EDGE_CURVE('',#4109,#3911,#4931,.T.);
#2954=EDGE_CURVE('',#4110,#4109,#4932,.T.);
#2955=EDGE_CURVE('',#4110,#3910,#4933,.T.);
#2956=EDGE_CURVE('',#4111,#3909,#4934,.T.);
#2957=EDGE_CURVE('',#4112,#4111,#4935,.T.);
#2958=EDGE_CURVE('',#4112,#3908,#4936,.T.);
#2959=EDGE_CURVE('',#4113,#3907,#4937,.T.);
#2960=EDGE_CURVE('',#4114,#4113,#4938,.T.);
#2961=EDGE_CURVE('',#4114,#3906,#4939,.T.);
#2962=EDGE_CURVE('',#4106,#3905,#4940,.T.);
#2963=EDGE_CURVE('',#4115,#4115,#53,.T.);
#2964=EDGE_CURVE('',#4116,#4116,#54,.T.);
#2965=EDGE_CURVE('',#4117,#4117,#55,.T.);
#2966=EDGE_CURVE('',#4118,#4118,#56,.T.);
#2967=EDGE_CURVE('',#4119,#4119,#57,.T.);
#2968=EDGE_CURVE('',#4120,#4120,#58,.T.);
#2969=EDGE_CURVE('',#4121,#4121,#59,.T.);
#2970=EDGE_CURVE('',#4122,#4122,#60,.T.);
#2971=EDGE_CURVE('',#4123,#4123,#61,.T.);
#2972=EDGE_CURVE('',#4124,#4124,#62,.T.);
#2973=EDGE_CURVE('',#4125,#4125,#63,.T.);
#2974=EDGE_CURVE('',#4126,#4126,#64,.T.);
#2975=EDGE_CURVE('',#4127,#4127,#65,.T.);
#2976=EDGE_CURVE('',#4128,#4128,#66,.T.);
#2977=EDGE_CURVE('',#4129,#4129,#67,.T.);
#2978=EDGE_CURVE('',#4130,#4130,#68,.T.);
#2979=EDGE_CURVE('',#4131,#4131,#69,.T.);
#2980=EDGE_CURVE('',#4132,#4132,#70,.T.);
#2981=EDGE_CURVE('',#4133,#4133,#71,.T.);
#2982=EDGE_CURVE('',#4134,#4134,#72,.T.);
#2983=EDGE_CURVE('',#4135,#4070,#73,.T.);
#2984=EDGE_CURVE('',#4136,#4069,#74,.T.);
#2985=EDGE_CURVE('',#4136,#4135,#4941,.T.);
#2986=EDGE_CURVE('',#4068,#4137,#75,.T.);
#2987=EDGE_CURVE('',#4138,#4137,#4942,.T.);
#2988=EDGE_CURVE('',#4067,#4138,#76,.T.);
#2989=EDGE_CURVE('',#4139,#4137,#77,.T.);
#2990=EDGE_CURVE('',#4140,#4139,#4943,.T.);
#2991=EDGE_CURVE('',#4140,#4138,#78,.T.);
#2992=EDGE_CURVE('',#4141,#4139,#79,.T.);
#2993=EDGE_CURVE('',#4142,#4141,#4944,.T.);
#2994=EDGE_CURVE('',#4142,#4140,#80,.T.);
#2995=EDGE_CURVE('',#4143,#4144,#4945,.T.);
#2996=EDGE_CURVE('',#4144,#4145,#4946,.T.);
#2997=EDGE_CURVE('',#4146,#4145,#4947,.T.);
#2998=EDGE_CURVE('',#4143,#4146,#4948,.T.);
#2999=EDGE_CURVE('',#4147,#4141,#4949,.T.);
#3000=EDGE_CURVE('',#4148,#4147,#4950,.T.);
#3001=EDGE_CURVE('',#4148,#4142,#4951,.T.);
#3002=EDGE_CURVE('',#4149,#4147,#81,.T.);
#3003=EDGE_CURVE('',#4150,#4149,#4952,.T.);
#3004=EDGE_CURVE('',#4150,#4148,#82,.T.);
#3005=EDGE_CURVE('',#4135,#4149,#83,.T.);
#3006=EDGE_CURVE('',#4136,#4150,#84,.T.);
#3007=EDGE_CURVE('',#4151,#4066,#85,.T.);
#3008=EDGE_CURVE('',#4152,#4065,#86,.T.);
#3009=EDGE_CURVE('',#4152,#4151,#4953,.T.);
#3010=EDGE_CURVE('',#4064,#4153,#87,.T.);
#3011=EDGE_CURVE('',#4154,#4153,#4954,.T.);
#3012=EDGE_CURVE('',#4063,#4154,#88,.T.);
#3013=EDGE_CURVE('',#4155,#4153,#89,.T.);
#3014=EDGE_CURVE('',#4156,#4155,#4955,.T.);
#3015=EDGE_CURVE('',#4156,#4154,#90,.T.);
#3016=EDGE_CURVE('',#4157,#4155,#91,.T.);
#3017=EDGE_CURVE('',#4158,#4157,#4956,.T.);
#3018=EDGE_CURVE('',#4158,#4156,#92,.T.);
#3019=EDGE_CURVE('',#4159,#4160,#4957,.T.);
#3020=EDGE_CURVE('',#4160,#4161,#4958,.T.);
#3021=EDGE_CURVE('',#4162,#4161,#4959,.T.);
#3022=EDGE_CURVE('',#4159,#4162,#4960,.T.);
#3023=EDGE_CURVE('',#4163,#4157,#4961,.T.);
#3024=EDGE_CURVE('',#4164,#4163,#4962,.T.);
#3025=EDGE_CURVE('',#4164,#4158,#4963,.T.);
#3026=EDGE_CURVE('',#4165,#4163,#93,.T.);
#3027=EDGE_CURVE('',#4166,#4165,#4964,.T.);
#3028=EDGE_CURVE('',#4166,#4164,#94,.T.);
#3029=EDGE_CURVE('',#4151,#4165,#95,.T.);
#3030=EDGE_CURVE('',#4152,#4166,#96,.T.);
#3031=EDGE_CURVE('',#4167,#4062,#97,.T.);
#3032=EDGE_CURVE('',#4168,#4061,#98,.T.);
#3033=EDGE_CURVE('',#4168,#4167,#4965,.T.);
#3034=EDGE_CURVE('',#4060,#4169,#99,.T.);
#3035=EDGE_CURVE('',#4170,#4169,#4966,.T.);
#3036=EDGE_CURVE('',#4059,#4170,#100,.T.);
#3037=EDGE_CURVE('',#4171,#4169,#101,.T.);
#3038=EDGE_CURVE('',#4172,#4171,#4967,.T.);
#3039=EDGE_CURVE('',#4172,#4170,#102,.T.);
#3040=EDGE_CURVE('',#4173,#4171,#103,.T.);
#3041=EDGE_CURVE('',#4174,#4173,#4968,.T.);
#3042=EDGE_CURVE('',#4174,#4172,#104,.T.);
#3043=EDGE_CURVE('',#4175,#4176,#4969,.T.);
#3044=EDGE_CURVE('',#4176,#4177,#4970,.T.);
#3045=EDGE_CURVE('',#4178,#4177,#4971,.T.);
#3046=EDGE_CURVE('',#4175,#4178,#4972,.T.);
#3047=EDGE_CURVE('',#4179,#4173,#4973,.T.);
#3048=EDGE_CURVE('',#4180,#4179,#4974,.T.);
#3049=EDGE_CURVE('',#4180,#4174,#4975,.T.);
#3050=EDGE_CURVE('',#4181,#4179,#105,.T.);
#3051=EDGE_CURVE('',#4182,#4181,#4976,.T.);
#3052=EDGE_CURVE('',#4182,#4180,#106,.T.);
#3053=EDGE_CURVE('',#4167,#4181,#107,.T.);
#3054=EDGE_CURVE('',#4168,#4182,#108,.T.);
#3055=EDGE_CURVE('',#4183,#4058,#109,.T.);
#3056=EDGE_CURVE('',#4184,#4057,#110,.T.);
#3057=EDGE_CURVE('',#4184,#4183,#4977,.T.);
#3058=EDGE_CURVE('',#4056,#4185,#111,.T.);
#3059=EDGE_CURVE('',#4186,#4185,#4978,.T.);
#3060=EDGE_CURVE('',#4055,#4186,#112,.T.);
#3061=EDGE_CURVE('',#4187,#4185,#113,.T.);
#3062=EDGE_CURVE('',#4188,#4187,#4979,.T.);
#3063=EDGE_CURVE('',#4188,#4186,#114,.T.);
#3064=EDGE_CURVE('',#4189,#4187,#115,.T.);
#3065=EDGE_CURVE('',#4190,#4189,#4980,.T.);
#3066=EDGE_CURVE('',#4190,#4188,#116,.T.);
#3067=EDGE_CURVE('',#4191,#4192,#4981,.T.);
#3068=EDGE_CURVE('',#4192,#4193,#4982,.T.);
#3069=EDGE_CURVE('',#4194,#4193,#4983,.T.);
#3070=EDGE_CURVE('',#4191,#4194,#4984,.T.);
#3071=EDGE_CURVE('',#4195,#4189,#4985,.T.);
#3072=EDGE_CURVE('',#4196,#4195,#4986,.T.);
#3073=EDGE_CURVE('',#4196,#4190,#4987,.T.);
#3074=EDGE_CURVE('',#4197,#4195,#117,.T.);
#3075=EDGE_CURVE('',#4198,#4197,#4988,.T.);
#3076=EDGE_CURVE('',#4198,#4196,#118,.T.);
#3077=EDGE_CURVE('',#4183,#4197,#119,.T.);
#3078=EDGE_CURVE('',#4184,#4198,#120,.T.);
#3079=EDGE_CURVE('',#4199,#4054,#121,.T.);
#3080=EDGE_CURVE('',#4200,#4053,#122,.T.);
#3081=EDGE_CURVE('',#4200,#4199,#4989,.T.);
#3082=EDGE_CURVE('',#4052,#4201,#123,.T.);
#3083=EDGE_CURVE('',#4202,#4201,#4990,.T.);
#3084=EDGE_CURVE('',#4051,#4202,#124,.T.);
#3085=EDGE_CURVE('',#4203,#4201,#125,.T.);
#3086=EDGE_CURVE('',#4204,#4203,#4991,.T.);
#3087=EDGE_CURVE('',#4204,#4202,#126,.T.);
#3088=EDGE_CURVE('',#4205,#4203,#127,.T.);
#3089=EDGE_CURVE('',#4206,#4205,#4992,.T.);
#3090=EDGE_CURVE('',#4206,#4204,#128,.T.);
#3091=EDGE_CURVE('',#4207,#4208,#4993,.T.);
#3092=EDGE_CURVE('',#4208,#4209,#4994,.T.);
#3093=EDGE_CURVE('',#4210,#4209,#4995,.T.);
#3094=EDGE_CURVE('',#4207,#4210,#4996,.T.);
#3095=EDGE_CURVE('',#4211,#4205,#4997,.T.);
#3096=EDGE_CURVE('',#4212,#4211,#4998,.T.);
#3097=EDGE_CURVE('',#4212,#4206,#4999,.T.);
#3098=EDGE_CURVE('',#4213,#4211,#129,.T.);
#3099=EDGE_CURVE('',#4214,#4213,#5000,.T.);
#3100=EDGE_CURVE('',#4214,#4212,#130,.T.);
#3101=EDGE_CURVE('',#4199,#4213,#131,.T.);
#3102=EDGE_CURVE('',#4200,#4214,#132,.T.);
#3103=EDGE_CURVE('',#4145,#4215,#5001,.T.);
#3104=EDGE_CURVE('',#4144,#4216,#5002,.T.);
#3105=EDGE_CURVE('',#4216,#4215,#5003,.T.);
#3106=EDGE_CURVE('',#4215,#4217,#5004,.T.);
#3107=EDGE_CURVE('',#4216,#4218,#5005,.T.);
#3108=EDGE_CURVE('',#4218,#4217,#5006,.T.);
#3109=EDGE_CURVE('',#4217,#4146,#5007,.T.);
#3110=EDGE_CURVE('',#4218,#4143,#5008,.T.);
#3111=EDGE_CURVE('',#4161,#4219,#5009,.T.);
#3112=EDGE_CURVE('',#4160,#4220,#5010,.T.);
#3113=EDGE_CURVE('',#4220,#4219,#5011,.T.);
#3114=EDGE_CURVE('',#4219,#4221,#5012,.T.);
#3115=EDGE_CURVE('',#4220,#4222,#5013,.T.);
#3116=EDGE_CURVE('',#4222,#4221,#5014,.T.);
#3117=EDGE_CURVE('',#4221,#4162,#5015,.T.);
#3118=EDGE_CURVE('',#4222,#4159,#5016,.T.);
#3119=EDGE_CURVE('',#4177,#4223,#5017,.T.);
#3120=EDGE_CURVE('',#4176,#4224,#5018,.T.);
#3121=EDGE_CURVE('',#4224,#4223,#5019,.T.);
#3122=EDGE_CURVE('',#4223,#4225,#5020,.T.);
#3123=EDGE_CURVE('',#4224,#4226,#5021,.T.);
#3124=EDGE_CURVE('',#4226,#4225,#5022,.T.);
#3125=EDGE_CURVE('',#4225,#4178,#5023,.T.);
#3126=EDGE_CURVE('',#4226,#4175,#5024,.T.);
#3127=EDGE_CURVE('',#4209,#4227,#5025,.T.);
#3128=EDGE_CURVE('',#4208,#4228,#5026,.T.);
#3129=EDGE_CURVE('',#4228,#4227,#5027,.T.);
#3130=EDGE_CURVE('',#4227,#4229,#5028,.T.);
#3131=EDGE_CURVE('',#4228,#4230,#5029,.T.);
#3132=EDGE_CURVE('',#4230,#4229,#5030,.T.);
#3133=EDGE_CURVE('',#4229,#4210,#5031,.T.);
#3134=EDGE_CURVE('',#4230,#4207,#5032,.T.);
#3135=EDGE_CURVE('',#4193,#4231,#5033,.T.);
#3136=EDGE_CURVE('',#4192,#4232,#5034,.T.);
#3137=EDGE_CURVE('',#4232,#4231,#5035,.T.);
#3138=EDGE_CURVE('',#4231,#4233,#5036,.T.);
#3139=EDGE_CURVE('',#4232,#4234,#5037,.T.);
#3140=EDGE_CURVE('',#4234,#4233,#5038,.T.);
#3141=EDGE_CURVE('',#4233,#4194,#5039,.T.);
#3142=EDGE_CURVE('',#4234,#4191,#5040,.T.);
#3143=EDGE_CURVE('',#4235,#4236,#5041,.T.);
#3144=EDGE_CURVE('',#4237,#4235,#5042,.T.);
#3145=EDGE_CURVE('',#4237,#4238,#5043,.T.);
#3146=EDGE_CURVE('',#4238,#4236,#5044,.T.);
#3147=EDGE_CURVE('',#4236,#4239,#5045,.T.);
#3148=EDGE_CURVE('',#4238,#4240,#5046,.T.);
#3149=EDGE_CURVE('',#4240,#4239,#5047,.T.);
#3150=EDGE_CURVE('',#4239,#4004,#5048,.T.);
#3151=EDGE_CURVE('',#4240,#4005,#5049,.T.);
#3152=EDGE_CURVE('',#4024,#4241,#5050,.T.);
#3153=EDGE_CURVE('',#4023,#4242,#5051,.T.);
#3154=EDGE_CURVE('',#4242,#4241,#5052,.T.);
#3155=EDGE_CURVE('',#4241,#4243,#5053,.T.);
#3156=EDGE_CURVE('',#4242,#4244,#5054,.T.);
#3157=EDGE_CURVE('',#4244,#4243,#5055,.T.);
#3158=EDGE_CURVE('',#4243,#4245,#5056,.T.);
#3159=EDGE_CURVE('',#4244,#4246,#5057,.T.);
#3160=EDGE_CURVE('',#4246,#4245,#5058,.T.);
#3161=EDGE_CURVE('',#4245,#4247,#5059,.T.);
#3162=EDGE_CURVE('',#4246,#4248,#5060,.T.);
#3163=EDGE_CURVE('',#4248,#4247,#5061,.T.);
#3164=EDGE_CURVE('',#4247,#4235,#5062,.T.);
#3165=EDGE_CURVE('',#4248,#4237,#5063,.T.);
#3166=EDGE_CURVE('',#4249,#4250,#5064,.T.);
#3167=EDGE_CURVE('',#4251,#4249,#5065,.T.);
#3168=EDGE_CURVE('',#4251,#4252,#5066,.T.);
#3169=EDGE_CURVE('',#4252,#4250,#5067,.T.);
#3170=EDGE_CURVE('',#4250,#4253,#5068,.T.);
#3171=EDGE_CURVE('',#4252,#4254,#5069,.T.);
#3172=EDGE_CURVE('',#4254,#4253,#5070,.T.);
#3173=EDGE_CURVE('',#4253,#4006,#5071,.T.);
#3174=EDGE_CURVE('',#4254,#4007,#5072,.T.);
#3175=EDGE_CURVE('',#4022,#4255,#5073,.T.);
#3176=EDGE_CURVE('',#4021,#4256,#5074,.T.);
#3177=EDGE_CURVE('',#4256,#4255,#5075,.T.);
#3178=EDGE_CURVE('',#4255,#4257,#5076,.T.);
#3179=EDGE_CURVE('',#4256,#4258,#5077,.T.);
#3180=EDGE_CURVE('',#4258,#4257,#5078,.T.);
#3181=EDGE_CURVE('',#4257,#4259,#5079,.T.);
#3182=EDGE_CURVE('',#4258,#4260,#5080,.T.);
#3183=EDGE_CURVE('',#4260,#4259,#5081,.T.);
#3184=EDGE_CURVE('',#4259,#4261,#5082,.T.);
#3185=EDGE_CURVE('',#4260,#4262,#5083,.T.);
#3186=EDGE_CURVE('',#4262,#4261,#5084,.T.);
#3187=EDGE_CURVE('',#4261,#4249,#5085,.T.);
#3188=EDGE_CURVE('',#4262,#4251,#5086,.T.);
#3189=EDGE_CURVE('',#4263,#4264,#5087,.T.);
#3190=EDGE_CURVE('',#4265,#4263,#5088,.T.);
#3191=EDGE_CURVE('',#4265,#4266,#5089,.T.);
#3192=EDGE_CURVE('',#4266,#4264,#5090,.T.);
#3193=EDGE_CURVE('',#4264,#4267,#5091,.T.);
#3194=EDGE_CURVE('',#4266,#4268,#5092,.T.);
#3195=EDGE_CURVE('',#4268,#4267,#5093,.T.);
#3196=EDGE_CURVE('',#4267,#4008,#5094,.T.);
#3197=EDGE_CURVE('',#4268,#4009,#5095,.T.);
#3198=EDGE_CURVE('',#4020,#4269,#5096,.T.);
#3199=EDGE_CURVE('',#4019,#4270,#5097,.T.);
#3200=EDGE_CURVE('',#4270,#4269,#5098,.T.);
#3201=EDGE_CURVE('',#4269,#4271,#5099,.T.);
#3202=EDGE_CURVE('',#4270,#4272,#5100,.T.);
#3203=EDGE_CURVE('',#4272,#4271,#5101,.T.);
#3204=EDGE_CURVE('',#4271,#4273,#5102,.T.);
#3205=EDGE_CURVE('',#4272,#4274,#5103,.T.);
#3206=EDGE_CURVE('',#4274,#4273,#5104,.T.);
#3207=EDGE_CURVE('',#4273,#4275,#5105,.T.);
#3208=EDGE_CURVE('',#4274,#4276,#5106,.T.);
#3209=EDGE_CURVE('',#4276,#4275,#5107,.T.);
#3210=EDGE_CURVE('',#4275,#4263,#5108,.T.);
#3211=EDGE_CURVE('',#4276,#4265,#5109,.T.);
#3212=EDGE_CURVE('',#4277,#4278,#5110,.T.);
#3213=EDGE_CURVE('',#4279,#4277,#5111,.T.);
#3214=EDGE_CURVE('',#4279,#4280,#5112,.T.);
#3215=EDGE_CURVE('',#4280,#4278,#5113,.T.);
#3216=EDGE_CURVE('',#4278,#4281,#5114,.T.);
#3217=EDGE_CURVE('',#4280,#4282,#5115,.T.);
#3218=EDGE_CURVE('',#4282,#4281,#5116,.T.);
#3219=EDGE_CURVE('',#4281,#4012,#5117,.T.);
#3220=EDGE_CURVE('',#4282,#4013,#5118,.T.);
#3221=EDGE_CURVE('',#4028,#4283,#5119,.T.);
#3222=EDGE_CURVE('',#4027,#4284,#5120,.T.);
#3223=EDGE_CURVE('',#4284,#4283,#5121,.T.);
#3224=EDGE_CURVE('',#4283,#4285,#5122,.T.);
#3225=EDGE_CURVE('',#4284,#4286,#5123,.T.);
#3226=EDGE_CURVE('',#4286,#4285,#5124,.T.);
#3227=EDGE_CURVE('',#4285,#4287,#5125,.T.);
#3228=EDGE_CURVE('',#4286,#4288,#5126,.T.);
#3229=EDGE_CURVE('',#4288,#4287,#5127,.T.);
#3230=EDGE_CURVE('',#4287,#4289,#5128,.T.);
#3231=EDGE_CURVE('',#4288,#4290,#5129,.T.);
#3232=EDGE_CURVE('',#4290,#4289,#5130,.T.);
#3233=EDGE_CURVE('',#4289,#4277,#5131,.T.);
#3234=EDGE_CURVE('',#4290,#4279,#5132,.T.);
#3235=EDGE_CURVE('',#4291,#4292,#5133,.T.);
#3236=EDGE_CURVE('',#4293,#4291,#5134,.T.);
#3237=EDGE_CURVE('',#4293,#4294,#5135,.T.);
#3238=EDGE_CURVE('',#4294,#4292,#5136,.T.);
#3239=EDGE_CURVE('',#4292,#4295,#5137,.T.);
#3240=EDGE_CURVE('',#4294,#4296,#5138,.T.);
#3241=EDGE_CURVE('',#4296,#4295,#5139,.T.);
#3242=EDGE_CURVE('',#4295,#4010,#5140,.T.);
#3243=EDGE_CURVE('',#4296,#4011,#5141,.T.);
#3244=EDGE_CURVE('',#4018,#4297,#5142,.T.);
#3245=EDGE_CURVE('',#4017,#4298,#5143,.T.);
#3246=EDGE_CURVE('',#4298,#4297,#5144,.T.);
#3247=EDGE_CURVE('',#4297,#4299,#5145,.T.);
#3248=EDGE_CURVE('',#4298,#4300,#5146,.T.);
#3249=EDGE_CURVE('',#4300,#4299,#5147,.T.);
#3250=EDGE_CURVE('',#4299,#4301,#5148,.T.);
#3251=EDGE_CURVE('',#4300,#4302,#5149,.T.);
#3252=EDGE_CURVE('',#4302,#4301,#5150,.T.);
#3253=EDGE_CURVE('',#4301,#4303,#5151,.T.);
#3254=EDGE_CURVE('',#4302,#4304,#5152,.T.);
#3255=EDGE_CURVE('',#4304,#4303,#5153,.T.);
#3256=EDGE_CURVE('',#4303,#4291,#5154,.T.);
#3257=EDGE_CURVE('',#4304,#4293,#5155,.T.);
#3258=EDGE_CURVE('',#4305,#4109,#5156,.T.);
#3259=EDGE_CURVE('',#4306,#4305,#5157,.T.);
#3260=EDGE_CURVE('',#4306,#4110,#5158,.T.);
#3261=EDGE_CURVE('',#3911,#4307,#5159,.T.);
#3262=EDGE_CURVE('',#3910,#4308,#5160,.T.);
#3263=EDGE_CURVE('',#4308,#4307,#5161,.T.);
#3264=EDGE_CURVE('',#4307,#4309,#5162,.T.);
#3265=EDGE_CURVE('',#4308,#4310,#5163,.T.);
#3266=EDGE_CURVE('',#4310,#4309,#5164,.T.);
#3267=EDGE_CURVE('',#4309,#4311,#5165,.T.);
#3268=EDGE_CURVE('',#4310,#4312,#5166,.T.);
#3269=EDGE_CURVE('',#4312,#4311,#5167,.T.);
#3270=EDGE_CURVE('',#4311,#4313,#5168,.T.);
#3271=EDGE_CURVE('',#4312,#4314,#5169,.T.);
#3272=EDGE_CURVE('',#4314,#4313,#5170,.T.);
#3273=EDGE_CURVE('',#4313,#4315,#5171,.T.);
#3274=EDGE_CURVE('',#4314,#4316,#5172,.T.);
#3275=EDGE_CURVE('',#4316,#4315,#5173,.T.);
#3276=EDGE_CURVE('',#4315,#4317,#5174,.T.);
#3277=EDGE_CURVE('',#4316,#4318,#5175,.T.);
#3278=EDGE_CURVE('',#4318,#4317,#5176,.T.);
#3279=EDGE_CURVE('',#4317,#4305,#5177,.T.);
#3280=EDGE_CURVE('',#4318,#4306,#5178,.T.);
#3281=EDGE_CURVE('',#4319,#4111,#5179,.T.);
#3282=EDGE_CURVE('',#4320,#4319,#5180,.T.);
#3283=EDGE_CURVE('',#4320,#4112,#5181,.T.);
#3284=EDGE_CURVE('',#3909,#4321,#5182,.T.);
#3285=EDGE_CURVE('',#3908,#4322,#5183,.T.);
#3286=EDGE_CURVE('',#4322,#4321,#5184,.T.);
#3287=EDGE_CURVE('',#4321,#4323,#5185,.T.);
#3288=EDGE_CURVE('',#4322,#4324,#5186,.T.);
#3289=EDGE_CURVE('',#4324,#4323,#5187,.T.);
#3290=EDGE_CURVE('',#4323,#4325,#5188,.T.);
#3291=EDGE_CURVE('',#4324,#4326,#5189,.T.);
#3292=EDGE_CURVE('',#4326,#4325,#5190,.T.);
#3293=EDGE_CURVE('',#4325,#4327,#5191,.T.);
#3294=EDGE_CURVE('',#4326,#4328,#5192,.T.);
#3295=EDGE_CURVE('',#4328,#4327,#5193,.T.);
#3296=EDGE_CURVE('',#4327,#4329,#5194,.T.);
#3297=EDGE_CURVE('',#4328,#4330,#5195,.T.);
#3298=EDGE_CURVE('',#4330,#4329,#5196,.T.);
#3299=EDGE_CURVE('',#4329,#4331,#5197,.T.);
#3300=EDGE_CURVE('',#4330,#4332,#5198,.T.);
#3301=EDGE_CURVE('',#4332,#4331,#5199,.T.);
#3302=EDGE_CURVE('',#4331,#4319,#5200,.T.);
#3303=EDGE_CURVE('',#4332,#4320,#5201,.T.);
#3304=EDGE_CURVE('',#4333,#4113,#5202,.T.);
#3305=EDGE_CURVE('',#4334,#4333,#5203,.T.);
#3306=EDGE_CURVE('',#4334,#4114,#5204,.T.);
#3307=EDGE_CURVE('',#3907,#4335,#5205,.T.);
#3308=EDGE_CURVE('',#3906,#4336,#5206,.T.);
#3309=EDGE_CURVE('',#4336,#4335,#5207,.T.);
#3310=EDGE_CURVE('',#4335,#4337,#5208,.T.);
#3311=EDGE_CURVE('',#4336,#4338,#5209,.T.);
#3312=EDGE_CURVE('',#4338,#4337,#5210,.T.);
#3313=EDGE_CURVE('',#4337,#4339,#5211,.T.);
#3314=EDGE_CURVE('',#4338,#4340,#5212,.T.);
#3315=EDGE_CURVE('',#4340,#4339,#5213,.T.);
#3316=EDGE_CURVE('',#4339,#4341,#5214,.T.);
#3317=EDGE_CURVE('',#4340,#4342,#5215,.T.);
#3318=EDGE_CURVE('',#4342,#4341,#5216,.T.);
#3319=EDGE_CURVE('',#4341,#4343,#5217,.T.);
#3320=EDGE_CURVE('',#4342,#4344,#5218,.T.);
#3321=EDGE_CURVE('',#4344,#4343,#5219,.T.);
#3322=EDGE_CURVE('',#4343,#4345,#5220,.T.);
#3323=EDGE_CURVE('',#4344,#4346,#5221,.T.);
#3324=EDGE_CURVE('',#4346,#4345,#5222,.T.);
#3325=EDGE_CURVE('',#4345,#4333,#5223,.T.);
#3326=EDGE_CURVE('',#4346,#4334,#5224,.T.);
#3327=EDGE_CURVE('',#4347,#4107,#5225,.T.);
#3328=EDGE_CURVE('',#4348,#4347,#5226,.T.);
#3329=EDGE_CURVE('',#4348,#4108,#5227,.T.);
#3330=EDGE_CURVE('',#3903,#4349,#5228,.T.);
#3331=EDGE_CURVE('',#3902,#4350,#5229,.T.);
#3332=EDGE_CURVE('',#4350,#4349,#5230,.T.);
#3333=EDGE_CURVE('',#4349,#4351,#5231,.T.);
#3334=EDGE_CURVE('',#4350,#4352,#5232,.T.);
#3335=EDGE_CURVE('',#4352,#4351,#5233,.T.);
#3336=EDGE_CURVE('',#4351,#4353,#5234,.T.);
#3337=EDGE_CURVE('',#4352,#4354,#5235,.T.);
#3338=EDGE_CURVE('',#4354,#4353,#5236,.T.);
#3339=EDGE_CURVE('',#4353,#4355,#5237,.T.);
#3340=EDGE_CURVE('',#4354,#4356,#5238,.T.);
#3341=EDGE_CURVE('',#4356,#4355,#5239,.T.);
#3342=EDGE_CURVE('',#4355,#4357,#5240,.T.);
#3343=EDGE_CURVE('',#4356,#4358,#5241,.T.);
#3344=EDGE_CURVE('',#4358,#4357,#5242,.T.);
#3345=EDGE_CURVE('',#4357,#4359,#5243,.T.);
#3346=EDGE_CURVE('',#4358,#4360,#5244,.T.);
#3347=EDGE_CURVE('',#4360,#4359,#5245,.T.);
#3348=EDGE_CURVE('',#4359,#4347,#5246,.T.);
#3349=EDGE_CURVE('',#4360,#4348,#5247,.T.);
#3350=EDGE_CURVE('',#4361,#4106,#5248,.T.);
#3351=EDGE_CURVE('',#4362,#4361,#5249,.T.);
#3352=EDGE_CURVE('',#4362,#4105,#5250,.T.);
#3353=EDGE_CURVE('',#3905,#4363,#5251,.T.);
#3354=EDGE_CURVE('',#3904,#4364,#5252,.T.);
#3355=EDGE_CURVE('',#4364,#4363,#5253,.T.);
#3356=EDGE_CURVE('',#4363,#4365,#5254,.T.);
#3357=EDGE_CURVE('',#4364,#4366,#5255,.T.);
#3358=EDGE_CURVE('',#4366,#4365,#5256,.T.);
#3359=EDGE_CURVE('',#4365,#4367,#5257,.T.);
#3360=EDGE_CURVE('',#4366,#4368,#5258,.T.);
#3361=EDGE_CURVE('',#4368,#4367,#5259,.T.);
#3362=EDGE_CURVE('',#4367,#4369,#5260,.T.);
#3363=EDGE_CURVE('',#4368,#4370,#5261,.T.);
#3364=EDGE_CURVE('',#4370,#4369,#5262,.T.);
#3365=EDGE_CURVE('',#4369,#4371,#5263,.T.);
#3366=EDGE_CURVE('',#4370,#4372,#5264,.T.);
#3367=EDGE_CURVE('',#4372,#4371,#5265,.T.);
#3368=EDGE_CURVE('',#4371,#4373,#5266,.T.);
#3369=EDGE_CURVE('',#4372,#4374,#5267,.T.);
#3370=EDGE_CURVE('',#4374,#4373,#5268,.T.);
#3371=EDGE_CURVE('',#4373,#4361,#5269,.T.);
#3372=EDGE_CURVE('',#4374,#4362,#5270,.T.);
#3373=EDGE_CURVE('',#4001,#4375,#5271,.T.);
#3374=EDGE_CURVE('',#4375,#4376,#5272,.T.);
#3375=EDGE_CURVE('',#4002,#4376,#5273,.T.);
#3376=EDGE_CURVE('',#4377,#3984,#5274,.T.);
#3377=EDGE_CURVE('',#4375,#4377,#5275,.T.);
#3378=EDGE_CURVE('',#4376,#4378,#5276,.T.);
#3379=EDGE_CURVE('',#4378,#3983,#5277,.T.);
#3380=EDGE_CURVE('',#4377,#4378,#5278,.T.);
#3381=EDGE_CURVE('',#3999,#4379,#5279,.T.);
#3382=EDGE_CURVE('',#4379,#4380,#5280,.T.);
#3383=EDGE_CURVE('',#4000,#4380,#5281,.T.);
#3384=EDGE_CURVE('',#4381,#3988,#5282,.T.);
#3385=EDGE_CURVE('',#4379,#4381,#5283,.T.);
#3386=EDGE_CURVE('',#4380,#4382,#5284,.T.);
#3387=EDGE_CURVE('',#4382,#3987,#5285,.T.);
#3388=EDGE_CURVE('',#4381,#4382,#5286,.T.);
#3389=EDGE_CURVE('',#3997,#4383,#5287,.T.);
#3390=EDGE_CURVE('',#4383,#4384,#5288,.T.);
#3391=EDGE_CURVE('',#3998,#4384,#5289,.T.);
#3392=EDGE_CURVE('',#4385,#3992,#5290,.T.);
#3393=EDGE_CURVE('',#4383,#4385,#5291,.T.);
#3394=EDGE_CURVE('',#4384,#4386,#5292,.T.);
#3395=EDGE_CURVE('',#4386,#3991,#5293,.T.);
#3396=EDGE_CURVE('',#4385,#4386,#5294,.T.);
#3397=EDGE_CURVE('',#4015,#4387,#5295,.T.);
#3398=EDGE_CURVE('',#4387,#4388,#5296,.T.);
#3399=EDGE_CURVE('',#4016,#4388,#5297,.T.);
#3400=EDGE_CURVE('',#4389,#3978,#5298,.T.);
#3401=EDGE_CURVE('',#4387,#4389,#5299,.T.);
#3402=EDGE_CURVE('',#4388,#4390,#5300,.T.);
#3403=EDGE_CURVE('',#4390,#3977,#5301,.T.);
#3404=EDGE_CURVE('',#4389,#4390,#5302,.T.);
#3405=EDGE_CURVE('',#3995,#4391,#5303,.T.);
#3406=EDGE_CURVE('',#4391,#4392,#5304,.T.);
#3407=EDGE_CURVE('',#3996,#4392,#5305,.T.);
#3408=EDGE_CURVE('',#4393,#3973,#5306,.T.);
#3409=EDGE_CURVE('',#4391,#4393,#5307,.T.);
#3410=EDGE_CURVE('',#4392,#4394,#5308,.T.);
#3411=EDGE_CURVE('',#4394,#3974,#5309,.T.);
#3412=EDGE_CURVE('',#4393,#4394,#5310,.T.);
#3413=EDGE_CURVE('',#4395,#3915,#5311,.T.);
#3414=EDGE_CURVE('',#4396,#4395,#5312,.T.);
#3415=EDGE_CURVE('',#4396,#3916,#5313,.T.);
#3416=EDGE_CURVE('',#4397,#4396,#5314,.T.);
#3417=EDGE_CURVE('',#3933,#4397,#5315,.T.);
#3418=EDGE_CURVE('',#3934,#4398,#5316,.T.);
#3419=EDGE_CURVE('',#4398,#4395,#5317,.T.);
#3420=EDGE_CURVE('',#4397,#4398,#5318,.T.);
#3421=EDGE_CURVE('',#4399,#3919,#5319,.T.);
#3422=EDGE_CURVE('',#4400,#4399,#5320,.T.);
#3423=EDGE_CURVE('',#4400,#3920,#5321,.T.);
#3424=EDGE_CURVE('',#4401,#4400,#5322,.T.);
#3425=EDGE_CURVE('',#3931,#4401,#5323,.T.);
#3426=EDGE_CURVE('',#3932,#4402,#5324,.T.);
#3427=EDGE_CURVE('',#4402,#4399,#5325,.T.);
#3428=EDGE_CURVE('',#4401,#4402,#5326,.T.);
#3429=EDGE_CURVE('',#4403,#3923,#5327,.T.);
#3430=EDGE_CURVE('',#4404,#4403,#5328,.T.);
#3431=EDGE_CURVE('',#4404,#3924,#5329,.T.);
#3432=EDGE_CURVE('',#4405,#4404,#5330,.T.);
#3433=EDGE_CURVE('',#3929,#4405,#5331,.T.);
#3434=EDGE_CURVE('',#3930,#4406,#5332,.T.);
#3435=EDGE_CURVE('',#4406,#4403,#5333,.T.);
#3436=EDGE_CURVE('',#4405,#4406,#5334,.T.);
#3437=EDGE_CURVE('',#4407,#3897,#5335,.T.);
#3438=EDGE_CURVE('',#4408,#4407,#5336,.T.);
#3439=EDGE_CURVE('',#4408,#3898,#5337,.T.);
#3440=EDGE_CURVE('',#4409,#4408,#5338,.T.);
#3441=EDGE_CURVE('',#3937,#4409,#5339,.T.);
#3442=EDGE_CURVE('',#3938,#4410,#5340,.T.);
#3443=EDGE_CURVE('',#4410,#4407,#5341,.T.);
#3444=EDGE_CURVE('',#4409,#4410,#5342,.T.);
#3445=EDGE_CURVE('',#4411,#3894,#5343,.T.);
#3446=EDGE_CURVE('',#4412,#4411,#5344,.T.);
#3447=EDGE_CURVE('',#4412,#3893,#5345,.T.);
#3448=EDGE_CURVE('',#4413,#4412,#5346,.T.);
#3449=EDGE_CURVE('',#3927,#4413,#5347,.T.);
#3450=EDGE_CURVE('',#3928,#4414,#5348,.T.);
#3451=EDGE_CURVE('',#4414,#4411,#5349,.T.);
#3452=EDGE_CURVE('',#4413,#4414,#5350,.T.);
#3453=EDGE_CURVE('',#4415,#4416,#5351,.T.);
#3454=EDGE_CURVE('',#4417,#4415,#5352,.T.);
#3455=EDGE_CURVE('',#4417,#4418,#5353,.T.);
#3456=EDGE_CURVE('',#4418,#4416,#5354,.T.);
#3457=EDGE_CURVE('',#4416,#4419,#133,.T.);
#3458=EDGE_CURVE('',#4418,#4420,#134,.T.);
#3459=EDGE_CURVE('',#4420,#4419,#5355,.T.);
#3460=EDGE_CURVE('',#4419,#4421,#5356,.T.);
#3461=EDGE_CURVE('',#4420,#4422,#5357,.T.);
#3462=EDGE_CURVE('',#4422,#4421,#5358,.T.);
#3463=EDGE_CURVE('',#4421,#4423,#5359,.T.);
#3464=EDGE_CURVE('',#4422,#4424,#5360,.T.);
#3465=EDGE_CURVE('',#4424,#4423,#5361,.T.);
#3466=EDGE_CURVE('',#4423,#4425,#5362,.T.);
#3467=EDGE_CURVE('',#4424,#4426,#5363,.T.);
#3468=EDGE_CURVE('',#4426,#4425,#5364,.T.);
#3469=EDGE_CURVE('',#4425,#4427,#5365,.T.);
#3470=EDGE_CURVE('',#4426,#4428,#5366,.T.);
#3471=EDGE_CURVE('',#4428,#4427,#5367,.T.);
#3472=EDGE_CURVE('',#4427,#4429,#5368,.T.);
#3473=EDGE_CURVE('',#4428,#4430,#5369,.T.);
#3474=EDGE_CURVE('',#4430,#4429,#5370,.T.);
#3475=EDGE_CURVE('',#4429,#4431,#135,.T.);
#3476=EDGE_CURVE('',#4430,#4432,#136,.T.);
#3477=EDGE_CURVE('',#4432,#4431,#5371,.T.);
#3478=EDGE_CURVE('',#4431,#4433,#5372,.T.);
#3479=EDGE_CURVE('',#4432,#4434,#5373,.T.);
#3480=EDGE_CURVE('',#4434,#4433,#5374,.T.);
#3481=EDGE_CURVE('',#4433,#4435,#137,.T.);
#3482=EDGE_CURVE('',#4434,#4436,#138,.T.);
#3483=EDGE_CURVE('',#4436,#4435,#5375,.T.);
#3484=EDGE_CURVE('',#4435,#4437,#5376,.T.);
#3485=EDGE_CURVE('',#4436,#4438,#5377,.T.);
#3486=EDGE_CURVE('',#4438,#4437,#5378,.T.);
#3487=EDGE_CURVE('',#4437,#4046,#5379,.T.);
#3488=EDGE_CURVE('',#4438,#4045,#5380,.T.);
#3489=EDGE_CURVE('',#4048,#4439,#5381,.T.);
#3490=EDGE_CURVE('',#4047,#4440,#5382,.T.);
#3491=EDGE_CURVE('',#4440,#4439,#5383,.T.);
#3492=EDGE_CURVE('',#4439,#4441,#5384,.T.);
#3493=EDGE_CURVE('',#4440,#4442,#5385,.T.);
#3494=EDGE_CURVE('',#4442,#4441,#5386,.T.);
#3495=EDGE_CURVE('',#4441,#4415,#139,.T.);
#3496=EDGE_CURVE('',#4442,#4417,#140,.T.);
#3497=EDGE_CURVE('',#4443,#4444,#5387,.T.);
#3498=EDGE_CURVE('',#4445,#4443,#5388,.T.);
#3499=EDGE_CURVE('',#4445,#4446,#5389,.T.);
#3500=EDGE_CURVE('',#4446,#4444,#5390,.T.);
#3501=EDGE_CURVE('',#4444,#4447,#141,.T.);
#3502=EDGE_CURVE('',#4446,#4448,#142,.T.);
#3503=EDGE_CURVE('',#4448,#4447,#5391,.T.);
#3504=EDGE_CURVE('',#4447,#4449,#5392,.T.);
#3505=EDGE_CURVE('',#4448,#4450,#5393,.T.);
#3506=EDGE_CURVE('',#4450,#4449,#5394,.T.);
#3507=EDGE_CURVE('',#4449,#4451,#5395,.T.);
#3508=EDGE_CURVE('',#4450,#4452,#5396,.T.);
#3509=EDGE_CURVE('',#4452,#4451,#5397,.T.);
#3510=EDGE_CURVE('',#4451,#4453,#5398,.T.);
#3511=EDGE_CURVE('',#4452,#4454,#5399,.T.);
#3512=EDGE_CURVE('',#4454,#4453,#5400,.T.);
#3513=EDGE_CURVE('',#4453,#4455,#5401,.T.);
#3514=EDGE_CURVE('',#4454,#4456,#5402,.T.);
#3515=EDGE_CURVE('',#4456,#4455,#5403,.T.);
#3516=EDGE_CURVE('',#4455,#4457,#5404,.T.);
#3517=EDGE_CURVE('',#4456,#4458,#5405,.T.);
#3518=EDGE_CURVE('',#4458,#4457,#5406,.T.);
#3519=EDGE_CURVE('',#4457,#4459,#143,.T.);
#3520=EDGE_CURVE('',#4458,#4460,#144,.T.);
#3521=EDGE_CURVE('',#4460,#4459,#5407,.T.);
#3522=EDGE_CURVE('',#4459,#4461,#5408,.T.);
#3523=EDGE_CURVE('',#4460,#4462,#5409,.T.);
#3524=EDGE_CURVE('',#4462,#4461,#5410,.T.);
#3525=EDGE_CURVE('',#4461,#4463,#145,.T.);
#3526=EDGE_CURVE('',#4462,#4464,#146,.T.);
#3527=EDGE_CURVE('',#4464,#4463,#5411,.T.);
#3528=EDGE_CURVE('',#4463,#4465,#5412,.T.);
#3529=EDGE_CURVE('',#4464,#4466,#5413,.T.);
#3530=EDGE_CURVE('',#4466,#4465,#5414,.T.);
#3531=EDGE_CURVE('',#4465,#4042,#5415,.T.);
#3532=EDGE_CURVE('',#4466,#4041,#5416,.T.);
#3533=EDGE_CURVE('',#4044,#4467,#5417,.T.);
#3534=EDGE_CURVE('',#4043,#4468,#5418,.T.);
#3535=EDGE_CURVE('',#4468,#4467,#5419,.T.);
#3536=EDGE_CURVE('',#4467,#4469,#5420,.T.);
#3537=EDGE_CURVE('',#4468,#4470,#5421,.T.);
#3538=EDGE_CURVE('',#4470,#4469,#5422,.T.);
#3539=EDGE_CURVE('',#4469,#4443,#147,.T.);
#3540=EDGE_CURVE('',#4470,#4445,#148,.T.);
#3541=EDGE_CURVE('',#4471,#4472,#5423,.T.);
#3542=EDGE_CURVE('',#4473,#4471,#5424,.T.);
#3543=EDGE_CURVE('',#4473,#4474,#5425,.T.);
#3544=EDGE_CURVE('',#4474,#4472,#5426,.T.);
#3545=EDGE_CURVE('',#4472,#4475,#149,.T.);
#3546=EDGE_CURVE('',#4474,#4476,#150,.T.);
#3547=EDGE_CURVE('',#4476,#4475,#5427,.T.);
#3548=EDGE_CURVE('',#4475,#4477,#5428,.T.);
#3549=EDGE_CURVE('',#4476,#4478,#5429,.T.);
#3550=EDGE_CURVE('',#4478,#4477,#5430,.T.);
#3551=EDGE_CURVE('',#4477,#4479,#5431,.T.);
#3552=EDGE_CURVE('',#4478,#4480,#5432,.T.);
#3553=EDGE_CURVE('',#4480,#4479,#5433,.T.);
#3554=EDGE_CURVE('',#4479,#4481,#5434,.T.);
#3555=EDGE_CURVE('',#4480,#4482,#5435,.T.);
#3556=EDGE_CURVE('',#4482,#4481,#5436,.T.);
#3557=EDGE_CURVE('',#4481,#4483,#5437,.T.);
#3558=EDGE_CURVE('',#4482,#4484,#5438,.T.);
#3559=EDGE_CURVE('',#4484,#4483,#5439,.T.);
#3560=EDGE_CURVE('',#4483,#4485,#5440,.T.);
#3561=EDGE_CURVE('',#4484,#4486,#5441,.T.);
#3562=EDGE_CURVE('',#4486,#4485,#5442,.T.);
#3563=EDGE_CURVE('',#4485,#4487,#151,.T.);
#3564=EDGE_CURVE('',#4486,#4488,#152,.T.);
#3565=EDGE_CURVE('',#4488,#4487,#5443,.T.);
#3566=EDGE_CURVE('',#4487,#4489,#5444,.T.);
#3567=EDGE_CURVE('',#4488,#4490,#5445,.T.);
#3568=EDGE_CURVE('',#4490,#4489,#5446,.T.);
#3569=EDGE_CURVE('',#4489,#4491,#153,.T.);
#3570=EDGE_CURVE('',#4490,#4492,#154,.T.);
#3571=EDGE_CURVE('',#4492,#4491,#5447,.T.);
#3572=EDGE_CURVE('',#4491,#4493,#5448,.T.);
#3573=EDGE_CURVE('',#4492,#4494,#5449,.T.);
#3574=EDGE_CURVE('',#4494,#4493,#5450,.T.);
#3575=EDGE_CURVE('',#4493,#4038,#5451,.T.);
#3576=EDGE_CURVE('',#4494,#4037,#5452,.T.);
#3577=EDGE_CURVE('',#4040,#4495,#5453,.T.);
#3578=EDGE_CURVE('',#4039,#4496,#5454,.T.);
#3579=EDGE_CURVE('',#4496,#4495,#5455,.T.);
#3580=EDGE_CURVE('',#4495,#4497,#5456,.T.);
#3581=EDGE_CURVE('',#4496,#4498,#5457,.T.);
#3582=EDGE_CURVE('',#4498,#4497,#5458,.T.);
#3583=EDGE_CURVE('',#4497,#4471,#155,.T.);
#3584=EDGE_CURVE('',#4498,#4473,#156,.T.);
#3585=EDGE_CURVE('',#4499,#4500,#5459,.T.);
#3586=EDGE_CURVE('',#4501,#4499,#5460,.T.);
#3587=EDGE_CURVE('',#4501,#4502,#5461,.T.);
#3588=EDGE_CURVE('',#4502,#4500,#5462,.T.);
#3589=EDGE_CURVE('',#4500,#4503,#157,.T.);
#3590=EDGE_CURVE('',#4502,#4504,#158,.T.);
#3591=EDGE_CURVE('',#4504,#4503,#5463,.T.);
#3592=EDGE_CURVE('',#4503,#4505,#5464,.T.);
#3593=EDGE_CURVE('',#4504,#4506,#5465,.T.);
#3594=EDGE_CURVE('',#4506,#4505,#5466,.T.);
#3595=EDGE_CURVE('',#4505,#4507,#5467,.T.);
#3596=EDGE_CURVE('',#4506,#4508,#5468,.T.);
#3597=EDGE_CURVE('',#4508,#4507,#5469,.T.);
#3598=EDGE_CURVE('',#4507,#4509,#5470,.T.);
#3599=EDGE_CURVE('',#4508,#4510,#5471,.T.);
#3600=EDGE_CURVE('',#4510,#4509,#5472,.T.);
#3601=EDGE_CURVE('',#4509,#4511,#5473,.T.);
#3602=EDGE_CURVE('',#4510,#4512,#5474,.T.);
#3603=EDGE_CURVE('',#4512,#4511,#5475,.T.);
#3604=EDGE_CURVE('',#4511,#4513,#5476,.T.);
#3605=EDGE_CURVE('',#4512,#4514,#5477,.T.);
#3606=EDGE_CURVE('',#4514,#4513,#5478,.T.);
#3607=EDGE_CURVE('',#4513,#4515,#159,.T.);
#3608=EDGE_CURVE('',#4514,#4516,#160,.T.);
#3609=EDGE_CURVE('',#4516,#4515,#5479,.T.);
#3610=EDGE_CURVE('',#4515,#4517,#5480,.T.);
#3611=EDGE_CURVE('',#4516,#4518,#5481,.T.);
#3612=EDGE_CURVE('',#4518,#4517,#5482,.T.);
#3613=EDGE_CURVE('',#4517,#4519,#161,.T.);
#3614=EDGE_CURVE('',#4518,#4520,#162,.T.);
#3615=EDGE_CURVE('',#4520,#4519,#5483,.T.);
#3616=EDGE_CURVE('',#4519,#4521,#5484,.T.);
#3617=EDGE_CURVE('',#4520,#4522,#5485,.T.);
#3618=EDGE_CURVE('',#4522,#4521,#5486,.T.);
#3619=EDGE_CURVE('',#4521,#4034,#5487,.T.);
#3620=EDGE_CURVE('',#4522,#4033,#5488,.T.);
#3621=EDGE_CURVE('',#4036,#4523,#5489,.T.);
#3622=EDGE_CURVE('',#4035,#4524,#5490,.T.);
#3623=EDGE_CURVE('',#4524,#4523,#5491,.T.);
#3624=EDGE_CURVE('',#4523,#4525,#5492,.T.);
#3625=EDGE_CURVE('',#4524,#4526,#5493,.T.);
#3626=EDGE_CURVE('',#4526,#4525,#5494,.T.);
#3627=EDGE_CURVE('',#4525,#4499,#163,.T.);
#3628=EDGE_CURVE('',#4526,#4501,#164,.T.);
#3629=EDGE_CURVE('',#4527,#4528,#5495,.T.);
#3630=EDGE_CURVE('',#4529,#4527,#5496,.T.);
#3631=EDGE_CURVE('',#4529,#4530,#5497,.T.);
#3632=EDGE_CURVE('',#4530,#4528,#5498,.T.);
#3633=EDGE_CURVE('',#4528,#4531,#165,.T.);
#3634=EDGE_CURVE('',#4530,#4532,#166,.T.);
#3635=EDGE_CURVE('',#4532,#4531,#5499,.T.);
#3636=EDGE_CURVE('',#4531,#4533,#5500,.T.);
#3637=EDGE_CURVE('',#4532,#4534,#5501,.T.);
#3638=EDGE_CURVE('',#4534,#4533,#5502,.T.);
#3639=EDGE_CURVE('',#4533,#4535,#5503,.T.);
#3640=EDGE_CURVE('',#4534,#4536,#5504,.T.);
#3641=EDGE_CURVE('',#4536,#4535,#5505,.T.);
#3642=EDGE_CURVE('',#4535,#4537,#5506,.T.);
#3643=EDGE_CURVE('',#4536,#4538,#5507,.T.);
#3644=EDGE_CURVE('',#4538,#4537,#5508,.T.);
#3645=EDGE_CURVE('',#4537,#4539,#5509,.T.);
#3646=EDGE_CURVE('',#4538,#4540,#5510,.T.);
#3647=EDGE_CURVE('',#4540,#4539,#5511,.T.);
#3648=EDGE_CURVE('',#4539,#4541,#5512,.T.);
#3649=EDGE_CURVE('',#4540,#4542,#5513,.T.);
#3650=EDGE_CURVE('',#4542,#4541,#5514,.T.);
#3651=EDGE_CURVE('',#4541,#4543,#167,.T.);
#3652=EDGE_CURVE('',#4542,#4544,#168,.T.);
#3653=EDGE_CURVE('',#4544,#4543,#5515,.T.);
#3654=EDGE_CURVE('',#4543,#4545,#5516,.T.);
#3655=EDGE_CURVE('',#4544,#4546,#5517,.T.);
#3656=EDGE_CURVE('',#4546,#4545,#5518,.T.);
#3657=EDGE_CURVE('',#4545,#4547,#169,.T.);
#3658=EDGE_CURVE('',#4546,#4548,#170,.T.);
#3659=EDGE_CURVE('',#4548,#4547,#5519,.T.);
#3660=EDGE_CURVE('',#4547,#4549,#5520,.T.);
#3661=EDGE_CURVE('',#4548,#4550,#5521,.T.);
#3662=EDGE_CURVE('',#4550,#4549,#5522,.T.);
#3663=EDGE_CURVE('',#4549,#4030,#5523,.T.);
#3664=EDGE_CURVE('',#4550,#4029,#5524,.T.);
#3665=EDGE_CURVE('',#4032,#4551,#5525,.T.);
#3666=EDGE_CURVE('',#4031,#4552,#5526,.T.);
#3667=EDGE_CURVE('',#4552,#4551,#5527,.T.);
#3668=EDGE_CURVE('',#4551,#4553,#5528,.T.);
#3669=EDGE_CURVE('',#4552,#4554,#5529,.T.);
#3670=EDGE_CURVE('',#4554,#4553,#5530,.T.);
#3671=EDGE_CURVE('',#4553,#4527,#171,.T.);
#3672=EDGE_CURVE('',#4554,#4529,#172,.T.);
#3673=EDGE_CURVE('',#4555,#4556,#173,.T.);
#3674=EDGE_CURVE('',#4557,#4555,#5531,.T.);
#3675=EDGE_CURVE('',#4557,#4558,#174,.T.);
#3676=EDGE_CURVE('',#4558,#4556,#5532,.T.);
#3677=EDGE_CURVE('',#4556,#4559,#5533,.T.);
#3678=EDGE_CURVE('',#4558,#4560,#5534,.T.);
#3679=EDGE_CURVE('',#4560,#4559,#5535,.T.);
#3680=EDGE_CURVE('',#4559,#4561,#175,.T.);
#3681=EDGE_CURVE('',#4560,#4562,#176,.T.);
#3682=EDGE_CURVE('',#4562,#4561,#5536,.T.);
#3683=EDGE_CURVE('',#4561,#4563,#5537,.T.);
#3684=EDGE_CURVE('',#4562,#4564,#5538,.T.);
#3685=EDGE_CURVE('',#4564,#4563,#5539,.T.);
#3686=EDGE_CURVE('',#4563,#4100,#5540,.T.);
#3687=EDGE_CURVE('',#4564,#4099,#5541,.T.);
#3688=EDGE_CURVE('',#4102,#4565,#5542,.T.);
#3689=EDGE_CURVE('',#4101,#4566,#5543,.T.);
#3690=EDGE_CURVE('',#4566,#4565,#5544,.T.);
#3691=EDGE_CURVE('',#4565,#4567,#5545,.T.);
#3692=EDGE_CURVE('',#4566,#4568,#5546,.T.);
#3693=EDGE_CURVE('',#4568,#4567,#5547,.T.);
#3694=EDGE_CURVE('',#4567,#4569,#177,.T.);
#3695=EDGE_CURVE('',#4568,#4570,#178,.T.);
#3696=EDGE_CURVE('',#4570,#4569,#5548,.T.);
#3697=EDGE_CURVE('',#4569,#4571,#5549,.T.);
#3698=EDGE_CURVE('',#4570,#4572,#5550,.T.);
#3699=EDGE_CURVE('',#4572,#4571,#5551,.T.);
#3700=EDGE_CURVE('',#4571,#4573,#179,.T.);
#3701=EDGE_CURVE('',#4572,#4574,#180,.T.);
#3702=EDGE_CURVE('',#4574,#4573,#5552,.T.);
#3703=EDGE_CURVE('',#4573,#4575,#5553,.T.);
#3704=EDGE_CURVE('',#4574,#4576,#5554,.T.);
#3705=EDGE_CURVE('',#4576,#4575,#5555,.T.);
#3706=EDGE_CURVE('',#4575,#4577,#5556,.T.);
#3707=EDGE_CURVE('',#4576,#4578,#5557,.T.);
#3708=EDGE_CURVE('',#4578,#4577,#5558,.T.);
#3709=EDGE_CURVE('',#4577,#4579,#5559,.T.);
#3710=EDGE_CURVE('',#4578,#4580,#5560,.T.);
#3711=EDGE_CURVE('',#4580,#4579,#5561,.T.);
#3712=EDGE_CURVE('',#4579,#4581,#5562,.T.);
#3713=EDGE_CURVE('',#4580,#4582,#5563,.T.);
#3714=EDGE_CURVE('',#4582,#4581,#5564,.T.);
#3715=EDGE_CURVE('',#4581,#4555,#5565,.T.);
#3716=EDGE_CURVE('',#4582,#4557,#5566,.T.);
#3717=EDGE_CURVE('',#4583,#4584,#181,.T.);
#3718=EDGE_CURVE('',#4585,#4583,#5567,.T.);
#3719=EDGE_CURVE('',#4585,#4586,#182,.T.);
#3720=EDGE_CURVE('',#4586,#4584,#5568,.T.);
#3721=EDGE_CURVE('',#4584,#4587,#5569,.T.);
#3722=EDGE_CURVE('',#4586,#4588,#5570,.T.);
#3723=EDGE_CURVE('',#4588,#4587,#5571,.T.);
#3724=EDGE_CURVE('',#4587,#4589,#183,.T.);
#3725=EDGE_CURVE('',#4588,#4590,#184,.T.);
#3726=EDGE_CURVE('',#4590,#4589,#5572,.T.);
#3727=EDGE_CURVE('',#4589,#4591,#5573,.T.);
#3728=EDGE_CURVE('',#4590,#4592,#5574,.T.);
#3729=EDGE_CURVE('',#4592,#4591,#5575,.T.);
#3730=EDGE_CURVE('',#4591,#4096,#5576,.T.);
#3731=EDGE_CURVE('',#4592,#4095,#5577,.T.);
#3732=EDGE_CURVE('',#4098,#4593,#5578,.T.);
#3733=EDGE_CURVE('',#4097,#4594,#5579,.T.);
#3734=EDGE_CURVE('',#4594,#4593,#5580,.T.);
#3735=EDGE_CURVE('',#4593,#4595,#5581,.T.);
#3736=EDGE_CURVE('',#4594,#4596,#5582,.T.);
#3737=EDGE_CURVE('',#4596,#4595,#5583,.T.);
#3738=EDGE_CURVE('',#4595,#4597,#185,.T.);
#3739=EDGE_CURVE('',#4596,#4598,#186,.T.);
#3740=EDGE_CURVE('',#4598,#4597,#5584,.T.);
#3741=EDGE_CURVE('',#4597,#4599,#5585,.T.);
#3742=EDGE_CURVE('',#4598,#4600,#5586,.T.);
#3743=EDGE_CURVE('',#4600,#4599,#5587,.T.);
#3744=EDGE_CURVE('',#4599,#4601,#187,.T.);
#3745=EDGE_CURVE('',#4600,#4602,#188,.T.);
#3746=EDGE_CURVE('',#4602,#4601,#5588,.T.);
#3747=EDGE_CURVE('',#4601,#4603,#5589,.T.);
#3748=EDGE_CURVE('',#4602,#4604,#5590,.T.);
#3749=EDGE_CURVE('',#4604,#4603,#5591,.T.);
#3750=EDGE_CURVE('',#4603,#4605,#5592,.T.);
#3751=EDGE_CURVE('',#4604,#4606,#5593,.T.);
#3752=EDGE_CURVE('',#4606,#4605,#5594,.T.);
#3753=EDGE_CURVE('',#4605,#4607,#5595,.T.);
#3754=EDGE_CURVE('',#4606,#4608,#5596,.T.);
#3755=EDGE_CURVE('',#4608,#4607,#5597,.T.);
#3756=EDGE_CURVE('',#4607,#4609,#5598,.T.);
#3757=EDGE_CURVE('',#4608,#4610,#5599,.T.);
#3758=EDGE_CURVE('',#4610,#4609,#5600,.T.);
#3759=EDGE_CURVE('',#4609,#4583,#5601,.T.);
#3760=EDGE_CURVE('',#4610,#4585,#5602,.T.);
#3761=EDGE_CURVE('',#4611,#4612,#189,.T.);
#3762=EDGE_CURVE('',#4613,#4611,#5603,.T.);
#3763=EDGE_CURVE('',#4613,#4614,#190,.T.);
#3764=EDGE_CURVE('',#4614,#4612,#5604,.T.);
#3765=EDGE_CURVE('',#4612,#4615,#5605,.T.);
#3766=EDGE_CURVE('',#4614,#4616,#5606,.T.);
#3767=EDGE_CURVE('',#4616,#4615,#5607,.T.);
#3768=EDGE_CURVE('',#4615,#4617,#191,.T.);
#3769=EDGE_CURVE('',#4616,#4618,#192,.T.);
#3770=EDGE_CURVE('',#4618,#4617,#5608,.T.);
#3771=EDGE_CURVE('',#4617,#4619,#5609,.T.);
#3772=EDGE_CURVE('',#4618,#4620,#5610,.T.);
#3773=EDGE_CURVE('',#4620,#4619,#5611,.T.);
#3774=EDGE_CURVE('',#4619,#4092,#5612,.T.);
#3775=EDGE_CURVE('',#4620,#4091,#5613,.T.);
#3776=EDGE_CURVE('',#4094,#4621,#5614,.T.);
#3777=EDGE_CURVE('',#4093,#4622,#5615,.T.);
#3778=EDGE_CURVE('',#4622,#4621,#5616,.T.);
#3779=EDGE_CURVE('',#4621,#4623,#5617,.T.);
#3780=EDGE_CURVE('',#4622,#4624,#5618,.T.);
#3781=EDGE_CURVE('',#4624,#4623,#5619,.T.);
#3782=EDGE_CURVE('',#4623,#4625,#193,.T.);
#3783=EDGE_CURVE('',#4624,#4626,#194,.T.);
#3784=EDGE_CURVE('',#4626,#4625,#5620,.T.);
#3785=EDGE_CURVE('',#4625,#4627,#5621,.T.);
#3786=EDGE_CURVE('',#4626,#4628,#5622,.T.);
#3787=EDGE_CURVE('',#4628,#4627,#5623,.T.);
#3788=EDGE_CURVE('',#4627,#4629,#195,.T.);
#3789=EDGE_CURVE('',#4628,#4630,#196,.T.);
#3790=EDGE_CURVE('',#4630,#4629,#5624,.T.);
#3791=EDGE_CURVE('',#4629,#4631,#5625,.T.);
#3792=EDGE_CURVE('',#4630,#4632,#5626,.T.);
#3793=EDGE_CURVE('',#4632,#4631,#5627,.T.);
#3794=EDGE_CURVE('',#4631,#4633,#5628,.T.);
#3795=EDGE_CURVE('',#4632,#4634,#5629,.T.);
#3796=EDGE_CURVE('',#4634,#4633,#5630,.T.);
#3797=EDGE_CURVE('',#4633,#4635,#5631,.T.);
#3798=EDGE_CURVE('',#4634,#4636,#5632,.T.);
#3799=EDGE_CURVE('',#4636,#4635,#5633,.T.);
#3800=EDGE_CURVE('',#4635,#4637,#5634,.T.);
#3801=EDGE_CURVE('',#4636,#4638,#5635,.T.);
#3802=EDGE_CURVE('',#4638,#4637,#5636,.T.);
#3803=EDGE_CURVE('',#4637,#4611,#5637,.T.);
#3804=EDGE_CURVE('',#4638,#4613,#5638,.T.);
#3805=EDGE_CURVE('',#4639,#4640,#197,.T.);
#3806=EDGE_CURVE('',#4641,#4639,#5639,.T.);
#3807=EDGE_CURVE('',#4641,#4642,#198,.T.);
#3808=EDGE_CURVE('',#4642,#4640,#5640,.T.);
#3809=EDGE_CURVE('',#4640,#4643,#5641,.T.);
#3810=EDGE_CURVE('',#4642,#4644,#5642,.T.);
#3811=EDGE_CURVE('',#4644,#4643,#5643,.T.);
#3812=EDGE_CURVE('',#4643,#4645,#199,.T.);
#3813=EDGE_CURVE('',#4644,#4646,#200,.T.);
#3814=EDGE_CURVE('',#4646,#4645,#5644,.T.);
#3815=EDGE_CURVE('',#4645,#4647,#5645,.T.);
#3816=EDGE_CURVE('',#4646,#4648,#5646,.T.);
#3817=EDGE_CURVE('',#4648,#4647,#5647,.T.);
#3818=EDGE_CURVE('',#4647,#4088,#5648,.T.);
#3819=EDGE_CURVE('',#4648,#4087,#5649,.T.);
#3820=EDGE_CURVE('',#4090,#4649,#5650,.T.);
#3821=EDGE_CURVE('',#4089,#4650,#5651,.T.);
#3822=EDGE_CURVE('',#4650,#4649,#5652,.T.);
#3823=EDGE_CURVE('',#4649,#4651,#5653,.T.);
#3824=EDGE_CURVE('',#4650,#4652,#5654,.T.);
#3825=EDGE_CURVE('',#4652,#4651,#5655,.T.);
#3826=EDGE_CURVE('',#4651,#4653,#201,.T.);
#3827=EDGE_CURVE('',#4652,#4654,#202,.T.);
#3828=EDGE_CURVE('',#4654,#4653,#5656,.T.);
#3829=EDGE_CURVE('',#4653,#4655,#5657,.T.);
#3830=EDGE_CURVE('',#4654,#4656,#5658,.T.);
#3831=EDGE_CURVE('',#4656,#4655,#5659,.T.);
#3832=EDGE_CURVE('',#4655,#4657,#203,.T.);
#3833=EDGE_CURVE('',#4656,#4658,#204,.T.);
#3834=EDGE_CURVE('',#4658,#4657,#5660,.T.);
#3835=EDGE_CURVE('',#4657,#4659,#5661,.T.);
#3836=EDGE_CURVE('',#4658,#4660,#5662,.T.);
#3837=EDGE_CURVE('',#4660,#4659,#5663,.T.);
#3838=EDGE_CURVE('',#4659,#4661,#5664,.T.);
#3839=EDGE_CURVE('',#4660,#4662,#5665,.T.);
#3840=EDGE_CURVE('',#4662,#4661,#5666,.T.);
#3841=EDGE_CURVE('',#4661,#4663,#5667,.T.);
#3842=EDGE_CURVE('',#4662,#4664,#5668,.T.);
#3843=EDGE_CURVE('',#4664,#4663,#5669,.T.);
#3844=EDGE_CURVE('',#4663,#4665,#5670,.T.);
#3845=EDGE_CURVE('',#4664,#4666,#5671,.T.);
#3846=EDGE_CURVE('',#4666,#4665,#5672,.T.);
#3847=EDGE_CURVE('',#4665,#4639,#5673,.T.);
#3848=EDGE_CURVE('',#4666,#4641,#5674,.T.);
#3849=EDGE_CURVE('',#4667,#4668,#205,.T.);
#3850=EDGE_CURVE('',#4669,#4667,#5675,.T.);
#3851=EDGE_CURVE('',#4669,#4670,#206,.T.);
#3852=EDGE_CURVE('',#4670,#4668,#5676,.T.);
#3853=EDGE_CURVE('',#4668,#4671,#5677,.T.);
#3854=EDGE_CURVE('',#4670,#4672,#5678,.T.);
#3855=EDGE_CURVE('',#4672,#4671,#5679,.T.);
#3856=EDGE_CURVE('',#4671,#4673,#207,.T.);
#3857=EDGE_CURVE('',#4672,#4674,#208,.T.);
#3858=EDGE_CURVE('',#4674,#4673,#5680,.T.);
#3859=EDGE_CURVE('',#4673,#4675,#5681,.T.);
#3860=EDGE_CURVE('',#4674,#4676,#5682,.T.);
#3861=EDGE_CURVE('',#4676,#4675,#5683,.T.);
#3862=EDGE_CURVE('',#4675,#4084,#5684,.T.);
#3863=EDGE_CURVE('',#4676,#4083,#5685,.T.);
#3864=EDGE_CURVE('',#4086,#4677,#5686,.T.);
#3865=EDGE_CURVE('',#4085,#4678,#5687,.T.);
#3866=EDGE_CURVE('',#4678,#4677,#5688,.T.);
#3867=EDGE_CURVE('',#4677,#4679,#5689,.T.);
#3868=EDGE_CURVE('',#4678,#4680,#5690,.T.);
#3869=EDGE_CURVE('',#4680,#4679,#5691,.T.);
#3870=EDGE_CURVE('',#4679,#4681,#209,.T.);
#3871=EDGE_CURVE('',#4680,#4682,#210,.T.);
#3872=EDGE_CURVE('',#4682,#4681,#5692,.T.);
#3873=EDGE_CURVE('',#4681,#4683,#5693,.T.);
#3874=EDGE_CURVE('',#4682,#4684,#5694,.T.);
#3875=EDGE_CURVE('',#4684,#4683,#5695,.T.);
#3876=EDGE_CURVE('',#4683,#4685,#211,.T.);
#3877=EDGE_CURVE('',#4684,#4686,#212,.T.);
#3878=EDGE_CURVE('',#4686,#4685,#5696,.T.);
#3879=EDGE_CURVE('',#4685,#4687,#5697,.T.);
#3880=EDGE_CURVE('',#4686,#4688,#5698,.T.);
#3881=EDGE_CURVE('',#4688,#4687,#5699,.T.);
#3882=EDGE_CURVE('',#4687,#4689,#5700,.T.);
#3883=EDGE_CURVE('',#4688,#4690,#5701,.T.);
#3884=EDGE_CURVE('',#4690,#4689,#5702,.T.);
#3885=EDGE_CURVE('',#4689,#4691,#5703,.T.);
#3886=EDGE_CURVE('',#4690,#4692,#5704,.T.);
#3887=EDGE_CURVE('',#4692,#4691,#5705,.T.);
#3888=EDGE_CURVE('',#4691,#4693,#5706,.T.);
#3889=EDGE_CURVE('',#4692,#4694,#5707,.T.);
#3890=EDGE_CURVE('',#4694,#4693,#5708,.T.);
#3891=EDGE_CURVE('',#4693,#4667,#5709,.T.);
#3892=EDGE_CURVE('',#4694,#4669,#5710,.T.);
#3893=VERTEX_POINT('',#14577);
#3894=VERTEX_POINT('',#14578);
#3895=VERTEX_POINT('',#14580);
#3896=VERTEX_POINT('',#14582);
#3897=VERTEX_POINT('',#14584);
#3898=VERTEX_POINT('',#14586);
#3899=VERTEX_POINT('',#14588);
#3900=VERTEX_POINT('',#14590);
#3901=VERTEX_POINT('',#14592);
#3902=VERTEX_POINT('',#14594);
#3903=VERTEX_POINT('',#14596);
#3904=VERTEX_POINT('',#14598);
#3905=VERTEX_POINT('',#14600);
#3906=VERTEX_POINT('',#14602);
#3907=VERTEX_POINT('',#14604);
#3908=VERTEX_POINT('',#14606);
#3909=VERTEX_POINT('',#14608);
#3910=VERTEX_POINT('',#14610);
#3911=VERTEX_POINT('',#14612);
#3912=VERTEX_POINT('',#14614);
#3913=VERTEX_POINT('',#14616);
#3914=VERTEX_POINT('',#14618);
#3915=VERTEX_POINT('',#14620);
#3916=VERTEX_POINT('',#14622);
#3917=VERTEX_POINT('',#14624);
#3918=VERTEX_POINT('',#14626);
#3919=VERTEX_POINT('',#14628);
#3920=VERTEX_POINT('',#14630);
#3921=VERTEX_POINT('',#14632);
#3922=VERTEX_POINT('',#14634);
#3923=VERTEX_POINT('',#14636);
#3924=VERTEX_POINT('',#14638);
#3925=VERTEX_POINT('',#14640);
#3926=VERTEX_POINT('',#14642);
#3927=VERTEX_POINT('',#14646);
#3928=VERTEX_POINT('',#14648);
#3929=VERTEX_POINT('',#14651);
#3930=VERTEX_POINT('',#14653);
#3931=VERTEX_POINT('',#14656);
#3932=VERTEX_POINT('',#14658);
#3933=VERTEX_POINT('',#14661);
#3934=VERTEX_POINT('',#14663);
#3935=VERTEX_POINT('',#14666);
#3936=VERTEX_POINT('',#14668);
#3937=VERTEX_POINT('',#14671);
#3938=VERTEX_POINT('',#14673);
#3939=VERTEX_POINT('',#14677);
#3940=VERTEX_POINT('',#14679);
#3941=VERTEX_POINT('',#14683);
#3942=VERTEX_POINT('',#14685);
#3943=VERTEX_POINT('',#14689);
#3944=VERTEX_POINT('',#14691);
#3945=VERTEX_POINT('',#14695);
#3946=VERTEX_POINT('',#14697);
#3947=VERTEX_POINT('',#14701);
#3948=VERTEX_POINT('',#14703);
#3949=VERTEX_POINT('',#14707);
#3950=VERTEX_POINT('',#14709);
#3951=VERTEX_POINT('',#14713);
#3952=VERTEX_POINT('',#14715);
#3953=VERTEX_POINT('',#14719);
#3954=VERTEX_POINT('',#14721);
#3955=VERTEX_POINT('',#14725);
#3956=VERTEX_POINT('',#14727);
#3957=VERTEX_POINT('',#14731);
#3958=VERTEX_POINT('',#14733);
#3959=VERTEX_POINT('',#14737);
#3960=VERTEX_POINT('',#14739);
#3961=VERTEX_POINT('',#14743);
#3962=VERTEX_POINT('',#14745);
#3963=VERTEX_POINT('',#14749);
#3964=VERTEX_POINT('',#14751);
#3965=VERTEX_POINT('',#14755);
#3966=VERTEX_POINT('',#14757);
#3967=VERTEX_POINT('',#14761);
#3968=VERTEX_POINT('',#14763);
#3969=VERTEX_POINT('',#14767);
#3970=VERTEX_POINT('',#14769);
#3971=VERTEX_POINT('',#14773);
#3972=VERTEX_POINT('',#14775);
#3973=VERTEX_POINT('',#14779);
#3974=VERTEX_POINT('',#14780);
#3975=VERTEX_POINT('',#14782);
#3976=VERTEX_POINT('',#14784);
#3977=VERTEX_POINT('',#14786);
#3978=VERTEX_POINT('',#14788);
#3979=VERTEX_POINT('',#14790);
#3980=VERTEX_POINT('',#14792);
#3981=VERTEX_POINT('',#14795);
#3982=VERTEX_POINT('',#14797);
#3983=VERTEX_POINT('',#14799);
#3984=VERTEX_POINT('',#14801);
#3985=VERTEX_POINT('',#14803);
#3986=VERTEX_POINT('',#14805);
#3987=VERTEX_POINT('',#14807);
#3988=VERTEX_POINT('',#14809);
#3989=VERTEX_POINT('',#14811);
#3990=VERTEX_POINT('',#14813);
#3991=VERTEX_POINT('',#14815);
#3992=VERTEX_POINT('',#14817);
#3993=VERTEX_POINT('',#14819);
#3994=VERTEX_POINT('',#14821);
#3995=VERTEX_POINT('',#14825);
#3996=VERTEX_POINT('',#14827);
#3997=VERTEX_POINT('',#14830);
#3998=VERTEX_POINT('',#14832);
#3999=VERTEX_POINT('',#14835);
#4000=VERTEX_POINT('',#14837);
#4001=VERTEX_POINT('',#14840);
#4002=VERTEX_POINT('',#14842);
#4003=VERTEX_POINT('',#14845);
#4004=VERTEX_POINT('',#14847);
#4005=VERTEX_POINT('',#14849);
#4006=VERTEX_POINT('',#14851);
#4007=VERTEX_POINT('',#14853);
#4008=VERTEX_POINT('',#14855);
#4009=VERTEX_POINT('',#14857);
#4010=VERTEX_POINT('',#14859);
#4011=VERTEX_POINT('',#14861);
#4012=VERTEX_POINT('',#14863);
#4013=VERTEX_POINT('',#14865);
#4014=VERTEX_POINT('',#14867);
#4015=VERTEX_POINT('',#14870);
#4016=VERTEX_POINT('',#14872);
#4017=VERTEX_POINT('',#14876);
#4018=VERTEX_POINT('',#14878);
#4019=VERTEX_POINT('',#14881);
#4020=VERTEX_POINT('',#14883);
#4021=VERTEX_POINT('',#14886);
#4022=VERTEX_POINT('',#14888);
#4023=VERTEX_POINT('',#14891);
#4024=VERTEX_POINT('',#14893);
#4025=VERTEX_POINT('',#14896);
#4026=VERTEX_POINT('',#14898);
#4027=VERTEX_POINT('',#14901);
#4028=VERTEX_POINT('',#14903);
#4029=VERTEX_POINT('',#14907);
#4030=VERTEX_POINT('',#14908);
#4031=VERTEX_POINT('',#14910);
#4032=VERTEX_POINT('',#14912);
#4033=VERTEX_POINT('',#14915);
#4034=VERTEX_POINT('',#14916);
#4035=VERTEX_POINT('',#14918);
#4036=VERTEX_POINT('',#14920);
#4037=VERTEX_POINT('',#14923);
#4038=VERTEX_POINT('',#14924);
#4039=VERTEX_POINT('',#14926);
#4040=VERTEX_POINT('',#14928);
#4041=VERTEX_POINT('',#14931);
#4042=VERTEX_POINT('',#14932);
#4043=VERTEX_POINT('',#14934);
#4044=VERTEX_POINT('',#14936);
#4045=VERTEX_POINT('',#14939);
#4046=VERTEX_POINT('',#14940);
#4047=VERTEX_POINT('',#14942);
#4048=VERTEX_POINT('',#14944);
#4049=VERTEX_POINT('',#14947);
#4050=VERTEX_POINT('',#14949);
#4051=VERTEX_POINT('',#14953);
#4052=VERTEX_POINT('',#14954);
#4053=VERTEX_POINT('',#14956);
#4054=VERTEX_POINT('',#14958);
#4055=VERTEX_POINT('',#14961);
#4056=VERTEX_POINT('',#14962);
#4057=VERTEX_POINT('',#14964);
#4058=VERTEX_POINT('',#14966);
#4059=VERTEX_POINT('',#14969);
#4060=VERTEX_POINT('',#14970);
#4061=VERTEX_POINT('',#14972);
#4062=VERTEX_POINT('',#14974);
#4063=VERTEX_POINT('',#14977);
#4064=VERTEX_POINT('',#14978);
#4065=VERTEX_POINT('',#14980);
#4066=VERTEX_POINT('',#14982);
#4067=VERTEX_POINT('',#14985);
#4068=VERTEX_POINT('',#14986);
#4069=VERTEX_POINT('',#14988);
#4070=VERTEX_POINT('',#14990);
#4071=VERTEX_POINT('',#14993);
#4072=VERTEX_POINT('',#14995);
#4073=VERTEX_POINT('',#14997);
#4074=VERTEX_POINT('',#14999);
#4075=VERTEX_POINT('',#15001);
#4076=VERTEX_POINT('',#15003);
#4077=VERTEX_POINT('',#15005);
#4078=VERTEX_POINT('',#15007);
#4079=VERTEX_POINT('',#15009);
#4080=VERTEX_POINT('',#15011);
#4081=VERTEX_POINT('',#15013);
#4082=VERTEX_POINT('',#15015);
#4083=VERTEX_POINT('',#15019);
#4084=VERTEX_POINT('',#15020);
#4085=VERTEX_POINT('',#15022);
#4086=VERTEX_POINT('',#15024);
#4087=VERTEX_POINT('',#15027);
#4088=VERTEX_POINT('',#15028);
#4089=VERTEX_POINT('',#15030);
#4090=VERTEX_POINT('',#15032);
#4091=VERTEX_POINT('',#15035);
#4092=VERTEX_POINT('',#15036);
#4093=VERTEX_POINT('',#15038);
#4094=VERTEX_POINT('',#15040);
#4095=VERTEX_POINT('',#15043);
#4096=VERTEX_POINT('',#15044);
#4097=VERTEX_POINT('',#15046);
#4098=VERTEX_POINT('',#15048);
#4099=VERTEX_POINT('',#15051);
#4100=VERTEX_POINT('',#15052);
#4101=VERTEX_POINT('',#15054);
#4102=VERTEX_POINT('',#15056);
#4103=VERTEX_POINT('',#15059);
#4104=VERTEX_POINT('',#15061);
#4105=VERTEX_POINT('',#15065);
#4106=VERTEX_POINT('',#15066);
#4107=VERTEX_POINT('',#15069);
#4108=VERTEX_POINT('',#15071);
#4109=VERTEX_POINT('',#15076);
#4110=VERTEX_POINT('',#15078);
#4111=VERTEX_POINT('',#15081);
#4112=VERTEX_POINT('',#15083);
#4113=VERTEX_POINT('',#15086);
#4114=VERTEX_POINT('',#15088);
#4115=VERTEX_POINT('',#15095);
#4116=VERTEX_POINT('',#15098);
#4117=VERTEX_POINT('',#15102);
#4118=VERTEX_POINT('',#15105);
#4119=VERTEX_POINT('',#15109);
#4120=VERTEX_POINT('',#15112);
#4121=VERTEX_POINT('',#15116);
#4122=VERTEX_POINT('',#15119);
#4123=VERTEX_POINT('',#15123);
#4124=VERTEX_POINT('',#15126);
#4125=VERTEX_POINT('',#15130);
#4126=VERTEX_POINT('',#15133);
#4127=VERTEX_POINT('',#15137);
#4128=VERTEX_POINT('',#15140);
#4129=VERTEX_POINT('',#15144);
#4130=VERTEX_POINT('',#15147);
#4131=VERTEX_POINT('',#15151);
#4132=VERTEX_POINT('',#15154);
#4133=VERTEX_POINT('',#15158);
#4134=VERTEX_POINT('',#15161);
#4135=VERTEX_POINT('',#15165);
#4136=VERTEX_POINT('',#15167);
#4137=VERTEX_POINT('',#15171);
#4138=VERTEX_POINT('',#15173);
#4139=VERTEX_POINT('',#15177);
#4140=VERTEX_POINT('',#15179);
#4141=VERTEX_POINT('',#15183);
#4142=VERTEX_POINT('',#15185);
#4143=VERTEX_POINT('',#15189);
#4144=VERTEX_POINT('',#15190);
#4145=VERTEX_POINT('',#15192);
#4146=VERTEX_POINT('',#15194);
#4147=VERTEX_POINT('',#15197);
#4148=VERTEX_POINT('',#15199);
#4149=VERTEX_POINT('',#15203);
#4150=VERTEX_POINT('',#15205);
#4151=VERTEX_POINT('',#15214);
#4152=VERTEX_POINT('',#15216);
#4153=VERTEX_POINT('',#15220);
#4154=VERTEX_POINT('',#15222);
#4155=VERTEX_POINT('',#15226);
#4156=VERTEX_POINT('',#15228);
#4157=VERTEX_POINT('',#15232);
#4158=VERTEX_POINT('',#15234);
#4159=VERTEX_POINT('',#15238);
#4160=VERTEX_POINT('',#15239);
#4161=VERTEX_POINT('',#15241);
#4162=VERTEX_POINT('',#15243);
#4163=VERTEX_POINT('',#15246);
#4164=VERTEX_POINT('',#15248);
#4165=VERTEX_POINT('',#15252);
#4166=VERTEX_POINT('',#15254);
#4167=VERTEX_POINT('',#15263);
#4168=VERTEX_POINT('',#15265);
#4169=VERTEX_POINT('',#15269);
#4170=VERTEX_POINT('',#15271);
#4171=VERTEX_POINT('',#15275);
#4172=VERTEX_POINT('',#15277);
#4173=VERTEX_POINT('',#15281);
#4174=VERTEX_POINT('',#15283);
#4175=VERTEX_POINT('',#15287);
#4176=VERTEX_POINT('',#15288);
#4177=VERTEX_POINT('',#15290);
#4178=VERTEX_POINT('',#15292);
#4179=VERTEX_POINT('',#15295);
#4180=VERTEX_POINT('',#15297);
#4181=VERTEX_POINT('',#15301);
#4182=VERTEX_POINT('',#15303);
#4183=VERTEX_POINT('',#15312);
#4184=VERTEX_POINT('',#15314);
#4185=VERTEX_POINT('',#15318);
#4186=VERTEX_POINT('',#15320);
#4187=VERTEX_POINT('',#15324);
#4188=VERTEX_POINT('',#15326);
#4189=VERTEX_POINT('',#15330);
#4190=VERTEX_POINT('',#15332);
#4191=VERTEX_POINT('',#15336);
#4192=VERTEX_POINT('',#15337);
#4193=VERTEX_POINT('',#15339);
#4194=VERTEX_POINT('',#15341);
#4195=VERTEX_POINT('',#15344);
#4196=VERTEX_POINT('',#15346);
#4197=VERTEX_POINT('',#15350);
#4198=VERTEX_POINT('',#15352);
#4199=VERTEX_POINT('',#15361);
#4200=VERTEX_POINT('',#15363);
#4201=VERTEX_POINT('',#15367);
#4202=VERTEX_POINT('',#15369);
#4203=VERTEX_POINT('',#15373);
#4204=VERTEX_POINT('',#15375);
#4205=VERTEX_POINT('',#15379);
#4206=VERTEX_POINT('',#15381);
#4207=VERTEX_POINT('',#15385);
#4208=VERTEX_POINT('',#15386);
#4209=VERTEX_POINT('',#15388);
#4210=VERTEX_POINT('',#15390);
#4211=VERTEX_POINT('',#15393);
#4212=VERTEX_POINT('',#15395);
#4213=VERTEX_POINT('',#15399);
#4214=VERTEX_POINT('',#15401);
#4215=VERTEX_POINT('',#15410);
#4216=VERTEX_POINT('',#15412);
#4217=VERTEX_POINT('',#15416);
#4218=VERTEX_POINT('',#15418);
#4219=VERTEX_POINT('',#15427);
#4220=VERTEX_POINT('',#15429);
#4221=VERTEX_POINT('',#15433);
#4222=VERTEX_POINT('',#15435);
#4223=VERTEX_POINT('',#15444);
#4224=VERTEX_POINT('',#15446);
#4225=VERTEX_POINT('',#15450);
#4226=VERTEX_POINT('',#15452);
#4227=VERTEX_POINT('',#15461);
#4228=VERTEX_POINT('',#15463);
#4229=VERTEX_POINT('',#15467);
#4230=VERTEX_POINT('',#15469);
#4231=VERTEX_POINT('',#15478);
#4232=VERTEX_POINT('',#15480);
#4233=VERTEX_POINT('',#15484);
#4234=VERTEX_POINT('',#15486);
#4235=VERTEX_POINT('',#15495);
#4236=VERTEX_POINT('',#15496);
#4237=VERTEX_POINT('',#15498);
#4238=VERTEX_POINT('',#15500);
#4239=VERTEX_POINT('',#15504);
#4240=VERTEX_POINT('',#15506);
#4241=VERTEX_POINT('',#15513);
#4242=VERTEX_POINT('',#15515);
#4243=VERTEX_POINT('',#15519);
#4244=VERTEX_POINT('',#15521);
#4245=VERTEX_POINT('',#15525);
#4246=VERTEX_POINT('',#15527);
#4247=VERTEX_POINT('',#15531);
#4248=VERTEX_POINT('',#15533);
#4249=VERTEX_POINT('',#15542);
#4250=VERTEX_POINT('',#15543);
#4251=VERTEX_POINT('',#15545);
#4252=VERTEX_POINT('',#15547);
#4253=VERTEX_POINT('',#15551);
#4254=VERTEX_POINT('',#15553);
#4255=VERTEX_POINT('',#15560);
#4256=VERTEX_POINT('',#15562);
#4257=VERTEX_POINT('',#15566);
#4258=VERTEX_POINT('',#15568);
#4259=VERTEX_POINT('',#15572);
#4260=VERTEX_POINT('',#15574);
#4261=VERTEX_POINT('',#15578);
#4262=VERTEX_POINT('',#15580);
#4263=VERTEX_POINT('',#15589);
#4264=VERTEX_POINT('',#15590);
#4265=VERTEX_POINT('',#15592);
#4266=VERTEX_POINT('',#15594);
#4267=VERTEX_POINT('',#15598);
#4268=VERTEX_POINT('',#15600);
#4269=VERTEX_POINT('',#15607);
#4270=VERTEX_POINT('',#15609);
#4271=VERTEX_POINT('',#15613);
#4272=VERTEX_POINT('',#15615);
#4273=VERTEX_POINT('',#15619);
#4274=VERTEX_POINT('',#15621);
#4275=VERTEX_POINT('',#15625);
#4276=VERTEX_POINT('',#15627);
#4277=VERTEX_POINT('',#15636);
#4278=VERTEX_POINT('',#15637);
#4279=VERTEX_POINT('',#15639);
#4280=VERTEX_POINT('',#15641);
#4281=VERTEX_POINT('',#15645);
#4282=VERTEX_POINT('',#15647);
#4283=VERTEX_POINT('',#15654);
#4284=VERTEX_POINT('',#15656);
#4285=VERTEX_POINT('',#15660);
#4286=VERTEX_POINT('',#15662);
#4287=VERTEX_POINT('',#15666);
#4288=VERTEX_POINT('',#15668);
#4289=VERTEX_POINT('',#15672);
#4290=VERTEX_POINT('',#15674);
#4291=VERTEX_POINT('',#15683);
#4292=VERTEX_POINT('',#15684);
#4293=VERTEX_POINT('',#15686);
#4294=VERTEX_POINT('',#15688);
#4295=VERTEX_POINT('',#15692);
#4296=VERTEX_POINT('',#15694);
#4297=VERTEX_POINT('',#15701);
#4298=VERTEX_POINT('',#15703);
#4299=VERTEX_POINT('',#15707);
#4300=VERTEX_POINT('',#15709);
#4301=VERTEX_POINT('',#15713);
#4302=VERTEX_POINT('',#15715);
#4303=VERTEX_POINT('',#15719);
#4304=VERTEX_POINT('',#15721);
#4305=VERTEX_POINT('',#15730);
#4306=VERTEX_POINT('',#15732);
#4307=VERTEX_POINT('',#15736);
#4308=VERTEX_POINT('',#15738);
#4309=VERTEX_POINT('',#15742);
#4310=VERTEX_POINT('',#15744);
#4311=VERTEX_POINT('',#15748);
#4312=VERTEX_POINT('',#15750);
#4313=VERTEX_POINT('',#15754);
#4314=VERTEX_POINT('',#15756);
#4315=VERTEX_POINT('',#15760);
#4316=VERTEX_POINT('',#15762);
#4317=VERTEX_POINT('',#15766);
#4318=VERTEX_POINT('',#15768);
#4319=VERTEX_POINT('',#15777);
#4320=VERTEX_POINT('',#15779);
#4321=VERTEX_POINT('',#15783);
#4322=VERTEX_POINT('',#15785);
#4323=VERTEX_POINT('',#15789);
#4324=VERTEX_POINT('',#15791);
#4325=VERTEX_POINT('',#15795);
#4326=VERTEX_POINT('',#15797);
#4327=VERTEX_POINT('',#15801);
#4328=VERTEX_POINT('',#15803);
#4329=VERTEX_POINT('',#15807);
#4330=VERTEX_POINT('',#15809);
#4331=VERTEX_POINT('',#15813);
#4332=VERTEX_POINT('',#15815);
#4333=VERTEX_POINT('',#15824);
#4334=VERTEX_POINT('',#15826);
#4335=VERTEX_POINT('',#15830);
#4336=VERTEX_POINT('',#15832);
#4337=VERTEX_POINT('',#15836);
#4338=VERTEX_POINT('',#15838);
#4339=VERTEX_POINT('',#15842);
#4340=VERTEX_POINT('',#15844);
#4341=VERTEX_POINT('',#15848);
#4342=VERTEX_POINT('',#15850);
#4343=VERTEX_POINT('',#15854);
#4344=VERTEX_POINT('',#15856);
#4345=VERTEX_POINT('',#15860);
#4346=VERTEX_POINT('',#15862);
#4347=VERTEX_POINT('',#15871);
#4348=VERTEX_POINT('',#15873);
#4349=VERTEX_POINT('',#15877);
#4350=VERTEX_POINT('',#15879);
#4351=VERTEX_POINT('',#15883);
#4352=VERTEX_POINT('',#15885);
#4353=VERTEX_POINT('',#15889);
#4354=VERTEX_POINT('',#15891);
#4355=VERTEX_POINT('',#15895);
#4356=VERTEX_POINT('',#15897);
#4357=VERTEX_POINT('',#15901);
#4358=VERTEX_POINT('',#15903);
#4359=VERTEX_POINT('',#15907);
#4360=VERTEX_POINT('',#15909);
#4361=VERTEX_POINT('',#15918);
#4362=VERTEX_POINT('',#15920);
#4363=VERTEX_POINT('',#15924);
#4364=VERTEX_POINT('',#15926);
#4365=VERTEX_POINT('',#15930);
#4366=VERTEX_POINT('',#15932);
#4367=VERTEX_POINT('',#15936);
#4368=VERTEX_POINT('',#15938);
#4369=VERTEX_POINT('',#15942);
#4370=VERTEX_POINT('',#15944);
#4371=VERTEX_POINT('',#15948);
#4372=VERTEX_POINT('',#15950);
#4373=VERTEX_POINT('',#15954);
#4374=VERTEX_POINT('',#15956);
#4375=VERTEX_POINT('',#15965);
#4376=VERTEX_POINT('',#15967);
#4377=VERTEX_POINT('',#15971);
#4378=VERTEX_POINT('',#15975);
#4379=VERTEX_POINT('',#15982);
#4380=VERTEX_POINT('',#15984);
#4381=VERTEX_POINT('',#15988);
#4382=VERTEX_POINT('',#15992);
#4383=VERTEX_POINT('',#15999);
#4384=VERTEX_POINT('',#16001);
#4385=VERTEX_POINT('',#16005);
#4386=VERTEX_POINT('',#16009);
#4387=VERTEX_POINT('',#16016);
#4388=VERTEX_POINT('',#16018);
#4389=VERTEX_POINT('',#16022);
#4390=VERTEX_POINT('',#16026);
#4391=VERTEX_POINT('',#16033);
#4392=VERTEX_POINT('',#16035);
#4393=VERTEX_POINT('',#16039);
#4394=VERTEX_POINT('',#16043);
#4395=VERTEX_POINT('',#16050);
#4396=VERTEX_POINT('',#16052);
#4397=VERTEX_POINT('',#16056);
#4398=VERTEX_POINT('',#16060);
#4399=VERTEX_POINT('',#16067);
#4400=VERTEX_POINT('',#16069);
#4401=VERTEX_POINT('',#16073);
#4402=VERTEX_POINT('',#16077);
#4403=VERTEX_POINT('',#16084);
#4404=VERTEX_POINT('',#16086);
#4405=VERTEX_POINT('',#16090);
#4406=VERTEX_POINT('',#16094);
#4407=VERTEX_POINT('',#16101);
#4408=VERTEX_POINT('',#16103);
#4409=VERTEX_POINT('',#16107);
#4410=VERTEX_POINT('',#16111);
#4411=VERTEX_POINT('',#16118);
#4412=VERTEX_POINT('',#16120);
#4413=VERTEX_POINT('',#16124);
#4414=VERTEX_POINT('',#16128);
#4415=VERTEX_POINT('',#16135);
#4416=VERTEX_POINT('',#16136);
#4417=VERTEX_POINT('',#16138);
#4418=VERTEX_POINT('',#16140);
#4419=VERTEX_POINT('',#16144);
#4420=VERTEX_POINT('',#16146);
#4421=VERTEX_POINT('',#16150);
#4422=VERTEX_POINT('',#16152);
#4423=VERTEX_POINT('',#16156);
#4424=VERTEX_POINT('',#16158);
#4425=VERTEX_POINT('',#16162);
#4426=VERTEX_POINT('',#16164);
#4427=VERTEX_POINT('',#16168);
#4428=VERTEX_POINT('',#16170);
#4429=VERTEX_POINT('',#16174);
#4430=VERTEX_POINT('',#16176);
#4431=VERTEX_POINT('',#16180);
#4432=VERTEX_POINT('',#16182);
#4433=VERTEX_POINT('',#16186);
#4434=VERTEX_POINT('',#16188);
#4435=VERTEX_POINT('',#16192);
#4436=VERTEX_POINT('',#16194);
#4437=VERTEX_POINT('',#16198);
#4438=VERTEX_POINT('',#16200);
#4439=VERTEX_POINT('',#16207);
#4440=VERTEX_POINT('',#16209);
#4441=VERTEX_POINT('',#16213);
#4442=VERTEX_POINT('',#16215);
#4443=VERTEX_POINT('',#16224);
#4444=VERTEX_POINT('',#16225);
#4445=VERTEX_POINT('',#16227);
#4446=VERTEX_POINT('',#16229);
#4447=VERTEX_POINT('',#16233);
#4448=VERTEX_POINT('',#16235);
#4449=VERTEX_POINT('',#16239);
#4450=VERTEX_POINT('',#16241);
#4451=VERTEX_POINT('',#16245);
#4452=VERTEX_POINT('',#16247);
#4453=VERTEX_POINT('',#16251);
#4454=VERTEX_POINT('',#16253);
#4455=VERTEX_POINT('',#16257);
#4456=VERTEX_POINT('',#16259);
#4457=VERTEX_POINT('',#16263);
#4458=VERTEX_POINT('',#16265);
#4459=VERTEX_POINT('',#16269);
#4460=VERTEX_POINT('',#16271);
#4461=VERTEX_POINT('',#16275);
#4462=VERTEX_POINT('',#16277);
#4463=VERTEX_POINT('',#16281);
#4464=VERTEX_POINT('',#16283);
#4465=VERTEX_POINT('',#16287);
#4466=VERTEX_POINT('',#16289);
#4467=VERTEX_POINT('',#16296);
#4468=VERTEX_POINT('',#16298);
#4469=VERTEX_POINT('',#16302);
#4470=VERTEX_POINT('',#16304);
#4471=VERTEX_POINT('',#16313);
#4472=VERTEX_POINT('',#16314);
#4473=VERTEX_POINT('',#16316);
#4474=VERTEX_POINT('',#16318);
#4475=VERTEX_POINT('',#16322);
#4476=VERTEX_POINT('',#16324);
#4477=VERTEX_POINT('',#16328);
#4478=VERTEX_POINT('',#16330);
#4479=VERTEX_POINT('',#16334);
#4480=VERTEX_POINT('',#16336);
#4481=VERTEX_POINT('',#16340);
#4482=VERTEX_POINT('',#16342);
#4483=VERTEX_POINT('',#16346);
#4484=VERTEX_POINT('',#16348);
#4485=VERTEX_POINT('',#16352);
#4486=VERTEX_POINT('',#16354);
#4487=VERTEX_POINT('',#16358);
#4488=VERTEX_POINT('',#16360);
#4489=VERTEX_POINT('',#16364);
#4490=VERTEX_POINT('',#16366);
#4491=VERTEX_POINT('',#16370);
#4492=VERTEX_POINT('',#16372);
#4493=VERTEX_POINT('',#16376);
#4494=VERTEX_POINT('',#16378);
#4495=VERTEX_POINT('',#16385);
#4496=VERTEX_POINT('',#16387);
#4497=VERTEX_POINT('',#16391);
#4498=VERTEX_POINT('',#16393);
#4499=VERTEX_POINT('',#16402);
#4500=VERTEX_POINT('',#16403);
#4501=VERTEX_POINT('',#16405);
#4502=VERTEX_POINT('',#16407);
#4503=VERTEX_POINT('',#16411);
#4504=VERTEX_POINT('',#16413);
#4505=VERTEX_POINT('',#16417);
#4506=VERTEX_POINT('',#16419);
#4507=VERTEX_POINT('',#16423);
#4508=VERTEX_POINT('',#16425);
#4509=VERTEX_POINT('',#16429);
#4510=VERTEX_POINT('',#16431);
#4511=VERTEX_POINT('',#16435);
#4512=VERTEX_POINT('',#16437);
#4513=VERTEX_POINT('',#16441);
#4514=VERTEX_POINT('',#16443);
#4515=VERTEX_POINT('',#16447);
#4516=VERTEX_POINT('',#16449);
#4517=VERTEX_POINT('',#16453);
#4518=VERTEX_POINT('',#16455);
#4519=VERTEX_POINT('',#16459);
#4520=VERTEX_POINT('',#16461);
#4521=VERTEX_POINT('',#16465);
#4522=VERTEX_POINT('',#16467);
#4523=VERTEX_POINT('',#16474);
#4524=VERTEX_POINT('',#16476);
#4525=VERTEX_POINT('',#16480);
#4526=VERTEX_POINT('',#16482);
#4527=VERTEX_POINT('',#16491);
#4528=VERTEX_POINT('',#16492);
#4529=VERTEX_POINT('',#16494);
#4530=VERTEX_POINT('',#16496);
#4531=VERTEX_POINT('',#16500);
#4532=VERTEX_POINT('',#16502);
#4533=VERTEX_POINT('',#16506);
#4534=VERTEX_POINT('',#16508);
#4535=VERTEX_POINT('',#16512);
#4536=VERTEX_POINT('',#16514);
#4537=VERTEX_POINT('',#16518);
#4538=VERTEX_POINT('',#16520);
#4539=VERTEX_POINT('',#16524);
#4540=VERTEX_POINT('',#16526);
#4541=VERTEX_POINT('',#16530);
#4542=VERTEX_POINT('',#16532);
#4543=VERTEX_POINT('',#16536);
#4544=VERTEX_POINT('',#16538);
#4545=VERTEX_POINT('',#16542);
#4546=VERTEX_POINT('',#16544);
#4547=VERTEX_POINT('',#16548);
#4548=VERTEX_POINT('',#16550);
#4549=VERTEX_POINT('',#16554);
#4550=VERTEX_POINT('',#16556);
#4551=VERTEX_POINT('',#16563);
#4552=VERTEX_POINT('',#16565);
#4553=VERTEX_POINT('',#16569);
#4554=VERTEX_POINT('',#16571);
#4555=VERTEX_POINT('',#16580);
#4556=VERTEX_POINT('',#16581);
#4557=VERTEX_POINT('',#16583);
#4558=VERTEX_POINT('',#16585);
#4559=VERTEX_POINT('',#16589);
#4560=VERTEX_POINT('',#16591);
#4561=VERTEX_POINT('',#16595);
#4562=VERTEX_POINT('',#16597);
#4563=VERTEX_POINT('',#16601);
#4564=VERTEX_POINT('',#16603);
#4565=VERTEX_POINT('',#16610);
#4566=VERTEX_POINT('',#16612);
#4567=VERTEX_POINT('',#16616);
#4568=VERTEX_POINT('',#16618);
#4569=VERTEX_POINT('',#16622);
#4570=VERTEX_POINT('',#16624);
#4571=VERTEX_POINT('',#16628);
#4572=VERTEX_POINT('',#16630);
#4573=VERTEX_POINT('',#16634);
#4574=VERTEX_POINT('',#16636);
#4575=VERTEX_POINT('',#16640);
#4576=VERTEX_POINT('',#16642);
#4577=VERTEX_POINT('',#16646);
#4578=VERTEX_POINT('',#16648);
#4579=VERTEX_POINT('',#16652);
#4580=VERTEX_POINT('',#16654);
#4581=VERTEX_POINT('',#16658);
#4582=VERTEX_POINT('',#16660);
#4583=VERTEX_POINT('',#16669);
#4584=VERTEX_POINT('',#16670);
#4585=VERTEX_POINT('',#16672);
#4586=VERTEX_POINT('',#16674);
#4587=VERTEX_POINT('',#16678);
#4588=VERTEX_POINT('',#16680);
#4589=VERTEX_POINT('',#16684);
#4590=VERTEX_POINT('',#16686);
#4591=VERTEX_POINT('',#16690);
#4592=VERTEX_POINT('',#16692);
#4593=VERTEX_POINT('',#16699);
#4594=VERTEX_POINT('',#16701);
#4595=VERTEX_POINT('',#16705);
#4596=VERTEX_POINT('',#16707);
#4597=VERTEX_POINT('',#16711);
#4598=VERTEX_POINT('',#16713);
#4599=VERTEX_POINT('',#16717);
#4600=VERTEX_POINT('',#16719);
#4601=VERTEX_POINT('',#16723);
#4602=VERTEX_POINT('',#16725);
#4603=VERTEX_POINT('',#16729);
#4604=VERTEX_POINT('',#16731);
#4605=VERTEX_POINT('',#16735);
#4606=VERTEX_POINT('',#16737);
#4607=VERTEX_POINT('',#16741);
#4608=VERTEX_POINT('',#16743);
#4609=VERTEX_POINT('',#16747);
#4610=VERTEX_POINT('',#16749);
#4611=VERTEX_POINT('',#16758);
#4612=VERTEX_POINT('',#16759);
#4613=VERTEX_POINT('',#16761);
#4614=VERTEX_POINT('',#16763);
#4615=VERTEX_POINT('',#16767);
#4616=VERTEX_POINT('',#16769);
#4617=VERTEX_POINT('',#16773);
#4618=VERTEX_POINT('',#16775);
#4619=VERTEX_POINT('',#16779);
#4620=VERTEX_POINT('',#16781);
#4621=VERTEX_POINT('',#16788);
#4622=VERTEX_POINT('',#16790);
#4623=VERTEX_POINT('',#16794);
#4624=VERTEX_POINT('',#16796);
#4625=VERTEX_POINT('',#16800);
#4626=VERTEX_POINT('',#16802);
#4627=VERTEX_POINT('',#16806);
#4628=VERTEX_POINT('',#16808);
#4629=VERTEX_POINT('',#16812);
#4630=VERTEX_POINT('',#16814);
#4631=VERTEX_POINT('',#16818);
#4632=VERTEX_POINT('',#16820);
#4633=VERTEX_POINT('',#16824);
#4634=VERTEX_POINT('',#16826);
#4635=VERTEX_POINT('',#16830);
#4636=VERTEX_POINT('',#16832);
#4637=VERTEX_POINT('',#16836);
#4638=VERTEX_POINT('',#16838);
#4639=VERTEX_POINT('',#16847);
#4640=VERTEX_POINT('',#16848);
#4641=VERTEX_POINT('',#16850);
#4642=VERTEX_POINT('',#16852);
#4643=VERTEX_POINT('',#16856);
#4644=VERTEX_POINT('',#16858);
#4645=VERTEX_POINT('',#16862);
#4646=VERTEX_POINT('',#16864);
#4647=VERTEX_POINT('',#16868);
#4648=VERTEX_POINT('',#16870);
#4649=VERTEX_POINT('',#16877);
#4650=VERTEX_POINT('',#16879);
#4651=VERTEX_POINT('',#16883);
#4652=VERTEX_POINT('',#16885);
#4653=VERTEX_POINT('',#16889);
#4654=VERTEX_POINT('',#16891);
#4655=VERTEX_POINT('',#16895);
#4656=VERTEX_POINT('',#16897);
#4657=VERTEX_POINT('',#16901);
#4658=VERTEX_POINT('',#16903);
#4659=VERTEX_POINT('',#16907);
#4660=VERTEX_POINT('',#16909);
#4661=VERTEX_POINT('',#16913);
#4662=VERTEX_POINT('',#16915);
#4663=VERTEX_POINT('',#16919);
#4664=VERTEX_POINT('',#16921);
#4665=VERTEX_POINT('',#16925);
#4666=VERTEX_POINT('',#16927);
#4667=VERTEX_POINT('',#16936);
#4668=VERTEX_POINT('',#16937);
#4669=VERTEX_POINT('',#16939);
#4670=VERTEX_POINT('',#16941);
#4671=VERTEX_POINT('',#16945);
#4672=VERTEX_POINT('',#16947);
#4673=VERTEX_POINT('',#16951);
#4674=VERTEX_POINT('',#16953);
#4675=VERTEX_POINT('',#16957);
#4676=VERTEX_POINT('',#16959);
#4677=VERTEX_POINT('',#16966);
#4678=VERTEX_POINT('',#16968);
#4679=VERTEX_POINT('',#16972);
#4680=VERTEX_POINT('',#16974);
#4681=VERTEX_POINT('',#16978);
#4682=VERTEX_POINT('',#16980);
#4683=VERTEX_POINT('',#16984);
#4684=VERTEX_POINT('',#16986);
#4685=VERTEX_POINT('',#16990);
#4686=VERTEX_POINT('',#16992);
#4687=VERTEX_POINT('',#16996);
#4688=VERTEX_POINT('',#16998);
#4689=VERTEX_POINT('',#17002);
#4690=VERTEX_POINT('',#17004);
#4691=VERTEX_POINT('',#17008);
#4692=VERTEX_POINT('',#17010);
#4693=VERTEX_POINT('',#17014);
#4694=VERTEX_POINT('',#17016);
#4695=LINE('',#14576,#5711);
#4696=LINE('',#14579,#5712);
#4697=LINE('',#14581,#5713);
#4698=LINE('',#14583,#5714);
#4699=LINE('',#14585,#5715);
#4700=LINE('',#14587,#5716);
#4701=LINE('',#14589,#5717);
#4702=LINE('',#14591,#5718);
#4703=LINE('',#14593,#5719);
#4704=LINE('',#14595,#5720);
#4705=LINE('',#14597,#5721);
#4706=LINE('',#14599,#5722);
#4707=LINE('',#14601,#5723);
#4708=LINE('',#14603,#5724);
#4709=LINE('',#14605,#5725);
#4710=LINE('',#14607,#5726);
#4711=LINE('',#14609,#5727);
#4712=LINE('',#14611,#5728);
#4713=LINE('',#14613,#5729);
#4714=LINE('',#14615,#5730);
#4715=LINE('',#14617,#5731);
#4716=LINE('',#14619,#5732);
#4717=LINE('',#14621,#5733);
#4718=LINE('',#14623,#5734);
#4719=LINE('',#14625,#5735);
#4720=LINE('',#14627,#5736);
#4721=LINE('',#14629,#5737);
#4722=LINE('',#14631,#5738);
#4723=LINE('',#14633,#5739);
#4724=LINE('',#14635,#5740);
#4725=LINE('',#14637,#5741);
#4726=LINE('',#14639,#5742);
#4727=LINE('',#14641,#5743);
#4728=LINE('',#14643,#5744);
#4729=LINE('',#14645,#5745);
#4730=LINE('',#14647,#5746);
#4731=LINE('',#14649,#5747);
#4732=LINE('',#14650,#5748);
#4733=LINE('',#14652,#5749);
#4734=LINE('',#14654,#5750);
#4735=LINE('',#14655,#5751);
#4736=LINE('',#14657,#5752);
#4737=LINE('',#14659,#5753);
#4738=LINE('',#14660,#5754);
#4739=LINE('',#14662,#5755);
#4740=LINE('',#14664,#5756);
#4741=LINE('',#14665,#5757);
#4742=LINE('',#14667,#5758);
#4743=LINE('',#14669,#5759);
#4744=LINE('',#14670,#5760);
#4745=LINE('',#14672,#5761);
#4746=LINE('',#14674,#5762);
#4747=LINE('',#14676,#5763);
#4748=LINE('',#14678,#5764);
#4749=LINE('',#14680,#5765);
#4750=LINE('',#14682,#5766);
#4751=LINE('',#14684,#5767);
#4752=LINE('',#14686,#5768);
#4753=LINE('',#14690,#5769);
#4754=LINE('',#14694,#5770);
#4755=LINE('',#14696,#5771);
#4756=LINE('',#14698,#5772);
#4757=LINE('',#14702,#5773);
#4758=LINE('',#14706,#5774);
#4759=LINE('',#14708,#5775);
#4760=LINE('',#14710,#5776);
#4761=LINE('',#14714,#5777);
#4762=LINE('',#14718,#5778);
#4763=LINE('',#14720,#5779);
#4764=LINE('',#14722,#5780);
#4765=LINE('',#14724,#5781);
#4766=LINE('',#14726,#5782);
#4767=LINE('',#14728,#5783);
#4768=LINE('',#14730,#5784);
#4769=LINE('',#14732,#5785);
#4770=LINE('',#14734,#5786);
#4771=LINE('',#14738,#5787);
#4772=LINE('',#14742,#5788);
#4773=LINE('',#14744,#5789);
#4774=LINE('',#14746,#5790);
#4775=LINE('',#14750,#5791);
#4776=LINE('',#14754,#5792);
#4777=LINE('',#14756,#5793);
#4778=LINE('',#14758,#5794);
#4779=LINE('',#14762,#5795);
#4780=LINE('',#14766,#5796);
#4781=LINE('',#14768,#5797);
#4782=LINE('',#14770,#5798);
#4783=LINE('',#14772,#5799);
#4784=LINE('',#14774,#5800);
#4785=LINE('',#14776,#5801);
#4786=LINE('',#14778,#5802);
#4787=LINE('',#14781,#5803);
#4788=LINE('',#14783,#5804);
#4789=LINE('',#14785,#5805);
#4790=LINE('',#14787,#5806);
#4791=LINE('',#14789,#5807);
#4792=LINE('',#14791,#5808);
#4793=LINE('',#14793,#5809);
#4794=LINE('',#14794,#5810);
#4795=LINE('',#14796,#5811);
#4796=LINE('',#14798,#5812);
#4797=LINE('',#14800,#5813);
#4798=LINE('',#14802,#5814);
#4799=LINE('',#14804,#5815);
#4800=LINE('',#14806,#5816);
#4801=LINE('',#14808,#5817);
#4802=LINE('',#14810,#5818);
#4803=LINE('',#14812,#5819);
#4804=LINE('',#14814,#5820);
#4805=LINE('',#14816,#5821);
#4806=LINE('',#14818,#5822);
#4807=LINE('',#14820,#5823);
#4808=LINE('',#14822,#5824);
#4809=LINE('',#14824,#5825);
#4810=LINE('',#14826,#5826);
#4811=LINE('',#14828,#5827);
#4812=LINE('',#14829,#5828);
#4813=LINE('',#14831,#5829);
#4814=LINE('',#14833,#5830);
#4815=LINE('',#14834,#5831);
#4816=LINE('',#14836,#5832);
#4817=LINE('',#14838,#5833);
#4818=LINE('',#14839,#5834);
#4819=LINE('',#14841,#5835);
#4820=LINE('',#14843,#5836);
#4821=LINE('',#14844,#5837);
#4822=LINE('',#14846,#5838);
#4823=LINE('',#14848,#5839);
#4824=LINE('',#14850,#5840);
#4825=LINE('',#14852,#5841);
#4826=LINE('',#14854,#5842);
#4827=LINE('',#14856,#5843);
#4828=LINE('',#14858,#5844);
#4829=LINE('',#14860,#5845);
#4830=LINE('',#14862,#5846);
#4831=LINE('',#14864,#5847);
#4832=LINE('',#14866,#5848);
#4833=LINE('',#14868,#5849);
#4834=LINE('',#14869,#5850);
#4835=LINE('',#14871,#5851);
#4836=LINE('',#14873,#5852);
#4837=LINE('',#14875,#5853);
#4838=LINE('',#14877,#5854);
#4839=LINE('',#14879,#5855);
#4840=LINE('',#14880,#5856);
#4841=LINE('',#14882,#5857);
#4842=LINE('',#14884,#5858);
#4843=LINE('',#14885,#5859);
#4844=LINE('',#14887,#5860);
#4845=LINE('',#14889,#5861);
#4846=LINE('',#14890,#5862);
#4847=LINE('',#14892,#5863);
#4848=LINE('',#14894,#5864);
#4849=LINE('',#14895,#5865);
#4850=LINE('',#14897,#5866);
#4851=LINE('',#14899,#5867);
#4852=LINE('',#14900,#5868);
#4853=LINE('',#14902,#5869);
#4854=LINE('',#14904,#5870);
#4855=LINE('',#14906,#5871);
#4856=LINE('',#14909,#5872);
#4857=LINE('',#14911,#5873);
#4858=LINE('',#14913,#5874);
#4859=LINE('',#14914,#5875);
#4860=LINE('',#14917,#5876);
#4861=LINE('',#14919,#5877);
#4862=LINE('',#14921,#5878);
#4863=LINE('',#14922,#5879);
#4864=LINE('',#14925,#5880);
#4865=LINE('',#14927,#5881);
#4866=LINE('',#14929,#5882);
#4867=LINE('',#14930,#5883);
#4868=LINE('',#14933,#5884);
#4869=LINE('',#14935,#5885);
#4870=LINE('',#14937,#5886);
#4871=LINE('',#14938,#5887);
#4872=LINE('',#14941,#5888);
#4873=LINE('',#14943,#5889);
#4874=LINE('',#14945,#5890);
#4875=LINE('',#14946,#5891);
#4876=LINE('',#14948,#5892);
#4877=LINE('',#14950,#5893);
#4878=LINE('',#14952,#5894);
#4879=LINE('',#14955,#5895);
#4880=LINE('',#14957,#5896);
#4881=LINE('',#14959,#5897);
#4882=LINE('',#14960,#5898);
#4883=LINE('',#14963,#5899);
#4884=LINE('',#14965,#5900);
#4885=LINE('',#14967,#5901);
#4886=LINE('',#14968,#5902);
#4887=LINE('',#14971,#5903);
#4888=LINE('',#14973,#5904);
#4889=LINE('',#14975,#5905);
#4890=LINE('',#14976,#5906);
#4891=LINE('',#14979,#5907);
#4892=LINE('',#14981,#5908);
#4893=LINE('',#14983,#5909);
#4894=LINE('',#14984,#5910);
#4895=LINE('',#14987,#5911);
#4896=LINE('',#14989,#5912);
#4897=LINE('',#14991,#5913);
#4898=LINE('',#15012,#5914);
#4899=LINE('',#15014,#5915);
#4900=LINE('',#15016,#5916);
#4901=LINE('',#15018,#5917);
#4902=LINE('',#15021,#5918);
#4903=LINE('',#15023,#5919);
#4904=LINE('',#15025,#5920);
#4905=LINE('',#15026,#5921);
#4906=LINE('',#15029,#5922);
#4907=LINE('',#15031,#5923);
#4908=LINE('',#15033,#5924);
#4909=LINE('',#15034,#5925);
#4910=LINE('',#15037,#5926);
#4911=LINE('',#15039,#5927);
#4912=LINE('',#15041,#5928);
#4913=LINE('',#15042,#5929);
#4914=LINE('',#15045,#5930);
#4915=LINE('',#15047,#5931);
#4916=LINE('',#15049,#5932);
#4917=LINE('',#15050,#5933);
#4918=LINE('',#15053,#5934);
#4919=LINE('',#15055,#5935);
#4920=LINE('',#15057,#5936);
#4921=LINE('',#15058,#5937);
#4922=LINE('',#15060,#5938);
#4923=LINE('',#15062,#5939);
#4924=LINE('',#15064,#5940);
#4925=LINE('',#15067,#5941);
#4926=LINE('',#15068,#5942);
#4927=LINE('',#15070,#5943);
#4928=LINE('',#15072,#5944);
#4929=LINE('',#15073,#5945);
#4930=LINE('',#15074,#5946);
#4931=LINE('',#15075,#5947);
#4932=LINE('',#15077,#5948);
#4933=LINE('',#15079,#5949);
#4934=LINE('',#15080,#5950);
#4935=LINE('',#15082,#5951);
#4936=LINE('',#15084,#5952);
#4937=LINE('',#15085,#5953);
#4938=LINE('',#15087,#5954);
#4939=LINE('',#15089,#5955);
#4940=LINE('',#15090,#5956);
#4941=LINE('',#15168,#5957);
#4942=LINE('',#15172,#5958);
#4943=LINE('',#15178,#5959);
#4944=LINE('',#15184,#5960);
#4945=LINE('',#15188,#5961);
#4946=LINE('',#15191,#5962);
#4947=LINE('',#15193,#5963);
#4948=LINE('',#15195,#5964);
#4949=LINE('',#15196,#5965);
#4950=LINE('',#15198,#5966);
#4951=LINE('',#15200,#5967);
#4952=LINE('',#15204,#5968);
#4953=LINE('',#15217,#5969);
#4954=LINE('',#15221,#5970);
#4955=LINE('',#15227,#5971);
#4956=LINE('',#15233,#5972);
#4957=LINE('',#15237,#5973);
#4958=LINE('',#15240,#5974);
#4959=LINE('',#15242,#5975);
#4960=LINE('',#15244,#5976);
#4961=LINE('',#15245,#5977);
#4962=LINE('',#15247,#5978);
#4963=LINE('',#15249,#5979);
#4964=LINE('',#15253,#5980);
#4965=LINE('',#15266,#5981);
#4966=LINE('',#15270,#5982);
#4967=LINE('',#15276,#5983);
#4968=LINE('',#15282,#5984);
#4969=LINE('',#15286,#5985);
#4970=LINE('',#15289,#5986);
#4971=LINE('',#15291,#5987);
#4972=LINE('',#15293,#5988);
#4973=LINE('',#15294,#5989);
#4974=LINE('',#15296,#5990);
#4975=LINE('',#15298,#5991);
#4976=LINE('',#15302,#5992);
#4977=LINE('',#15315,#5993);
#4978=LINE('',#15319,#5994);
#4979=LINE('',#15325,#5995);
#4980=LINE('',#15331,#5996);
#4981=LINE('',#15335,#5997);
#4982=LINE('',#15338,#5998);
#4983=LINE('',#15340,#5999);
#4984=LINE('',#15342,#6000);
#4985=LINE('',#15343,#6001);
#4986=LINE('',#15345,#6002);
#4987=LINE('',#15347,#6003);
#4988=LINE('',#15351,#6004);
#4989=LINE('',#15364,#6005);
#4990=LINE('',#15368,#6006);
#4991=LINE('',#15374,#6007);
#4992=LINE('',#15380,#6008);
#4993=LINE('',#15384,#6009);
#4994=LINE('',#15387,#6010);
#4995=LINE('',#15389,#6011);
#4996=LINE('',#15391,#6012);
#4997=LINE('',#15392,#6013);
#4998=LINE('',#15394,#6014);
#4999=LINE('',#15396,#6015);
#5000=LINE('',#15400,#6016);
#5001=LINE('',#15409,#6017);
#5002=LINE('',#15411,#6018);
#5003=LINE('',#15413,#6019);
#5004=LINE('',#15415,#6020);
#5005=LINE('',#15417,#6021);
#5006=LINE('',#15419,#6022);
#5007=LINE('',#15421,#6023);
#5008=LINE('',#15422,#6024);
#5009=LINE('',#15426,#6025);
#5010=LINE('',#15428,#6026);
#5011=LINE('',#15430,#6027);
#5012=LINE('',#15432,#6028);
#5013=LINE('',#15434,#6029);
#5014=LINE('',#15436,#6030);
#5015=LINE('',#15438,#6031);
#5016=LINE('',#15439,#6032);
#5017=LINE('',#15443,#6033);
#5018=LINE('',#15445,#6034);
#5019=LINE('',#15447,#6035);
#5020=LINE('',#15449,#6036);
#5021=LINE('',#15451,#6037);
#5022=LINE('',#15453,#6038);
#5023=LINE('',#15455,#6039);
#5024=LINE('',#15456,#6040);
#5025=LINE('',#15460,#6041);
#5026=LINE('',#15462,#6042);
#5027=LINE('',#15464,#6043);
#5028=LINE('',#15466,#6044);
#5029=LINE('',#15468,#6045);
#5030=LINE('',#15470,#6046);
#5031=LINE('',#15472,#6047);
#5032=LINE('',#15473,#6048);
#5033=LINE('',#15477,#6049);
#5034=LINE('',#15479,#6050);
#5035=LINE('',#15481,#6051);
#5036=LINE('',#15483,#6052);
#5037=LINE('',#15485,#6053);
#5038=LINE('',#15487,#6054);
#5039=LINE('',#15489,#6055);
#5040=LINE('',#15490,#6056);
#5041=LINE('',#15494,#6057);
#5042=LINE('',#15497,#6058);
#5043=LINE('',#15499,#6059);
#5044=LINE('',#15501,#6060);
#5045=LINE('',#15503,#6061);
#5046=LINE('',#15505,#6062);
#5047=LINE('',#15507,#6063);
#5048=LINE('',#15509,#6064);
#5049=LINE('',#15510,#6065);
#5050=LINE('',#15512,#6066);
#5051=LINE('',#15514,#6067);
#5052=LINE('',#15516,#6068);
#5053=LINE('',#15518,#6069);
#5054=LINE('',#15520,#6070);
#5055=LINE('',#15522,#6071);
#5056=LINE('',#15524,#6072);
#5057=LINE('',#15526,#6073);
#5058=LINE('',#15528,#6074);
#5059=LINE('',#15530,#6075);
#5060=LINE('',#15532,#6076);
#5061=LINE('',#15534,#6077);
#5062=LINE('',#15536,#6078);
#5063=LINE('',#15537,#6079);
#5064=LINE('',#15541,#6080);
#5065=LINE('',#15544,#6081);
#5066=LINE('',#15546,#6082);
#5067=LINE('',#15548,#6083);
#5068=LINE('',#15550,#6084);
#5069=LINE('',#15552,#6085);
#5070=LINE('',#15554,#6086);
#5071=LINE('',#15556,#6087);
#5072=LINE('',#15557,#6088);
#5073=LINE('',#15559,#6089);
#5074=LINE('',#15561,#6090);
#5075=LINE('',#15563,#6091);
#5076=LINE('',#15565,#6092);
#5077=LINE('',#15567,#6093);
#5078=LINE('',#15569,#6094);
#5079=LINE('',#15571,#6095);
#5080=LINE('',#15573,#6096);
#5081=LINE('',#15575,#6097);
#5082=LINE('',#15577,#6098);
#5083=LINE('',#15579,#6099);
#5084=LINE('',#15581,#6100);
#5085=LINE('',#15583,#6101);
#5086=LINE('',#15584,#6102);
#5087=LINE('',#15588,#6103);
#5088=LINE('',#15591,#6104);
#5089=LINE('',#15593,#6105);
#5090=LINE('',#15595,#6106);
#5091=LINE('',#15597,#6107);
#5092=LINE('',#15599,#6108);
#5093=LINE('',#15601,#6109);
#5094=LINE('',#15603,#6110);
#5095=LINE('',#15604,#6111);
#5096=LINE('',#15606,#6112);
#5097=LINE('',#15608,#6113);
#5098=LINE('',#15610,#6114);
#5099=LINE('',#15612,#6115);
#5100=LINE('',#15614,#6116);
#5101=LINE('',#15616,#6117);
#5102=LINE('',#15618,#6118);
#5103=LINE('',#15620,#6119);
#5104=LINE('',#15622,#6120);
#5105=LINE('',#15624,#6121);
#5106=LINE('',#15626,#6122);
#5107=LINE('',#15628,#6123);
#5108=LINE('',#15630,#6124);
#5109=LINE('',#15631,#6125);
#5110=LINE('',#15635,#6126);
#5111=LINE('',#15638,#6127);
#5112=LINE('',#15640,#6128);
#5113=LINE('',#15642,#6129);
#5114=LINE('',#15644,#6130);
#5115=LINE('',#15646,#6131);
#5116=LINE('',#15648,#6132);
#5117=LINE('',#15650,#6133);
#5118=LINE('',#15651,#6134);
#5119=LINE('',#15653,#6135);
#5120=LINE('',#15655,#6136);
#5121=LINE('',#15657,#6137);
#5122=LINE('',#15659,#6138);
#5123=LINE('',#15661,#6139);
#5124=LINE('',#15663,#6140);
#5125=LINE('',#15665,#6141);
#5126=LINE('',#15667,#6142);
#5127=LINE('',#15669,#6143);
#5128=LINE('',#15671,#6144);
#5129=LINE('',#15673,#6145);
#5130=LINE('',#15675,#6146);
#5131=LINE('',#15677,#6147);
#5132=LINE('',#15678,#6148);
#5133=LINE('',#15682,#6149);
#5134=LINE('',#15685,#6150);
#5135=LINE('',#15687,#6151);
#5136=LINE('',#15689,#6152);
#5137=LINE('',#15691,#6153);
#5138=LINE('',#15693,#6154);
#5139=LINE('',#15695,#6155);
#5140=LINE('',#15697,#6156);
#5141=LINE('',#15698,#6157);
#5142=LINE('',#15700,#6158);
#5143=LINE('',#15702,#6159);
#5144=LINE('',#15704,#6160);
#5145=LINE('',#15706,#6161);
#5146=LINE('',#15708,#6162);
#5147=LINE('',#15710,#6163);
#5148=LINE('',#15712,#6164);
#5149=LINE('',#15714,#6165);
#5150=LINE('',#15716,#6166);
#5151=LINE('',#15718,#6167);
#5152=LINE('',#15720,#6168);
#5153=LINE('',#15722,#6169);
#5154=LINE('',#15724,#6170);
#5155=LINE('',#15725,#6171);
#5156=LINE('',#15729,#6172);
#5157=LINE('',#15731,#6173);
#5158=LINE('',#15733,#6174);
#5159=LINE('',#15735,#6175);
#5160=LINE('',#15737,#6176);
#5161=LINE('',#15739,#6177);
#5162=LINE('',#15741,#6178);
#5163=LINE('',#15743,#6179);
#5164=LINE('',#15745,#6180);
#5165=LINE('',#15747,#6181);
#5166=LINE('',#15749,#6182);
#5167=LINE('',#15751,#6183);
#5168=LINE('',#15753,#6184);
#5169=LINE('',#15755,#6185);
#5170=LINE('',#15757,#6186);
#5171=LINE('',#15759,#6187);
#5172=LINE('',#15761,#6188);
#5173=LINE('',#15763,#6189);
#5174=LINE('',#15765,#6190);
#5175=LINE('',#15767,#6191);
#5176=LINE('',#15769,#6192);
#5177=LINE('',#15771,#6193);
#5178=LINE('',#15772,#6194);
#5179=LINE('',#15776,#6195);
#5180=LINE('',#15778,#6196);
#5181=LINE('',#15780,#6197);
#5182=LINE('',#15782,#6198);
#5183=LINE('',#15784,#6199);
#5184=LINE('',#15786,#6200);
#5185=LINE('',#15788,#6201);
#5186=LINE('',#15790,#6202);
#5187=LINE('',#15792,#6203);
#5188=LINE('',#15794,#6204);
#5189=LINE('',#15796,#6205);
#5190=LINE('',#15798,#6206);
#5191=LINE('',#15800,#6207);
#5192=LINE('',#15802,#6208);
#5193=LINE('',#15804,#6209);
#5194=LINE('',#15806,#6210);
#5195=LINE('',#15808,#6211);
#5196=LINE('',#15810,#6212);
#5197=LINE('',#15812,#6213);
#5198=LINE('',#15814,#6214);
#5199=LINE('',#15816,#6215);
#5200=LINE('',#15818,#6216);
#5201=LINE('',#15819,#6217);
#5202=LINE('',#15823,#6218);
#5203=LINE('',#15825,#6219);
#5204=LINE('',#15827,#6220);
#5205=LINE('',#15829,#6221);
#5206=LINE('',#15831,#6222);
#5207=LINE('',#15833,#6223);
#5208=LINE('',#15835,#6224);
#5209=LINE('',#15837,#6225);
#5210=LINE('',#15839,#6226);
#5211=LINE('',#15841,#6227);
#5212=LINE('',#15843,#6228);
#5213=LINE('',#15845,#6229);
#5214=LINE('',#15847,#6230);
#5215=LINE('',#15849,#6231);
#5216=LINE('',#15851,#6232);
#5217=LINE('',#15853,#6233);
#5218=LINE('',#15855,#6234);
#5219=LINE('',#15857,#6235);
#5220=LINE('',#15859,#6236);
#5221=LINE('',#15861,#6237);
#5222=LINE('',#15863,#6238);
#5223=LINE('',#15865,#6239);
#5224=LINE('',#15866,#6240);
#5225=LINE('',#15870,#6241);
#5226=LINE('',#15872,#6242);
#5227=LINE('',#15874,#6243);
#5228=LINE('',#15876,#6244);
#5229=LINE('',#15878,#6245);
#5230=LINE('',#15880,#6246);
#5231=LINE('',#15882,#6247);
#5232=LINE('',#15884,#6248);
#5233=LINE('',#15886,#6249);
#5234=LINE('',#15888,#6250);
#5235=LINE('',#15890,#6251);
#5236=LINE('',#15892,#6252);
#5237=LINE('',#15894,#6253);
#5238=LINE('',#15896,#6254);
#5239=LINE('',#15898,#6255);
#5240=LINE('',#15900,#6256);
#5241=LINE('',#15902,#6257);
#5242=LINE('',#15904,#6258);
#5243=LINE('',#15906,#6259);
#5244=LINE('',#15908,#6260);
#5245=LINE('',#15910,#6261);
#5246=LINE('',#15912,#6262);
#5247=LINE('',#15913,#6263);
#5248=LINE('',#15917,#6264);
#5249=LINE('',#15919,#6265);
#5250=LINE('',#15921,#6266);
#5251=LINE('',#15923,#6267);
#5252=LINE('',#15925,#6268);
#5253=LINE('',#15927,#6269);
#5254=LINE('',#15929,#6270);
#5255=LINE('',#15931,#6271);
#5256=LINE('',#15933,#6272);
#5257=LINE('',#15935,#6273);
#5258=LINE('',#15937,#6274);
#5259=LINE('',#15939,#6275);
#5260=LINE('',#15941,#6276);
#5261=LINE('',#15943,#6277);
#5262=LINE('',#15945,#6278);
#5263=LINE('',#15947,#6279);
#5264=LINE('',#15949,#6280);
#5265=LINE('',#15951,#6281);
#5266=LINE('',#15953,#6282);
#5267=LINE('',#15955,#6283);
#5268=LINE('',#15957,#6284);
#5269=LINE('',#15959,#6285);
#5270=LINE('',#15960,#6286);
#5271=LINE('',#15964,#6287);
#5272=LINE('',#15966,#6288);
#5273=LINE('',#15968,#6289);
#5274=LINE('',#15970,#6290);
#5275=LINE('',#15972,#6291);
#5276=LINE('',#15974,#6292);
#5277=LINE('',#15976,#6293);
#5278=LINE('',#15978,#6294);
#5279=LINE('',#15981,#6295);
#5280=LINE('',#15983,#6296);
#5281=LINE('',#15985,#6297);
#5282=LINE('',#15987,#6298);
#5283=LINE('',#15989,#6299);
#5284=LINE('',#15991,#6300);
#5285=LINE('',#15993,#6301);
#5286=LINE('',#15995,#6302);
#5287=LINE('',#15998,#6303);
#5288=LINE('',#16000,#6304);
#5289=LINE('',#16002,#6305);
#5290=LINE('',#16004,#6306);
#5291=LINE('',#16006,#6307);
#5292=LINE('',#16008,#6308);
#5293=LINE('',#16010,#6309);
#5294=LINE('',#16012,#6310);
#5295=LINE('',#16015,#6311);
#5296=LINE('',#16017,#6312);
#5297=LINE('',#16019,#6313);
#5298=LINE('',#16021,#6314);
#5299=LINE('',#16023,#6315);
#5300=LINE('',#16025,#6316);
#5301=LINE('',#16027,#6317);
#5302=LINE('',#16029,#6318);
#5303=LINE('',#16032,#6319);
#5304=LINE('',#16034,#6320);
#5305=LINE('',#16036,#6321);
#5306=LINE('',#16038,#6322);
#5307=LINE('',#16040,#6323);
#5308=LINE('',#16042,#6324);
#5309=LINE('',#16044,#6325);
#5310=LINE('',#16046,#6326);
#5311=LINE('',#16049,#6327);
#5312=LINE('',#16051,#6328);
#5313=LINE('',#16053,#6329);
#5314=LINE('',#16055,#6330);
#5315=LINE('',#16057,#6331);
#5316=LINE('',#16059,#6332);
#5317=LINE('',#16061,#6333);
#5318=LINE('',#16063,#6334);
#5319=LINE('',#16066,#6335);
#5320=LINE('',#16068,#6336);
#5321=LINE('',#16070,#6337);
#5322=LINE('',#16072,#6338);
#5323=LINE('',#16074,#6339);
#5324=LINE('',#16076,#6340);
#5325=LINE('',#16078,#6341);
#5326=LINE('',#16080,#6342);
#5327=LINE('',#16083,#6343);
#5328=LINE('',#16085,#6344);
#5329=LINE('',#16087,#6345);
#5330=LINE('',#16089,#6346);
#5331=LINE('',#16091,#6347);
#5332=LINE('',#16093,#6348);
#5333=LINE('',#16095,#6349);
#5334=LINE('',#16097,#6350);
#5335=LINE('',#16100,#6351);
#5336=LINE('',#16102,#6352);
#5337=LINE('',#16104,#6353);
#5338=LINE('',#16106,#6354);
#5339=LINE('',#16108,#6355);
#5340=LINE('',#16110,#6356);
#5341=LINE('',#16112,#6357);
#5342=LINE('',#16114,#6358);
#5343=LINE('',#16117,#6359);
#5344=LINE('',#16119,#6360);
#5345=LINE('',#16121,#6361);
#5346=LINE('',#16123,#6362);
#5347=LINE('',#16125,#6363);
#5348=LINE('',#16127,#6364);
#5349=LINE('',#16129,#6365);
#5350=LINE('',#16131,#6366);
#5351=LINE('',#16134,#6367);
#5352=LINE('',#16137,#6368);
#5353=LINE('',#16139,#6369);
#5354=LINE('',#16141,#6370);
#5355=LINE('',#16147,#6371);
#5356=LINE('',#16149,#6372);
#5357=LINE('',#16151,#6373);
#5358=LINE('',#16153,#6374);
#5359=LINE('',#16155,#6375);
#5360=LINE('',#16157,#6376);
#5361=LINE('',#16159,#6377);
#5362=LINE('',#16161,#6378);
#5363=LINE('',#16163,#6379);
#5364=LINE('',#16165,#6380);
#5365=LINE('',#16167,#6381);
#5366=LINE('',#16169,#6382);
#5367=LINE('',#16171,#6383);
#5368=LINE('',#16173,#6384);
#5369=LINE('',#16175,#6385);
#5370=LINE('',#16177,#6386);
#5371=LINE('',#16183,#6387);
#5372=LINE('',#16185,#6388);
#5373=LINE('',#16187,#6389);
#5374=LINE('',#16189,#6390);
#5375=LINE('',#16195,#6391);
#5376=LINE('',#16197,#6392);
#5377=LINE('',#16199,#6393);
#5378=LINE('',#16201,#6394);
#5379=LINE('',#16203,#6395);
#5380=LINE('',#16204,#6396);
#5381=LINE('',#16206,#6397);
#5382=LINE('',#16208,#6398);
#5383=LINE('',#16210,#6399);
#5384=LINE('',#16212,#6400);
#5385=LINE('',#16214,#6401);
#5386=LINE('',#16216,#6402);
#5387=LINE('',#16223,#6403);
#5388=LINE('',#16226,#6404);
#5389=LINE('',#16228,#6405);
#5390=LINE('',#16230,#6406);
#5391=LINE('',#16236,#6407);
#5392=LINE('',#16238,#6408);
#5393=LINE('',#16240,#6409);
#5394=LINE('',#16242,#6410);
#5395=LINE('',#16244,#6411);
#5396=LINE('',#16246,#6412);
#5397=LINE('',#16248,#6413);
#5398=LINE('',#16250,#6414);
#5399=LINE('',#16252,#6415);
#5400=LINE('',#16254,#6416);
#5401=LINE('',#16256,#6417);
#5402=LINE('',#16258,#6418);
#5403=LINE('',#16260,#6419);
#5404=LINE('',#16262,#6420);
#5405=LINE('',#16264,#6421);
#5406=LINE('',#16266,#6422);
#5407=LINE('',#16272,#6423);
#5408=LINE('',#16274,#6424);
#5409=LINE('',#16276,#6425);
#5410=LINE('',#16278,#6426);
#5411=LINE('',#16284,#6427);
#5412=LINE('',#16286,#6428);
#5413=LINE('',#16288,#6429);
#5414=LINE('',#16290,#6430);
#5415=LINE('',#16292,#6431);
#5416=LINE('',#16293,#6432);
#5417=LINE('',#16295,#6433);
#5418=LINE('',#16297,#6434);
#5419=LINE('',#16299,#6435);
#5420=LINE('',#16301,#6436);
#5421=LINE('',#16303,#6437);
#5422=LINE('',#16305,#6438);
#5423=LINE('',#16312,#6439);
#5424=LINE('',#16315,#6440);
#5425=LINE('',#16317,#6441);
#5426=LINE('',#16319,#6442);
#5427=LINE('',#16325,#6443);
#5428=LINE('',#16327,#6444);
#5429=LINE('',#16329,#6445);
#5430=LINE('',#16331,#6446);
#5431=LINE('',#16333,#6447);
#5432=LINE('',#16335,#6448);
#5433=LINE('',#16337,#6449);
#5434=LINE('',#16339,#6450);
#5435=LINE('',#16341,#6451);
#5436=LINE('',#16343,#6452);
#5437=LINE('',#16345,#6453);
#5438=LINE('',#16347,#6454);
#5439=LINE('',#16349,#6455);
#5440=LINE('',#16351,#6456);
#5441=LINE('',#16353,#6457);
#5442=LINE('',#16355,#6458);
#5443=LINE('',#16361,#6459);
#5444=LINE('',#16363,#6460);
#5445=LINE('',#16365,#6461);
#5446=LINE('',#16367,#6462);
#5447=LINE('',#16373,#6463);
#5448=LINE('',#16375,#6464);
#5449=LINE('',#16377,#6465);
#5450=LINE('',#16379,#6466);
#5451=LINE('',#16381,#6467);
#5452=LINE('',#16382,#6468);
#5453=LINE('',#16384,#6469);
#5454=LINE('',#16386,#6470);
#5455=LINE('',#16388,#6471);
#5456=LINE('',#16390,#6472);
#5457=LINE('',#16392,#6473);
#5458=LINE('',#16394,#6474);
#5459=LINE('',#16401,#6475);
#5460=LINE('',#16404,#6476);
#5461=LINE('',#16406,#6477);
#5462=LINE('',#16408,#6478);
#5463=LINE('',#16414,#6479);
#5464=LINE('',#16416,#6480);
#5465=LINE('',#16418,#6481);
#5466=LINE('',#16420,#6482);
#5467=LINE('',#16422,#6483);
#5468=LINE('',#16424,#6484);
#5469=LINE('',#16426,#6485);
#5470=LINE('',#16428,#6486);
#5471=LINE('',#16430,#6487);
#5472=LINE('',#16432,#6488);
#5473=LINE('',#16434,#6489);
#5474=LINE('',#16436,#6490);
#5475=LINE('',#16438,#6491);
#5476=LINE('',#16440,#6492);
#5477=LINE('',#16442,#6493);
#5478=LINE('',#16444,#6494);
#5479=LINE('',#16450,#6495);
#5480=LINE('',#16452,#6496);
#5481=LINE('',#16454,#6497);
#5482=LINE('',#16456,#6498);
#5483=LINE('',#16462,#6499);
#5484=LINE('',#16464,#6500);
#5485=LINE('',#16466,#6501);
#5486=LINE('',#16468,#6502);
#5487=LINE('',#16470,#6503);
#5488=LINE('',#16471,#6504);
#5489=LINE('',#16473,#6505);
#5490=LINE('',#16475,#6506);
#5491=LINE('',#16477,#6507);
#5492=LINE('',#16479,#6508);
#5493=LINE('',#16481,#6509);
#5494=LINE('',#16483,#6510);
#5495=LINE('',#16490,#6511);
#5496=LINE('',#16493,#6512);
#5497=LINE('',#16495,#6513);
#5498=LINE('',#16497,#6514);
#5499=LINE('',#16503,#6515);
#5500=LINE('',#16505,#6516);
#5501=LINE('',#16507,#6517);
#5502=LINE('',#16509,#6518);
#5503=LINE('',#16511,#6519);
#5504=LINE('',#16513,#6520);
#5505=LINE('',#16515,#6521);
#5506=LINE('',#16517,#6522);
#5507=LINE('',#16519,#6523);
#5508=LINE('',#16521,#6524);
#5509=LINE('',#16523,#6525);
#5510=LINE('',#16525,#6526);
#5511=LINE('',#16527,#6527);
#5512=LINE('',#16529,#6528);
#5513=LINE('',#16531,#6529);
#5514=LINE('',#16533,#6530);
#5515=LINE('',#16539,#6531);
#5516=LINE('',#16541,#6532);
#5517=LINE('',#16543,#6533);
#5518=LINE('',#16545,#6534);
#5519=LINE('',#16551,#6535);
#5520=LINE('',#16553,#6536);
#5521=LINE('',#16555,#6537);
#5522=LINE('',#16557,#6538);
#5523=LINE('',#16559,#6539);
#5524=LINE('',#16560,#6540);
#5525=LINE('',#16562,#6541);
#5526=LINE('',#16564,#6542);
#5527=LINE('',#16566,#6543);
#5528=LINE('',#16568,#6544);
#5529=LINE('',#16570,#6545);
#5530=LINE('',#16572,#6546);
#5531=LINE('',#16582,#6547);
#5532=LINE('',#16586,#6548);
#5533=LINE('',#16588,#6549);
#5534=LINE('',#16590,#6550);
#5535=LINE('',#16592,#6551);
#5536=LINE('',#16598,#6552);
#5537=LINE('',#16600,#6553);
#5538=LINE('',#16602,#6554);
#5539=LINE('',#16604,#6555);
#5540=LINE('',#16606,#6556);
#5541=LINE('',#16607,#6557);
#5542=LINE('',#16609,#6558);
#5543=LINE('',#16611,#6559);
#5544=LINE('',#16613,#6560);
#5545=LINE('',#16615,#6561);
#5546=LINE('',#16617,#6562);
#5547=LINE('',#16619,#6563);
#5548=LINE('',#16625,#6564);
#5549=LINE('',#16627,#6565);
#5550=LINE('',#16629,#6566);
#5551=LINE('',#16631,#6567);
#5552=LINE('',#16637,#6568);
#5553=LINE('',#16639,#6569);
#5554=LINE('',#16641,#6570);
#5555=LINE('',#16643,#6571);
#5556=LINE('',#16645,#6572);
#5557=LINE('',#16647,#6573);
#5558=LINE('',#16649,#6574);
#5559=LINE('',#16651,#6575);
#5560=LINE('',#16653,#6576);
#5561=LINE('',#16655,#6577);
#5562=LINE('',#16657,#6578);
#5563=LINE('',#16659,#6579);
#5564=LINE('',#16661,#6580);
#5565=LINE('',#16663,#6581);
#5566=LINE('',#16664,#6582);
#5567=LINE('',#16671,#6583);
#5568=LINE('',#16675,#6584);
#5569=LINE('',#16677,#6585);
#5570=LINE('',#16679,#6586);
#5571=LINE('',#16681,#6587);
#5572=LINE('',#16687,#6588);
#5573=LINE('',#16689,#6589);
#5574=LINE('',#16691,#6590);
#5575=LINE('',#16693,#6591);
#5576=LINE('',#16695,#6592);
#5577=LINE('',#16696,#6593);
#5578=LINE('',#16698,#6594);
#5579=LINE('',#16700,#6595);
#5580=LINE('',#16702,#6596);
#5581=LINE('',#16704,#6597);
#5582=LINE('',#16706,#6598);
#5583=LINE('',#16708,#6599);
#5584=LINE('',#16714,#6600);
#5585=LINE('',#16716,#6601);
#5586=LINE('',#16718,#6602);
#5587=LINE('',#16720,#6603);
#5588=LINE('',#16726,#6604);
#5589=LINE('',#16728,#6605);
#5590=LINE('',#16730,#6606);
#5591=LINE('',#16732,#6607);
#5592=LINE('',#16734,#6608);
#5593=LINE('',#16736,#6609);
#5594=LINE('',#16738,#6610);
#5595=LINE('',#16740,#6611);
#5596=LINE('',#16742,#6612);
#5597=LINE('',#16744,#6613);
#5598=LINE('',#16746,#6614);
#5599=LINE('',#16748,#6615);
#5600=LINE('',#16750,#6616);
#5601=LINE('',#16752,#6617);
#5602=LINE('',#16753,#6618);
#5603=LINE('',#16760,#6619);
#5604=LINE('',#16764,#6620);
#5605=LINE('',#16766,#6621);
#5606=LINE('',#16768,#6622);
#5607=LINE('',#16770,#6623);
#5608=LINE('',#16776,#6624);
#5609=LINE('',#16778,#6625);
#5610=LINE('',#16780,#6626);
#5611=LINE('',#16782,#6627);
#5612=LINE('',#16784,#6628);
#5613=LINE('',#16785,#6629);
#5614=LINE('',#16787,#6630);
#5615=LINE('',#16789,#6631);
#5616=LINE('',#16791,#6632);
#5617=LINE('',#16793,#6633);
#5618=LINE('',#16795,#6634);
#5619=LINE('',#16797,#6635);
#5620=LINE('',#16803,#6636);
#5621=LINE('',#16805,#6637);
#5622=LINE('',#16807,#6638);
#5623=LINE('',#16809,#6639);
#5624=LINE('',#16815,#6640);
#5625=LINE('',#16817,#6641);
#5626=LINE('',#16819,#6642);
#5627=LINE('',#16821,#6643);
#5628=LINE('',#16823,#6644);
#5629=LINE('',#16825,#6645);
#5630=LINE('',#16827,#6646);
#5631=LINE('',#16829,#6647);
#5632=LINE('',#16831,#6648);
#5633=LINE('',#16833,#6649);
#5634=LINE('',#16835,#6650);
#5635=LINE('',#16837,#6651);
#5636=LINE('',#16839,#6652);
#5637=LINE('',#16841,#6653);
#5638=LINE('',#16842,#6654);
#5639=LINE('',#16849,#6655);
#5640=LINE('',#16853,#6656);
#5641=LINE('',#16855,#6657);
#5642=LINE('',#16857,#6658);
#5643=LINE('',#16859,#6659);
#5644=LINE('',#16865,#6660);
#5645=LINE('',#16867,#6661);
#5646=LINE('',#16869,#6662);
#5647=LINE('',#16871,#6663);
#5648=LINE('',#16873,#6664);
#5649=LINE('',#16874,#6665);
#5650=LINE('',#16876,#6666);
#5651=LINE('',#16878,#6667);
#5652=LINE('',#16880,#6668);
#5653=LINE('',#16882,#6669);
#5654=LINE('',#16884,#6670);
#5655=LINE('',#16886,#6671);
#5656=LINE('',#16892,#6672);
#5657=LINE('',#16894,#6673);
#5658=LINE('',#16896,#6674);
#5659=LINE('',#16898,#6675);
#5660=LINE('',#16904,#6676);
#5661=LINE('',#16906,#6677);
#5662=LINE('',#16908,#6678);
#5663=LINE('',#16910,#6679);
#5664=LINE('',#16912,#6680);
#5665=LINE('',#16914,#6681);
#5666=LINE('',#16916,#6682);
#5667=LINE('',#16918,#6683);
#5668=LINE('',#16920,#6684);
#5669=LINE('',#16922,#6685);
#5670=LINE('',#16924,#6686);
#5671=LINE('',#16926,#6687);
#5672=LINE('',#16928,#6688);
#5673=LINE('',#16930,#6689);
#5674=LINE('',#16931,#6690);
#5675=LINE('',#16938,#6691);
#5676=LINE('',#16942,#6692);
#5677=LINE('',#16944,#6693);
#5678=LINE('',#16946,#6694);
#5679=LINE('',#16948,#6695);
#5680=LINE('',#16954,#6696);
#5681=LINE('',#16956,#6697);
#5682=LINE('',#16958,#6698);
#5683=LINE('',#16960,#6699);
#5684=LINE('',#16962,#6700);
#5685=LINE('',#16963,#6701);
#5686=LINE('',#16965,#6702);
#5687=LINE('',#16967,#6703);
#5688=LINE('',#16969,#6704);
#5689=LINE('',#16971,#6705);
#5690=LINE('',#16973,#6706);
#5691=LINE('',#16975,#6707);
#5692=LINE('',#16981,#6708);
#5693=LINE('',#16983,#6709);
#5694=LINE('',#16985,#6710);
#5695=LINE('',#16987,#6711);
#5696=LINE('',#16993,#6712);
#5697=LINE('',#16995,#6713);
#5698=LINE('',#16997,#6714);
#5699=LINE('',#16999,#6715);
#5700=LINE('',#17001,#6716);
#5701=LINE('',#17003,#6717);
#5702=LINE('',#17005,#6718);
#5703=LINE('',#17007,#6719);
#5704=LINE('',#17009,#6720);
#5705=LINE('',#17011,#6721);
#5706=LINE('',#17013,#6722);
#5707=LINE('',#17015,#6723);
#5708=LINE('',#17017,#6724);
#5709=LINE('',#17019,#6725);
#5710=LINE('',#17020,#6726);
#5711=VECTOR('',#12300,1000.);
#5712=VECTOR('',#12301,1000.);
#5713=VECTOR('',#12302,1000.);
#5714=VECTOR('',#12303,1000.);
#5715=VECTOR('',#12304,1000.);
#5716=VECTOR('',#12305,1000.);
#5717=VECTOR('',#12306,1000.);
#5718=VECTOR('',#12307,1000.);
#5719=VECTOR('',#12308,1000.);
#5720=VECTOR('',#12309,1000.);
#5721=VECTOR('',#12310,1000.);
#5722=VECTOR('',#12311,1000.);
#5723=VECTOR('',#12312,1000.);
#5724=VECTOR('',#12313,1000.);
#5725=VECTOR('',#12314,1000.);
#5726=VECTOR('',#12315,1000.);
#5727=VECTOR('',#12316,1000.);
#5728=VECTOR('',#12317,1000.);
#5729=VECTOR('',#12318,1000.);
#5730=VECTOR('',#12319,1000.);
#5731=VECTOR('',#12320,1000.);
#5732=VECTOR('',#12321,1000.);
#5733=VECTOR('',#12322,1000.);
#5734=VECTOR('',#12323,1000.);
#5735=VECTOR('',#12324,1000.);
#5736=VECTOR('',#12325,1000.);
#5737=VECTOR('',#12326,1000.);
#5738=VECTOR('',#12327,1000.);
#5739=VECTOR('',#12328,1000.);
#5740=VECTOR('',#12329,1000.);
#5741=VECTOR('',#12330,1000.);
#5742=VECTOR('',#12331,1000.);
#5743=VECTOR('',#12332,1000.);
#5744=VECTOR('',#12333,1000.);
#5745=VECTOR('',#12336,1000.);
#5746=VECTOR('',#12337,1000.);
#5747=VECTOR('',#12338,1000.);
#5748=VECTOR('',#12339,1000.);
#5749=VECTOR('',#12340,1000.);
#5750=VECTOR('',#12341,1000.);
#5751=VECTOR('',#12342,1000.);
#5752=VECTOR('',#12343,1000.);
#5753=VECTOR('',#12344,1000.);
#5754=VECTOR('',#12345,1000.);
#5755=VECTOR('',#12346,1000.);
#5756=VECTOR('',#12347,1000.);
#5757=VECTOR('',#12348,1000.);
#5758=VECTOR('',#12349,1000.);
#5759=VECTOR('',#12350,1000.);
#5760=VECTOR('',#12351,1000.);
#5761=VECTOR('',#12352,1000.);
#5762=VECTOR('',#12353,1000.);
#5763=VECTOR('',#12356,1000.);
#5764=VECTOR('',#12357,1000.);
#5765=VECTOR('',#12358,1000.);
#5766=VECTOR('',#12361,1000.);
#5767=VECTOR('',#12362,1000.);
#5768=VECTOR('',#12363,1000.);
#5769=VECTOR('',#12368,1000.);
#5770=VECTOR('',#12373,1000.);
#5771=VECTOR('',#12374,1000.);
#5772=VECTOR('',#12375,1000.);
#5773=VECTOR('',#12380,1000.);
#5774=VECTOR('',#12385,1000.);
#5775=VECTOR('',#12386,1000.);
#5776=VECTOR('',#12387,1000.);
#5777=VECTOR('',#12392,1000.);
#5778=VECTOR('',#12397,1000.);
#5779=VECTOR('',#12398,1000.);
#5780=VECTOR('',#12399,1000.);
#5781=VECTOR('',#12402,1000.);
#5782=VECTOR('',#12403,1000.);
#5783=VECTOR('',#12404,1000.);
#5784=VECTOR('',#12407,1000.);
#5785=VECTOR('',#12408,1000.);
#5786=VECTOR('',#12409,1000.);
#5787=VECTOR('',#12414,1000.);
#5788=VECTOR('',#12419,1000.);
#5789=VECTOR('',#12420,1000.);
#5790=VECTOR('',#12421,1000.);
#5791=VECTOR('',#12426,1000.);
#5792=VECTOR('',#12431,1000.);
#5793=VECTOR('',#12432,1000.);
#5794=VECTOR('',#12433,1000.);
#5795=VECTOR('',#12438,1000.);
#5796=VECTOR('',#12443,1000.);
#5797=VECTOR('',#12444,1000.);
#5798=VECTOR('',#12445,1000.);
#5799=VECTOR('',#12448,1000.);
#5800=VECTOR('',#12449,1000.);
#5801=VECTOR('',#12450,1000.);
#5802=VECTOR('',#12453,1000.);
#5803=VECTOR('',#12454,1000.);
#5804=VECTOR('',#12455,1000.);
#5805=VECTOR('',#12456,1000.);
#5806=VECTOR('',#12457,1000.);
#5807=VECTOR('',#12458,1000.);
#5808=VECTOR('',#12459,1000.);
#5809=VECTOR('',#12460,1000.);
#5810=VECTOR('',#12461,1000.);
#5811=VECTOR('',#12462,1000.);
#5812=VECTOR('',#12463,1000.);
#5813=VECTOR('',#12464,1000.);
#5814=VECTOR('',#12465,1000.);
#5815=VECTOR('',#12466,1000.);
#5816=VECTOR('',#12467,1000.);
#5817=VECTOR('',#12468,1000.);
#5818=VECTOR('',#12469,1000.);
#5819=VECTOR('',#12470,1000.);
#5820=VECTOR('',#12471,1000.);
#5821=VECTOR('',#12472,1000.);
#5822=VECTOR('',#12473,1000.);
#5823=VECTOR('',#12474,1000.);
#5824=VECTOR('',#12475,1000.);
#5825=VECTOR('',#12478,1000.);
#5826=VECTOR('',#12479,1000.);
#5827=VECTOR('',#12480,1000.);
#5828=VECTOR('',#12481,1000.);
#5829=VECTOR('',#12482,1000.);
#5830=VECTOR('',#12483,1000.);
#5831=VECTOR('',#12484,1000.);
#5832=VECTOR('',#12485,1000.);
#5833=VECTOR('',#12486,1000.);
#5834=VECTOR('',#12487,1000.);
#5835=VECTOR('',#12488,1000.);
#5836=VECTOR('',#12489,1000.);
#5837=VECTOR('',#12490,1000.);
#5838=VECTOR('',#12491,1000.);
#5839=VECTOR('',#12492,1000.);
#5840=VECTOR('',#12493,1000.);
#5841=VECTOR('',#12494,1000.);
#5842=VECTOR('',#12495,1000.);
#5843=VECTOR('',#12496,1000.);
#5844=VECTOR('',#12497,1000.);
#5845=VECTOR('',#12498,1000.);
#5846=VECTOR('',#12499,1000.);
#5847=VECTOR('',#12500,1000.);
#5848=VECTOR('',#12501,1000.);
#5849=VECTOR('',#12502,1000.);
#5850=VECTOR('',#12503,1000.);
#5851=VECTOR('',#12504,1000.);
#5852=VECTOR('',#12505,1000.);
#5853=VECTOR('',#12508,1000.);
#5854=VECTOR('',#12509,1000.);
#5855=VECTOR('',#12510,1000.);
#5856=VECTOR('',#12511,1000.);
#5857=VECTOR('',#12512,1000.);
#5858=VECTOR('',#12513,1000.);
#5859=VECTOR('',#12514,1000.);
#5860=VECTOR('',#12515,1000.);
#5861=VECTOR('',#12516,1000.);
#5862=VECTOR('',#12517,1000.);
#5863=VECTOR('',#12518,1000.);
#5864=VECTOR('',#12519,1000.);
#5865=VECTOR('',#12520,1000.);
#5866=VECTOR('',#12521,1000.);
#5867=VECTOR('',#12522,1000.);
#5868=VECTOR('',#12523,1000.);
#5869=VECTOR('',#12524,1000.);
#5870=VECTOR('',#12525,1000.);
#5871=VECTOR('',#12528,1000.);
#5872=VECTOR('',#12529,1000.);
#5873=VECTOR('',#12530,1000.);
#5874=VECTOR('',#12531,1000.);
#5875=VECTOR('',#12532,1000.);
#5876=VECTOR('',#12533,1000.);
#5877=VECTOR('',#12534,1000.);
#5878=VECTOR('',#12535,1000.);
#5879=VECTOR('',#12536,1000.);
#5880=VECTOR('',#12537,1000.);
#5881=VECTOR('',#12538,1000.);
#5882=VECTOR('',#12539,1000.);
#5883=VECTOR('',#12540,1000.);
#5884=VECTOR('',#12541,1000.);
#5885=VECTOR('',#12542,1000.);
#5886=VECTOR('',#12543,1000.);
#5887=VECTOR('',#12544,1000.);
#5888=VECTOR('',#12545,1000.);
#5889=VECTOR('',#12546,1000.);
#5890=VECTOR('',#12547,1000.);
#5891=VECTOR('',#12548,1000.);
#5892=VECTOR('',#12549,1000.);
#5893=VECTOR('',#12550,1000.);
#5894=VECTOR('',#12553,1000.);
#5895=VECTOR('',#12554,1000.);
#5896=VECTOR('',#12555,1000.);
#5897=VECTOR('',#12556,1000.);
#5898=VECTOR('',#12557,1000.);
#5899=VECTOR('',#12558,1000.);
#5900=VECTOR('',#12559,1000.);
#5901=VECTOR('',#12560,1000.);
#5902=VECTOR('',#12561,1000.);
#5903=VECTOR('',#12562,1000.);
#5904=VECTOR('',#12563,1000.);
#5905=VECTOR('',#12564,1000.);
#5906=VECTOR('',#12565,1000.);
#5907=VECTOR('',#12566,1000.);
#5908=VECTOR('',#12567,1000.);
#5909=VECTOR('',#12568,1000.);
#5910=VECTOR('',#12569,1000.);
#5911=VECTOR('',#12570,1000.);
#5912=VECTOR('',#12571,1000.);
#5913=VECTOR('',#12572,1000.);
#5914=VECTOR('',#12593,1000.);
#5915=VECTOR('',#12594,1000.);
#5916=VECTOR('',#12595,1000.);
#5917=VECTOR('',#12598,1000.);
#5918=VECTOR('',#12599,1000.);
#5919=VECTOR('',#12600,1000.);
#5920=VECTOR('',#12601,1000.);
#5921=VECTOR('',#12602,1000.);
#5922=VECTOR('',#12603,1000.);
#5923=VECTOR('',#12604,1000.);
#5924=VECTOR('',#12605,1000.);
#5925=VECTOR('',#12606,1000.);
#5926=VECTOR('',#12607,1000.);
#5927=VECTOR('',#12608,1000.);
#5928=VECTOR('',#12609,1000.);
#5929=VECTOR('',#12610,1000.);
#5930=VECTOR('',#12611,1000.);
#5931=VECTOR('',#12612,1000.);
#5932=VECTOR('',#12613,1000.);
#5933=VECTOR('',#12614,1000.);
#5934=VECTOR('',#12615,1000.);
#5935=VECTOR('',#12616,1000.);
#5936=VECTOR('',#12617,1000.);
#5937=VECTOR('',#12618,1000.);
#5938=VECTOR('',#12619,1000.);
#5939=VECTOR('',#12620,1000.);
#5940=VECTOR('',#12623,1000.);
#5941=VECTOR('',#12624,1000.);
#5942=VECTOR('',#12625,1000.);
#5943=VECTOR('',#12626,1000.);
#5944=VECTOR('',#12627,1000.);
#5945=VECTOR('',#12628,1000.);
#5946=VECTOR('',#12629,1000.);
#5947=VECTOR('',#12630,1000.);
#5948=VECTOR('',#12631,1000.);
#5949=VECTOR('',#12632,1000.);
#5950=VECTOR('',#12633,1000.);
#5951=VECTOR('',#12634,1000.);
#5952=VECTOR('',#12635,1000.);
#5953=VECTOR('',#12636,1000.);
#5954=VECTOR('',#12637,1000.);
#5955=VECTOR('',#12638,1000.);
#5956=VECTOR('',#12639,1000.);
#5957=VECTOR('',#12750,1000.);
#5958=VECTOR('',#12755,1000.);
#5959=VECTOR('',#12762,1000.);
#5960=VECTOR('',#12769,1000.);
#5961=VECTOR('',#12774,1000.);
#5962=VECTOR('',#12775,1000.);
#5963=VECTOR('',#12776,1000.);
#5964=VECTOR('',#12777,1000.);
#5965=VECTOR('',#12778,1000.);
#5966=VECTOR('',#12779,1000.);
#5967=VECTOR('',#12780,1000.);
#5968=VECTOR('',#12785,1000.);
#5969=VECTOR('',#12804,1000.);
#5970=VECTOR('',#12809,1000.);
#5971=VECTOR('',#12816,1000.);
#5972=VECTOR('',#12823,1000.);
#5973=VECTOR('',#12828,1000.);
#5974=VECTOR('',#12829,1000.);
#5975=VECTOR('',#12830,1000.);
#5976=VECTOR('',#12831,1000.);
#5977=VECTOR('',#12832,1000.);
#5978=VECTOR('',#12833,1000.);
#5979=VECTOR('',#12834,1000.);
#5980=VECTOR('',#12839,1000.);
#5981=VECTOR('',#12858,1000.);
#5982=VECTOR('',#12863,1000.);
#5983=VECTOR('',#12870,1000.);
#5984=VECTOR('',#12877,1000.);
#5985=VECTOR('',#12882,1000.);
#5986=VECTOR('',#12883,1000.);
#5987=VECTOR('',#12884,1000.);
#5988=VECTOR('',#12885,1000.);
#5989=VECTOR('',#12886,1000.);
#5990=VECTOR('',#12887,1000.);
#5991=VECTOR('',#12888,1000.);
#5992=VECTOR('',#12893,1000.);
#5993=VECTOR('',#12912,1000.);
#5994=VECTOR('',#12917,1000.);
#5995=VECTOR('',#12924,1000.);
#5996=VECTOR('',#12931,1000.);
#5997=VECTOR('',#12936,1000.);
#5998=VECTOR('',#12937,1000.);
#5999=VECTOR('',#12938,1000.);
#6000=VECTOR('',#12939,1000.);
#6001=VECTOR('',#12940,1000.);
#6002=VECTOR('',#12941,1000.);
#6003=VECTOR('',#12942,1000.);
#6004=VECTOR('',#12947,1000.);
#6005=VECTOR('',#12966,1000.);
#6006=VECTOR('',#12971,1000.);
#6007=VECTOR('',#12978,1000.);
#6008=VECTOR('',#12985,1000.);
#6009=VECTOR('',#12990,1000.);
#6010=VECTOR('',#12991,1000.);
#6011=VECTOR('',#12992,1000.);
#6012=VECTOR('',#12993,1000.);
#6013=VECTOR('',#12994,1000.);
#6014=VECTOR('',#12995,1000.);
#6015=VECTOR('',#12996,1000.);
#6016=VECTOR('',#13001,1000.);
#6017=VECTOR('',#13016,1000.);
#6018=VECTOR('',#13017,1000.);
#6019=VECTOR('',#13018,1000.);
#6020=VECTOR('',#13021,1000.);
#6021=VECTOR('',#13022,1000.);
#6022=VECTOR('',#13023,1000.);
#6023=VECTOR('',#13026,1000.);
#6024=VECTOR('',#13027,1000.);
#6025=VECTOR('',#13034,1000.);
#6026=VECTOR('',#13035,1000.);
#6027=VECTOR('',#13036,1000.);
#6028=VECTOR('',#13039,1000.);
#6029=VECTOR('',#13040,1000.);
#6030=VECTOR('',#13041,1000.);
#6031=VECTOR('',#13044,1000.);
#6032=VECTOR('',#13045,1000.);
#6033=VECTOR('',#13052,1000.);
#6034=VECTOR('',#13053,1000.);
#6035=VECTOR('',#13054,1000.);
#6036=VECTOR('',#13057,1000.);
#6037=VECTOR('',#13058,1000.);
#6038=VECTOR('',#13059,1000.);
#6039=VECTOR('',#13062,1000.);
#6040=VECTOR('',#13063,1000.);
#6041=VECTOR('',#13070,1000.);
#6042=VECTOR('',#13071,1000.);
#6043=VECTOR('',#13072,1000.);
#6044=VECTOR('',#13075,1000.);
#6045=VECTOR('',#13076,1000.);
#6046=VECTOR('',#13077,1000.);
#6047=VECTOR('',#13080,1000.);
#6048=VECTOR('',#13081,1000.);
#6049=VECTOR('',#13088,1000.);
#6050=VECTOR('',#13089,1000.);
#6051=VECTOR('',#13090,1000.);
#6052=VECTOR('',#13093,1000.);
#6053=VECTOR('',#13094,1000.);
#6054=VECTOR('',#13095,1000.);
#6055=VECTOR('',#13098,1000.);
#6056=VECTOR('',#13099,1000.);
#6057=VECTOR('',#13106,1000.);
#6058=VECTOR('',#13107,1000.);
#6059=VECTOR('',#13108,1000.);
#6060=VECTOR('',#13109,1000.);
#6061=VECTOR('',#13112,1000.);
#6062=VECTOR('',#13113,1000.);
#6063=VECTOR('',#13114,1000.);
#6064=VECTOR('',#13117,1000.);
#6065=VECTOR('',#13118,1000.);
#6066=VECTOR('',#13121,1000.);
#6067=VECTOR('',#13122,1000.);
#6068=VECTOR('',#13123,1000.);
#6069=VECTOR('',#13126,1000.);
#6070=VECTOR('',#13127,1000.);
#6071=VECTOR('',#13128,1000.);
#6072=VECTOR('',#13131,1000.);
#6073=VECTOR('',#13132,1000.);
#6074=VECTOR('',#13133,1000.);
#6075=VECTOR('',#13136,1000.);
#6076=VECTOR('',#13137,1000.);
#6077=VECTOR('',#13138,1000.);
#6078=VECTOR('',#13141,1000.);
#6079=VECTOR('',#13142,1000.);
#6080=VECTOR('',#13149,1000.);
#6081=VECTOR('',#13150,1000.);
#6082=VECTOR('',#13151,1000.);
#6083=VECTOR('',#13152,1000.);
#6084=VECTOR('',#13155,1000.);
#6085=VECTOR('',#13156,1000.);
#6086=VECTOR('',#13157,1000.);
#6087=VECTOR('',#13160,1000.);
#6088=VECTOR('',#13161,1000.);
#6089=VECTOR('',#13164,1000.);
#6090=VECTOR('',#13165,1000.);
#6091=VECTOR('',#13166,1000.);
#6092=VECTOR('',#13169,1000.);
#6093=VECTOR('',#13170,1000.);
#6094=VECTOR('',#13171,1000.);
#6095=VECTOR('',#13174,1000.);
#6096=VECTOR('',#13175,1000.);
#6097=VECTOR('',#13176,1000.);
#6098=VECTOR('',#13179,1000.);
#6099=VECTOR('',#13180,1000.);
#6100=VECTOR('',#13181,1000.);
#6101=VECTOR('',#13184,1000.);
#6102=VECTOR('',#13185,1000.);
#6103=VECTOR('',#13192,1000.);
#6104=VECTOR('',#13193,1000.);
#6105=VECTOR('',#13194,1000.);
#6106=VECTOR('',#13195,1000.);
#6107=VECTOR('',#13198,1000.);
#6108=VECTOR('',#13199,1000.);
#6109=VECTOR('',#13200,1000.);
#6110=VECTOR('',#13203,1000.);
#6111=VECTOR('',#13204,1000.);
#6112=VECTOR('',#13207,1000.);
#6113=VECTOR('',#13208,1000.);
#6114=VECTOR('',#13209,1000.);
#6115=VECTOR('',#13212,1000.);
#6116=VECTOR('',#13213,1000.);
#6117=VECTOR('',#13214,1000.);
#6118=VECTOR('',#13217,1000.);
#6119=VECTOR('',#13218,1000.);
#6120=VECTOR('',#13219,1000.);
#6121=VECTOR('',#13222,1000.);
#6122=VECTOR('',#13223,1000.);
#6123=VECTOR('',#13224,1000.);
#6124=VECTOR('',#13227,1000.);
#6125=VECTOR('',#13228,1000.);
#6126=VECTOR('',#13235,1000.);
#6127=VECTOR('',#13236,1000.);
#6128=VECTOR('',#13237,1000.);
#6129=VECTOR('',#13238,1000.);
#6130=VECTOR('',#13241,1000.);
#6131=VECTOR('',#13242,1000.);
#6132=VECTOR('',#13243,1000.);
#6133=VECTOR('',#13246,1000.);
#6134=VECTOR('',#13247,1000.);
#6135=VECTOR('',#13250,1000.);
#6136=VECTOR('',#13251,1000.);
#6137=VECTOR('',#13252,1000.);
#6138=VECTOR('',#13255,1000.);
#6139=VECTOR('',#13256,1000.);
#6140=VECTOR('',#13257,1000.);
#6141=VECTOR('',#13260,1000.);
#6142=VECTOR('',#13261,1000.);
#6143=VECTOR('',#13262,1000.);
#6144=VECTOR('',#13265,1000.);
#6145=VECTOR('',#13266,1000.);
#6146=VECTOR('',#13267,1000.);
#6147=VECTOR('',#13270,1000.);
#6148=VECTOR('',#13271,1000.);
#6149=VECTOR('',#13278,1000.);
#6150=VECTOR('',#13279,1000.);
#6151=VECTOR('',#13280,1000.);
#6152=VECTOR('',#13281,1000.);
#6153=VECTOR('',#13284,1000.);
#6154=VECTOR('',#13285,1000.);
#6155=VECTOR('',#13286,1000.);
#6156=VECTOR('',#13289,1000.);
#6157=VECTOR('',#13290,1000.);
#6158=VECTOR('',#13293,1000.);
#6159=VECTOR('',#13294,1000.);
#6160=VECTOR('',#13295,1000.);
#6161=VECTOR('',#13298,1000.);
#6162=VECTOR('',#13299,1000.);
#6163=VECTOR('',#13300,1000.);
#6164=VECTOR('',#13303,1000.);
#6165=VECTOR('',#13304,1000.);
#6166=VECTOR('',#13305,1000.);
#6167=VECTOR('',#13308,1000.);
#6168=VECTOR('',#13309,1000.);
#6169=VECTOR('',#13310,1000.);
#6170=VECTOR('',#13313,1000.);
#6171=VECTOR('',#13314,1000.);
#6172=VECTOR('',#13321,1000.);
#6173=VECTOR('',#13322,1000.);
#6174=VECTOR('',#13323,1000.);
#6175=VECTOR('',#13326,1000.);
#6176=VECTOR('',#13327,1000.);
#6177=VECTOR('',#13328,1000.);
#6178=VECTOR('',#13331,1000.);
#6179=VECTOR('',#13332,1000.);
#6180=VECTOR('',#13333,1000.);
#6181=VECTOR('',#13336,1000.);
#6182=VECTOR('',#13337,1000.);
#6183=VECTOR('',#13338,1000.);
#6184=VECTOR('',#13341,1000.);
#6185=VECTOR('',#13342,1000.);
#6186=VECTOR('',#13343,1000.);
#6187=VECTOR('',#13346,1000.);
#6188=VECTOR('',#13347,1000.);
#6189=VECTOR('',#13348,1000.);
#6190=VECTOR('',#13351,1000.);
#6191=VECTOR('',#13352,1000.);
#6192=VECTOR('',#13353,1000.);
#6193=VECTOR('',#13356,1000.);
#6194=VECTOR('',#13357,1000.);
#6195=VECTOR('',#13364,1000.);
#6196=VECTOR('',#13365,1000.);
#6197=VECTOR('',#13366,1000.);
#6198=VECTOR('',#13369,1000.);
#6199=VECTOR('',#13370,1000.);
#6200=VECTOR('',#13371,1000.);
#6201=VECTOR('',#13374,1000.);
#6202=VECTOR('',#13375,1000.);
#6203=VECTOR('',#13376,1000.);
#6204=VECTOR('',#13379,1000.);
#6205=VECTOR('',#13380,1000.);
#6206=VECTOR('',#13381,1000.);
#6207=VECTOR('',#13384,1000.);
#6208=VECTOR('',#13385,1000.);
#6209=VECTOR('',#13386,1000.);
#6210=VECTOR('',#13389,1000.);
#6211=VECTOR('',#13390,1000.);
#6212=VECTOR('',#13391,1000.);
#6213=VECTOR('',#13394,1000.);
#6214=VECTOR('',#13395,1000.);
#6215=VECTOR('',#13396,1000.);
#6216=VECTOR('',#13399,1000.);
#6217=VECTOR('',#13400,1000.);
#6218=VECTOR('',#13407,1000.);
#6219=VECTOR('',#13408,1000.);
#6220=VECTOR('',#13409,1000.);
#6221=VECTOR('',#13412,1000.);
#6222=VECTOR('',#13413,1000.);
#6223=VECTOR('',#13414,1000.);
#6224=VECTOR('',#13417,1000.);
#6225=VECTOR('',#13418,1000.);
#6226=VECTOR('',#13419,1000.);
#6227=VECTOR('',#13422,1000.);
#6228=VECTOR('',#13423,1000.);
#6229=VECTOR('',#13424,1000.);
#6230=VECTOR('',#13427,1000.);
#6231=VECTOR('',#13428,1000.);
#6232=VECTOR('',#13429,1000.);
#6233=VECTOR('',#13432,1000.);
#6234=VECTOR('',#13433,1000.);
#6235=VECTOR('',#13434,1000.);
#6236=VECTOR('',#13437,1000.);
#6237=VECTOR('',#13438,1000.);
#6238=VECTOR('',#13439,1000.);
#6239=VECTOR('',#13442,1000.);
#6240=VECTOR('',#13443,1000.);
#6241=VECTOR('',#13450,1000.);
#6242=VECTOR('',#13451,1000.);
#6243=VECTOR('',#13452,1000.);
#6244=VECTOR('',#13455,1000.);
#6245=VECTOR('',#13456,1000.);
#6246=VECTOR('',#13457,1000.);
#6247=VECTOR('',#13460,1000.);
#6248=VECTOR('',#13461,1000.);
#6249=VECTOR('',#13462,1000.);
#6250=VECTOR('',#13465,1000.);
#6251=VECTOR('',#13466,1000.);
#6252=VECTOR('',#13467,1000.);
#6253=VECTOR('',#13470,1000.);
#6254=VECTOR('',#13471,1000.);
#6255=VECTOR('',#13472,1000.);
#6256=VECTOR('',#13475,1000.);
#6257=VECTOR('',#13476,1000.);
#6258=VECTOR('',#13477,1000.);
#6259=VECTOR('',#13480,1000.);
#6260=VECTOR('',#13481,1000.);
#6261=VECTOR('',#13482,1000.);
#6262=VECTOR('',#13485,1000.);
#6263=VECTOR('',#13486,1000.);
#6264=VECTOR('',#13493,1000.);
#6265=VECTOR('',#13494,1000.);
#6266=VECTOR('',#13495,1000.);
#6267=VECTOR('',#13498,1000.);
#6268=VECTOR('',#13499,1000.);
#6269=VECTOR('',#13500,1000.);
#6270=VECTOR('',#13503,1000.);
#6271=VECTOR('',#13504,1000.);
#6272=VECTOR('',#13505,1000.);
#6273=VECTOR('',#13508,1000.);
#6274=VECTOR('',#13509,1000.);
#6275=VECTOR('',#13510,1000.);
#6276=VECTOR('',#13513,1000.);
#6277=VECTOR('',#13514,1000.);
#6278=VECTOR('',#13515,1000.);
#6279=VECTOR('',#13518,1000.);
#6280=VECTOR('',#13519,1000.);
#6281=VECTOR('',#13520,1000.);
#6282=VECTOR('',#13523,1000.);
#6283=VECTOR('',#13524,1000.);
#6284=VECTOR('',#13525,1000.);
#6285=VECTOR('',#13528,1000.);
#6286=VECTOR('',#13529,1000.);
#6287=VECTOR('',#13536,1000.);
#6288=VECTOR('',#13537,1000.);
#6289=VECTOR('',#13538,1000.);
#6290=VECTOR('',#13541,1000.);
#6291=VECTOR('',#13542,1000.);
#6292=VECTOR('',#13545,1000.);
#6293=VECTOR('',#13546,1000.);
#6294=VECTOR('',#13549,1000.);
#6295=VECTOR('',#13554,1000.);
#6296=VECTOR('',#13555,1000.);
#6297=VECTOR('',#13556,1000.);
#6298=VECTOR('',#13559,1000.);
#6299=VECTOR('',#13560,1000.);
#6300=VECTOR('',#13563,1000.);
#6301=VECTOR('',#13564,1000.);
#6302=VECTOR('',#13567,1000.);
#6303=VECTOR('',#13572,1000.);
#6304=VECTOR('',#13573,1000.);
#6305=VECTOR('',#13574,1000.);
#6306=VECTOR('',#13577,1000.);
#6307=VECTOR('',#13578,1000.);
#6308=VECTOR('',#13581,1000.);
#6309=VECTOR('',#13582,1000.);
#6310=VECTOR('',#13585,1000.);
#6311=VECTOR('',#13590,1000.);
#6312=VECTOR('',#13591,1000.);
#6313=VECTOR('',#13592,1000.);
#6314=VECTOR('',#13595,1000.);
#6315=VECTOR('',#13596,1000.);
#6316=VECTOR('',#13599,1000.);
#6317=VECTOR('',#13600,1000.);
#6318=VECTOR('',#13603,1000.);
#6319=VECTOR('',#13608,1000.);
#6320=VECTOR('',#13609,1000.);
#6321=VECTOR('',#13610,1000.);
#6322=VECTOR('',#13613,1000.);
#6323=VECTOR('',#13614,1000.);
#6324=VECTOR('',#13617,1000.);
#6325=VECTOR('',#13618,1000.);
#6326=VECTOR('',#13621,1000.);
#6327=VECTOR('',#13626,1000.);
#6328=VECTOR('',#13627,1000.);
#6329=VECTOR('',#13628,1000.);
#6330=VECTOR('',#13631,1000.);
#6331=VECTOR('',#13632,1000.);
#6332=VECTOR('',#13635,1000.);
#6333=VECTOR('',#13636,1000.);
#6334=VECTOR('',#13639,1000.);
#6335=VECTOR('',#13644,1000.);
#6336=VECTOR('',#13645,1000.);
#6337=VECTOR('',#13646,1000.);
#6338=VECTOR('',#13649,1000.);
#6339=VECTOR('',#13650,1000.);
#6340=VECTOR('',#13653,1000.);
#6341=VECTOR('',#13654,1000.);
#6342=VECTOR('',#13657,1000.);
#6343=VECTOR('',#13662,1000.);
#6344=VECTOR('',#13663,1000.);
#6345=VECTOR('',#13664,1000.);
#6346=VECTOR('',#13667,1000.);
#6347=VECTOR('',#13668,1000.);
#6348=VECTOR('',#13671,1000.);
#6349=VECTOR('',#13672,1000.);
#6350=VECTOR('',#13675,1000.);
#6351=VECTOR('',#13680,1000.);
#6352=VECTOR('',#13681,1000.);
#6353=VECTOR('',#13682,1000.);
#6354=VECTOR('',#13685,1000.);
#6355=VECTOR('',#13686,1000.);
#6356=VECTOR('',#13689,1000.);
#6357=VECTOR('',#13690,1000.);
#6358=VECTOR('',#13693,1000.);
#6359=VECTOR('',#13698,1000.);
#6360=VECTOR('',#13699,1000.);
#6361=VECTOR('',#13700,1000.);
#6362=VECTOR('',#13703,1000.);
#6363=VECTOR('',#13704,1000.);
#6364=VECTOR('',#13707,1000.);
#6365=VECTOR('',#13708,1000.);
#6366=VECTOR('',#13711,1000.);
#6367=VECTOR('',#13716,1000.);
#6368=VECTOR('',#13717,1000.);
#6369=VECTOR('',#13718,1000.);
#6370=VECTOR('',#13719,1000.);
#6371=VECTOR('',#13726,1000.);
#6372=VECTOR('',#13729,1000.);
#6373=VECTOR('',#13730,1000.);
#6374=VECTOR('',#13731,1000.);
#6375=VECTOR('',#13734,1000.);
#6376=VECTOR('',#13735,1000.);
#6377=VECTOR('',#13736,1000.);
#6378=VECTOR('',#13739,1000.);
#6379=VECTOR('',#13740,1000.);
#6380=VECTOR('',#13741,1000.);
#6381=VECTOR('',#13744,1000.);
#6382=VECTOR('',#13745,1000.);
#6383=VECTOR('',#13746,1000.);
#6384=VECTOR('',#13749,1000.);
#6385=VECTOR('',#13750,1000.);
#6386=VECTOR('',#13751,1000.);
#6387=VECTOR('',#13758,1000.);
#6388=VECTOR('',#13761,1000.);
#6389=VECTOR('',#13762,1000.);
#6390=VECTOR('',#13763,1000.);
#6391=VECTOR('',#13770,1000.);
#6392=VECTOR('',#13773,1000.);
#6393=VECTOR('',#13774,1000.);
#6394=VECTOR('',#13775,1000.);
#6395=VECTOR('',#13778,1000.);
#6396=VECTOR('',#13779,1000.);
#6397=VECTOR('',#13782,1000.);
#6398=VECTOR('',#13783,1000.);
#6399=VECTOR('',#13784,1000.);
#6400=VECTOR('',#13787,1000.);
#6401=VECTOR('',#13788,1000.);
#6402=VECTOR('',#13789,1000.);
#6403=VECTOR('',#13802,1000.);
#6404=VECTOR('',#13803,1000.);
#6405=VECTOR('',#13804,1000.);
#6406=VECTOR('',#13805,1000.);
#6407=VECTOR('',#13812,1000.);
#6408=VECTOR('',#13815,1000.);
#6409=VECTOR('',#13816,1000.);
#6410=VECTOR('',#13817,1000.);
#6411=VECTOR('',#13820,1000.);
#6412=VECTOR('',#13821,1000.);
#6413=VECTOR('',#13822,1000.);
#6414=VECTOR('',#13825,1000.);
#6415=VECTOR('',#13826,1000.);
#6416=VECTOR('',#13827,1000.);
#6417=VECTOR('',#13830,1000.);
#6418=VECTOR('',#13831,1000.);
#6419=VECTOR('',#13832,1000.);
#6420=VECTOR('',#13835,1000.);
#6421=VECTOR('',#13836,1000.);
#6422=VECTOR('',#13837,1000.);
#6423=VECTOR('',#13844,1000.);
#6424=VECTOR('',#13847,1000.);
#6425=VECTOR('',#13848,1000.);
#6426=VECTOR('',#13849,1000.);
#6427=VECTOR('',#13856,1000.);
#6428=VECTOR('',#13859,1000.);
#6429=VECTOR('',#13860,1000.);
#6430=VECTOR('',#13861,1000.);
#6431=VECTOR('',#13864,1000.);
#6432=VECTOR('',#13865,1000.);
#6433=VECTOR('',#13868,1000.);
#6434=VECTOR('',#13869,1000.);
#6435=VECTOR('',#13870,1000.);
#6436=VECTOR('',#13873,1000.);
#6437=VECTOR('',#13874,1000.);
#6438=VECTOR('',#13875,1000.);
#6439=VECTOR('',#13888,1000.);
#6440=VECTOR('',#13889,1000.);
#6441=VECTOR('',#13890,1000.);
#6442=VECTOR('',#13891,1000.);
#6443=VECTOR('',#13898,1000.);
#6444=VECTOR('',#13901,1000.);
#6445=VECTOR('',#13902,1000.);
#6446=VECTOR('',#13903,1000.);
#6447=VECTOR('',#13906,1000.);
#6448=VECTOR('',#13907,1000.);
#6449=VECTOR('',#13908,1000.);
#6450=VECTOR('',#13911,1000.);
#6451=VECTOR('',#13912,1000.);
#6452=VECTOR('',#13913,1000.);
#6453=VECTOR('',#13916,1000.);
#6454=VECTOR('',#13917,1000.);
#6455=VECTOR('',#13918,1000.);
#6456=VECTOR('',#13921,1000.);
#6457=VECTOR('',#13922,1000.);
#6458=VECTOR('',#13923,1000.);
#6459=VECTOR('',#13930,1000.);
#6460=VECTOR('',#13933,1000.);
#6461=VECTOR('',#13934,1000.);
#6462=VECTOR('',#13935,1000.);
#6463=VECTOR('',#13942,1000.);
#6464=VECTOR('',#13945,1000.);
#6465=VECTOR('',#13946,1000.);
#6466=VECTOR('',#13947,1000.);
#6467=VECTOR('',#13950,1000.);
#6468=VECTOR('',#13951,1000.);
#6469=VECTOR('',#13954,1000.);
#6470=VECTOR('',#13955,1000.);
#6471=VECTOR('',#13956,1000.);
#6472=VECTOR('',#13959,1000.);
#6473=VECTOR('',#13960,1000.);
#6474=VECTOR('',#13961,1000.);
#6475=VECTOR('',#13974,1000.);
#6476=VECTOR('',#13975,1000.);
#6477=VECTOR('',#13976,1000.);
#6478=VECTOR('',#13977,1000.);
#6479=VECTOR('',#13984,1000.);
#6480=VECTOR('',#13987,1000.);
#6481=VECTOR('',#13988,1000.);
#6482=VECTOR('',#13989,1000.);
#6483=VECTOR('',#13992,1000.);
#6484=VECTOR('',#13993,1000.);
#6485=VECTOR('',#13994,1000.);
#6486=VECTOR('',#13997,1000.);
#6487=VECTOR('',#13998,1000.);
#6488=VECTOR('',#13999,1000.);
#6489=VECTOR('',#14002,1000.);
#6490=VECTOR('',#14003,1000.);
#6491=VECTOR('',#14004,1000.);
#6492=VECTOR('',#14007,1000.);
#6493=VECTOR('',#14008,1000.);
#6494=VECTOR('',#14009,1000.);
#6495=VECTOR('',#14016,1000.);
#6496=VECTOR('',#14019,1000.);
#6497=VECTOR('',#14020,1000.);
#6498=VECTOR('',#14021,1000.);
#6499=VECTOR('',#14028,1000.);
#6500=VECTOR('',#14031,1000.);
#6501=VECTOR('',#14032,1000.);
#6502=VECTOR('',#14033,1000.);
#6503=VECTOR('',#14036,1000.);
#6504=VECTOR('',#14037,1000.);
#6505=VECTOR('',#14040,1000.);
#6506=VECTOR('',#14041,1000.);
#6507=VECTOR('',#14042,1000.);
#6508=VECTOR('',#14045,1000.);
#6509=VECTOR('',#14046,1000.);
#6510=VECTOR('',#14047,1000.);
#6511=VECTOR('',#14060,1000.);
#6512=VECTOR('',#14061,1000.);
#6513=VECTOR('',#14062,1000.);
#6514=VECTOR('',#14063,1000.);
#6515=VECTOR('',#14070,1000.);
#6516=VECTOR('',#14073,1000.);
#6517=VECTOR('',#14074,1000.);
#6518=VECTOR('',#14075,1000.);
#6519=VECTOR('',#14078,1000.);
#6520=VECTOR('',#14079,1000.);
#6521=VECTOR('',#14080,1000.);
#6522=VECTOR('',#14083,1000.);
#6523=VECTOR('',#14084,1000.);
#6524=VECTOR('',#14085,1000.);
#6525=VECTOR('',#14088,1000.);
#6526=VECTOR('',#14089,1000.);
#6527=VECTOR('',#14090,1000.);
#6528=VECTOR('',#14093,1000.);
#6529=VECTOR('',#14094,1000.);
#6530=VECTOR('',#14095,1000.);
#6531=VECTOR('',#14102,1000.);
#6532=VECTOR('',#14105,1000.);
#6533=VECTOR('',#14106,1000.);
#6534=VECTOR('',#14107,1000.);
#6535=VECTOR('',#14114,1000.);
#6536=VECTOR('',#14117,1000.);
#6537=VECTOR('',#14118,1000.);
#6538=VECTOR('',#14119,1000.);
#6539=VECTOR('',#14122,1000.);
#6540=VECTOR('',#14123,1000.);
#6541=VECTOR('',#14126,1000.);
#6542=VECTOR('',#14127,1000.);
#6543=VECTOR('',#14128,1000.);
#6544=VECTOR('',#14131,1000.);
#6545=VECTOR('',#14132,1000.);
#6546=VECTOR('',#14133,1000.);
#6547=VECTOR('',#14148,1000.);
#6548=VECTOR('',#14151,1000.);
#6549=VECTOR('',#14154,1000.);
#6550=VECTOR('',#14155,1000.);
#6551=VECTOR('',#14156,1000.);
#6552=VECTOR('',#14163,1000.);
#6553=VECTOR('',#14166,1000.);
#6554=VECTOR('',#14167,1000.);
#6555=VECTOR('',#14168,1000.);
#6556=VECTOR('',#14171,1000.);
#6557=VECTOR('',#14172,1000.);
#6558=VECTOR('',#14175,1000.);
#6559=VECTOR('',#14176,1000.);
#6560=VECTOR('',#14177,1000.);
#6561=VECTOR('',#14180,1000.);
#6562=VECTOR('',#14181,1000.);
#6563=VECTOR('',#14182,1000.);
#6564=VECTOR('',#14189,1000.);
#6565=VECTOR('',#14192,1000.);
#6566=VECTOR('',#14193,1000.);
#6567=VECTOR('',#14194,1000.);
#6568=VECTOR('',#14201,1000.);
#6569=VECTOR('',#14204,1000.);
#6570=VECTOR('',#14205,1000.);
#6571=VECTOR('',#14206,1000.);
#6572=VECTOR('',#14209,1000.);
#6573=VECTOR('',#14210,1000.);
#6574=VECTOR('',#14211,1000.);
#6575=VECTOR('',#14214,1000.);
#6576=VECTOR('',#14215,1000.);
#6577=VECTOR('',#14216,1000.);
#6578=VECTOR('',#14219,1000.);
#6579=VECTOR('',#14220,1000.);
#6580=VECTOR('',#14221,1000.);
#6581=VECTOR('',#14224,1000.);
#6582=VECTOR('',#14225,1000.);
#6583=VECTOR('',#14234,1000.);
#6584=VECTOR('',#14237,1000.);
#6585=VECTOR('',#14240,1000.);
#6586=VECTOR('',#14241,1000.);
#6587=VECTOR('',#14242,1000.);
#6588=VECTOR('',#14249,1000.);
#6589=VECTOR('',#14252,1000.);
#6590=VECTOR('',#14253,1000.);
#6591=VECTOR('',#14254,1000.);
#6592=VECTOR('',#14257,1000.);
#6593=VECTOR('',#14258,1000.);
#6594=VECTOR('',#14261,1000.);
#6595=VECTOR('',#14262,1000.);
#6596=VECTOR('',#14263,1000.);
#6597=VECTOR('',#14266,1000.);
#6598=VECTOR('',#14267,1000.);
#6599=VECTOR('',#14268,1000.);
#6600=VECTOR('',#14275,1000.);
#6601=VECTOR('',#14278,1000.);
#6602=VECTOR('',#14279,1000.);
#6603=VECTOR('',#14280,1000.);
#6604=VECTOR('',#14287,1000.);
#6605=VECTOR('',#14290,1000.);
#6606=VECTOR('',#14291,1000.);
#6607=VECTOR('',#14292,1000.);
#6608=VECTOR('',#14295,1000.);
#6609=VECTOR('',#14296,1000.);
#6610=VECTOR('',#14297,1000.);
#6611=VECTOR('',#14300,1000.);
#6612=VECTOR('',#14301,1000.);
#6613=VECTOR('',#14302,1000.);
#6614=VECTOR('',#14305,1000.);
#6615=VECTOR('',#14306,1000.);
#6616=VECTOR('',#14307,1000.);
#6617=VECTOR('',#14310,1000.);
#6618=VECTOR('',#14311,1000.);
#6619=VECTOR('',#14320,1000.);
#6620=VECTOR('',#14323,1000.);
#6621=VECTOR('',#14326,1000.);
#6622=VECTOR('',#14327,1000.);
#6623=VECTOR('',#14328,1000.);
#6624=VECTOR('',#14335,1000.);
#6625=VECTOR('',#14338,1000.);
#6626=VECTOR('',#14339,1000.);
#6627=VECTOR('',#14340,1000.);
#6628=VECTOR('',#14343,1000.);
#6629=VECTOR('',#14344,1000.);
#6630=VECTOR('',#14347,1000.);
#6631=VECTOR('',#14348,1000.);
#6632=VECTOR('',#14349,1000.);
#6633=VECTOR('',#14352,1000.);
#6634=VECTOR('',#14353,1000.);
#6635=VECTOR('',#14354,1000.);
#6636=VECTOR('',#14361,1000.);
#6637=VECTOR('',#14364,1000.);
#6638=VECTOR('',#14365,1000.);
#6639=VECTOR('',#14366,1000.);
#6640=VECTOR('',#14373,1000.);
#6641=VECTOR('',#14376,1000.);
#6642=VECTOR('',#14377,1000.);
#6643=VECTOR('',#14378,1000.);
#6644=VECTOR('',#14381,1000.);
#6645=VECTOR('',#14382,1000.);
#6646=VECTOR('',#14383,1000.);
#6647=VECTOR('',#14386,1000.);
#6648=VECTOR('',#14387,1000.);
#6649=VECTOR('',#14388,1000.);
#6650=VECTOR('',#14391,1000.);
#6651=VECTOR('',#14392,1000.);
#6652=VECTOR('',#14393,1000.);
#6653=VECTOR('',#14396,1000.);
#6654=VECTOR('',#14397,1000.);
#6655=VECTOR('',#14406,1000.);
#6656=VECTOR('',#14409,1000.);
#6657=VECTOR('',#14412,1000.);
#6658=VECTOR('',#14413,1000.);
#6659=VECTOR('',#14414,1000.);
#6660=VECTOR('',#14421,1000.);
#6661=VECTOR('',#14424,1000.);
#6662=VECTOR('',#14425,1000.);
#6663=VECTOR('',#14426,1000.);
#6664=VECTOR('',#14429,1000.);
#6665=VECTOR('',#14430,1000.);
#6666=VECTOR('',#14433,1000.);
#6667=VECTOR('',#14434,1000.);
#6668=VECTOR('',#14435,1000.);
#6669=VECTOR('',#14438,1000.);
#6670=VECTOR('',#14439,1000.);
#6671=VECTOR('',#14440,1000.);
#6672=VECTOR('',#14447,1000.);
#6673=VECTOR('',#14450,1000.);
#6674=VECTOR('',#14451,1000.);
#6675=VECTOR('',#14452,1000.);
#6676=VECTOR('',#14459,1000.);
#6677=VECTOR('',#14462,1000.);
#6678=VECTOR('',#14463,1000.);
#6679=VECTOR('',#14464,1000.);
#6680=VECTOR('',#14467,1000.);
#6681=VECTOR('',#14468,1000.);
#6682=VECTOR('',#14469,1000.);
#6683=VECTOR('',#14472,1000.);
#6684=VECTOR('',#14473,1000.);
#6685=VECTOR('',#14474,1000.);
#6686=VECTOR('',#14477,1000.);
#6687=VECTOR('',#14478,1000.);
#6688=VECTOR('',#14479,1000.);
#6689=VECTOR('',#14482,1000.);
#6690=VECTOR('',#14483,1000.);
#6691=VECTOR('',#14492,1000.);
#6692=VECTOR('',#14495,1000.);
#6693=VECTOR('',#14498,1000.);
#6694=VECTOR('',#14499,1000.);
#6695=VECTOR('',#14500,1000.);
#6696=VECTOR('',#14507,1000.);
#6697=VECTOR('',#14510,1000.);
#6698=VECTOR('',#14511,1000.);
#6699=VECTOR('',#14512,1000.);
#6700=VECTOR('',#14515,1000.);
#6701=VECTOR('',#14516,1000.);
#6702=VECTOR('',#14519,1000.);
#6703=VECTOR('',#14520,1000.);
#6704=VECTOR('',#14521,1000.);
#6705=VECTOR('',#14524,1000.);
#6706=VECTOR('',#14525,1000.);
#6707=VECTOR('',#14526,1000.);
#6708=VECTOR('',#14533,1000.);
#6709=VECTOR('',#14536,1000.);
#6710=VECTOR('',#14537,1000.);
#6711=VECTOR('',#14538,1000.);
#6712=VECTOR('',#14545,1000.);
#6713=VECTOR('',#14548,1000.);
#6714=VECTOR('',#14549,1000.);
#6715=VECTOR('',#14550,1000.);
#6716=VECTOR('',#14553,1000.);
#6717=VECTOR('',#14554,1000.);
#6718=VECTOR('',#14555,1000.);
#6719=VECTOR('',#14558,1000.);
#6720=VECTOR('',#14559,1000.);
#6721=VECTOR('',#14560,1000.);
#6722=VECTOR('',#14563,1000.);
#6723=VECTOR('',#14564,1000.);
#6724=VECTOR('',#14565,1000.);
#6725=VECTOR('',#14568,1000.);
#6726=VECTOR('',#14569,1000.);
#6727=EDGE_LOOP('',(#299,#300,#301,#302,#303,#304,#305,#306,#307,#308,#309,
#310,#311,#312,#313,#314,#315,#316,#317,#318,#319,#320,#321,#322,#323,#324,
#325,#326,#327,#328,#329,#330,#331,#332));
#6728=EDGE_LOOP('',(#333,#334,#335,#336,#337,#338,#339,#340,#341,#342,#343,
#344,#345,#346,#347,#348,#349,#350,#351,#352,#353,#354,#355,#356));
#6729=EDGE_LOOP('',(#357,#358,#359,#360));
#6730=EDGE_LOOP('',(#361,#362,#363,#364));
#6731=EDGE_LOOP('',(#365,#366,#367,#368));
#6732=EDGE_LOOP('',(#369,#370,#371,#372));
#6733=EDGE_LOOP('',(#373,#374,#375,#376));
#6734=EDGE_LOOP('',(#377,#378,#379,#380));
#6735=EDGE_LOOP('',(#381,#382,#383,#384));
#6736=EDGE_LOOP('',(#385,#386,#387,#388));
#6737=EDGE_LOOP('',(#389,#390,#391,#392));
#6738=EDGE_LOOP('',(#393,#394,#395,#396));
#6739=EDGE_LOOP('',(#397,#398,#399,#400));
#6740=EDGE_LOOP('',(#401,#402,#403,#404));
#6741=EDGE_LOOP('',(#405,#406,#407,#408));
#6742=EDGE_LOOP('',(#409,#410,#411,#412));
#6743=EDGE_LOOP('',(#413,#414,#415,#416));
#6744=EDGE_LOOP('',(#417,#418,#419,#420));
#6745=EDGE_LOOP('',(#421,#422,#423,#424));
#6746=EDGE_LOOP('',(#425,#426,#427,#428,#429,#430,#431,#432,#433,#434,#435,
#436,#437,#438,#439,#440,#441,#442,#443,#444,#445,#446,#447,#448));
#6747=EDGE_LOOP('',(#449,#450,#451,#452,#453,#454,#455,#456,#457,#458,#459,
#460,#461,#462,#463,#464,#465,#466,#467,#468,#469,#470,#471,#472,#473,#474,
#475,#476,#477,#478,#479,#480,#481,#482));
#6748=EDGE_LOOP('',(#483,#484,#485,#486,#487,#488,#489,#490,#491,#492,#493,
#494,#495,#496,#497,#498,#499,#500,#501,#502,#503,#504,#505,#506));
#6749=EDGE_LOOP('',(#507,#508,#509,#510));
#6750=EDGE_LOOP('',(#511,#512,#513,#514));
#6751=EDGE_LOOP('',(#515,#516,#517,#518));
#6752=EDGE_LOOP('',(#519,#520,#521,#522));
#6753=EDGE_LOOP('',(#523,#524,#525,#526));
#6754=EDGE_LOOP('',(#527,#528,#529,#530));
#6755=EDGE_LOOP('',(#531,#532,#533,#534));
#6756=EDGE_LOOP('',(#535,#536,#537,#538));
#6757=EDGE_LOOP('',(#539,#540,#541,#542));
#6758=EDGE_LOOP('',(#543,#544,#545,#546));
#6759=EDGE_LOOP('',(#547,#548,#549,#550));
#6760=EDGE_LOOP('',(#551));
#6761=EDGE_LOOP('',(#552));
#6762=EDGE_LOOP('',(#553));
#6763=EDGE_LOOP('',(#554));
#6764=EDGE_LOOP('',(#555));
#6765=EDGE_LOOP('',(#556));
#6766=EDGE_LOOP('',(#557));
#6767=EDGE_LOOP('',(#558));
#6768=EDGE_LOOP('',(#559));
#6769=EDGE_LOOP('',(#560));
#6770=EDGE_LOOP('',(#561,#562,#563,#564));
#6771=EDGE_LOOP('',(#565,#566,#567,#568));
#6772=EDGE_LOOP('',(#569,#570,#571,#572));
#6773=EDGE_LOOP('',(#573,#574,#575,#576));
#6774=EDGE_LOOP('',(#577,#578,#579,#580));
#6775=EDGE_LOOP('',(#581,#582,#583,#584));
#6776=EDGE_LOOP('',(#585,#586,#587,#588));
#6777=EDGE_LOOP('',(#589,#590,#591,#592,#593,#594,#595,#596,#597,#598,#599,
#600,#601,#602,#603,#604,#605,#606,#607,#608,#609,#610,#611,#612));
#6778=EDGE_LOOP('',(#613,#614,#615,#616,#617,#618,#619,#620,#621,#622,#623,
#624,#625,#626,#627,#628,#629,#630,#631,#632,#633,#634,#635,#636,#637,#638));
#6779=EDGE_LOOP('',(#639,#640,#641,#642,#643,#644,#645,#646,#647,#648,#649,
#650,#651,#652,#653,#654,#655,#656,#657,#658,#659,#660,#661,#662,#663,#664));
#6780=EDGE_LOOP('',(#665));
#6781=EDGE_LOOP('',(#666));
#6782=EDGE_LOOP('',(#667));
#6783=EDGE_LOOP('',(#668));
#6784=EDGE_LOOP('',(#669));
#6785=EDGE_LOOP('',(#670));
#6786=EDGE_LOOP('',(#671));
#6787=EDGE_LOOP('',(#672));
#6788=EDGE_LOOP('',(#673));
#6789=EDGE_LOOP('',(#674));
#6790=EDGE_LOOP('',(#675));
#6791=EDGE_LOOP('',(#676));
#6792=EDGE_LOOP('',(#677));
#6793=EDGE_LOOP('',(#678));
#6794=EDGE_LOOP('',(#679));
#6795=EDGE_LOOP('',(#680));
#6796=EDGE_LOOP('',(#681));
#6797=EDGE_LOOP('',(#682));
#6798=EDGE_LOOP('',(#683));
#6799=EDGE_LOOP('',(#684));
#6800=EDGE_LOOP('',(#685));
#6801=EDGE_LOOP('',(#686));
#6802=EDGE_LOOP('',(#687));
#6803=EDGE_LOOP('',(#688));
#6804=EDGE_LOOP('',(#689));
#6805=EDGE_LOOP('',(#690));
#6806=EDGE_LOOP('',(#691));
#6807=EDGE_LOOP('',(#692));
#6808=EDGE_LOOP('',(#693));
#6809=EDGE_LOOP('',(#694));
#6810=EDGE_LOOP('',(#695));
#6811=EDGE_LOOP('',(#696));
#6812=EDGE_LOOP('',(#697));
#6813=EDGE_LOOP('',(#698));
#6814=EDGE_LOOP('',(#699));
#6815=EDGE_LOOP('',(#700));
#6816=EDGE_LOOP('',(#701));
#6817=EDGE_LOOP('',(#702));
#6818=EDGE_LOOP('',(#703));
#6819=EDGE_LOOP('',(#704));
#6820=EDGE_LOOP('',(#705));
#6821=EDGE_LOOP('',(#706));
#6822=EDGE_LOOP('',(#707));
#6823=EDGE_LOOP('',(#708));
#6824=EDGE_LOOP('',(#709));
#6825=EDGE_LOOP('',(#710));
#6826=EDGE_LOOP('',(#711));
#6827=EDGE_LOOP('',(#712));
#6828=EDGE_LOOP('',(#713));
#6829=EDGE_LOOP('',(#714));
#6830=EDGE_LOOP('',(#715,#716,#717,#718));
#6831=EDGE_LOOP('',(#719,#720,#721,#722));
#6832=EDGE_LOOP('',(#723,#724,#725,#726));
#6833=EDGE_LOOP('',(#727,#728,#729,#730));
#6834=EDGE_LOOP('',(#731,#732,#733,#734));
#6835=EDGE_LOOP('',(#735,#736,#737,#738));
#6836=EDGE_LOOP('',(#739,#740,#741,#742));
#6837=EDGE_LOOP('',(#743,#744,#745,#746));
#6838=EDGE_LOOP('',(#747,#748,#749,#750,#751,#752,#753,#754));
#6839=EDGE_LOOP('',(#755,#756,#757,#758,#759,#760,#761,#762));
#6840=EDGE_LOOP('',(#763,#764,#765,#766));
#6841=EDGE_LOOP('',(#767,#768,#769,#770));
#6842=EDGE_LOOP('',(#771,#772,#773,#774));
#6843=EDGE_LOOP('',(#775,#776,#777,#778));
#6844=EDGE_LOOP('',(#779,#780,#781,#782));
#6845=EDGE_LOOP('',(#783,#784,#785,#786));
#6846=EDGE_LOOP('',(#787,#788,#789,#790));
#6847=EDGE_LOOP('',(#791,#792,#793,#794));
#6848=EDGE_LOOP('',(#795,#796,#797,#798,#799,#800,#801,#802));
#6849=EDGE_LOOP('',(#803,#804,#805,#806,#807,#808,#809,#810));
#6850=EDGE_LOOP('',(#811,#812,#813,#814));
#6851=EDGE_LOOP('',(#815,#816,#817,#818));
#6852=EDGE_LOOP('',(#819,#820,#821,#822));
#6853=EDGE_LOOP('',(#823,#824,#825,#826));
#6854=EDGE_LOOP('',(#827,#828,#829,#830));
#6855=EDGE_LOOP('',(#831,#832,#833,#834));
#6856=EDGE_LOOP('',(#835,#836,#837,#838));
#6857=EDGE_LOOP('',(#839,#840,#841,#842));
#6858=EDGE_LOOP('',(#843,#844,#845,#846,#847,#848,#849,#850));
#6859=EDGE_LOOP('',(#851,#852,#853,#854,#855,#856,#857,#858));
#6860=EDGE_LOOP('',(#859,#860,#861,#862));
#6861=EDGE_LOOP('',(#863,#864,#865,#866));
#6862=EDGE_LOOP('',(#867,#868,#869,#870));
#6863=EDGE_LOOP('',(#871,#872,#873,#874));
#6864=EDGE_LOOP('',(#875,#876,#877,#878));
#6865=EDGE_LOOP('',(#879,#880,#881,#882));
#6866=EDGE_LOOP('',(#883,#884,#885,#886));
#6867=EDGE_LOOP('',(#887,#888,#889,#890));
#6868=EDGE_LOOP('',(#891,#892,#893,#894,#895,#896,#897,#898));
#6869=EDGE_LOOP('',(#899,#900,#901,#902,#903,#904,#905,#906));
#6870=EDGE_LOOP('',(#907,#908,#909,#910));
#6871=EDGE_LOOP('',(#911,#912,#913,#914));
#6872=EDGE_LOOP('',(#915,#916,#917,#918));
#6873=EDGE_LOOP('',(#919,#920,#921,#922));
#6874=EDGE_LOOP('',(#923,#924,#925,#926));
#6875=EDGE_LOOP('',(#927,#928,#929,#930));
#6876=EDGE_LOOP('',(#931,#932,#933,#934));
#6877=EDGE_LOOP('',(#935,#936,#937,#938));
#6878=EDGE_LOOP('',(#939,#940,#941,#942,#943,#944,#945,#946));
#6879=EDGE_LOOP('',(#947,#948,#949,#950,#951,#952,#953,#954));
#6880=EDGE_LOOP('',(#955,#956,#957,#958));
#6881=EDGE_LOOP('',(#959,#960,#961,#962));
#6882=EDGE_LOOP('',(#963,#964,#965,#966));
#6883=EDGE_LOOP('',(#967,#968,#969,#970));
#6884=EDGE_LOOP('',(#971,#972,#973,#974));
#6885=EDGE_LOOP('',(#975,#976,#977,#978));
#6886=EDGE_LOOP('',(#979,#980,#981,#982));
#6887=EDGE_LOOP('',(#983,#984,#985,#986));
#6888=EDGE_LOOP('',(#987,#988,#989,#990));
#6889=EDGE_LOOP('',(#991,#992,#993,#994));
#6890=EDGE_LOOP('',(#995,#996,#997,#998));
#6891=EDGE_LOOP('',(#999,#1000,#1001,#1002));
#6892=EDGE_LOOP('',(#1003,#1004,#1005,#1006));
#6893=EDGE_LOOP('',(#1007,#1008,#1009,#1010));
#6894=EDGE_LOOP('',(#1011,#1012,#1013,#1014));
#6895=EDGE_LOOP('',(#1015,#1016,#1017,#1018));
#6896=EDGE_LOOP('',(#1019,#1020,#1021,#1022));
#6897=EDGE_LOOP('',(#1023,#1024,#1025,#1026));
#6898=EDGE_LOOP('',(#1027,#1028,#1029,#1030));
#6899=EDGE_LOOP('',(#1031,#1032,#1033,#1034));
#6900=EDGE_LOOP('',(#1035,#1036,#1037,#1038));
#6901=EDGE_LOOP('',(#1039,#1040,#1041,#1042));
#6902=EDGE_LOOP('',(#1043,#1044,#1045,#1046));
#6903=EDGE_LOOP('',(#1047,#1048,#1049,#1050));
#6904=EDGE_LOOP('',(#1051,#1052,#1053,#1054));
#6905=EDGE_LOOP('',(#1055,#1056,#1057,#1058));
#6906=EDGE_LOOP('',(#1059,#1060,#1061,#1062));
#6907=EDGE_LOOP('',(#1063,#1064,#1065,#1066));
#6908=EDGE_LOOP('',(#1067,#1068,#1069,#1070));
#6909=EDGE_LOOP('',(#1071,#1072,#1073,#1074));
#6910=EDGE_LOOP('',(#1075,#1076,#1077,#1078));
#6911=EDGE_LOOP('',(#1079,#1080,#1081,#1082));
#6912=EDGE_LOOP('',(#1083,#1084,#1085,#1086));
#6913=EDGE_LOOP('',(#1087,#1088,#1089,#1090,#1091,#1092,#1093,#1094,#1095));
#6914=EDGE_LOOP('',(#1096,#1097,#1098,#1099,#1100,#1101,#1102,#1103,#1104));
#6915=EDGE_LOOP('',(#1105,#1106,#1107,#1108));
#6916=EDGE_LOOP('',(#1109,#1110,#1111,#1112));
#6917=EDGE_LOOP('',(#1113,#1114,#1115,#1116));
#6918=EDGE_LOOP('',(#1117,#1118,#1119,#1120));
#6919=EDGE_LOOP('',(#1121,#1122,#1123,#1124));
#6920=EDGE_LOOP('',(#1125,#1126,#1127,#1128));
#6921=EDGE_LOOP('',(#1129,#1130,#1131,#1132));
#6922=EDGE_LOOP('',(#1133,#1134,#1135,#1136));
#6923=EDGE_LOOP('',(#1137,#1138,#1139,#1140,#1141,#1142,#1143,#1144,#1145));
#6924=EDGE_LOOP('',(#1146,#1147,#1148,#1149,#1150,#1151,#1152,#1153,#1154));
#6925=EDGE_LOOP('',(#1155,#1156,#1157,#1158));
#6926=EDGE_LOOP('',(#1159,#1160,#1161,#1162));
#6927=EDGE_LOOP('',(#1163,#1164,#1165,#1166));
#6928=EDGE_LOOP('',(#1167,#1168,#1169,#1170));
#6929=EDGE_LOOP('',(#1171,#1172,#1173,#1174));
#6930=EDGE_LOOP('',(#1175,#1176,#1177,#1178));
#6931=EDGE_LOOP('',(#1179,#1180,#1181,#1182));
#6932=EDGE_LOOP('',(#1183,#1184,#1185,#1186));
#6933=EDGE_LOOP('',(#1187,#1188,#1189,#1190,#1191,#1192,#1193,#1194,#1195));
#6934=EDGE_LOOP('',(#1196,#1197,#1198,#1199,#1200,#1201,#1202,#1203,#1204));
#6935=EDGE_LOOP('',(#1205,#1206,#1207,#1208));
#6936=EDGE_LOOP('',(#1209,#1210,#1211,#1212));
#6937=EDGE_LOOP('',(#1213,#1214,#1215,#1216));
#6938=EDGE_LOOP('',(#1217,#1218,#1219,#1220));
#6939=EDGE_LOOP('',(#1221,#1222,#1223,#1224));
#6940=EDGE_LOOP('',(#1225,#1226,#1227,#1228));
#6941=EDGE_LOOP('',(#1229,#1230,#1231,#1232));
#6942=EDGE_LOOP('',(#1233,#1234,#1235,#1236));
#6943=EDGE_LOOP('',(#1237,#1238,#1239,#1240,#1241,#1242,#1243,#1244,#1245));
#6944=EDGE_LOOP('',(#1246,#1247,#1248,#1249,#1250,#1251,#1252,#1253,#1254));
#6945=EDGE_LOOP('',(#1255,#1256,#1257,#1258));
#6946=EDGE_LOOP('',(#1259,#1260,#1261,#1262));
#6947=EDGE_LOOP('',(#1263,#1264,#1265,#1266));
#6948=EDGE_LOOP('',(#1267,#1268,#1269,#1270));
#6949=EDGE_LOOP('',(#1271,#1272,#1273,#1274));
#6950=EDGE_LOOP('',(#1275,#1276,#1277,#1278));
#6951=EDGE_LOOP('',(#1279,#1280,#1281,#1282));
#6952=EDGE_LOOP('',(#1283,#1284,#1285,#1286));
#6953=EDGE_LOOP('',(#1287,#1288,#1289,#1290,#1291,#1292,#1293,#1294,#1295));
#6954=EDGE_LOOP('',(#1296,#1297,#1298,#1299,#1300,#1301,#1302,#1303,#1304));
#6955=EDGE_LOOP('',(#1305,#1306,#1307,#1308));
#6956=EDGE_LOOP('',(#1309,#1310,#1311,#1312));
#6957=EDGE_LOOP('',(#1313,#1314,#1315,#1316));
#6958=EDGE_LOOP('',(#1317,#1318,#1319,#1320));
#6959=EDGE_LOOP('',(#1321,#1322,#1323,#1324));
#6960=EDGE_LOOP('',(#1325,#1326,#1327,#1328));
#6961=EDGE_LOOP('',(#1329,#1330,#1331,#1332));
#6962=EDGE_LOOP('',(#1333,#1334,#1335,#1336));
#6963=EDGE_LOOP('',(#1337,#1338,#1339,#1340,#1341,#1342,#1343,#1344,#1345));
#6964=EDGE_LOOP('',(#1346,#1347,#1348,#1349,#1350,#1351,#1352,#1353,#1354));
#6965=EDGE_LOOP('',(#1355,#1356,#1357,#1358));
#6966=EDGE_LOOP('',(#1359,#1360,#1361,#1362));
#6967=EDGE_LOOP('',(#1363,#1364,#1365,#1366));
#6968=EDGE_LOOP('',(#1367,#1368,#1369,#1370));
#6969=EDGE_LOOP('',(#1371,#1372,#1373,#1374));
#6970=EDGE_LOOP('',(#1375,#1376,#1377,#1378));
#6971=EDGE_LOOP('',(#1379,#1380,#1381,#1382));
#6972=EDGE_LOOP('',(#1383,#1384,#1385,#1386));
#6973=EDGE_LOOP('',(#1387,#1388,#1389,#1390,#1391,#1392,#1393,#1394,#1395));
#6974=EDGE_LOOP('',(#1396,#1397,#1398,#1399,#1400,#1401,#1402,#1403,#1404));
#6975=EDGE_LOOP('',(#1405,#1406,#1407,#1408));
#6976=EDGE_LOOP('',(#1409,#1410,#1411,#1412));
#6977=EDGE_LOOP('',(#1413,#1414,#1415,#1416));
#6978=EDGE_LOOP('',(#1417,#1418,#1419,#1420));
#6979=EDGE_LOOP('',(#1421,#1422,#1423,#1424));
#6980=EDGE_LOOP('',(#1425,#1426,#1427,#1428));
#6981=EDGE_LOOP('',(#1429,#1430,#1431,#1432));
#6982=EDGE_LOOP('',(#1433,#1434,#1435,#1436));
#6983=EDGE_LOOP('',(#1437,#1438,#1439,#1440,#1441,#1442,#1443,#1444,#1445));
#6984=EDGE_LOOP('',(#1446,#1447,#1448,#1449,#1450,#1451,#1452,#1453,#1454));
#6985=EDGE_LOOP('',(#1455,#1456,#1457,#1458));
#6986=EDGE_LOOP('',(#1459,#1460,#1461,#1462));
#6987=EDGE_LOOP('',(#1463,#1464,#1465,#1466));
#6988=EDGE_LOOP('',(#1467,#1468,#1469,#1470));
#6989=EDGE_LOOP('',(#1471,#1472,#1473,#1474));
#6990=EDGE_LOOP('',(#1475,#1476,#1477,#1478));
#6991=EDGE_LOOP('',(#1479,#1480,#1481,#1482));
#6992=EDGE_LOOP('',(#1483,#1484,#1485,#1486));
#6993=EDGE_LOOP('',(#1487,#1488,#1489,#1490,#1491,#1492,#1493,#1494,#1495));
#6994=EDGE_LOOP('',(#1496,#1497,#1498,#1499,#1500,#1501,#1502,#1503,#1504));
#6995=EDGE_LOOP('',(#1505,#1506,#1507,#1508));
#6996=EDGE_LOOP('',(#1509,#1510,#1511,#1512));
#6997=EDGE_LOOP('',(#1513,#1514,#1515,#1516));
#6998=EDGE_LOOP('',(#1517,#1518,#1519,#1520));
#6999=EDGE_LOOP('',(#1521,#1522,#1523,#1524));
#7000=EDGE_LOOP('',(#1525,#1526,#1527,#1528));
#7001=EDGE_LOOP('',(#1529,#1530,#1531,#1532));
#7002=EDGE_LOOP('',(#1533,#1534,#1535,#1536));
#7003=EDGE_LOOP('',(#1537,#1538,#1539,#1540,#1541,#1542,#1543,#1544,#1545));
#7004=EDGE_LOOP('',(#1546,#1547,#1548,#1549,#1550,#1551,#1552,#1553,#1554));
#7005=EDGE_LOOP('',(#1555,#1556,#1557,#1558));
#7006=EDGE_LOOP('',(#1559,#1560,#1561,#1562,#1563));
#7007=EDGE_LOOP('',(#1564,#1565,#1566,#1567,#1568));
#7008=EDGE_LOOP('',(#1569,#1570,#1571,#1572));
#7009=EDGE_LOOP('',(#1573,#1574,#1575,#1576));
#7010=EDGE_LOOP('',(#1577,#1578,#1579,#1580));
#7011=EDGE_LOOP('',(#1581,#1582,#1583,#1584,#1585));
#7012=EDGE_LOOP('',(#1586,#1587,#1588,#1589,#1590));
#7013=EDGE_LOOP('',(#1591,#1592,#1593,#1594));
#7014=EDGE_LOOP('',(#1595,#1596,#1597,#1598));
#7015=EDGE_LOOP('',(#1599,#1600,#1601,#1602));
#7016=EDGE_LOOP('',(#1603,#1604,#1605,#1606,#1607));
#7017=EDGE_LOOP('',(#1608,#1609,#1610,#1611,#1612));
#7018=EDGE_LOOP('',(#1613,#1614,#1615,#1616));
#7019=EDGE_LOOP('',(#1617,#1618,#1619,#1620));
#7020=EDGE_LOOP('',(#1621,#1622,#1623,#1624));
#7021=EDGE_LOOP('',(#1625,#1626,#1627,#1628,#1629));
#7022=EDGE_LOOP('',(#1630,#1631,#1632,#1633,#1634));
#7023=EDGE_LOOP('',(#1635,#1636,#1637,#1638));
#7024=EDGE_LOOP('',(#1639,#1640,#1641,#1642));
#7025=EDGE_LOOP('',(#1643,#1644,#1645,#1646));
#7026=EDGE_LOOP('',(#1647,#1648,#1649,#1650,#1651));
#7027=EDGE_LOOP('',(#1652,#1653,#1654,#1655,#1656));
#7028=EDGE_LOOP('',(#1657,#1658,#1659,#1660));
#7029=EDGE_LOOP('',(#1661,#1662,#1663,#1664));
#7030=EDGE_LOOP('',(#1665,#1666,#1667,#1668));
#7031=EDGE_LOOP('',(#1669,#1670,#1671,#1672,#1673));
#7032=EDGE_LOOP('',(#1674,#1675,#1676,#1677,#1678));
#7033=EDGE_LOOP('',(#1679,#1680,#1681,#1682));
#7034=EDGE_LOOP('',(#1683,#1684,#1685,#1686));
#7035=EDGE_LOOP('',(#1687,#1688,#1689,#1690));
#7036=EDGE_LOOP('',(#1691,#1692,#1693,#1694,#1695));
#7037=EDGE_LOOP('',(#1696,#1697,#1698,#1699,#1700));
#7038=EDGE_LOOP('',(#1701,#1702,#1703,#1704));
#7039=EDGE_LOOP('',(#1705,#1706,#1707,#1708));
#7040=EDGE_LOOP('',(#1709,#1710,#1711,#1712));
#7041=EDGE_LOOP('',(#1713,#1714,#1715,#1716,#1717));
#7042=EDGE_LOOP('',(#1718,#1719,#1720,#1721,#1722));
#7043=EDGE_LOOP('',(#1723,#1724,#1725,#1726));
#7044=EDGE_LOOP('',(#1727,#1728,#1729,#1730));
#7045=EDGE_LOOP('',(#1731,#1732,#1733,#1734));
#7046=EDGE_LOOP('',(#1735,#1736,#1737,#1738,#1739));
#7047=EDGE_LOOP('',(#1740,#1741,#1742,#1743,#1744));
#7048=EDGE_LOOP('',(#1745,#1746,#1747,#1748));
#7049=EDGE_LOOP('',(#1749,#1750,#1751,#1752));
#7050=EDGE_LOOP('',(#1753,#1754,#1755,#1756));
#7051=EDGE_LOOP('',(#1757,#1758,#1759,#1760,#1761));
#7052=EDGE_LOOP('',(#1762,#1763,#1764,#1765,#1766));
#7053=EDGE_LOOP('',(#1767,#1768,#1769,#1770));
#7054=EDGE_LOOP('',(#1771,#1772,#1773,#1774));
#7055=EDGE_LOOP('',(#1775,#1776,#1777,#1778));
#7056=EDGE_LOOP('',(#1779,#1780,#1781,#1782));
#7057=EDGE_LOOP('',(#1783,#1784,#1785,#1786));
#7058=EDGE_LOOP('',(#1787,#1788,#1789,#1790));
#7059=EDGE_LOOP('',(#1791,#1792,#1793,#1794));
#7060=EDGE_LOOP('',(#1795,#1796,#1797,#1798));
#7061=EDGE_LOOP('',(#1799,#1800,#1801,#1802));
#7062=EDGE_LOOP('',(#1803,#1804,#1805,#1806));
#7063=EDGE_LOOP('',(#1807,#1808,#1809,#1810));
#7064=EDGE_LOOP('',(#1811,#1812,#1813,#1814));
#7065=EDGE_LOOP('',(#1815,#1816,#1817,#1818));
#7066=EDGE_LOOP('',(#1819,#1820,#1821,#1822));
#7067=EDGE_LOOP('',(#1823,#1824,#1825,#1826));
#7068=EDGE_LOOP('',(#1827,#1828,#1829,#1830));
#7069=EDGE_LOOP('',(#1831,#1832,#1833,#1834));
#7070=EDGE_LOOP('',(#1835,#1836,#1837,#1838,#1839,#1840,#1841,#1842,#1843,
#1844,#1845,#1846,#1847,#1848,#1849,#1850));
#7071=EDGE_LOOP('',(#1851,#1852,#1853,#1854,#1855,#1856,#1857,#1858,#1859,
#1860,#1861,#1862,#1863,#1864,#1865,#1866));
#7072=EDGE_LOOP('',(#1867,#1868,#1869,#1870));
#7073=EDGE_LOOP('',(#1871,#1872,#1873,#1874));
#7074=EDGE_LOOP('',(#1875,#1876,#1877,#1878));
#7075=EDGE_LOOP('',(#1879,#1880,#1881,#1882));
#7076=EDGE_LOOP('',(#1883,#1884,#1885,#1886));
#7077=EDGE_LOOP('',(#1887,#1888,#1889,#1890));
#7078=EDGE_LOOP('',(#1891,#1892,#1893,#1894));
#7079=EDGE_LOOP('',(#1895,#1896,#1897,#1898));
#7080=EDGE_LOOP('',(#1899,#1900,#1901,#1902));
#7081=EDGE_LOOP('',(#1903,#1904,#1905,#1906));
#7082=EDGE_LOOP('',(#1907,#1908,#1909,#1910));
#7083=EDGE_LOOP('',(#1911,#1912,#1913,#1914));
#7084=EDGE_LOOP('',(#1915,#1916,#1917,#1918));
#7085=EDGE_LOOP('',(#1919,#1920,#1921,#1922));
#7086=EDGE_LOOP('',(#1923,#1924,#1925,#1926));
#7087=EDGE_LOOP('',(#1927,#1928,#1929,#1930,#1931,#1932,#1933,#1934,#1935,
#1936,#1937,#1938,#1939,#1940,#1941,#1942));
#7088=EDGE_LOOP('',(#1943,#1944,#1945,#1946,#1947,#1948,#1949,#1950,#1951,
#1952,#1953,#1954,#1955,#1956,#1957,#1958));
#7089=EDGE_LOOP('',(#1959,#1960,#1961,#1962));
#7090=EDGE_LOOP('',(#1963,#1964,#1965,#1966));
#7091=EDGE_LOOP('',(#1967,#1968,#1969,#1970));
#7092=EDGE_LOOP('',(#1971,#1972,#1973,#1974));
#7093=EDGE_LOOP('',(#1975,#1976,#1977,#1978));
#7094=EDGE_LOOP('',(#1979,#1980,#1981,#1982));
#7095=EDGE_LOOP('',(#1983,#1984,#1985,#1986));
#7096=EDGE_LOOP('',(#1987,#1988,#1989,#1990));
#7097=EDGE_LOOP('',(#1991,#1992,#1993,#1994));
#7098=EDGE_LOOP('',(#1995,#1996,#1997,#1998));
#7099=EDGE_LOOP('',(#1999,#2000,#2001,#2002));
#7100=EDGE_LOOP('',(#2003,#2004,#2005,#2006));
#7101=EDGE_LOOP('',(#2007,#2008,#2009,#2010));
#7102=EDGE_LOOP('',(#2011,#2012,#2013,#2014));
#7103=EDGE_LOOP('',(#2015,#2016,#2017,#2018));
#7104=EDGE_LOOP('',(#2019,#2020,#2021,#2022,#2023,#2024,#2025,#2026,#2027,
#2028,#2029,#2030,#2031,#2032,#2033,#2034));
#7105=EDGE_LOOP('',(#2035,#2036,#2037,#2038,#2039,#2040,#2041,#2042,#2043,
#2044,#2045,#2046,#2047,#2048,#2049,#2050));
#7106=EDGE_LOOP('',(#2051,#2052,#2053,#2054));
#7107=EDGE_LOOP('',(#2055,#2056,#2057,#2058));
#7108=EDGE_LOOP('',(#2059,#2060,#2061,#2062));
#7109=EDGE_LOOP('',(#2063,#2064,#2065,#2066));
#7110=EDGE_LOOP('',(#2067,#2068,#2069,#2070));
#7111=EDGE_LOOP('',(#2071,#2072,#2073,#2074));
#7112=EDGE_LOOP('',(#2075,#2076,#2077,#2078));
#7113=EDGE_LOOP('',(#2079,#2080,#2081,#2082));
#7114=EDGE_LOOP('',(#2083,#2084,#2085,#2086));
#7115=EDGE_LOOP('',(#2087,#2088,#2089,#2090));
#7116=EDGE_LOOP('',(#2091,#2092,#2093,#2094));
#7117=EDGE_LOOP('',(#2095,#2096,#2097,#2098));
#7118=EDGE_LOOP('',(#2099,#2100,#2101,#2102));
#7119=EDGE_LOOP('',(#2103,#2104,#2105,#2106));
#7120=EDGE_LOOP('',(#2107,#2108,#2109,#2110));
#7121=EDGE_LOOP('',(#2111,#2112,#2113,#2114,#2115,#2116,#2117,#2118,#2119,
#2120,#2121,#2122,#2123,#2124,#2125,#2126));
#7122=EDGE_LOOP('',(#2127,#2128,#2129,#2130,#2131,#2132,#2133,#2134,#2135,
#2136,#2137,#2138,#2139,#2140,#2141,#2142));
#7123=EDGE_LOOP('',(#2143,#2144,#2145,#2146));
#7124=EDGE_LOOP('',(#2147,#2148,#2149,#2150));
#7125=EDGE_LOOP('',(#2151,#2152,#2153,#2154));
#7126=EDGE_LOOP('',(#2155,#2156,#2157,#2158));
#7127=EDGE_LOOP('',(#2159,#2160,#2161,#2162));
#7128=EDGE_LOOP('',(#2163,#2164,#2165,#2166));
#7129=EDGE_LOOP('',(#2167,#2168,#2169,#2170));
#7130=EDGE_LOOP('',(#2171,#2172,#2173,#2174));
#7131=EDGE_LOOP('',(#2175,#2176,#2177,#2178));
#7132=EDGE_LOOP('',(#2179,#2180,#2181,#2182));
#7133=EDGE_LOOP('',(#2183,#2184,#2185,#2186));
#7134=EDGE_LOOP('',(#2187,#2188,#2189,#2190));
#7135=EDGE_LOOP('',(#2191,#2192,#2193,#2194));
#7136=EDGE_LOOP('',(#2195,#2196,#2197,#2198));
#7137=EDGE_LOOP('',(#2199,#2200,#2201,#2202));
#7138=EDGE_LOOP('',(#2203,#2204,#2205,#2206,#2207,#2208,#2209,#2210,#2211,
#2212,#2213,#2214,#2215,#2216,#2217,#2218));
#7139=EDGE_LOOP('',(#2219,#2220,#2221,#2222,#2223,#2224,#2225,#2226,#2227,
#2228,#2229,#2230,#2231,#2232,#2233,#2234));
#7140=EDGE_LOOP('',(#2235,#2236,#2237,#2238));
#7141=EDGE_LOOP('',(#2239,#2240,#2241,#2242));
#7142=EDGE_LOOP('',(#2243,#2244,#2245,#2246));
#7143=EDGE_LOOP('',(#2247,#2248,#2249,#2250));
#7144=EDGE_LOOP('',(#2251,#2252,#2253,#2254));
#7145=EDGE_LOOP('',(#2255,#2256,#2257,#2258));
#7146=EDGE_LOOP('',(#2259,#2260,#2261,#2262));
#7147=EDGE_LOOP('',(#2263,#2264,#2265,#2266));
#7148=EDGE_LOOP('',(#2267,#2268,#2269,#2270));
#7149=EDGE_LOOP('',(#2271,#2272,#2273,#2274));
#7150=EDGE_LOOP('',(#2275,#2276,#2277,#2278));
#7151=EDGE_LOOP('',(#2279,#2280,#2281,#2282));
#7152=EDGE_LOOP('',(#2283,#2284,#2285,#2286));
#7153=EDGE_LOOP('',(#2287,#2288,#2289,#2290));
#7154=EDGE_LOOP('',(#2291,#2292,#2293,#2294));
#7155=EDGE_LOOP('',(#2295,#2296,#2297,#2298,#2299,#2300,#2301,#2302,#2303,
#2304,#2305,#2306,#2307,#2308,#2309,#2310));
#7156=EDGE_LOOP('',(#2311,#2312,#2313,#2314,#2315,#2316,#2317,#2318,#2319,
#2320,#2321,#2322,#2323,#2324,#2325,#2326));
#7157=EDGE_LOOP('',(#2327,#2328,#2329,#2330));
#7158=EDGE_LOOP('',(#2331,#2332,#2333,#2334));
#7159=EDGE_LOOP('',(#2335,#2336,#2337,#2338));
#7160=EDGE_LOOP('',(#2339,#2340,#2341,#2342));
#7161=EDGE_LOOP('',(#2343,#2344,#2345,#2346));
#7162=EDGE_LOOP('',(#2347,#2348,#2349,#2350));
#7163=EDGE_LOOP('',(#2351,#2352,#2353,#2354));
#7164=EDGE_LOOP('',(#2355,#2356,#2357,#2358));
#7165=EDGE_LOOP('',(#2359,#2360,#2361,#2362));
#7166=EDGE_LOOP('',(#2363,#2364,#2365,#2366));
#7167=EDGE_LOOP('',(#2367,#2368,#2369,#2370));
#7168=EDGE_LOOP('',(#2371,#2372,#2373,#2374));
#7169=EDGE_LOOP('',(#2375,#2376,#2377,#2378));
#7170=EDGE_LOOP('',(#2379,#2380,#2381,#2382));
#7171=EDGE_LOOP('',(#2383,#2384,#2385,#2386));
#7172=EDGE_LOOP('',(#2387,#2388,#2389,#2390,#2391,#2392,#2393,#2394,#2395,
#2396,#2397,#2398,#2399,#2400,#2401,#2402));
#7173=EDGE_LOOP('',(#2403,#2404,#2405,#2406,#2407,#2408,#2409,#2410,#2411,
#2412,#2413,#2414,#2415,#2416,#2417,#2418));
#7174=EDGE_LOOP('',(#2419,#2420,#2421,#2422));
#7175=EDGE_LOOP('',(#2423,#2424,#2425,#2426));
#7176=EDGE_LOOP('',(#2427,#2428,#2429,#2430));
#7177=EDGE_LOOP('',(#2431,#2432,#2433,#2434));
#7178=EDGE_LOOP('',(#2435,#2436,#2437,#2438));
#7179=EDGE_LOOP('',(#2439,#2440,#2441,#2442));
#7180=EDGE_LOOP('',(#2443,#2444,#2445,#2446));
#7181=EDGE_LOOP('',(#2447,#2448,#2449,#2450));
#7182=EDGE_LOOP('',(#2451,#2452,#2453,#2454));
#7183=EDGE_LOOP('',(#2455,#2456,#2457,#2458));
#7184=EDGE_LOOP('',(#2459,#2460,#2461,#2462));
#7185=EDGE_LOOP('',(#2463,#2464,#2465,#2466));
#7186=EDGE_LOOP('',(#2467,#2468,#2469,#2470));
#7187=EDGE_LOOP('',(#2471,#2472,#2473,#2474));
#7188=EDGE_LOOP('',(#2475,#2476,#2477,#2478));
#7189=EDGE_LOOP('',(#2479,#2480,#2481,#2482,#2483,#2484,#2485,#2486,#2487,
#2488,#2489,#2490,#2491,#2492,#2493,#2494));
#7190=EDGE_LOOP('',(#2495,#2496,#2497,#2498,#2499,#2500,#2501,#2502,#2503,
#2504,#2505,#2506,#2507,#2508,#2509,#2510));
#7191=EDGE_LOOP('',(#2511,#2512,#2513,#2514));
#7192=EDGE_LOOP('',(#2515,#2516,#2517,#2518));
#7193=EDGE_LOOP('',(#2519,#2520,#2521,#2522));
#7194=EDGE_LOOP('',(#2523,#2524,#2525,#2526));
#7195=EDGE_LOOP('',(#2527,#2528,#2529,#2530));
#7196=EDGE_LOOP('',(#2531,#2532,#2533,#2534));
#7197=EDGE_LOOP('',(#2535,#2536,#2537,#2538));
#7198=EDGE_LOOP('',(#2539,#2540,#2541,#2542));
#7199=EDGE_LOOP('',(#2543,#2544,#2545,#2546));
#7200=EDGE_LOOP('',(#2547,#2548,#2549,#2550));
#7201=EDGE_LOOP('',(#2551,#2552,#2553,#2554));
#7202=EDGE_LOOP('',(#2555,#2556,#2557,#2558));
#7203=EDGE_LOOP('',(#2559,#2560,#2561,#2562));
#7204=EDGE_LOOP('',(#2563,#2564,#2565,#2566));
#7205=EDGE_LOOP('',(#2567,#2568,#2569,#2570));
#7206=EDGE_LOOP('',(#2571,#2572,#2573,#2574,#2575,#2576,#2577,#2578,#2579,
#2580,#2581,#2582,#2583,#2584,#2585,#2586));
#7207=EDGE_LOOP('',(#2587,#2588,#2589,#2590,#2591,#2592,#2593,#2594,#2595,
#2596,#2597,#2598,#2599,#2600,#2601,#2602));
#7208=EDGE_LOOP('',(#2603,#2604,#2605,#2606));
#7209=EDGE_LOOP('',(#2607,#2608,#2609,#2610));
#7210=EDGE_LOOP('',(#2611,#2612,#2613,#2614));
#7211=EDGE_LOOP('',(#2615,#2616,#2617,#2618));
#7212=EDGE_LOOP('',(#2619,#2620,#2621,#2622));
#7213=EDGE_LOOP('',(#2623,#2624,#2625,#2626));
#7214=EDGE_LOOP('',(#2627,#2628,#2629,#2630));
#7215=EDGE_LOOP('',(#2631,#2632,#2633,#2634));
#7216=EDGE_LOOP('',(#2635,#2636,#2637,#2638));
#7217=EDGE_LOOP('',(#2639,#2640,#2641,#2642));
#7218=EDGE_LOOP('',(#2643,#2644,#2645,#2646));
#7219=EDGE_LOOP('',(#2647,#2648,#2649,#2650));
#7220=EDGE_LOOP('',(#2651,#2652,#2653,#2654));
#7221=EDGE_LOOP('',(#2655,#2656,#2657,#2658));
#7222=EDGE_LOOP('',(#2659,#2660,#2661,#2662));
#7223=EDGE_LOOP('',(#2663,#2664,#2665,#2666,#2667,#2668,#2669,#2670,#2671,
#2672,#2673,#2674,#2675,#2676,#2677,#2678));
#7224=EDGE_LOOP('',(#2679,#2680,#2681,#2682,#2683,#2684,#2685,#2686,#2687,
#2688,#2689,#2690,#2691,#2692,#2693,#2694));
#7225=FACE_BOUND('',#6727,.T.);
#7226=FACE_BOUND('',#6728,.T.);
#7227=FACE_BOUND('',#6729,.T.);
#7228=FACE_BOUND('',#6730,.T.);
#7229=FACE_BOUND('',#6731,.T.);
#7230=FACE_BOUND('',#6732,.T.);
#7231=FACE_BOUND('',#6733,.T.);
#7232=FACE_BOUND('',#6734,.T.);
#7233=FACE_BOUND('',#6735,.T.);
#7234=FACE_BOUND('',#6736,.T.);
#7235=FACE_BOUND('',#6737,.T.);
#7236=FACE_BOUND('',#6738,.T.);
#7237=FACE_BOUND('',#6739,.T.);
#7238=FACE_BOUND('',#6740,.T.);
#7239=FACE_BOUND('',#6741,.T.);
#7240=FACE_BOUND('',#6742,.T.);
#7241=FACE_BOUND('',#6743,.T.);
#7242=FACE_BOUND('',#6744,.T.);
#7243=FACE_BOUND('',#6745,.T.);
#7244=FACE_BOUND('',#6746,.T.);
#7245=FACE_BOUND('',#6747,.T.);
#7246=FACE_BOUND('',#6748,.T.);
#7247=FACE_BOUND('',#6749,.T.);
#7248=FACE_BOUND('',#6750,.T.);
#7249=FACE_BOUND('',#6751,.T.);
#7250=FACE_BOUND('',#6752,.T.);
#7251=FACE_BOUND('',#6753,.T.);
#7252=FACE_BOUND('',#6754,.T.);
#7253=FACE_BOUND('',#6755,.T.);
#7254=FACE_BOUND('',#6756,.T.);
#7255=FACE_BOUND('',#6757,.T.);
#7256=FACE_BOUND('',#6758,.T.);
#7257=FACE_BOUND('',#6759,.T.);
#7258=FACE_BOUND('',#6760,.T.);
#7259=FACE_BOUND('',#6761,.T.);
#7260=FACE_BOUND('',#6762,.T.);
#7261=FACE_BOUND('',#6763,.T.);
#7262=FACE_BOUND('',#6764,.T.);
#7263=FACE_BOUND('',#6765,.T.);
#7264=FACE_BOUND('',#6766,.T.);
#7265=FACE_BOUND('',#6767,.T.);
#7266=FACE_BOUND('',#6768,.T.);
#7267=FACE_BOUND('',#6769,.T.);
#7268=FACE_BOUND('',#6770,.T.);
#7269=FACE_BOUND('',#6771,.T.);
#7270=FACE_BOUND('',#6772,.T.);
#7271=FACE_BOUND('',#6773,.T.);
#7272=FACE_BOUND('',#6774,.T.);
#7273=FACE_BOUND('',#6775,.T.);
#7274=FACE_BOUND('',#6776,.T.);
#7275=FACE_BOUND('',#6777,.T.);
#7276=FACE_BOUND('',#6778,.T.);
#7277=FACE_BOUND('',#6779,.T.);
#7278=FACE_BOUND('',#6780,.T.);
#7279=FACE_BOUND('',#6781,.T.);
#7280=FACE_BOUND('',#6782,.T.);
#7281=FACE_BOUND('',#6783,.T.);
#7282=FACE_BOUND('',#6784,.T.);
#7283=FACE_BOUND('',#6785,.T.);
#7284=FACE_BOUND('',#6786,.T.);
#7285=FACE_BOUND('',#6787,.T.);
#7286=FACE_BOUND('',#6788,.T.);
#7287=FACE_BOUND('',#6789,.T.);
#7288=FACE_BOUND('',#6790,.T.);
#7289=FACE_BOUND('',#6791,.T.);
#7290=FACE_BOUND('',#6792,.T.);
#7291=FACE_BOUND('',#6793,.T.);
#7292=FACE_BOUND('',#6794,.T.);
#7293=FACE_BOUND('',#6795,.T.);
#7294=FACE_BOUND('',#6796,.T.);
#7295=FACE_BOUND('',#6797,.T.);
#7296=FACE_BOUND('',#6798,.T.);
#7297=FACE_BOUND('',#6799,.T.);
#7298=FACE_BOUND('',#6800,.T.);
#7299=FACE_BOUND('',#6801,.T.);
#7300=FACE_BOUND('',#6802,.T.);
#7301=FACE_BOUND('',#6803,.T.);
#7302=FACE_BOUND('',#6804,.T.);
#7303=FACE_BOUND('',#6805,.T.);
#7304=FACE_BOUND('',#6806,.T.);
#7305=FACE_BOUND('',#6807,.T.);
#7306=FACE_BOUND('',#6808,.T.);
#7307=FACE_BOUND('',#6809,.T.);
#7308=FACE_BOUND('',#6810,.T.);
#7309=FACE_BOUND('',#6811,.T.);
#7310=FACE_BOUND('',#6812,.T.);
#7311=FACE_BOUND('',#6813,.T.);
#7312=FACE_BOUND('',#6814,.T.);
#7313=FACE_BOUND('',#6815,.T.);
#7314=FACE_BOUND('',#6816,.T.);
#7315=FACE_BOUND('',#6817,.T.);
#7316=FACE_BOUND('',#6818,.T.);
#7317=FACE_BOUND('',#6819,.T.);
#7318=FACE_BOUND('',#6820,.T.);
#7319=FACE_BOUND('',#6821,.T.);
#7320=FACE_BOUND('',#6822,.T.);
#7321=FACE_BOUND('',#6823,.T.);
#7322=FACE_BOUND('',#6824,.T.);
#7323=FACE_BOUND('',#6825,.T.);
#7324=FACE_BOUND('',#6826,.T.);
#7325=FACE_BOUND('',#6827,.T.);
#7326=FACE_BOUND('',#6828,.T.);
#7327=FACE_BOUND('',#6829,.T.);
#7328=FACE_BOUND('',#6830,.T.);
#7329=FACE_BOUND('',#6831,.T.);
#7330=FACE_BOUND('',#6832,.T.);
#7331=FACE_BOUND('',#6833,.T.);
#7332=FACE_BOUND('',#6834,.T.);
#7333=FACE_BOUND('',#6835,.T.);
#7334=FACE_BOUND('',#6836,.T.);
#7335=FACE_BOUND('',#6837,.T.);
#7336=FACE_BOUND('',#6838,.T.);
#7337=FACE_BOUND('',#6839,.T.);
#7338=FACE_BOUND('',#6840,.T.);
#7339=FACE_BOUND('',#6841,.T.);
#7340=FACE_BOUND('',#6842,.T.);
#7341=FACE_BOUND('',#6843,.T.);
#7342=FACE_BOUND('',#6844,.T.);
#7343=FACE_BOUND('',#6845,.T.);
#7344=FACE_BOUND('',#6846,.T.);
#7345=FACE_BOUND('',#6847,.T.);
#7346=FACE_BOUND('',#6848,.T.);
#7347=FACE_BOUND('',#6849,.T.);
#7348=FACE_BOUND('',#6850,.T.);
#7349=FACE_BOUND('',#6851,.T.);
#7350=FACE_BOUND('',#6852,.T.);
#7351=FACE_BOUND('',#6853,.T.);
#7352=FACE_BOUND('',#6854,.T.);
#7353=FACE_BOUND('',#6855,.T.);
#7354=FACE_BOUND('',#6856,.T.);
#7355=FACE_BOUND('',#6857,.T.);
#7356=FACE_BOUND('',#6858,.T.);
#7357=FACE_BOUND('',#6859,.T.);
#7358=FACE_BOUND('',#6860,.T.);
#7359=FACE_BOUND('',#6861,.T.);
#7360=FACE_BOUND('',#6862,.T.);
#7361=FACE_BOUND('',#6863,.T.);
#7362=FACE_BOUND('',#6864,.T.);
#7363=FACE_BOUND('',#6865,.T.);
#7364=FACE_BOUND('',#6866,.T.);
#7365=FACE_BOUND('',#6867,.T.);
#7366=FACE_BOUND('',#6868,.T.);
#7367=FACE_BOUND('',#6869,.T.);
#7368=FACE_BOUND('',#6870,.T.);
#7369=FACE_BOUND('',#6871,.T.);
#7370=FACE_BOUND('',#6872,.T.);
#7371=FACE_BOUND('',#6873,.T.);
#7372=FACE_BOUND('',#6874,.T.);
#7373=FACE_BOUND('',#6875,.T.);
#7374=FACE_BOUND('',#6876,.T.);
#7375=FACE_BOUND('',#6877,.T.);
#7376=FACE_BOUND('',#6878,.T.);
#7377=FACE_BOUND('',#6879,.T.);
#7378=FACE_BOUND('',#6880,.T.);
#7379=FACE_BOUND('',#6881,.T.);
#7380=FACE_BOUND('',#6882,.T.);
#7381=FACE_BOUND('',#6883,.T.);
#7382=FACE_BOUND('',#6884,.T.);
#7383=FACE_BOUND('',#6885,.T.);
#7384=FACE_BOUND('',#6886,.T.);
#7385=FACE_BOUND('',#6887,.T.);
#7386=FACE_BOUND('',#6888,.T.);
#7387=FACE_BOUND('',#6889,.T.);
#7388=FACE_BOUND('',#6890,.T.);
#7389=FACE_BOUND('',#6891,.T.);
#7390=FACE_BOUND('',#6892,.T.);
#7391=FACE_BOUND('',#6893,.T.);
#7392=FACE_BOUND('',#6894,.T.);
#7393=FACE_BOUND('',#6895,.T.);
#7394=FACE_BOUND('',#6896,.T.);
#7395=FACE_BOUND('',#6897,.T.);
#7396=FACE_BOUND('',#6898,.T.);
#7397=FACE_BOUND('',#6899,.T.);
#7398=FACE_BOUND('',#6900,.T.);
#7399=FACE_BOUND('',#6901,.T.);
#7400=FACE_BOUND('',#6902,.T.);
#7401=FACE_BOUND('',#6903,.T.);
#7402=FACE_BOUND('',#6904,.T.);
#7403=FACE_BOUND('',#6905,.T.);
#7404=FACE_BOUND('',#6906,.T.);
#7405=FACE_BOUND('',#6907,.T.);
#7406=FACE_BOUND('',#6908,.T.);
#7407=FACE_BOUND('',#6909,.T.);
#7408=FACE_BOUND('',#6910,.T.);
#7409=FACE_BOUND('',#6911,.T.);
#7410=FACE_BOUND('',#6912,.T.);
#7411=FACE_BOUND('',#6913,.T.);
#7412=FACE_BOUND('',#6914,.T.);
#7413=FACE_BOUND('',#6915,.T.);
#7414=FACE_BOUND('',#6916,.T.);
#7415=FACE_BOUND('',#6917,.T.);
#7416=FACE_BOUND('',#6918,.T.);
#7417=FACE_BOUND('',#6919,.T.);
#7418=FACE_BOUND('',#6920,.T.);
#7419=FACE_BOUND('',#6921,.T.);
#7420=FACE_BOUND('',#6922,.T.);
#7421=FACE_BOUND('',#6923,.T.);
#7422=FACE_BOUND('',#6924,.T.);
#7423=FACE_BOUND('',#6925,.T.);
#7424=FACE_BOUND('',#6926,.T.);
#7425=FACE_BOUND('',#6927,.T.);
#7426=FACE_BOUND('',#6928,.T.);
#7427=FACE_BOUND('',#6929,.T.);
#7428=FACE_BOUND('',#6930,.T.);
#7429=FACE_BOUND('',#6931,.T.);
#7430=FACE_BOUND('',#6932,.T.);
#7431=FACE_BOUND('',#6933,.T.);
#7432=FACE_BOUND('',#6934,.T.);
#7433=FACE_BOUND('',#6935,.T.);
#7434=FACE_BOUND('',#6936,.T.);
#7435=FACE_BOUND('',#6937,.T.);
#7436=FACE_BOUND('',#6938,.T.);
#7437=FACE_BOUND('',#6939,.T.);
#7438=FACE_BOUND('',#6940,.T.);
#7439=FACE_BOUND('',#6941,.T.);
#7440=FACE_BOUND('',#6942,.T.);
#7441=FACE_BOUND('',#6943,.T.);
#7442=FACE_BOUND('',#6944,.T.);
#7443=FACE_BOUND('',#6945,.T.);
#7444=FACE_BOUND('',#6946,.T.);
#7445=FACE_BOUND('',#6947,.T.);
#7446=FACE_BOUND('',#6948,.T.);
#7447=FACE_BOUND('',#6949,.T.);
#7448=FACE_BOUND('',#6950,.T.);
#7449=FACE_BOUND('',#6951,.T.);
#7450=FACE_BOUND('',#6952,.T.);
#7451=FACE_BOUND('',#6953,.T.);
#7452=FACE_BOUND('',#6954,.T.);
#7453=FACE_BOUND('',#6955,.T.);
#7454=FACE_BOUND('',#6956,.T.);
#7455=FACE_BOUND('',#6957,.T.);
#7456=FACE_BOUND('',#6958,.T.);
#7457=FACE_BOUND('',#6959,.T.);
#7458=FACE_BOUND('',#6960,.T.);
#7459=FACE_BOUND('',#6961,.T.);
#7460=FACE_BOUND('',#6962,.T.);
#7461=FACE_BOUND('',#6963,.T.);
#7462=FACE_BOUND('',#6964,.T.);
#7463=FACE_BOUND('',#6965,.T.);
#7464=FACE_BOUND('',#6966,.T.);
#7465=FACE_BOUND('',#6967,.T.);
#7466=FACE_BOUND('',#6968,.T.);
#7467=FACE_BOUND('',#6969,.T.);
#7468=FACE_BOUND('',#6970,.T.);
#7469=FACE_BOUND('',#6971,.T.);
#7470=FACE_BOUND('',#6972,.T.);
#7471=FACE_BOUND('',#6973,.T.);
#7472=FACE_BOUND('',#6974,.T.);
#7473=FACE_BOUND('',#6975,.T.);
#7474=FACE_BOUND('',#6976,.T.);
#7475=FACE_BOUND('',#6977,.T.);
#7476=FACE_BOUND('',#6978,.T.);
#7477=FACE_BOUND('',#6979,.T.);
#7478=FACE_BOUND('',#6980,.T.);
#7479=FACE_BOUND('',#6981,.T.);
#7480=FACE_BOUND('',#6982,.T.);
#7481=FACE_BOUND('',#6983,.T.);
#7482=FACE_BOUND('',#6984,.T.);
#7483=FACE_BOUND('',#6985,.T.);
#7484=FACE_BOUND('',#6986,.T.);
#7485=FACE_BOUND('',#6987,.T.);
#7486=FACE_BOUND('',#6988,.T.);
#7487=FACE_BOUND('',#6989,.T.);
#7488=FACE_BOUND('',#6990,.T.);
#7489=FACE_BOUND('',#6991,.T.);
#7490=FACE_BOUND('',#6992,.T.);
#7491=FACE_BOUND('',#6993,.T.);
#7492=FACE_BOUND('',#6994,.T.);
#7493=FACE_BOUND('',#6995,.T.);
#7494=FACE_BOUND('',#6996,.T.);
#7495=FACE_BOUND('',#6997,.T.);
#7496=FACE_BOUND('',#6998,.T.);
#7497=FACE_BOUND('',#6999,.T.);
#7498=FACE_BOUND('',#7000,.T.);
#7499=FACE_BOUND('',#7001,.T.);
#7500=FACE_BOUND('',#7002,.T.);
#7501=FACE_BOUND('',#7003,.T.);
#7502=FACE_BOUND('',#7004,.T.);
#7503=FACE_BOUND('',#7005,.T.);
#7504=FACE_BOUND('',#7006,.T.);
#7505=FACE_BOUND('',#7007,.T.);
#7506=FACE_BOUND('',#7008,.T.);
#7507=FACE_BOUND('',#7009,.T.);
#7508=FACE_BOUND('',#7010,.T.);
#7509=FACE_BOUND('',#7011,.T.);
#7510=FACE_BOUND('',#7012,.T.);
#7511=FACE_BOUND('',#7013,.T.);
#7512=FACE_BOUND('',#7014,.T.);
#7513=FACE_BOUND('',#7015,.T.);
#7514=FACE_BOUND('',#7016,.T.);
#7515=FACE_BOUND('',#7017,.T.);
#7516=FACE_BOUND('',#7018,.T.);
#7517=FACE_BOUND('',#7019,.T.);
#7518=FACE_BOUND('',#7020,.T.);
#7519=FACE_BOUND('',#7021,.T.);
#7520=FACE_BOUND('',#7022,.T.);
#7521=FACE_BOUND('',#7023,.T.);
#7522=FACE_BOUND('',#7024,.T.);
#7523=FACE_BOUND('',#7025,.T.);
#7524=FACE_BOUND('',#7026,.T.);
#7525=FACE_BOUND('',#7027,.T.);
#7526=FACE_BOUND('',#7028,.T.);
#7527=FACE_BOUND('',#7029,.T.);
#7528=FACE_BOUND('',#7030,.T.);
#7529=FACE_BOUND('',#7031,.T.);
#7530=FACE_BOUND('',#7032,.T.);
#7531=FACE_BOUND('',#7033,.T.);
#7532=FACE_BOUND('',#7034,.T.);
#7533=FACE_BOUND('',#7035,.T.);
#7534=FACE_BOUND('',#7036,.T.);
#7535=FACE_BOUND('',#7037,.T.);
#7536=FACE_BOUND('',#7038,.T.);
#7537=FACE_BOUND('',#7039,.T.);
#7538=FACE_BOUND('',#7040,.T.);
#7539=FACE_BOUND('',#7041,.T.);
#7540=FACE_BOUND('',#7042,.T.);
#7541=FACE_BOUND('',#7043,.T.);
#7542=FACE_BOUND('',#7044,.T.);
#7543=FACE_BOUND('',#7045,.T.);
#7544=FACE_BOUND('',#7046,.T.);
#7545=FACE_BOUND('',#7047,.T.);
#7546=FACE_BOUND('',#7048,.T.);
#7547=FACE_BOUND('',#7049,.T.);
#7548=FACE_BOUND('',#7050,.T.);
#7549=FACE_BOUND('',#7051,.T.);
#7550=FACE_BOUND('',#7052,.T.);
#7551=FACE_BOUND('',#7053,.T.);
#7552=FACE_BOUND('',#7054,.T.);
#7553=FACE_BOUND('',#7055,.T.);
#7554=FACE_BOUND('',#7056,.T.);
#7555=FACE_BOUND('',#7057,.T.);
#7556=FACE_BOUND('',#7058,.T.);
#7557=FACE_BOUND('',#7059,.T.);
#7558=FACE_BOUND('',#7060,.T.);
#7559=FACE_BOUND('',#7061,.T.);
#7560=FACE_BOUND('',#7062,.T.);
#7561=FACE_BOUND('',#7063,.T.);
#7562=FACE_BOUND('',#7064,.T.);
#7563=FACE_BOUND('',#7065,.T.);
#7564=FACE_BOUND('',#7066,.T.);
#7565=FACE_BOUND('',#7067,.T.);
#7566=FACE_BOUND('',#7068,.T.);
#7567=FACE_BOUND('',#7069,.T.);
#7568=FACE_BOUND('',#7070,.T.);
#7569=FACE_BOUND('',#7071,.T.);
#7570=FACE_BOUND('',#7072,.T.);
#7571=FACE_BOUND('',#7073,.T.);
#7572=FACE_BOUND('',#7074,.T.);
#7573=FACE_BOUND('',#7075,.T.);
#7574=FACE_BOUND('',#7076,.T.);
#7575=FACE_BOUND('',#7077,.T.);
#7576=FACE_BOUND('',#7078,.T.);
#7577=FACE_BOUND('',#7079,.T.);
#7578=FACE_BOUND('',#7080,.T.);
#7579=FACE_BOUND('',#7081,.T.);
#7580=FACE_BOUND('',#7082,.T.);
#7581=FACE_BOUND('',#7083,.T.);
#7582=FACE_BOUND('',#7084,.T.);
#7583=FACE_BOUND('',#7085,.T.);
#7584=FACE_BOUND('',#7086,.T.);
#7585=FACE_BOUND('',#7087,.T.);
#7586=FACE_BOUND('',#7088,.T.);
#7587=FACE_BOUND('',#7089,.T.);
#7588=FACE_BOUND('',#7090,.T.);
#7589=FACE_BOUND('',#7091,.T.);
#7590=FACE_BOUND('',#7092,.T.);
#7591=FACE_BOUND('',#7093,.T.);
#7592=FACE_BOUND('',#7094,.T.);
#7593=FACE_BOUND('',#7095,.T.);
#7594=FACE_BOUND('',#7096,.T.);
#7595=FACE_BOUND('',#7097,.T.);
#7596=FACE_BOUND('',#7098,.T.);
#7597=FACE_BOUND('',#7099,.T.);
#7598=FACE_BOUND('',#7100,.T.);
#7599=FACE_BOUND('',#7101,.T.);
#7600=FACE_BOUND('',#7102,.T.);
#7601=FACE_BOUND('',#7103,.T.);
#7602=FACE_BOUND('',#7104,.T.);
#7603=FACE_BOUND('',#7105,.T.);
#7604=FACE_BOUND('',#7106,.T.);
#7605=FACE_BOUND('',#7107,.T.);
#7606=FACE_BOUND('',#7108,.T.);
#7607=FACE_BOUND('',#7109,.T.);
#7608=FACE_BOUND('',#7110,.T.);
#7609=FACE_BOUND('',#7111,.T.);
#7610=FACE_BOUND('',#7112,.T.);
#7611=FACE_BOUND('',#7113,.T.);
#7612=FACE_BOUND('',#7114,.T.);
#7613=FACE_BOUND('',#7115,.T.);
#7614=FACE_BOUND('',#7116,.T.);
#7615=FACE_BOUND('',#7117,.T.);
#7616=FACE_BOUND('',#7118,.T.);
#7617=FACE_BOUND('',#7119,.T.);
#7618=FACE_BOUND('',#7120,.T.);
#7619=FACE_BOUND('',#7121,.T.);
#7620=FACE_BOUND('',#7122,.T.);
#7621=FACE_BOUND('',#7123,.T.);
#7622=FACE_BOUND('',#7124,.T.);
#7623=FACE_BOUND('',#7125,.T.);
#7624=FACE_BOUND('',#7126,.T.);
#7625=FACE_BOUND('',#7127,.T.);
#7626=FACE_BOUND('',#7128,.T.);
#7627=FACE_BOUND('',#7129,.T.);
#7628=FACE_BOUND('',#7130,.T.);
#7629=FACE_BOUND('',#7131,.T.);
#7630=FACE_BOUND('',#7132,.T.);
#7631=FACE_BOUND('',#7133,.T.);
#7632=FACE_BOUND('',#7134,.T.);
#7633=FACE_BOUND('',#7135,.T.);
#7634=FACE_BOUND('',#7136,.T.);
#7635=FACE_BOUND('',#7137,.T.);
#7636=FACE_BOUND('',#7138,.T.);
#7637=FACE_BOUND('',#7139,.T.);
#7638=FACE_BOUND('',#7140,.T.);
#7639=FACE_BOUND('',#7141,.T.);
#7640=FACE_BOUND('',#7142,.T.);
#7641=FACE_BOUND('',#7143,.T.);
#7642=FACE_BOUND('',#7144,.T.);
#7643=FACE_BOUND('',#7145,.T.);
#7644=FACE_BOUND('',#7146,.T.);
#7645=FACE_BOUND('',#7147,.T.);
#7646=FACE_BOUND('',#7148,.T.);
#7647=FACE_BOUND('',#7149,.T.);
#7648=FACE_BOUND('',#7150,.T.);
#7649=FACE_BOUND('',#7151,.T.);
#7650=FACE_BOUND('',#7152,.T.);
#7651=FACE_BOUND('',#7153,.T.);
#7652=FACE_BOUND('',#7154,.T.);
#7653=FACE_BOUND('',#7155,.T.);
#7654=FACE_BOUND('',#7156,.T.);
#7655=FACE_BOUND('',#7157,.T.);
#7656=FACE_BOUND('',#7158,.T.);
#7657=FACE_BOUND('',#7159,.T.);
#7658=FACE_BOUND('',#7160,.T.);
#7659=FACE_BOUND('',#7161,.T.);
#7660=FACE_BOUND('',#7162,.T.);
#7661=FACE_BOUND('',#7163,.T.);
#7662=FACE_BOUND('',#7164,.T.);
#7663=FACE_BOUND('',#7165,.T.);
#7664=FACE_BOUND('',#7166,.T.);
#7665=FACE_BOUND('',#7167,.T.);
#7666=FACE_BOUND('',#7168,.T.);
#7667=FACE_BOUND('',#7169,.T.);
#7668=FACE_BOUND('',#7170,.T.);
#7669=FACE_BOUND('',#7171,.T.);
#7670=FACE_BOUND('',#7172,.T.);
#7671=FACE_BOUND('',#7173,.T.);
#7672=FACE_BOUND('',#7174,.T.);
#7673=FACE_BOUND('',#7175,.T.);
#7674=FACE_BOUND('',#7176,.T.);
#7675=FACE_BOUND('',#7177,.T.);
#7676=FACE_BOUND('',#7178,.T.);
#7677=FACE_BOUND('',#7179,.T.);
#7678=FACE_BOUND('',#7180,.T.);
#7679=FACE_BOUND('',#7181,.T.);
#7680=FACE_BOUND('',#7182,.T.);
#7681=FACE_BOUND('',#7183,.T.);
#7682=FACE_BOUND('',#7184,.T.);
#7683=FACE_BOUND('',#7185,.T.);
#7684=FACE_BOUND('',#7186,.T.);
#7685=FACE_BOUND('',#7187,.T.);
#7686=FACE_BOUND('',#7188,.T.);
#7687=FACE_BOUND('',#7189,.T.);
#7688=FACE_BOUND('',#7190,.T.);
#7689=FACE_BOUND('',#7191,.T.);
#7690=FACE_BOUND('',#7192,.T.);
#7691=FACE_BOUND('',#7193,.T.);
#7692=FACE_BOUND('',#7194,.T.);
#7693=FACE_BOUND('',#7195,.T.);
#7694=FACE_BOUND('',#7196,.T.);
#7695=FACE_BOUND('',#7197,.T.);
#7696=FACE_BOUND('',#7198,.T.);
#7697=FACE_BOUND('',#7199,.T.);
#7698=FACE_BOUND('',#7200,.T.);
#7699=FACE_BOUND('',#7201,.T.);
#7700=FACE_BOUND('',#7202,.T.);
#7701=FACE_BOUND('',#7203,.T.);
#7702=FACE_BOUND('',#7204,.T.);
#7703=FACE_BOUND('',#7205,.T.);
#7704=FACE_BOUND('',#7206,.T.);
#7705=FACE_BOUND('',#7207,.T.);
#7706=FACE_BOUND('',#7208,.T.);
#7707=FACE_BOUND('',#7209,.T.);
#7708=FACE_BOUND('',#7210,.T.);
#7709=FACE_BOUND('',#7211,.T.);
#7710=FACE_BOUND('',#7212,.T.);
#7711=FACE_BOUND('',#7213,.T.);
#7712=FACE_BOUND('',#7214,.T.);
#7713=FACE_BOUND('',#7215,.T.);
#7714=FACE_BOUND('',#7216,.T.);
#7715=FACE_BOUND('',#7217,.T.);
#7716=FACE_BOUND('',#7218,.T.);
#7717=FACE_BOUND('',#7219,.T.);
#7718=FACE_BOUND('',#7220,.T.);
#7719=FACE_BOUND('',#7221,.T.);
#7720=FACE_BOUND('',#7222,.T.);
#7721=FACE_BOUND('',#7223,.T.);
#7722=FACE_BOUND('',#7224,.T.);
#7723=PLANE('',#11666);
#7724=PLANE('',#11667);
#7725=PLANE('',#11668);
#7726=PLANE('',#11669);
#7727=PLANE('',#11673);
#7728=PLANE('',#11677);
#7729=PLANE('',#11681);
#7730=PLANE('',#11682);
#7731=PLANE('',#11683);
#7732=PLANE('',#11687);
#7733=PLANE('',#11691);
#7734=PLANE('',#11695);
#7735=PLANE('',#11696);
#7736=PLANE('',#11697);
#7737=PLANE('',#11698);
#7738=PLANE('',#11699);
#7739=PLANE('',#11700);
#7740=PLANE('',#11701);
#7741=PLANE('',#11712);
#7742=PLANE('',#11713);
#7743=PLANE('',#11714);
#7744=PLANE('',#11715);
#7745=PLANE('',#11720);
#7746=PLANE('',#11725);
#7747=PLANE('',#11730);
#7748=PLANE('',#11735);
#7749=PLANE('',#11740);
#7750=PLANE('',#11741);
#7751=PLANE('',#11746);
#7752=PLANE('',#11751);
#7753=PLANE('',#11756);
#7754=PLANE('',#11761);
#7755=PLANE('',#11778);
#7756=PLANE('',#11785);
#7757=PLANE('',#11786);
#7758=PLANE('',#11799);
#7759=PLANE('',#11806);
#7760=PLANE('',#11807);
#7761=PLANE('',#11820);
#7762=PLANE('',#11827);
#7763=PLANE('',#11828);
#7764=PLANE('',#11841);
#7765=PLANE('',#11848);
#7766=PLANE('',#11849);
#7767=PLANE('',#11862);
#7768=PLANE('',#11869);
#7769=PLANE('',#11870);
#7770=PLANE('',#11871);
#7771=PLANE('',#11872);
#7772=PLANE('',#11873);
#7773=PLANE('',#11874);
#7774=PLANE('',#11875);
#7775=PLANE('',#11876);
#7776=PLANE('',#11877);
#7777=PLANE('',#11878);
#7778=PLANE('',#11879);
#7779=PLANE('',#11880);
#7780=PLANE('',#11881);
#7781=PLANE('',#11882);
#7782=PLANE('',#11883);
#7783=PLANE('',#11884);
#7784=PLANE('',#11885);
#7785=PLANE('',#11886);
#7786=PLANE('',#11887);
#7787=PLANE('',#11888);
#7788=PLANE('',#11889);
#7789=PLANE('',#11890);
#7790=PLANE('',#11891);
#7791=PLANE('',#11892);
#7792=PLANE('',#11893);
#7793=PLANE('',#11894);
#7794=PLANE('',#11895);
#7795=PLANE('',#11896);
#7796=PLANE('',#11897);
#7797=PLANE('',#11898);
#7798=PLANE('',#11899);
#7799=PLANE('',#11900);
#7800=PLANE('',#11901);
#7801=PLANE('',#11902);
#7802=PLANE('',#11903);
#7803=PLANE('',#11904);
#7804=PLANE('',#11905);
#7805=PLANE('',#11906);
#7806=PLANE('',#11907);
#7807=PLANE('',#11908);
#7808=PLANE('',#11909);
#7809=PLANE('',#11910);
#7810=PLANE('',#11911);
#7811=PLANE('',#11912);
#7812=PLANE('',#11913);
#7813=PLANE('',#11914);
#7814=PLANE('',#11915);
#7815=PLANE('',#11916);
#7816=PLANE('',#11917);
#7817=PLANE('',#11918);
#7818=PLANE('',#11919);
#7819=PLANE('',#11920);
#7820=PLANE('',#11921);
#7821=PLANE('',#11922);
#7822=PLANE('',#11923);
#7823=PLANE('',#11924);
#7824=PLANE('',#11925);
#7825=PLANE('',#11926);
#7826=PLANE('',#11927);
#7827=PLANE('',#11928);
#7828=PLANE('',#11929);
#7829=PLANE('',#11930);
#7830=PLANE('',#11931);
#7831=PLANE('',#11932);
#7832=PLANE('',#11933);
#7833=PLANE('',#11934);
#7834=PLANE('',#11935);
#7835=PLANE('',#11936);
#7836=PLANE('',#11937);
#7837=PLANE('',#11938);
#7838=PLANE('',#11939);
#7839=PLANE('',#11940);
#7840=PLANE('',#11941);
#7841=PLANE('',#11942);
#7842=PLANE('',#11943);
#7843=PLANE('',#11944);
#7844=PLANE('',#11945);
#7845=PLANE('',#11946);
#7846=PLANE('',#11947);
#7847=PLANE('',#11948);
#7848=PLANE('',#11949);
#7849=PLANE('',#11950);
#7850=PLANE('',#11951);
#7851=PLANE('',#11952);
#7852=PLANE('',#11953);
#7853=PLANE('',#11954);
#7854=PLANE('',#11955);
#7855=PLANE('',#11956);
#7856=PLANE('',#11957);
#7857=PLANE('',#11958);
#7858=PLANE('',#11959);
#7859=PLANE('',#11960);
#7860=PLANE('',#11961);
#7861=PLANE('',#11962);
#7862=PLANE('',#11963);
#7863=PLANE('',#11964);
#7864=PLANE('',#11965);
#7865=PLANE('',#11966);
#7866=PLANE('',#11967);
#7867=PLANE('',#11968);
#7868=PLANE('',#11969);
#7869=PLANE('',#11970);
#7870=PLANE('',#11971);
#7871=PLANE('',#11972);
#7872=PLANE('',#11973);
#7873=PLANE('',#11974);
#7874=PLANE('',#11975);
#7875=PLANE('',#11976);
#7876=PLANE('',#11977);
#7877=PLANE('',#11978);
#7878=PLANE('',#11979);
#7879=PLANE('',#11980);
#7880=PLANE('',#11981);
#7881=PLANE('',#11982);
#7882=PLANE('',#11983);
#7883=PLANE('',#11984);
#7884=PLANE('',#11985);
#7885=PLANE('',#11986);
#7886=PLANE('',#11987);
#7887=PLANE('',#11988);
#7888=PLANE('',#11989);
#7889=PLANE('',#11990);
#7890=PLANE('',#11991);
#7891=PLANE('',#11992);
#7892=PLANE('',#11993);
#7893=PLANE('',#11994);
#7894=PLANE('',#11995);
#7895=PLANE('',#11996);
#7896=PLANE('',#11997);
#7897=PLANE('',#11998);
#7898=PLANE('',#11999);
#7899=PLANE('',#12000);
#7900=PLANE('',#12001);
#7901=PLANE('',#12002);
#7902=PLANE('',#12003);
#7903=PLANE('',#12004);
#7904=PLANE('',#12005);
#7905=PLANE('',#12006);
#7906=PLANE('',#12007);
#7907=PLANE('',#12008);
#7908=PLANE('',#12009);
#7909=PLANE('',#12010);
#7910=PLANE('',#12011);
#7911=PLANE('',#12012);
#7912=PLANE('',#12013);
#7913=PLANE('',#12014);
#7914=PLANE('',#12015);
#7915=PLANE('',#12016);
#7916=PLANE('',#12017);
#7917=PLANE('',#12018);
#7918=PLANE('',#12019);
#7919=PLANE('',#12020);
#7920=PLANE('',#12021);
#7921=PLANE('',#12022);
#7922=PLANE('',#12023);
#7923=PLANE('',#12024);
#7924=PLANE('',#12025);
#7925=PLANE('',#12026);
#7926=PLANE('',#12027);
#7927=PLANE('',#12028);
#7928=PLANE('',#12029);
#7929=PLANE('',#12030);
#7930=PLANE('',#12031);
#7931=PLANE('',#12032);
#7932=PLANE('',#12033);
#7933=PLANE('',#12034);
#7934=PLANE('',#12035);
#7935=PLANE('',#12036);
#7936=PLANE('',#12037);
#7937=PLANE('',#12038);
#7938=PLANE('',#12039);
#7939=PLANE('',#12040);
#7940=PLANE('',#12041);
#7941=PLANE('',#12042);
#7942=PLANE('',#12043);
#7943=PLANE('',#12044);
#7944=PLANE('',#12045);
#7945=PLANE('',#12046);
#7946=PLANE('',#12050);
#7947=PLANE('',#12051);
#7948=PLANE('',#12052);
#7949=PLANE('',#12053);
#7950=PLANE('',#12054);
#7951=PLANE('',#12058);
#7952=PLANE('',#12062);
#7953=PLANE('',#12063);
#7954=PLANE('',#12064);
#7955=PLANE('',#12065);
#7956=PLANE('',#12069);
#7957=PLANE('',#12070);
#7958=PLANE('',#12071);
#7959=PLANE('',#12075);
#7960=PLANE('',#12076);
#7961=PLANE('',#12077);
#7962=PLANE('',#12078);
#7963=PLANE('',#12079);
#7964=PLANE('',#12083);
#7965=PLANE('',#12087);
#7966=PLANE('',#12088);
#7967=PLANE('',#12089);
#7968=PLANE('',#12090);
#7969=PLANE('',#12094);
#7970=PLANE('',#12095);
#7971=PLANE('',#12096);
#7972=PLANE('',#12100);
#7973=PLANE('',#12101);
#7974=PLANE('',#12102);
#7975=PLANE('',#12103);
#7976=PLANE('',#12104);
#7977=PLANE('',#12108);
#7978=PLANE('',#12112);
#7979=PLANE('',#12113);
#7980=PLANE('',#12114);
#7981=PLANE('',#12115);
#7982=PLANE('',#12119);
#7983=PLANE('',#12120);
#7984=PLANE('',#12121);
#7985=PLANE('',#12125);
#7986=PLANE('',#12126);
#7987=PLANE('',#12127);
#7988=PLANE('',#12128);
#7989=PLANE('',#12129);
#7990=PLANE('',#12133);
#7991=PLANE('',#12137);
#7992=PLANE('',#12138);
#7993=PLANE('',#12139);
#7994=PLANE('',#12140);
#7995=PLANE('',#12144);
#7996=PLANE('',#12145);
#7997=PLANE('',#12146);
#7998=PLANE('',#12150);
#7999=PLANE('',#12151);
#8000=PLANE('',#12152);
#8001=PLANE('',#12153);
#8002=PLANE('',#12154);
#8003=PLANE('',#12158);
#8004=PLANE('',#12162);
#8005=PLANE('',#12163);
#8006=PLANE('',#12164);
#8007=PLANE('',#12165);
#8008=PLANE('',#12169);
#8009=PLANE('',#12170);
#8010=PLANE('',#12174);
#8011=PLANE('',#12178);
#8012=PLANE('',#12179);
#8013=PLANE('',#12180);
#8014=PLANE('',#12181);
#8015=PLANE('',#12185);
#8016=PLANE('',#12189);
#8017=PLANE('',#12190);
#8018=PLANE('',#12191);
#8019=PLANE('',#12192);
#8020=PLANE('',#12193);
#8021=PLANE('',#12194);
#8022=PLANE('',#12195);
#8023=PLANE('',#12199);
#8024=PLANE('',#12203);
#8025=PLANE('',#12204);
#8026=PLANE('',#12205);
#8027=PLANE('',#12206);
#8028=PLANE('',#12210);
#8029=PLANE('',#12214);
#8030=PLANE('',#12215);
#8031=PLANE('',#12216);
#8032=PLANE('',#12217);
#8033=PLANE('',#12218);
#8034=PLANE('',#12219);
#8035=PLANE('',#12220);
#8036=PLANE('',#12224);
#8037=PLANE('',#12228);
#8038=PLANE('',#12229);
#8039=PLANE('',#12230);
#8040=PLANE('',#12231);
#8041=PLANE('',#12235);
#8042=PLANE('',#12239);
#8043=PLANE('',#12240);
#8044=PLANE('',#12241);
#8045=PLANE('',#12242);
#8046=PLANE('',#12243);
#8047=PLANE('',#12244);
#8048=PLANE('',#12245);
#8049=PLANE('',#12249);
#8050=PLANE('',#12253);
#8051=PLANE('',#12254);
#8052=PLANE('',#12255);
#8053=PLANE('',#12256);
#8054=PLANE('',#12260);
#8055=PLANE('',#12264);
#8056=PLANE('',#12265);
#8057=PLANE('',#12266);
#8058=PLANE('',#12267);
#8059=PLANE('',#12268);
#8060=PLANE('',#12269);
#8061=PLANE('',#12270);
#8062=PLANE('',#12274);
#8063=PLANE('',#12278);
#8064=PLANE('',#12279);
#8065=PLANE('',#12280);
#8066=PLANE('',#12281);
#8067=PLANE('',#12285);
#8068=PLANE('',#12289);
#8069=PLANE('',#12290);
#8070=PLANE('',#12291);
#8071=PLANE('',#12292);
#8072=PLANE('',#12293);
#8073=PLANE('',#12294);
#8074=PLANE('',#12295);
#8075=STYLED_ITEM('',(#8523),#11213);
#8076=STYLED_ITEM('',(#8524),#11214);
#8077=STYLED_ITEM('',(#8525),#11215);
#8078=STYLED_ITEM('',(#8526),#11216);
#8079=STYLED_ITEM('',(#8527),#11217);
#8080=STYLED_ITEM('',(#8528),#11218);
#8081=STYLED_ITEM('',(#8529),#11219);
#8082=STYLED_ITEM('',(#8530),#11220);
#8083=STYLED_ITEM('',(#8531),#11221);
#8084=STYLED_ITEM('',(#8532),#11222);
#8085=STYLED_ITEM('',(#8533),#11223);
#8086=STYLED_ITEM('',(#8534),#11224);
#8087=STYLED_ITEM('',(#8535),#11225);
#8088=STYLED_ITEM('',(#8536),#11226);
#8089=STYLED_ITEM('',(#8537),#11227);
#8090=STYLED_ITEM('',(#8538),#11228);
#8091=STYLED_ITEM('',(#8539),#11229);
#8092=STYLED_ITEM('',(#8540),#11230);
#8093=STYLED_ITEM('',(#8541),#11231);
#8094=STYLED_ITEM('',(#8542),#11232);
#8095=STYLED_ITEM('',(#8543),#11233);
#8096=STYLED_ITEM('',(#8544),#11234);
#8097=STYLED_ITEM('',(#8545),#11235);
#8098=STYLED_ITEM('',(#8546),#11236);
#8099=STYLED_ITEM('',(#8547),#11237);
#8100=STYLED_ITEM('',(#8548),#11238);
#8101=STYLED_ITEM('',(#8549),#11239);
#8102=STYLED_ITEM('',(#8550),#11240);
#8103=STYLED_ITEM('',(#8551),#11241);
#8104=STYLED_ITEM('',(#8552),#11242);
#8105=STYLED_ITEM('',(#8553),#11243);
#8106=STYLED_ITEM('',(#8554),#11244);
#8107=STYLED_ITEM('',(#8555),#11245);
#8108=STYLED_ITEM('',(#8556),#11246);
#8109=STYLED_ITEM('',(#8557),#11247);
#8110=STYLED_ITEM('',(#8558),#11248);
#8111=STYLED_ITEM('',(#8559),#11249);
#8112=STYLED_ITEM('',(#8560),#11250);
#8113=STYLED_ITEM('',(#8561),#11251);
#8114=STYLED_ITEM('',(#8562),#11252);
#8115=STYLED_ITEM('',(#8563),#11253);
#8116=STYLED_ITEM('',(#8564),#11254);
#8117=STYLED_ITEM('',(#8565),#11255);
#8118=STYLED_ITEM('',(#8566),#11256);
#8119=STYLED_ITEM('',(#8567),#11257);
#8120=STYLED_ITEM('',(#8568),#11258);
#8121=STYLED_ITEM('',(#8569),#11259);
#8122=STYLED_ITEM('',(#8570),#11260);
#8123=STYLED_ITEM('',(#8571),#11261);
#8124=STYLED_ITEM('',(#8572),#11262);
#8125=STYLED_ITEM('',(#8573),#11263);
#8126=STYLED_ITEM('',(#8574),#11264);
#8127=STYLED_ITEM('',(#8575),#11265);
#8128=STYLED_ITEM('',(#8576),#11266);
#8129=STYLED_ITEM('',(#8577),#11267);
#8130=STYLED_ITEM('',(#8578),#11268);
#8131=STYLED_ITEM('',(#8579),#11269);
#8132=STYLED_ITEM('',(#8580),#11270);
#8133=STYLED_ITEM('',(#8581),#11271);
#8134=STYLED_ITEM('',(#8582),#11272);
#8135=STYLED_ITEM('',(#8583),#11273);
#8136=STYLED_ITEM('',(#8584),#11274);
#8137=STYLED_ITEM('',(#8585),#11275);
#8138=STYLED_ITEM('',(#8586),#11276);
#8139=STYLED_ITEM('',(#8587),#11277);
#8140=STYLED_ITEM('',(#8588),#11278);
#8141=STYLED_ITEM('',(#8589),#11279);
#8142=STYLED_ITEM('',(#8590),#11280);
#8143=STYLED_ITEM('',(#8591),#11281);
#8144=STYLED_ITEM('',(#8592),#11282);
#8145=STYLED_ITEM('',(#8593),#11283);
#8146=STYLED_ITEM('',(#8594),#11284);
#8147=STYLED_ITEM('',(#8595),#11285);
#8148=STYLED_ITEM('',(#8596),#11286);
#8149=STYLED_ITEM('',(#8597),#11287);
#8150=STYLED_ITEM('',(#8598),#11288);
#8151=STYLED_ITEM('',(#8599),#11289);
#8152=STYLED_ITEM('',(#8600),#11290);
#8153=STYLED_ITEM('',(#8601),#11291);
#8154=STYLED_ITEM('',(#8602),#11292);
#8155=STYLED_ITEM('',(#8603),#11293);
#8156=STYLED_ITEM('',(#8604),#11294);
#8157=STYLED_ITEM('',(#8605),#11295);
#8158=STYLED_ITEM('',(#8606),#11296);
#8159=STYLED_ITEM('',(#8607),#11297);
#8160=STYLED_ITEM('',(#8608),#11298);
#8161=STYLED_ITEM('',(#8609),#11299);
#8162=STYLED_ITEM('',(#8610),#11300);
#8163=STYLED_ITEM('',(#8611),#11301);
#8164=STYLED_ITEM('',(#8612),#11302);
#8165=STYLED_ITEM('',(#8613),#11303);
#8166=STYLED_ITEM('',(#8614),#11304);
#8167=STYLED_ITEM('',(#8615),#11305);
#8168=STYLED_ITEM('',(#8616),#11306);
#8169=STYLED_ITEM('',(#8617),#11307);
#8170=STYLED_ITEM('',(#8618),#11308);
#8171=STYLED_ITEM('',(#8619),#11309);
#8172=STYLED_ITEM('',(#8620),#11310);
#8173=STYLED_ITEM('',(#8621),#11311);
#8174=STYLED_ITEM('',(#8622),#11312);
#8175=STYLED_ITEM('',(#8623),#11313);
#8176=STYLED_ITEM('',(#8624),#11314);
#8177=STYLED_ITEM('',(#8625),#11315);
#8178=STYLED_ITEM('',(#8626),#11316);
#8179=STYLED_ITEM('',(#8627),#11317);
#8180=STYLED_ITEM('',(#8628),#11318);
#8181=STYLED_ITEM('',(#8629),#11319);
#8182=STYLED_ITEM('',(#8630),#11320);
#8183=STYLED_ITEM('',(#8631),#11321);
#8184=STYLED_ITEM('',(#8632),#11322);
#8185=STYLED_ITEM('',(#8633),#11323);
#8186=STYLED_ITEM('',(#8634),#11324);
#8187=STYLED_ITEM('',(#8635),#11325);
#8188=STYLED_ITEM('',(#8636),#11326);
#8189=STYLED_ITEM('',(#8637),#11327);
#8190=STYLED_ITEM('',(#8638),#11328);
#8191=STYLED_ITEM('',(#8639),#11329);
#8192=STYLED_ITEM('',(#8640),#11330);
#8193=STYLED_ITEM('',(#8641),#11331);
#8194=STYLED_ITEM('',(#8642),#11332);
#8195=STYLED_ITEM('',(#8643),#11333);
#8196=STYLED_ITEM('',(#8644),#11334);
#8197=STYLED_ITEM('',(#8645),#11335);
#8198=STYLED_ITEM('',(#8646),#11336);
#8199=STYLED_ITEM('',(#8647),#11337);
#8200=STYLED_ITEM('',(#8648),#11338);
#8201=STYLED_ITEM('',(#8649),#11339);
#8202=STYLED_ITEM('',(#8650),#11340);
#8203=STYLED_ITEM('',(#8651),#11341);
#8204=STYLED_ITEM('',(#8652),#11342);
#8205=STYLED_ITEM('',(#8653),#11343);
#8206=STYLED_ITEM('',(#8654),#11344);
#8207=STYLED_ITEM('',(#8655),#11345);
#8208=STYLED_ITEM('',(#8656),#11346);
#8209=STYLED_ITEM('',(#8657),#11347);
#8210=STYLED_ITEM('',(#8658),#11348);
#8211=STYLED_ITEM('',(#8659),#11349);
#8212=STYLED_ITEM('',(#8660),#11350);
#8213=STYLED_ITEM('',(#8661),#11351);
#8214=STYLED_ITEM('',(#8662),#11352);
#8215=STYLED_ITEM('',(#8663),#11353);
#8216=STYLED_ITEM('',(#8664),#11354);
#8217=STYLED_ITEM('',(#8665),#11355);
#8218=STYLED_ITEM('',(#8666),#11356);
#8219=STYLED_ITEM('',(#8667),#11357);
#8220=STYLED_ITEM('',(#8668),#11358);
#8221=STYLED_ITEM('',(#8669),#11359);
#8222=STYLED_ITEM('',(#8670),#11360);
#8223=STYLED_ITEM('',(#8671),#11361);
#8224=STYLED_ITEM('',(#8672),#11362);
#8225=STYLED_ITEM('',(#8673),#11363);
#8226=STYLED_ITEM('',(#8674),#11364);
#8227=STYLED_ITEM('',(#8675),#11365);
#8228=STYLED_ITEM('',(#8676),#11366);
#8229=STYLED_ITEM('',(#8677),#11367);
#8230=STYLED_ITEM('',(#8678),#11368);
#8231=STYLED_ITEM('',(#8679),#11369);
#8232=STYLED_ITEM('',(#8680),#11370);
#8233=STYLED_ITEM('',(#8681),#11371);
#8234=STYLED_ITEM('',(#8682),#11372);
#8235=STYLED_ITEM('',(#8683),#11373);
#8236=STYLED_ITEM('',(#8684),#11374);
#8237=STYLED_ITEM('',(#8685),#11375);
#8238=STYLED_ITEM('',(#8686),#11376);
#8239=STYLED_ITEM('',(#8687),#11377);
#8240=STYLED_ITEM('',(#8688),#11378);
#8241=STYLED_ITEM('',(#8689),#11379);
#8242=STYLED_ITEM('',(#8690),#11380);
#8243=STYLED_ITEM('',(#8691),#11381);
#8244=STYLED_ITEM('',(#8692),#11382);
#8245=STYLED_ITEM('',(#8693),#11383);
#8246=STYLED_ITEM('',(#8694),#11384);
#8247=STYLED_ITEM('',(#8695),#11385);
#8248=STYLED_ITEM('',(#8696),#11386);
#8249=STYLED_ITEM('',(#8697),#11387);
#8250=STYLED_ITEM('',(#8698),#11388);
#8251=STYLED_ITEM('',(#8699),#11389);
#8252=STYLED_ITEM('',(#8700),#11390);
#8253=STYLED_ITEM('',(#8701),#11391);
#8254=STYLED_ITEM('',(#8702),#11392);
#8255=STYLED_ITEM('',(#8703),#11393);
#8256=STYLED_ITEM('',(#8704),#11394);
#8257=STYLED_ITEM('',(#8705),#11395);
#8258=STYLED_ITEM('',(#8706),#11396);
#8259=STYLED_ITEM('',(#8707),#11397);
#8260=STYLED_ITEM('',(#8708),#11398);
#8261=STYLED_ITEM('',(#8709),#11399);
#8262=STYLED_ITEM('',(#8710),#11400);
#8263=STYLED_ITEM('',(#8711),#11401);
#8264=STYLED_ITEM('',(#8712),#11402);
#8265=STYLED_ITEM('',(#8713),#11403);
#8266=STYLED_ITEM('',(#8714),#11404);
#8267=STYLED_ITEM('',(#8715),#11405);
#8268=STYLED_ITEM('',(#8716),#11406);
#8269=STYLED_ITEM('',(#8717),#11407);
#8270=STYLED_ITEM('',(#8718),#11408);
#8271=STYLED_ITEM('',(#8719),#11409);
#8272=STYLED_ITEM('',(#8720),#11410);
#8273=STYLED_ITEM('',(#8721),#11411);
#8274=STYLED_ITEM('',(#8722),#11412);
#8275=STYLED_ITEM('',(#8723),#11413);
#8276=STYLED_ITEM('',(#8724),#11414);
#8277=STYLED_ITEM('',(#8725),#11415);
#8278=STYLED_ITEM('',(#8726),#11416);
#8279=STYLED_ITEM('',(#8727),#11417);
#8280=STYLED_ITEM('',(#8728),#11418);
#8281=STYLED_ITEM('',(#8729),#11419);
#8282=STYLED_ITEM('',(#8730),#11420);
#8283=STYLED_ITEM('',(#8731),#11421);
#8284=STYLED_ITEM('',(#8732),#11422);
#8285=STYLED_ITEM('',(#8733),#11423);
#8286=STYLED_ITEM('',(#8734),#11424);
#8287=STYLED_ITEM('',(#8735),#11425);
#8288=STYLED_ITEM('',(#8736),#11426);
#8289=STYLED_ITEM('',(#8737),#11427);
#8290=STYLED_ITEM('',(#8738),#11428);
#8291=STYLED_ITEM('',(#8739),#11429);
#8292=STYLED_ITEM('',(#8740),#11430);
#8293=STYLED_ITEM('',(#8741),#11431);
#8294=STYLED_ITEM('',(#8742),#11432);
#8295=STYLED_ITEM('',(#8743),#11433);
#8296=STYLED_ITEM('',(#8744),#11434);
#8297=STYLED_ITEM('',(#8745),#11435);
#8298=STYLED_ITEM('',(#8746),#11436);
#8299=STYLED_ITEM('',(#8747),#11437);
#8300=STYLED_ITEM('',(#8748),#11438);
#8301=STYLED_ITEM('',(#8749),#11439);
#8302=STYLED_ITEM('',(#8750),#11440);
#8303=STYLED_ITEM('',(#8751),#11441);
#8304=STYLED_ITEM('',(#8752),#11442);
#8305=STYLED_ITEM('',(#8753),#11443);
#8306=STYLED_ITEM('',(#8754),#11444);
#8307=STYLED_ITEM('',(#8755),#11445);
#8308=STYLED_ITEM('',(#8756),#11446);
#8309=STYLED_ITEM('',(#8757),#11447);
#8310=STYLED_ITEM('',(#8758),#11448);
#8311=STYLED_ITEM('',(#8759),#11449);
#8312=STYLED_ITEM('',(#8760),#11450);
#8313=STYLED_ITEM('',(#8761),#11451);
#8314=STYLED_ITEM('',(#8762),#11452);
#8315=STYLED_ITEM('',(#8763),#11453);
#8316=STYLED_ITEM('',(#8764),#11454);
#8317=STYLED_ITEM('',(#8765),#11455);
#8318=STYLED_ITEM('',(#8766),#11456);
#8319=STYLED_ITEM('',(#8767),#11457);
#8320=STYLED_ITEM('',(#8768),#11458);
#8321=STYLED_ITEM('',(#8769),#11459);
#8322=STYLED_ITEM('',(#8770),#11460);
#8323=STYLED_ITEM('',(#8771),#11461);
#8324=STYLED_ITEM('',(#8772),#11462);
#8325=STYLED_ITEM('',(#8773),#11463);
#8326=STYLED_ITEM('',(#8774),#11464);
#8327=STYLED_ITEM('',(#8775),#11465);
#8328=STYLED_ITEM('',(#8776),#11466);
#8329=STYLED_ITEM('',(#8777),#11467);
#8330=STYLED_ITEM('',(#8778),#11468);
#8331=STYLED_ITEM('',(#8779),#11469);
#8332=STYLED_ITEM('',(#8780),#11470);
#8333=STYLED_ITEM('',(#8781),#11471);
#8334=STYLED_ITEM('',(#8782),#11472);
#8335=STYLED_ITEM('',(#8783),#11473);
#8336=STYLED_ITEM('',(#8784),#11474);
#8337=STYLED_ITEM('',(#8785),#11475);
#8338=STYLED_ITEM('',(#8786),#11476);
#8339=STYLED_ITEM('',(#8787),#11477);
#8340=STYLED_ITEM('',(#8788),#11478);
#8341=STYLED_ITEM('',(#8789),#11479);
#8342=STYLED_ITEM('',(#8790),#11480);
#8343=STYLED_ITEM('',(#8791),#11481);
#8344=STYLED_ITEM('',(#8792),#11482);
#8345=STYLED_ITEM('',(#8793),#11483);
#8346=STYLED_ITEM('',(#8794),#11484);
#8347=STYLED_ITEM('',(#8795),#11485);
#8348=STYLED_ITEM('',(#8796),#11486);
#8349=STYLED_ITEM('',(#8797),#11487);
#8350=STYLED_ITEM('',(#8798),#11488);
#8351=STYLED_ITEM('',(#8799),#11489);
#8352=STYLED_ITEM('',(#8800),#11490);
#8353=STYLED_ITEM('',(#8801),#11491);
#8354=STYLED_ITEM('',(#8802),#11492);
#8355=STYLED_ITEM('',(#8803),#11493);
#8356=STYLED_ITEM('',(#8804),#11494);
#8357=STYLED_ITEM('',(#8805),#11495);
#8358=STYLED_ITEM('',(#8806),#11496);
#8359=STYLED_ITEM('',(#8807),#11497);
#8360=STYLED_ITEM('',(#8808),#11498);
#8361=STYLED_ITEM('',(#8809),#11499);
#8362=STYLED_ITEM('',(#8810),#11500);
#8363=STYLED_ITEM('',(#8811),#11501);
#8364=STYLED_ITEM('',(#8812),#11502);
#8365=STYLED_ITEM('',(#8813),#11503);
#8366=STYLED_ITEM('',(#8814),#11504);
#8367=STYLED_ITEM('',(#8815),#11505);
#8368=STYLED_ITEM('',(#8816),#11506);
#8369=STYLED_ITEM('',(#8817),#11507);
#8370=STYLED_ITEM('',(#8818),#11508);
#8371=STYLED_ITEM('',(#8819),#11509);
#8372=STYLED_ITEM('',(#8820),#11510);
#8373=STYLED_ITEM('',(#8821),#11511);
#8374=STYLED_ITEM('',(#8822),#11512);
#8375=STYLED_ITEM('',(#8823),#11513);
#8376=STYLED_ITEM('',(#8824),#11514);
#8377=STYLED_ITEM('',(#8825),#11515);
#8378=STYLED_ITEM('',(#8826),#11516);
#8379=STYLED_ITEM('',(#8827),#11517);
#8380=STYLED_ITEM('',(#8828),#11518);
#8381=STYLED_ITEM('',(#8829),#11519);
#8382=STYLED_ITEM('',(#8830),#11520);
#8383=STYLED_ITEM('',(#8831),#11521);
#8384=STYLED_ITEM('',(#8832),#11522);
#8385=STYLED_ITEM('',(#8833),#11523);
#8386=STYLED_ITEM('',(#8834),#11524);
#8387=STYLED_ITEM('',(#8835),#11525);
#8388=STYLED_ITEM('',(#8836),#11526);
#8389=STYLED_ITEM('',(#8837),#11527);
#8390=STYLED_ITEM('',(#8838),#11528);
#8391=STYLED_ITEM('',(#8839),#11529);
#8392=STYLED_ITEM('',(#8840),#11530);
#8393=STYLED_ITEM('',(#8841),#11531);
#8394=STYLED_ITEM('',(#8842),#11532);
#8395=STYLED_ITEM('',(#8843),#11533);
#8396=STYLED_ITEM('',(#8844),#11534);
#8397=STYLED_ITEM('',(#8845),#11535);
#8398=STYLED_ITEM('',(#8846),#11536);
#8399=STYLED_ITEM('',(#8847),#11537);
#8400=STYLED_ITEM('',(#8848),#11538);
#8401=STYLED_ITEM('',(#8849),#11539);
#8402=STYLED_ITEM('',(#8850),#11540);
#8403=STYLED_ITEM('',(#8851),#11541);
#8404=STYLED_ITEM('',(#8852),#11542);
#8405=STYLED_ITEM('',(#8853),#11543);
#8406=STYLED_ITEM('',(#8854),#11544);
#8407=STYLED_ITEM('',(#8855),#11545);
#8408=STYLED_ITEM('',(#8856),#11546);
#8409=STYLED_ITEM('',(#8857),#11547);
#8410=STYLED_ITEM('',(#8858),#11548);
#8411=STYLED_ITEM('',(#8859),#11549);
#8412=STYLED_ITEM('',(#8860),#11550);
#8413=STYLED_ITEM('',(#8861),#11551);
#8414=STYLED_ITEM('',(#8862),#11552);
#8415=STYLED_ITEM('',(#8863),#11553);
#8416=STYLED_ITEM('',(#8864),#11554);
#8417=STYLED_ITEM('',(#8865),#11555);
#8418=STYLED_ITEM('',(#8866),#11556);
#8419=STYLED_ITEM('',(#8867),#11557);
#8420=STYLED_ITEM('',(#8868),#11558);
#8421=STYLED_ITEM('',(#8869),#11559);
#8422=STYLED_ITEM('',(#8870),#11560);
#8423=STYLED_ITEM('',(#8871),#11561);
#8424=STYLED_ITEM('',(#8872),#11562);
#8425=STYLED_ITEM('',(#8873),#11563);
#8426=STYLED_ITEM('',(#8874),#11564);
#8427=STYLED_ITEM('',(#8875),#11565);
#8428=STYLED_ITEM('',(#8876),#11566);
#8429=STYLED_ITEM('',(#8877),#11567);
#8430=STYLED_ITEM('',(#8878),#11568);
#8431=STYLED_ITEM('',(#8879),#11569);
#8432=STYLED_ITEM('',(#8880),#11570);
#8433=STYLED_ITEM('',(#8881),#11571);
#8434=STYLED_ITEM('',(#8882),#11572);
#8435=STYLED_ITEM('',(#8883),#11573);
#8436=STYLED_ITEM('',(#8884),#11574);
#8437=STYLED_ITEM('',(#8885),#11575);
#8438=STYLED_ITEM('',(#8886),#11576);
#8439=STYLED_ITEM('',(#8887),#11577);
#8440=STYLED_ITEM('',(#8888),#11578);
#8441=STYLED_ITEM('',(#8889),#11579);
#8442=STYLED_ITEM('',(#8890),#11580);
#8443=STYLED_ITEM('',(#8891),#11581);
#8444=STYLED_ITEM('',(#8892),#11582);
#8445=STYLED_ITEM('',(#8893),#11583);
#8446=STYLED_ITEM('',(#8894),#11584);
#8447=STYLED_ITEM('',(#8895),#11585);
#8448=STYLED_ITEM('',(#8896),#11586);
#8449=STYLED_ITEM('',(#8897),#11587);
#8450=STYLED_ITEM('',(#8898),#11588);
#8451=STYLED_ITEM('',(#8899),#11589);
#8452=STYLED_ITEM('',(#8900),#11590);
#8453=STYLED_ITEM('',(#8901),#11591);
#8454=STYLED_ITEM('',(#8902),#11592);
#8455=STYLED_ITEM('',(#8903),#11593);
#8456=STYLED_ITEM('',(#8904),#11594);
#8457=STYLED_ITEM('',(#8905),#11595);
#8458=STYLED_ITEM('',(#8906),#11596);
#8459=STYLED_ITEM('',(#8907),#11597);
#8460=STYLED_ITEM('',(#8908),#11598);
#8461=STYLED_ITEM('',(#8909),#11599);
#8462=STYLED_ITEM('',(#8910),#11600);
#8463=STYLED_ITEM('',(#8911),#11601);
#8464=STYLED_ITEM('',(#8912),#11602);
#8465=STYLED_ITEM('',(#8913),#11603);
#8466=STYLED_ITEM('',(#8914),#11604);
#8467=STYLED_ITEM('',(#8915),#11605);
#8468=STYLED_ITEM('',(#8916),#11606);
#8469=STYLED_ITEM('',(#8917),#11607);
#8470=STYLED_ITEM('',(#8918),#11608);
#8471=STYLED_ITEM('',(#8919),#11609);
#8472=STYLED_ITEM('',(#8920),#11610);
#8473=STYLED_ITEM('',(#8921),#11611);
#8474=STYLED_ITEM('',(#8922),#11612);
#8475=STYLED_ITEM('',(#8923),#11613);
#8476=STYLED_ITEM('',(#8924),#11614);
#8477=STYLED_ITEM('',(#8925),#11615);
#8478=STYLED_ITEM('',(#8926),#11616);
#8479=STYLED_ITEM('',(#8927),#11617);
#8480=STYLED_ITEM('',(#8928),#11618);
#8481=STYLED_ITEM('',(#8929),#11619);
#8482=STYLED_ITEM('',(#8930),#11620);
#8483=STYLED_ITEM('',(#8931),#11621);
#8484=STYLED_ITEM('',(#8932),#11622);
#8485=STYLED_ITEM('',(#8933),#11623);
#8486=STYLED_ITEM('',(#8934),#11624);
#8487=STYLED_ITEM('',(#8935),#11625);
#8488=STYLED_ITEM('',(#8936),#11626);
#8489=STYLED_ITEM('',(#8937),#11627);
#8490=STYLED_ITEM('',(#8938),#11628);
#8491=STYLED_ITEM('',(#8939),#11629);
#8492=STYLED_ITEM('',(#8940),#11630);
#8493=STYLED_ITEM('',(#8941),#11631);
#8494=STYLED_ITEM('',(#8942),#11632);
#8495=STYLED_ITEM('',(#8943),#11633);
#8496=STYLED_ITEM('',(#8944),#11634);
#8497=STYLED_ITEM('',(#8945),#11635);
#8498=STYLED_ITEM('',(#8946),#11636);
#8499=STYLED_ITEM('',(#8947),#11637);
#8500=STYLED_ITEM('',(#8948),#11638);
#8501=STYLED_ITEM('',(#8949),#11639);
#8502=STYLED_ITEM('',(#8950),#11640);
#8503=STYLED_ITEM('',(#8951),#11641);
#8504=STYLED_ITEM('',(#8952),#11642);
#8505=STYLED_ITEM('',(#8953),#11643);
#8506=STYLED_ITEM('',(#8954),#11644);
#8507=STYLED_ITEM('',(#8955),#11645);
#8508=STYLED_ITEM('',(#8956),#11646);
#8509=STYLED_ITEM('',(#8957),#11647);
#8510=STYLED_ITEM('',(#8958),#11648);
#8511=STYLED_ITEM('',(#8959),#11649);
#8512=STYLED_ITEM('',(#8960),#11650);
#8513=STYLED_ITEM('',(#8961),#11651);
#8514=STYLED_ITEM('',(#8962),#11652);
#8515=STYLED_ITEM('',(#8963),#11653);
#8516=STYLED_ITEM('',(#8964),#11654);
#8517=STYLED_ITEM('',(#8965),#11655);
#8518=STYLED_ITEM('',(#8966),#11656);
#8519=STYLED_ITEM('',(#8967),#11657);
#8520=STYLED_ITEM('',(#8968),#11658);
#8521=STYLED_ITEM('',(#8969),#11659);
#8522=STYLED_ITEM('',(#8970),#11660);
#8523=PRESENTATION_STYLE_ASSIGNMENT((#8971));
#8524=PRESENTATION_STYLE_ASSIGNMENT((#8972));
#8525=PRESENTATION_STYLE_ASSIGNMENT((#8973));
#8526=PRESENTATION_STYLE_ASSIGNMENT((#8974));
#8527=PRESENTATION_STYLE_ASSIGNMENT((#8975));
#8528=PRESENTATION_STYLE_ASSIGNMENT((#8976));
#8529=PRESENTATION_STYLE_ASSIGNMENT((#8977));
#8530=PRESENTATION_STYLE_ASSIGNMENT((#8978));
#8531=PRESENTATION_STYLE_ASSIGNMENT((#8979));
#8532=PRESENTATION_STYLE_ASSIGNMENT((#8980));
#8533=PRESENTATION_STYLE_ASSIGNMENT((#8981));
#8534=PRESENTATION_STYLE_ASSIGNMENT((#8982));
#8535=PRESENTATION_STYLE_ASSIGNMENT((#8983));
#8536=PRESENTATION_STYLE_ASSIGNMENT((#8984));
#8537=PRESENTATION_STYLE_ASSIGNMENT((#8985));
#8538=PRESENTATION_STYLE_ASSIGNMENT((#8986));
#8539=PRESENTATION_STYLE_ASSIGNMENT((#8987));
#8540=PRESENTATION_STYLE_ASSIGNMENT((#8988));
#8541=PRESENTATION_STYLE_ASSIGNMENT((#8989));
#8542=PRESENTATION_STYLE_ASSIGNMENT((#8990));
#8543=PRESENTATION_STYLE_ASSIGNMENT((#8991));
#8544=PRESENTATION_STYLE_ASSIGNMENT((#8992));
#8545=PRESENTATION_STYLE_ASSIGNMENT((#8993));
#8546=PRESENTATION_STYLE_ASSIGNMENT((#8994));
#8547=PRESENTATION_STYLE_ASSIGNMENT((#8995));
#8548=PRESENTATION_STYLE_ASSIGNMENT((#8996));
#8549=PRESENTATION_STYLE_ASSIGNMENT((#8997));
#8550=PRESENTATION_STYLE_ASSIGNMENT((#8998));
#8551=PRESENTATION_STYLE_ASSIGNMENT((#8999));
#8552=PRESENTATION_STYLE_ASSIGNMENT((#9000));
#8553=PRESENTATION_STYLE_ASSIGNMENT((#9001));
#8554=PRESENTATION_STYLE_ASSIGNMENT((#9002));
#8555=PRESENTATION_STYLE_ASSIGNMENT((#9003));
#8556=PRESENTATION_STYLE_ASSIGNMENT((#9004));
#8557=PRESENTATION_STYLE_ASSIGNMENT((#9005));
#8558=PRESENTATION_STYLE_ASSIGNMENT((#9006));
#8559=PRESENTATION_STYLE_ASSIGNMENT((#9007));
#8560=PRESENTATION_STYLE_ASSIGNMENT((#9008));
#8561=PRESENTATION_STYLE_ASSIGNMENT((#9009));
#8562=PRESENTATION_STYLE_ASSIGNMENT((#9010));
#8563=PRESENTATION_STYLE_ASSIGNMENT((#9011));
#8564=PRESENTATION_STYLE_ASSIGNMENT((#9012));
#8565=PRESENTATION_STYLE_ASSIGNMENT((#9013));
#8566=PRESENTATION_STYLE_ASSIGNMENT((#9014));
#8567=PRESENTATION_STYLE_ASSIGNMENT((#9015));
#8568=PRESENTATION_STYLE_ASSIGNMENT((#9016));
#8569=PRESENTATION_STYLE_ASSIGNMENT((#9017));
#8570=PRESENTATION_STYLE_ASSIGNMENT((#9018));
#8571=PRESENTATION_STYLE_ASSIGNMENT((#9019));
#8572=PRESENTATION_STYLE_ASSIGNMENT((#9020));
#8573=PRESENTATION_STYLE_ASSIGNMENT((#9021));
#8574=PRESENTATION_STYLE_ASSIGNMENT((#9022));
#8575=PRESENTATION_STYLE_ASSIGNMENT((#9023));
#8576=PRESENTATION_STYLE_ASSIGNMENT((#9024));
#8577=PRESENTATION_STYLE_ASSIGNMENT((#9025));
#8578=PRESENTATION_STYLE_ASSIGNMENT((#9026));
#8579=PRESENTATION_STYLE_ASSIGNMENT((#9027));
#8580=PRESENTATION_STYLE_ASSIGNMENT((#9028));
#8581=PRESENTATION_STYLE_ASSIGNMENT((#9029));
#8582=PRESENTATION_STYLE_ASSIGNMENT((#9030));
#8583=PRESENTATION_STYLE_ASSIGNMENT((#9031));
#8584=PRESENTATION_STYLE_ASSIGNMENT((#9032));
#8585=PRESENTATION_STYLE_ASSIGNMENT((#9033));
#8586=PRESENTATION_STYLE_ASSIGNMENT((#9034));
#8587=PRESENTATION_STYLE_ASSIGNMENT((#9035));
#8588=PRESENTATION_STYLE_ASSIGNMENT((#9036));
#8589=PRESENTATION_STYLE_ASSIGNMENT((#9037));
#8590=PRESENTATION_STYLE_ASSIGNMENT((#9038));
#8591=PRESENTATION_STYLE_ASSIGNMENT((#9039));
#8592=PRESENTATION_STYLE_ASSIGNMENT((#9040));
#8593=PRESENTATION_STYLE_ASSIGNMENT((#9041));
#8594=PRESENTATION_STYLE_ASSIGNMENT((#9042));
#8595=PRESENTATION_STYLE_ASSIGNMENT((#9043));
#8596=PRESENTATION_STYLE_ASSIGNMENT((#9044));
#8597=PRESENTATION_STYLE_ASSIGNMENT((#9045));
#8598=PRESENTATION_STYLE_ASSIGNMENT((#9046));
#8599=PRESENTATION_STYLE_ASSIGNMENT((#9047));
#8600=PRESENTATION_STYLE_ASSIGNMENT((#9048));
#8601=PRESENTATION_STYLE_ASSIGNMENT((#9049));
#8602=PRESENTATION_STYLE_ASSIGNMENT((#9050));
#8603=PRESENTATION_STYLE_ASSIGNMENT((#9051));
#8604=PRESENTATION_STYLE_ASSIGNMENT((#9052));
#8605=PRESENTATION_STYLE_ASSIGNMENT((#9053));
#8606=PRESENTATION_STYLE_ASSIGNMENT((#9054));
#8607=PRESENTATION_STYLE_ASSIGNMENT((#9055));
#8608=PRESENTATION_STYLE_ASSIGNMENT((#9056));
#8609=PRESENTATION_STYLE_ASSIGNMENT((#9057));
#8610=PRESENTATION_STYLE_ASSIGNMENT((#9058));
#8611=PRESENTATION_STYLE_ASSIGNMENT((#9059));
#8612=PRESENTATION_STYLE_ASSIGNMENT((#9060));
#8613=PRESENTATION_STYLE_ASSIGNMENT((#9061));
#8614=PRESENTATION_STYLE_ASSIGNMENT((#9062));
#8615=PRESENTATION_STYLE_ASSIGNMENT((#9063));
#8616=PRESENTATION_STYLE_ASSIGNMENT((#9064));
#8617=PRESENTATION_STYLE_ASSIGNMENT((#9065));
#8618=PRESENTATION_STYLE_ASSIGNMENT((#9066));
#8619=PRESENTATION_STYLE_ASSIGNMENT((#9067));
#8620=PRESENTATION_STYLE_ASSIGNMENT((#9068));
#8621=PRESENTATION_STYLE_ASSIGNMENT((#9069));
#8622=PRESENTATION_STYLE_ASSIGNMENT((#9070));
#8623=PRESENTATION_STYLE_ASSIGNMENT((#9071));
#8624=PRESENTATION_STYLE_ASSIGNMENT((#9072));
#8625=PRESENTATION_STYLE_ASSIGNMENT((#9073));
#8626=PRESENTATION_STYLE_ASSIGNMENT((#9074));
#8627=PRESENTATION_STYLE_ASSIGNMENT((#9075));
#8628=PRESENTATION_STYLE_ASSIGNMENT((#9076));
#8629=PRESENTATION_STYLE_ASSIGNMENT((#9077));
#8630=PRESENTATION_STYLE_ASSIGNMENT((#9078));
#8631=PRESENTATION_STYLE_ASSIGNMENT((#9079));
#8632=PRESENTATION_STYLE_ASSIGNMENT((#9080));
#8633=PRESENTATION_STYLE_ASSIGNMENT((#9081));
#8634=PRESENTATION_STYLE_ASSIGNMENT((#9082));
#8635=PRESENTATION_STYLE_ASSIGNMENT((#9083));
#8636=PRESENTATION_STYLE_ASSIGNMENT((#9084));
#8637=PRESENTATION_STYLE_ASSIGNMENT((#9085));
#8638=PRESENTATION_STYLE_ASSIGNMENT((#9086));
#8639=PRESENTATION_STYLE_ASSIGNMENT((#9087));
#8640=PRESENTATION_STYLE_ASSIGNMENT((#9088));
#8641=PRESENTATION_STYLE_ASSIGNMENT((#9089));
#8642=PRESENTATION_STYLE_ASSIGNMENT((#9090));
#8643=PRESENTATION_STYLE_ASSIGNMENT((#9091));
#8644=PRESENTATION_STYLE_ASSIGNMENT((#9092));
#8645=PRESENTATION_STYLE_ASSIGNMENT((#9093));
#8646=PRESENTATION_STYLE_ASSIGNMENT((#9094));
#8647=PRESENTATION_STYLE_ASSIGNMENT((#9095));
#8648=PRESENTATION_STYLE_ASSIGNMENT((#9096));
#8649=PRESENTATION_STYLE_ASSIGNMENT((#9097));
#8650=PRESENTATION_STYLE_ASSIGNMENT((#9098));
#8651=PRESENTATION_STYLE_ASSIGNMENT((#9099));
#8652=PRESENTATION_STYLE_ASSIGNMENT((#9100));
#8653=PRESENTATION_STYLE_ASSIGNMENT((#9101));
#8654=PRESENTATION_STYLE_ASSIGNMENT((#9102));
#8655=PRESENTATION_STYLE_ASSIGNMENT((#9103));
#8656=PRESENTATION_STYLE_ASSIGNMENT((#9104));
#8657=PRESENTATION_STYLE_ASSIGNMENT((#9105));
#8658=PRESENTATION_STYLE_ASSIGNMENT((#9106));
#8659=PRESENTATION_STYLE_ASSIGNMENT((#9107));
#8660=PRESENTATION_STYLE_ASSIGNMENT((#9108));
#8661=PRESENTATION_STYLE_ASSIGNMENT((#9109));
#8662=PRESENTATION_STYLE_ASSIGNMENT((#9110));
#8663=PRESENTATION_STYLE_ASSIGNMENT((#9111));
#8664=PRESENTATION_STYLE_ASSIGNMENT((#9112));
#8665=PRESENTATION_STYLE_ASSIGNMENT((#9113));
#8666=PRESENTATION_STYLE_ASSIGNMENT((#9114));
#8667=PRESENTATION_STYLE_ASSIGNMENT((#9115));
#8668=PRESENTATION_STYLE_ASSIGNMENT((#9116));
#8669=PRESENTATION_STYLE_ASSIGNMENT((#9117));
#8670=PRESENTATION_STYLE_ASSIGNMENT((#9118));
#8671=PRESENTATION_STYLE_ASSIGNMENT((#9119));
#8672=PRESENTATION_STYLE_ASSIGNMENT((#9120));
#8673=PRESENTATION_STYLE_ASSIGNMENT((#9121));
#8674=PRESENTATION_STYLE_ASSIGNMENT((#9122));
#8675=PRESENTATION_STYLE_ASSIGNMENT((#9123));
#8676=PRESENTATION_STYLE_ASSIGNMENT((#9124));
#8677=PRESENTATION_STYLE_ASSIGNMENT((#9125));
#8678=PRESENTATION_STYLE_ASSIGNMENT((#9126));
#8679=PRESENTATION_STYLE_ASSIGNMENT((#9127));
#8680=PRESENTATION_STYLE_ASSIGNMENT((#9128));
#8681=PRESENTATION_STYLE_ASSIGNMENT((#9129));
#8682=PRESENTATION_STYLE_ASSIGNMENT((#9130));
#8683=PRESENTATION_STYLE_ASSIGNMENT((#9131));
#8684=PRESENTATION_STYLE_ASSIGNMENT((#9132));
#8685=PRESENTATION_STYLE_ASSIGNMENT((#9133));
#8686=PRESENTATION_STYLE_ASSIGNMENT((#9134));
#8687=PRESENTATION_STYLE_ASSIGNMENT((#9135));
#8688=PRESENTATION_STYLE_ASSIGNMENT((#9136));
#8689=PRESENTATION_STYLE_ASSIGNMENT((#9137));
#8690=PRESENTATION_STYLE_ASSIGNMENT((#9138));
#8691=PRESENTATION_STYLE_ASSIGNMENT((#9139));
#8692=PRESENTATION_STYLE_ASSIGNMENT((#9140));
#8693=PRESENTATION_STYLE_ASSIGNMENT((#9141));
#8694=PRESENTATION_STYLE_ASSIGNMENT((#9142));
#8695=PRESENTATION_STYLE_ASSIGNMENT((#9143));
#8696=PRESENTATION_STYLE_ASSIGNMENT((#9144));
#8697=PRESENTATION_STYLE_ASSIGNMENT((#9145));
#8698=PRESENTATION_STYLE_ASSIGNMENT((#9146));
#8699=PRESENTATION_STYLE_ASSIGNMENT((#9147));
#8700=PRESENTATION_STYLE_ASSIGNMENT((#9148));
#8701=PRESENTATION_STYLE_ASSIGNMENT((#9149));
#8702=PRESENTATION_STYLE_ASSIGNMENT((#9150));
#8703=PRESENTATION_STYLE_ASSIGNMENT((#9151));
#8704=PRESENTATION_STYLE_ASSIGNMENT((#9152));
#8705=PRESENTATION_STYLE_ASSIGNMENT((#9153));
#8706=PRESENTATION_STYLE_ASSIGNMENT((#9154));
#8707=PRESENTATION_STYLE_ASSIGNMENT((#9155));
#8708=PRESENTATION_STYLE_ASSIGNMENT((#9156));
#8709=PRESENTATION_STYLE_ASSIGNMENT((#9157));
#8710=PRESENTATION_STYLE_ASSIGNMENT((#9158));
#8711=PRESENTATION_STYLE_ASSIGNMENT((#9159));
#8712=PRESENTATION_STYLE_ASSIGNMENT((#9160));
#8713=PRESENTATION_STYLE_ASSIGNMENT((#9161));
#8714=PRESENTATION_STYLE_ASSIGNMENT((#9162));
#8715=PRESENTATION_STYLE_ASSIGNMENT((#9163));
#8716=PRESENTATION_STYLE_ASSIGNMENT((#9164));
#8717=PRESENTATION_STYLE_ASSIGNMENT((#9165));
#8718=PRESENTATION_STYLE_ASSIGNMENT((#9166));
#8719=PRESENTATION_STYLE_ASSIGNMENT((#9167));
#8720=PRESENTATION_STYLE_ASSIGNMENT((#9168));
#8721=PRESENTATION_STYLE_ASSIGNMENT((#9169));
#8722=PRESENTATION_STYLE_ASSIGNMENT((#9170));
#8723=PRESENTATION_STYLE_ASSIGNMENT((#9171));
#8724=PRESENTATION_STYLE_ASSIGNMENT((#9172));
#8725=PRESENTATION_STYLE_ASSIGNMENT((#9173));
#8726=PRESENTATION_STYLE_ASSIGNMENT((#9174));
#8727=PRESENTATION_STYLE_ASSIGNMENT((#9175));
#8728=PRESENTATION_STYLE_ASSIGNMENT((#9176));
#8729=PRESENTATION_STYLE_ASSIGNMENT((#9177));
#8730=PRESENTATION_STYLE_ASSIGNMENT((#9178));
#8731=PRESENTATION_STYLE_ASSIGNMENT((#9179));
#8732=PRESENTATION_STYLE_ASSIGNMENT((#9180));
#8733=PRESENTATION_STYLE_ASSIGNMENT((#9181));
#8734=PRESENTATION_STYLE_ASSIGNMENT((#9182));
#8735=PRESENTATION_STYLE_ASSIGNMENT((#9183));
#8736=PRESENTATION_STYLE_ASSIGNMENT((#9184));
#8737=PRESENTATION_STYLE_ASSIGNMENT((#9185));
#8738=PRESENTATION_STYLE_ASSIGNMENT((#9186));
#8739=PRESENTATION_STYLE_ASSIGNMENT((#9187));
#8740=PRESENTATION_STYLE_ASSIGNMENT((#9188));
#8741=PRESENTATION_STYLE_ASSIGNMENT((#9189));
#8742=PRESENTATION_STYLE_ASSIGNMENT((#9190));
#8743=PRESENTATION_STYLE_ASSIGNMENT((#9191));
#8744=PRESENTATION_STYLE_ASSIGNMENT((#9192));
#8745=PRESENTATION_STYLE_ASSIGNMENT((#9193));
#8746=PRESENTATION_STYLE_ASSIGNMENT((#9194));
#8747=PRESENTATION_STYLE_ASSIGNMENT((#9195));
#8748=PRESENTATION_STYLE_ASSIGNMENT((#9196));
#8749=PRESENTATION_STYLE_ASSIGNMENT((#9197));
#8750=PRESENTATION_STYLE_ASSIGNMENT((#9198));
#8751=PRESENTATION_STYLE_ASSIGNMENT((#9199));
#8752=PRESENTATION_STYLE_ASSIGNMENT((#9200));
#8753=PRESENTATION_STYLE_ASSIGNMENT((#9201));
#8754=PRESENTATION_STYLE_ASSIGNMENT((#9202));
#8755=PRESENTATION_STYLE_ASSIGNMENT((#9203));
#8756=PRESENTATION_STYLE_ASSIGNMENT((#9204));
#8757=PRESENTATION_STYLE_ASSIGNMENT((#9205));
#8758=PRESENTATION_STYLE_ASSIGNMENT((#9206));
#8759=PRESENTATION_STYLE_ASSIGNMENT((#9207));
#8760=PRESENTATION_STYLE_ASSIGNMENT((#9208));
#8761=PRESENTATION_STYLE_ASSIGNMENT((#9209));
#8762=PRESENTATION_STYLE_ASSIGNMENT((#9210));
#8763=PRESENTATION_STYLE_ASSIGNMENT((#9211));
#8764=PRESENTATION_STYLE_ASSIGNMENT((#9212));
#8765=PRESENTATION_STYLE_ASSIGNMENT((#9213));
#8766=PRESENTATION_STYLE_ASSIGNMENT((#9214));
#8767=PRESENTATION_STYLE_ASSIGNMENT((#9215));
#8768=PRESENTATION_STYLE_ASSIGNMENT((#9216));
#8769=PRESENTATION_STYLE_ASSIGNMENT((#9217));
#8770=PRESENTATION_STYLE_ASSIGNMENT((#9218));
#8771=PRESENTATION_STYLE_ASSIGNMENT((#9219));
#8772=PRESENTATION_STYLE_ASSIGNMENT((#9220));
#8773=PRESENTATION_STYLE_ASSIGNMENT((#9221));
#8774=PRESENTATION_STYLE_ASSIGNMENT((#9222));
#8775=PRESENTATION_STYLE_ASSIGNMENT((#9223));
#8776=PRESENTATION_STYLE_ASSIGNMENT((#9224));
#8777=PRESENTATION_STYLE_ASSIGNMENT((#9225));
#8778=PRESENTATION_STYLE_ASSIGNMENT((#9226));
#8779=PRESENTATION_STYLE_ASSIGNMENT((#9227));
#8780=PRESENTATION_STYLE_ASSIGNMENT((#9228));
#8781=PRESENTATION_STYLE_ASSIGNMENT((#9229));
#8782=PRESENTATION_STYLE_ASSIGNMENT((#9230));
#8783=PRESENTATION_STYLE_ASSIGNMENT((#9231));
#8784=PRESENTATION_STYLE_ASSIGNMENT((#9232));
#8785=PRESENTATION_STYLE_ASSIGNMENT((#9233));
#8786=PRESENTATION_STYLE_ASSIGNMENT((#9234));
#8787=PRESENTATION_STYLE_ASSIGNMENT((#9235));
#8788=PRESENTATION_STYLE_ASSIGNMENT((#9236));
#8789=PRESENTATION_STYLE_ASSIGNMENT((#9237));
#8790=PRESENTATION_STYLE_ASSIGNMENT((#9238));
#8791=PRESENTATION_STYLE_ASSIGNMENT((#9239));
#8792=PRESENTATION_STYLE_ASSIGNMENT((#9240));
#8793=PRESENTATION_STYLE_ASSIGNMENT((#9241));
#8794=PRESENTATION_STYLE_ASSIGNMENT((#9242));
#8795=PRESENTATION_STYLE_ASSIGNMENT((#9243));
#8796=PRESENTATION_STYLE_ASSIGNMENT((#9244));
#8797=PRESENTATION_STYLE_ASSIGNMENT((#9245));
#8798=PRESENTATION_STYLE_ASSIGNMENT((#9246));
#8799=PRESENTATION_STYLE_ASSIGNMENT((#9247));
#8800=PRESENTATION_STYLE_ASSIGNMENT((#9248));
#8801=PRESENTATION_STYLE_ASSIGNMENT((#9249));
#8802=PRESENTATION_STYLE_ASSIGNMENT((#9250));
#8803=PRESENTATION_STYLE_ASSIGNMENT((#9251));
#8804=PRESENTATION_STYLE_ASSIGNMENT((#9252));
#8805=PRESENTATION_STYLE_ASSIGNMENT((#9253));
#8806=PRESENTATION_STYLE_ASSIGNMENT((#9254));
#8807=PRESENTATION_STYLE_ASSIGNMENT((#9255));
#8808=PRESENTATION_STYLE_ASSIGNMENT((#9256));
#8809=PRESENTATION_STYLE_ASSIGNMENT((#9257));
#8810=PRESENTATION_STYLE_ASSIGNMENT((#9258));
#8811=PRESENTATION_STYLE_ASSIGNMENT((#9259));
#8812=PRESENTATION_STYLE_ASSIGNMENT((#9260));
#8813=PRESENTATION_STYLE_ASSIGNMENT((#9261));
#8814=PRESENTATION_STYLE_ASSIGNMENT((#9262));
#8815=PRESENTATION_STYLE_ASSIGNMENT((#9263));
#8816=PRESENTATION_STYLE_ASSIGNMENT((#9264));
#8817=PRESENTATION_STYLE_ASSIGNMENT((#9265));
#8818=PRESENTATION_STYLE_ASSIGNMENT((#9266));
#8819=PRESENTATION_STYLE_ASSIGNMENT((#9267));
#8820=PRESENTATION_STYLE_ASSIGNMENT((#9268));
#8821=PRESENTATION_STYLE_ASSIGNMENT((#9269));
#8822=PRESENTATION_STYLE_ASSIGNMENT((#9270));
#8823=PRESENTATION_STYLE_ASSIGNMENT((#9271));
#8824=PRESENTATION_STYLE_ASSIGNMENT((#9272));
#8825=PRESENTATION_STYLE_ASSIGNMENT((#9273));
#8826=PRESENTATION_STYLE_ASSIGNMENT((#9274));
#8827=PRESENTATION_STYLE_ASSIGNMENT((#9275));
#8828=PRESENTATION_STYLE_ASSIGNMENT((#9276));
#8829=PRESENTATION_STYLE_ASSIGNMENT((#9277));
#8830=PRESENTATION_STYLE_ASSIGNMENT((#9278));
#8831=PRESENTATION_STYLE_ASSIGNMENT((#9279));
#8832=PRESENTATION_STYLE_ASSIGNMENT((#9280));
#8833=PRESENTATION_STYLE_ASSIGNMENT((#9281));
#8834=PRESENTATION_STYLE_ASSIGNMENT((#9282));
#8835=PRESENTATION_STYLE_ASSIGNMENT((#9283));
#8836=PRESENTATION_STYLE_ASSIGNMENT((#9284));
#8837=PRESENTATION_STYLE_ASSIGNMENT((#9285));
#8838=PRESENTATION_STYLE_ASSIGNMENT((#9286));
#8839=PRESENTATION_STYLE_ASSIGNMENT((#9287));
#8840=PRESENTATION_STYLE_ASSIGNMENT((#9288));
#8841=PRESENTATION_STYLE_ASSIGNMENT((#9289));
#8842=PRESENTATION_STYLE_ASSIGNMENT((#9290));
#8843=PRESENTATION_STYLE_ASSIGNMENT((#9291));
#8844=PRESENTATION_STYLE_ASSIGNMENT((#9292));
#8845=PRESENTATION_STYLE_ASSIGNMENT((#9293));
#8846=PRESENTATION_STYLE_ASSIGNMENT((#9294));
#8847=PRESENTATION_STYLE_ASSIGNMENT((#9295));
#8848=PRESENTATION_STYLE_ASSIGNMENT((#9296));
#8849=PRESENTATION_STYLE_ASSIGNMENT((#9297));
#8850=PRESENTATION_STYLE_ASSIGNMENT((#9298));
#8851=PRESENTATION_STYLE_ASSIGNMENT((#9299));
#8852=PRESENTATION_STYLE_ASSIGNMENT((#9300));
#8853=PRESENTATION_STYLE_ASSIGNMENT((#9301));
#8854=PRESENTATION_STYLE_ASSIGNMENT((#9302));
#8855=PRESENTATION_STYLE_ASSIGNMENT((#9303));
#8856=PRESENTATION_STYLE_ASSIGNMENT((#9304));
#8857=PRESENTATION_STYLE_ASSIGNMENT((#9305));
#8858=PRESENTATION_STYLE_ASSIGNMENT((#9306));
#8859=PRESENTATION_STYLE_ASSIGNMENT((#9307));
#8860=PRESENTATION_STYLE_ASSIGNMENT((#9308));
#8861=PRESENTATION_STYLE_ASSIGNMENT((#9309));
#8862=PRESENTATION_STYLE_ASSIGNMENT((#9310));
#8863=PRESENTATION_STYLE_ASSIGNMENT((#9311));
#8864=PRESENTATION_STYLE_ASSIGNMENT((#9312));
#8865=PRESENTATION_STYLE_ASSIGNMENT((#9313));
#8866=PRESENTATION_STYLE_ASSIGNMENT((#9314));
#8867=PRESENTATION_STYLE_ASSIGNMENT((#9315));
#8868=PRESENTATION_STYLE_ASSIGNMENT((#9316));
#8869=PRESENTATION_STYLE_ASSIGNMENT((#9317));
#8870=PRESENTATION_STYLE_ASSIGNMENT((#9318));
#8871=PRESENTATION_STYLE_ASSIGNMENT((#9319));
#8872=PRESENTATION_STYLE_ASSIGNMENT((#9320));
#8873=PRESENTATION_STYLE_ASSIGNMENT((#9321));
#8874=PRESENTATION_STYLE_ASSIGNMENT((#9322));
#8875=PRESENTATION_STYLE_ASSIGNMENT((#9323));
#8876=PRESENTATION_STYLE_ASSIGNMENT((#9324));
#8877=PRESENTATION_STYLE_ASSIGNMENT((#9325));
#8878=PRESENTATION_STYLE_ASSIGNMENT((#9326));
#8879=PRESENTATION_STYLE_ASSIGNMENT((#9327));
#8880=PRESENTATION_STYLE_ASSIGNMENT((#9328));
#8881=PRESENTATION_STYLE_ASSIGNMENT((#9329));
#8882=PRESENTATION_STYLE_ASSIGNMENT((#9330));
#8883=PRESENTATION_STYLE_ASSIGNMENT((#9331));
#8884=PRESENTATION_STYLE_ASSIGNMENT((#9332));
#8885=PRESENTATION_STYLE_ASSIGNMENT((#9333));
#8886=PRESENTATION_STYLE_ASSIGNMENT((#9334));
#8887=PRESENTATION_STYLE_ASSIGNMENT((#9335));
#8888=PRESENTATION_STYLE_ASSIGNMENT((#9336));
#8889=PRESENTATION_STYLE_ASSIGNMENT((#9337));
#8890=PRESENTATION_STYLE_ASSIGNMENT((#9338));
#8891=PRESENTATION_STYLE_ASSIGNMENT((#9339));
#8892=PRESENTATION_STYLE_ASSIGNMENT((#9340));
#8893=PRESENTATION_STYLE_ASSIGNMENT((#9341));
#8894=PRESENTATION_STYLE_ASSIGNMENT((#9342));
#8895=PRESENTATION_STYLE_ASSIGNMENT((#9343));
#8896=PRESENTATION_STYLE_ASSIGNMENT((#9344));
#8897=PRESENTATION_STYLE_ASSIGNMENT((#9345));
#8898=PRESENTATION_STYLE_ASSIGNMENT((#9346));
#8899=PRESENTATION_STYLE_ASSIGNMENT((#9347));
#8900=PRESENTATION_STYLE_ASSIGNMENT((#9348));
#8901=PRESENTATION_STYLE_ASSIGNMENT((#9349));
#8902=PRESENTATION_STYLE_ASSIGNMENT((#9350));
#8903=PRESENTATION_STYLE_ASSIGNMENT((#9351));
#8904=PRESENTATION_STYLE_ASSIGNMENT((#9352));
#8905=PRESENTATION_STYLE_ASSIGNMENT((#9353));
#8906=PRESENTATION_STYLE_ASSIGNMENT((#9354));
#8907=PRESENTATION_STYLE_ASSIGNMENT((#9355));
#8908=PRESENTATION_STYLE_ASSIGNMENT((#9356));
#8909=PRESENTATION_STYLE_ASSIGNMENT((#9357));
#8910=PRESENTATION_STYLE_ASSIGNMENT((#9358));
#8911=PRESENTATION_STYLE_ASSIGNMENT((#9359));
#8912=PRESENTATION_STYLE_ASSIGNMENT((#9360));
#8913=PRESENTATION_STYLE_ASSIGNMENT((#9361));
#8914=PRESENTATION_STYLE_ASSIGNMENT((#9362));
#8915=PRESENTATION_STYLE_ASSIGNMENT((#9363));
#8916=PRESENTATION_STYLE_ASSIGNMENT((#9364));
#8917=PRESENTATION_STYLE_ASSIGNMENT((#9365));
#8918=PRESENTATION_STYLE_ASSIGNMENT((#9366));
#8919=PRESENTATION_STYLE_ASSIGNMENT((#9367));
#8920=PRESENTATION_STYLE_ASSIGNMENT((#9368));
#8921=PRESENTATION_STYLE_ASSIGNMENT((#9369));
#8922=PRESENTATION_STYLE_ASSIGNMENT((#9370));
#8923=PRESENTATION_STYLE_ASSIGNMENT((#9371));
#8924=PRESENTATION_STYLE_ASSIGNMENT((#9372));
#8925=PRESENTATION_STYLE_ASSIGNMENT((#9373));
#8926=PRESENTATION_STYLE_ASSIGNMENT((#9374));
#8927=PRESENTATION_STYLE_ASSIGNMENT((#9375));
#8928=PRESENTATION_STYLE_ASSIGNMENT((#9376));
#8929=PRESENTATION_STYLE_ASSIGNMENT((#9377));
#8930=PRESENTATION_STYLE_ASSIGNMENT((#9378));
#8931=PRESENTATION_STYLE_ASSIGNMENT((#9379));
#8932=PRESENTATION_STYLE_ASSIGNMENT((#9380));
#8933=PRESENTATION_STYLE_ASSIGNMENT((#9381));
#8934=PRESENTATION_STYLE_ASSIGNMENT((#9382));
#8935=PRESENTATION_STYLE_ASSIGNMENT((#9383));
#8936=PRESENTATION_STYLE_ASSIGNMENT((#9384));
#8937=PRESENTATION_STYLE_ASSIGNMENT((#9385));
#8938=PRESENTATION_STYLE_ASSIGNMENT((#9386));
#8939=PRESENTATION_STYLE_ASSIGNMENT((#9387));
#8940=PRESENTATION_STYLE_ASSIGNMENT((#9388));
#8941=PRESENTATION_STYLE_ASSIGNMENT((#9389));
#8942=PRESENTATION_STYLE_ASSIGNMENT((#9390));
#8943=PRESENTATION_STYLE_ASSIGNMENT((#9391));
#8944=PRESENTATION_STYLE_ASSIGNMENT((#9392));
#8945=PRESENTATION_STYLE_ASSIGNMENT((#9393));
#8946=PRESENTATION_STYLE_ASSIGNMENT((#9394));
#8947=PRESENTATION_STYLE_ASSIGNMENT((#9395));
#8948=PRESENTATION_STYLE_ASSIGNMENT((#9396));
#8949=PRESENTATION_STYLE_ASSIGNMENT((#9397));
#8950=PRESENTATION_STYLE_ASSIGNMENT((#9398));
#8951=PRESENTATION_STYLE_ASSIGNMENT((#9399));
#8952=PRESENTATION_STYLE_ASSIGNMENT((#9400));
#8953=PRESENTATION_STYLE_ASSIGNMENT((#9401));
#8954=PRESENTATION_STYLE_ASSIGNMENT((#9402));
#8955=PRESENTATION_STYLE_ASSIGNMENT((#9403));
#8956=PRESENTATION_STYLE_ASSIGNMENT((#9404));
#8957=PRESENTATION_STYLE_ASSIGNMENT((#9405));
#8958=PRESENTATION_STYLE_ASSIGNMENT((#9406));
#8959=PRESENTATION_STYLE_ASSIGNMENT((#9407));
#8960=PRESENTATION_STYLE_ASSIGNMENT((#9408));
#8961=PRESENTATION_STYLE_ASSIGNMENT((#9409));
#8962=PRESENTATION_STYLE_ASSIGNMENT((#9410));
#8963=PRESENTATION_STYLE_ASSIGNMENT((#9411));
#8964=PRESENTATION_STYLE_ASSIGNMENT((#9412));
#8965=PRESENTATION_STYLE_ASSIGNMENT((#9413));
#8966=PRESENTATION_STYLE_ASSIGNMENT((#9414));
#8967=PRESENTATION_STYLE_ASSIGNMENT((#9415));
#8968=PRESENTATION_STYLE_ASSIGNMENT((#9416));
#8969=PRESENTATION_STYLE_ASSIGNMENT((#9417));
#8970=PRESENTATION_STYLE_ASSIGNMENT((#9418));
#8971=SURFACE_STYLE_USAGE(.BOTH.,#9419);
#8972=SURFACE_STYLE_USAGE(.BOTH.,#9420);
#8973=SURFACE_STYLE_USAGE(.BOTH.,#9421);
#8974=SURFACE_STYLE_USAGE(.BOTH.,#9422);
#8975=SURFACE_STYLE_USAGE(.BOTH.,#9423);
#8976=SURFACE_STYLE_USAGE(.BOTH.,#9424);
#8977=SURFACE_STYLE_USAGE(.BOTH.,#9425);
#8978=SURFACE_STYLE_USAGE(.BOTH.,#9426);
#8979=SURFACE_STYLE_USAGE(.BOTH.,#9427);
#8980=SURFACE_STYLE_USAGE(.BOTH.,#9428);
#8981=SURFACE_STYLE_USAGE(.BOTH.,#9429);
#8982=SURFACE_STYLE_USAGE(.BOTH.,#9430);
#8983=SURFACE_STYLE_USAGE(.BOTH.,#9431);
#8984=SURFACE_STYLE_USAGE(.BOTH.,#9432);
#8985=SURFACE_STYLE_USAGE(.BOTH.,#9433);
#8986=SURFACE_STYLE_USAGE(.BOTH.,#9434);
#8987=SURFACE_STYLE_USAGE(.BOTH.,#9435);
#8988=SURFACE_STYLE_USAGE(.BOTH.,#9436);
#8989=SURFACE_STYLE_USAGE(.BOTH.,#9437);
#8990=SURFACE_STYLE_USAGE(.BOTH.,#9438);
#8991=SURFACE_STYLE_USAGE(.BOTH.,#9439);
#8992=SURFACE_STYLE_USAGE(.BOTH.,#9440);
#8993=SURFACE_STYLE_USAGE(.BOTH.,#9441);
#8994=SURFACE_STYLE_USAGE(.BOTH.,#9442);
#8995=SURFACE_STYLE_USAGE(.BOTH.,#9443);
#8996=SURFACE_STYLE_USAGE(.BOTH.,#9444);
#8997=SURFACE_STYLE_USAGE(.BOTH.,#9445);
#8998=SURFACE_STYLE_USAGE(.BOTH.,#9446);
#8999=SURFACE_STYLE_USAGE(.BOTH.,#9447);
#9000=SURFACE_STYLE_USAGE(.BOTH.,#9448);
#9001=SURFACE_STYLE_USAGE(.BOTH.,#9449);
#9002=SURFACE_STYLE_USAGE(.BOTH.,#9450);
#9003=SURFACE_STYLE_USAGE(.BOTH.,#9451);
#9004=SURFACE_STYLE_USAGE(.BOTH.,#9452);
#9005=SURFACE_STYLE_USAGE(.BOTH.,#9453);
#9006=SURFACE_STYLE_USAGE(.BOTH.,#9454);
#9007=SURFACE_STYLE_USAGE(.BOTH.,#9455);
#9008=SURFACE_STYLE_USAGE(.BOTH.,#9456);
#9009=SURFACE_STYLE_USAGE(.BOTH.,#9457);
#9010=SURFACE_STYLE_USAGE(.BOTH.,#9458);
#9011=SURFACE_STYLE_USAGE(.BOTH.,#9459);
#9012=SURFACE_STYLE_USAGE(.BOTH.,#9460);
#9013=SURFACE_STYLE_USAGE(.BOTH.,#9461);
#9014=SURFACE_STYLE_USAGE(.BOTH.,#9462);
#9015=SURFACE_STYLE_USAGE(.BOTH.,#9463);
#9016=SURFACE_STYLE_USAGE(.BOTH.,#9464);
#9017=SURFACE_STYLE_USAGE(.BOTH.,#9465);
#9018=SURFACE_STYLE_USAGE(.BOTH.,#9466);
#9019=SURFACE_STYLE_USAGE(.BOTH.,#9467);
#9020=SURFACE_STYLE_USAGE(.BOTH.,#9468);
#9021=SURFACE_STYLE_USAGE(.BOTH.,#9469);
#9022=SURFACE_STYLE_USAGE(.BOTH.,#9470);
#9023=SURFACE_STYLE_USAGE(.BOTH.,#9471);
#9024=SURFACE_STYLE_USAGE(.BOTH.,#9472);
#9025=SURFACE_STYLE_USAGE(.BOTH.,#9473);
#9026=SURFACE_STYLE_USAGE(.BOTH.,#9474);
#9027=SURFACE_STYLE_USAGE(.BOTH.,#9475);
#9028=SURFACE_STYLE_USAGE(.BOTH.,#9476);
#9029=SURFACE_STYLE_USAGE(.BOTH.,#9477);
#9030=SURFACE_STYLE_USAGE(.BOTH.,#9478);
#9031=SURFACE_STYLE_USAGE(.BOTH.,#9479);
#9032=SURFACE_STYLE_USAGE(.BOTH.,#9480);
#9033=SURFACE_STYLE_USAGE(.BOTH.,#9481);
#9034=SURFACE_STYLE_USAGE(.BOTH.,#9482);
#9035=SURFACE_STYLE_USAGE(.BOTH.,#9483);
#9036=SURFACE_STYLE_USAGE(.BOTH.,#9484);
#9037=SURFACE_STYLE_USAGE(.BOTH.,#9485);
#9038=SURFACE_STYLE_USAGE(.BOTH.,#9486);
#9039=SURFACE_STYLE_USAGE(.BOTH.,#9487);
#9040=SURFACE_STYLE_USAGE(.BOTH.,#9488);
#9041=SURFACE_STYLE_USAGE(.BOTH.,#9489);
#9042=SURFACE_STYLE_USAGE(.BOTH.,#9490);
#9043=SURFACE_STYLE_USAGE(.BOTH.,#9491);
#9044=SURFACE_STYLE_USAGE(.BOTH.,#9492);
#9045=SURFACE_STYLE_USAGE(.BOTH.,#9493);
#9046=SURFACE_STYLE_USAGE(.BOTH.,#9494);
#9047=SURFACE_STYLE_USAGE(.BOTH.,#9495);
#9048=SURFACE_STYLE_USAGE(.BOTH.,#9496);
#9049=SURFACE_STYLE_USAGE(.BOTH.,#9497);
#9050=SURFACE_STYLE_USAGE(.BOTH.,#9498);
#9051=SURFACE_STYLE_USAGE(.BOTH.,#9499);
#9052=SURFACE_STYLE_USAGE(.BOTH.,#9500);
#9053=SURFACE_STYLE_USAGE(.BOTH.,#9501);
#9054=SURFACE_STYLE_USAGE(.BOTH.,#9502);
#9055=SURFACE_STYLE_USAGE(.BOTH.,#9503);
#9056=SURFACE_STYLE_USAGE(.BOTH.,#9504);
#9057=SURFACE_STYLE_USAGE(.BOTH.,#9505);
#9058=SURFACE_STYLE_USAGE(.BOTH.,#9506);
#9059=SURFACE_STYLE_USAGE(.BOTH.,#9507);
#9060=SURFACE_STYLE_USAGE(.BOTH.,#9508);
#9061=SURFACE_STYLE_USAGE(.BOTH.,#9509);
#9062=SURFACE_STYLE_USAGE(.BOTH.,#9510);
#9063=SURFACE_STYLE_USAGE(.BOTH.,#9511);
#9064=SURFACE_STYLE_USAGE(.BOTH.,#9512);
#9065=SURFACE_STYLE_USAGE(.BOTH.,#9513);
#9066=SURFACE_STYLE_USAGE(.BOTH.,#9514);
#9067=SURFACE_STYLE_USAGE(.BOTH.,#9515);
#9068=SURFACE_STYLE_USAGE(.BOTH.,#9516);
#9069=SURFACE_STYLE_USAGE(.BOTH.,#9517);
#9070=SURFACE_STYLE_USAGE(.BOTH.,#9518);
#9071=SURFACE_STYLE_USAGE(.BOTH.,#9519);
#9072=SURFACE_STYLE_USAGE(.BOTH.,#9520);
#9073=SURFACE_STYLE_USAGE(.BOTH.,#9521);
#9074=SURFACE_STYLE_USAGE(.BOTH.,#9522);
#9075=SURFACE_STYLE_USAGE(.BOTH.,#9523);
#9076=SURFACE_STYLE_USAGE(.BOTH.,#9524);
#9077=SURFACE_STYLE_USAGE(.BOTH.,#9525);
#9078=SURFACE_STYLE_USAGE(.BOTH.,#9526);
#9079=SURFACE_STYLE_USAGE(.BOTH.,#9527);
#9080=SURFACE_STYLE_USAGE(.BOTH.,#9528);
#9081=SURFACE_STYLE_USAGE(.BOTH.,#9529);
#9082=SURFACE_STYLE_USAGE(.BOTH.,#9530);
#9083=SURFACE_STYLE_USAGE(.BOTH.,#9531);
#9084=SURFACE_STYLE_USAGE(.BOTH.,#9532);
#9085=SURFACE_STYLE_USAGE(.BOTH.,#9533);
#9086=SURFACE_STYLE_USAGE(.BOTH.,#9534);
#9087=SURFACE_STYLE_USAGE(.BOTH.,#9535);
#9088=SURFACE_STYLE_USAGE(.BOTH.,#9536);
#9089=SURFACE_STYLE_USAGE(.BOTH.,#9537);
#9090=SURFACE_STYLE_USAGE(.BOTH.,#9538);
#9091=SURFACE_STYLE_USAGE(.BOTH.,#9539);
#9092=SURFACE_STYLE_USAGE(.BOTH.,#9540);
#9093=SURFACE_STYLE_USAGE(.BOTH.,#9541);
#9094=SURFACE_STYLE_USAGE(.BOTH.,#9542);
#9095=SURFACE_STYLE_USAGE(.BOTH.,#9543);
#9096=SURFACE_STYLE_USAGE(.BOTH.,#9544);
#9097=SURFACE_STYLE_USAGE(.BOTH.,#9545);
#9098=SURFACE_STYLE_USAGE(.BOTH.,#9546);
#9099=SURFACE_STYLE_USAGE(.BOTH.,#9547);
#9100=SURFACE_STYLE_USAGE(.BOTH.,#9548);
#9101=SURFACE_STYLE_USAGE(.BOTH.,#9549);
#9102=SURFACE_STYLE_USAGE(.BOTH.,#9550);
#9103=SURFACE_STYLE_USAGE(.BOTH.,#9551);
#9104=SURFACE_STYLE_USAGE(.BOTH.,#9552);
#9105=SURFACE_STYLE_USAGE(.BOTH.,#9553);
#9106=SURFACE_STYLE_USAGE(.BOTH.,#9554);
#9107=SURFACE_STYLE_USAGE(.BOTH.,#9555);
#9108=SURFACE_STYLE_USAGE(.BOTH.,#9556);
#9109=SURFACE_STYLE_USAGE(.BOTH.,#9557);
#9110=SURFACE_STYLE_USAGE(.BOTH.,#9558);
#9111=SURFACE_STYLE_USAGE(.BOTH.,#9559);
#9112=SURFACE_STYLE_USAGE(.BOTH.,#9560);
#9113=SURFACE_STYLE_USAGE(.BOTH.,#9561);
#9114=SURFACE_STYLE_USAGE(.BOTH.,#9562);
#9115=SURFACE_STYLE_USAGE(.BOTH.,#9563);
#9116=SURFACE_STYLE_USAGE(.BOTH.,#9564);
#9117=SURFACE_STYLE_USAGE(.BOTH.,#9565);
#9118=SURFACE_STYLE_USAGE(.BOTH.,#9566);
#9119=SURFACE_STYLE_USAGE(.BOTH.,#9567);
#9120=SURFACE_STYLE_USAGE(.BOTH.,#9568);
#9121=SURFACE_STYLE_USAGE(.BOTH.,#9569);
#9122=SURFACE_STYLE_USAGE(.BOTH.,#9570);
#9123=SURFACE_STYLE_USAGE(.BOTH.,#9571);
#9124=SURFACE_STYLE_USAGE(.BOTH.,#9572);
#9125=SURFACE_STYLE_USAGE(.BOTH.,#9573);
#9126=SURFACE_STYLE_USAGE(.BOTH.,#9574);
#9127=SURFACE_STYLE_USAGE(.BOTH.,#9575);
#9128=SURFACE_STYLE_USAGE(.BOTH.,#9576);
#9129=SURFACE_STYLE_USAGE(.BOTH.,#9577);
#9130=SURFACE_STYLE_USAGE(.BOTH.,#9578);
#9131=SURFACE_STYLE_USAGE(.BOTH.,#9579);
#9132=SURFACE_STYLE_USAGE(.BOTH.,#9580);
#9133=SURFACE_STYLE_USAGE(.BOTH.,#9581);
#9134=SURFACE_STYLE_USAGE(.BOTH.,#9582);
#9135=SURFACE_STYLE_USAGE(.BOTH.,#9583);
#9136=SURFACE_STYLE_USAGE(.BOTH.,#9584);
#9137=SURFACE_STYLE_USAGE(.BOTH.,#9585);
#9138=SURFACE_STYLE_USAGE(.BOTH.,#9586);
#9139=SURFACE_STYLE_USAGE(.BOTH.,#9587);
#9140=SURFACE_STYLE_USAGE(.BOTH.,#9588);
#9141=SURFACE_STYLE_USAGE(.BOTH.,#9589);
#9142=SURFACE_STYLE_USAGE(.BOTH.,#9590);
#9143=SURFACE_STYLE_USAGE(.BOTH.,#9591);
#9144=SURFACE_STYLE_USAGE(.BOTH.,#9592);
#9145=SURFACE_STYLE_USAGE(.BOTH.,#9593);
#9146=SURFACE_STYLE_USAGE(.BOTH.,#9594);
#9147=SURFACE_STYLE_USAGE(.BOTH.,#9595);
#9148=SURFACE_STYLE_USAGE(.BOTH.,#9596);
#9149=SURFACE_STYLE_USAGE(.BOTH.,#9597);
#9150=SURFACE_STYLE_USAGE(.BOTH.,#9598);
#9151=SURFACE_STYLE_USAGE(.BOTH.,#9599);
#9152=SURFACE_STYLE_USAGE(.BOTH.,#9600);
#9153=SURFACE_STYLE_USAGE(.BOTH.,#9601);
#9154=SURFACE_STYLE_USAGE(.BOTH.,#9602);
#9155=SURFACE_STYLE_USAGE(.BOTH.,#9603);
#9156=SURFACE_STYLE_USAGE(.BOTH.,#9604);
#9157=SURFACE_STYLE_USAGE(.BOTH.,#9605);
#9158=SURFACE_STYLE_USAGE(.BOTH.,#9606);
#9159=SURFACE_STYLE_USAGE(.BOTH.,#9607);
#9160=SURFACE_STYLE_USAGE(.BOTH.,#9608);
#9161=SURFACE_STYLE_USAGE(.BOTH.,#9609);
#9162=SURFACE_STYLE_USAGE(.BOTH.,#9610);
#9163=SURFACE_STYLE_USAGE(.BOTH.,#9611);
#9164=SURFACE_STYLE_USAGE(.BOTH.,#9612);
#9165=SURFACE_STYLE_USAGE(.BOTH.,#9613);
#9166=SURFACE_STYLE_USAGE(.BOTH.,#9614);
#9167=SURFACE_STYLE_USAGE(.BOTH.,#9615);
#9168=SURFACE_STYLE_USAGE(.BOTH.,#9616);
#9169=SURFACE_STYLE_USAGE(.BOTH.,#9617);
#9170=SURFACE_STYLE_USAGE(.BOTH.,#9618);
#9171=SURFACE_STYLE_USAGE(.BOTH.,#9619);
#9172=SURFACE_STYLE_USAGE(.BOTH.,#9620);
#9173=SURFACE_STYLE_USAGE(.BOTH.,#9621);
#9174=SURFACE_STYLE_USAGE(.BOTH.,#9622);
#9175=SURFACE_STYLE_USAGE(.BOTH.,#9623);
#9176=SURFACE_STYLE_USAGE(.BOTH.,#9624);
#9177=SURFACE_STYLE_USAGE(.BOTH.,#9625);
#9178=SURFACE_STYLE_USAGE(.BOTH.,#9626);
#9179=SURFACE_STYLE_USAGE(.BOTH.,#9627);
#9180=SURFACE_STYLE_USAGE(.BOTH.,#9628);
#9181=SURFACE_STYLE_USAGE(.BOTH.,#9629);
#9182=SURFACE_STYLE_USAGE(.BOTH.,#9630);
#9183=SURFACE_STYLE_USAGE(.BOTH.,#9631);
#9184=SURFACE_STYLE_USAGE(.BOTH.,#9632);
#9185=SURFACE_STYLE_USAGE(.BOTH.,#9633);
#9186=SURFACE_STYLE_USAGE(.BOTH.,#9634);
#9187=SURFACE_STYLE_USAGE(.BOTH.,#9635);
#9188=SURFACE_STYLE_USAGE(.BOTH.,#9636);
#9189=SURFACE_STYLE_USAGE(.BOTH.,#9637);
#9190=SURFACE_STYLE_USAGE(.BOTH.,#9638);
#9191=SURFACE_STYLE_USAGE(.BOTH.,#9639);
#9192=SURFACE_STYLE_USAGE(.BOTH.,#9640);
#9193=SURFACE_STYLE_USAGE(.BOTH.,#9641);
#9194=SURFACE_STYLE_USAGE(.BOTH.,#9642);
#9195=SURFACE_STYLE_USAGE(.BOTH.,#9643);
#9196=SURFACE_STYLE_USAGE(.BOTH.,#9644);
#9197=SURFACE_STYLE_USAGE(.BOTH.,#9645);
#9198=SURFACE_STYLE_USAGE(.BOTH.,#9646);
#9199=SURFACE_STYLE_USAGE(.BOTH.,#9647);
#9200=SURFACE_STYLE_USAGE(.BOTH.,#9648);
#9201=SURFACE_STYLE_USAGE(.BOTH.,#9649);
#9202=SURFACE_STYLE_USAGE(.BOTH.,#9650);
#9203=SURFACE_STYLE_USAGE(.BOTH.,#9651);
#9204=SURFACE_STYLE_USAGE(.BOTH.,#9652);
#9205=SURFACE_STYLE_USAGE(.BOTH.,#9653);
#9206=SURFACE_STYLE_USAGE(.BOTH.,#9654);
#9207=SURFACE_STYLE_USAGE(.BOTH.,#9655);
#9208=SURFACE_STYLE_USAGE(.BOTH.,#9656);
#9209=SURFACE_STYLE_USAGE(.BOTH.,#9657);
#9210=SURFACE_STYLE_USAGE(.BOTH.,#9658);
#9211=SURFACE_STYLE_USAGE(.BOTH.,#9659);
#9212=SURFACE_STYLE_USAGE(.BOTH.,#9660);
#9213=SURFACE_STYLE_USAGE(.BOTH.,#9661);
#9214=SURFACE_STYLE_USAGE(.BOTH.,#9662);
#9215=SURFACE_STYLE_USAGE(.BOTH.,#9663);
#9216=SURFACE_STYLE_USAGE(.BOTH.,#9664);
#9217=SURFACE_STYLE_USAGE(.BOTH.,#9665);
#9218=SURFACE_STYLE_USAGE(.BOTH.,#9666);
#9219=SURFACE_STYLE_USAGE(.BOTH.,#9667);
#9220=SURFACE_STYLE_USAGE(.BOTH.,#9668);
#9221=SURFACE_STYLE_USAGE(.BOTH.,#9669);
#9222=SURFACE_STYLE_USAGE(.BOTH.,#9670);
#9223=SURFACE_STYLE_USAGE(.BOTH.,#9671);
#9224=SURFACE_STYLE_USAGE(.BOTH.,#9672);
#9225=SURFACE_STYLE_USAGE(.BOTH.,#9673);
#9226=SURFACE_STYLE_USAGE(.BOTH.,#9674);
#9227=SURFACE_STYLE_USAGE(.BOTH.,#9675);
#9228=SURFACE_STYLE_USAGE(.BOTH.,#9676);
#9229=SURFACE_STYLE_USAGE(.BOTH.,#9677);
#9230=SURFACE_STYLE_USAGE(.BOTH.,#9678);
#9231=SURFACE_STYLE_USAGE(.BOTH.,#9679);
#9232=SURFACE_STYLE_USAGE(.BOTH.,#9680);
#9233=SURFACE_STYLE_USAGE(.BOTH.,#9681);
#9234=SURFACE_STYLE_USAGE(.BOTH.,#9682);
#9235=SURFACE_STYLE_USAGE(.BOTH.,#9683);
#9236=SURFACE_STYLE_USAGE(.BOTH.,#9684);
#9237=SURFACE_STYLE_USAGE(.BOTH.,#9685);
#9238=SURFACE_STYLE_USAGE(.BOTH.,#9686);
#9239=SURFACE_STYLE_USAGE(.BOTH.,#9687);
#9240=SURFACE_STYLE_USAGE(.BOTH.,#9688);
#9241=SURFACE_STYLE_USAGE(.BOTH.,#9689);
#9242=SURFACE_STYLE_USAGE(.BOTH.,#9690);
#9243=SURFACE_STYLE_USAGE(.BOTH.,#9691);
#9244=SURFACE_STYLE_USAGE(.BOTH.,#9692);
#9245=SURFACE_STYLE_USAGE(.BOTH.,#9693);
#9246=SURFACE_STYLE_USAGE(.BOTH.,#9694);
#9247=SURFACE_STYLE_USAGE(.BOTH.,#9695);
#9248=SURFACE_STYLE_USAGE(.BOTH.,#9696);
#9249=SURFACE_STYLE_USAGE(.BOTH.,#9697);
#9250=SURFACE_STYLE_USAGE(.BOTH.,#9698);
#9251=SURFACE_STYLE_USAGE(.BOTH.,#9699);
#9252=SURFACE_STYLE_USAGE(.BOTH.,#9700);
#9253=SURFACE_STYLE_USAGE(.BOTH.,#9701);
#9254=SURFACE_STYLE_USAGE(.BOTH.,#9702);
#9255=SURFACE_STYLE_USAGE(.BOTH.,#9703);
#9256=SURFACE_STYLE_USAGE(.BOTH.,#9704);
#9257=SURFACE_STYLE_USAGE(.BOTH.,#9705);
#9258=SURFACE_STYLE_USAGE(.BOTH.,#9706);
#9259=SURFACE_STYLE_USAGE(.BOTH.,#9707);
#9260=SURFACE_STYLE_USAGE(.BOTH.,#9708);
#9261=SURFACE_STYLE_USAGE(.BOTH.,#9709);
#9262=SURFACE_STYLE_USAGE(.BOTH.,#9710);
#9263=SURFACE_STYLE_USAGE(.BOTH.,#9711);
#9264=SURFACE_STYLE_USAGE(.BOTH.,#9712);
#9265=SURFACE_STYLE_USAGE(.BOTH.,#9713);
#9266=SURFACE_STYLE_USAGE(.BOTH.,#9714);
#9267=SURFACE_STYLE_USAGE(.BOTH.,#9715);
#9268=SURFACE_STYLE_USAGE(.BOTH.,#9716);
#9269=SURFACE_STYLE_USAGE(.BOTH.,#9717);
#9270=SURFACE_STYLE_USAGE(.BOTH.,#9718);
#9271=SURFACE_STYLE_USAGE(.BOTH.,#9719);
#9272=SURFACE_STYLE_USAGE(.BOTH.,#9720);
#9273=SURFACE_STYLE_USAGE(.BOTH.,#9721);
#9274=SURFACE_STYLE_USAGE(.BOTH.,#9722);
#9275=SURFACE_STYLE_USAGE(.BOTH.,#9723);
#9276=SURFACE_STYLE_USAGE(.BOTH.,#9724);
#9277=SURFACE_STYLE_USAGE(.BOTH.,#9725);
#9278=SURFACE_STYLE_USAGE(.BOTH.,#9726);
#9279=SURFACE_STYLE_USAGE(.BOTH.,#9727);
#9280=SURFACE_STYLE_USAGE(.BOTH.,#9728);
#9281=SURFACE_STYLE_USAGE(.BOTH.,#9729);
#9282=SURFACE_STYLE_USAGE(.BOTH.,#9730);
#9283=SURFACE_STYLE_USAGE(.BOTH.,#9731);
#9284=SURFACE_STYLE_USAGE(.BOTH.,#9732);
#9285=SURFACE_STYLE_USAGE(.BOTH.,#9733);
#9286=SURFACE_STYLE_USAGE(.BOTH.,#9734);
#9287=SURFACE_STYLE_USAGE(.BOTH.,#9735);
#9288=SURFACE_STYLE_USAGE(.BOTH.,#9736);
#9289=SURFACE_STYLE_USAGE(.BOTH.,#9737);
#9290=SURFACE_STYLE_USAGE(.BOTH.,#9738);
#9291=SURFACE_STYLE_USAGE(.BOTH.,#9739);
#9292=SURFACE_STYLE_USAGE(.BOTH.,#9740);
#9293=SURFACE_STYLE_USAGE(.BOTH.,#9741);
#9294=SURFACE_STYLE_USAGE(.BOTH.,#9742);
#9295=SURFACE_STYLE_USAGE(.BOTH.,#9743);
#9296=SURFACE_STYLE_USAGE(.BOTH.,#9744);
#9297=SURFACE_STYLE_USAGE(.BOTH.,#9745);
#9298=SURFACE_STYLE_USAGE(.BOTH.,#9746);
#9299=SURFACE_STYLE_USAGE(.BOTH.,#9747);
#9300=SURFACE_STYLE_USAGE(.BOTH.,#9748);
#9301=SURFACE_STYLE_USAGE(.BOTH.,#9749);
#9302=SURFACE_STYLE_USAGE(.BOTH.,#9750);
#9303=SURFACE_STYLE_USAGE(.BOTH.,#9751);
#9304=SURFACE_STYLE_USAGE(.BOTH.,#9752);
#9305=SURFACE_STYLE_USAGE(.BOTH.,#9753);
#9306=SURFACE_STYLE_USAGE(.BOTH.,#9754);
#9307=SURFACE_STYLE_USAGE(.BOTH.,#9755);
#9308=SURFACE_STYLE_USAGE(.BOTH.,#9756);
#9309=SURFACE_STYLE_USAGE(.BOTH.,#9757);
#9310=SURFACE_STYLE_USAGE(.BOTH.,#9758);
#9311=SURFACE_STYLE_USAGE(.BOTH.,#9759);
#9312=SURFACE_STYLE_USAGE(.BOTH.,#9760);
#9313=SURFACE_STYLE_USAGE(.BOTH.,#9761);
#9314=SURFACE_STYLE_USAGE(.BOTH.,#9762);
#9315=SURFACE_STYLE_USAGE(.BOTH.,#9763);
#9316=SURFACE_STYLE_USAGE(.BOTH.,#9764);
#9317=SURFACE_STYLE_USAGE(.BOTH.,#9765);
#9318=SURFACE_STYLE_USAGE(.BOTH.,#9766);
#9319=SURFACE_STYLE_USAGE(.BOTH.,#9767);
#9320=SURFACE_STYLE_USAGE(.BOTH.,#9768);
#9321=SURFACE_STYLE_USAGE(.BOTH.,#9769);
#9322=SURFACE_STYLE_USAGE(.BOTH.,#9770);
#9323=SURFACE_STYLE_USAGE(.BOTH.,#9771);
#9324=SURFACE_STYLE_USAGE(.BOTH.,#9772);
#9325=SURFACE_STYLE_USAGE(.BOTH.,#9773);
#9326=SURFACE_STYLE_USAGE(.BOTH.,#9774);
#9327=SURFACE_STYLE_USAGE(.BOTH.,#9775);
#9328=SURFACE_STYLE_USAGE(.BOTH.,#9776);
#9329=SURFACE_STYLE_USAGE(.BOTH.,#9777);
#9330=SURFACE_STYLE_USAGE(.BOTH.,#9778);
#9331=SURFACE_STYLE_USAGE(.BOTH.,#9779);
#9332=SURFACE_STYLE_USAGE(.BOTH.,#9780);
#9333=SURFACE_STYLE_USAGE(.BOTH.,#9781);
#9334=SURFACE_STYLE_USAGE(.BOTH.,#9782);
#9335=SURFACE_STYLE_USAGE(.BOTH.,#9783);
#9336=SURFACE_STYLE_USAGE(.BOTH.,#9784);
#9337=SURFACE_STYLE_USAGE(.BOTH.,#9785);
#9338=SURFACE_STYLE_USAGE(.BOTH.,#9786);
#9339=SURFACE_STYLE_USAGE(.BOTH.,#9787);
#9340=SURFACE_STYLE_USAGE(.BOTH.,#9788);
#9341=SURFACE_STYLE_USAGE(.BOTH.,#9789);
#9342=SURFACE_STYLE_USAGE(.BOTH.,#9790);
#9343=SURFACE_STYLE_USAGE(.BOTH.,#9791);
#9344=SURFACE_STYLE_USAGE(.BOTH.,#9792);
#9345=SURFACE_STYLE_USAGE(.BOTH.,#9793);
#9346=SURFACE_STYLE_USAGE(.BOTH.,#9794);
#9347=SURFACE_STYLE_USAGE(.BOTH.,#9795);
#9348=SURFACE_STYLE_USAGE(.BOTH.,#9796);
#9349=SURFACE_STYLE_USAGE(.BOTH.,#9797);
#9350=SURFACE_STYLE_USAGE(.BOTH.,#9798);
#9351=SURFACE_STYLE_USAGE(.BOTH.,#9799);
#9352=SURFACE_STYLE_USAGE(.BOTH.,#9800);
#9353=SURFACE_STYLE_USAGE(.BOTH.,#9801);
#9354=SURFACE_STYLE_USAGE(.BOTH.,#9802);
#9355=SURFACE_STYLE_USAGE(.BOTH.,#9803);
#9356=SURFACE_STYLE_USAGE(.BOTH.,#9804);
#9357=SURFACE_STYLE_USAGE(.BOTH.,#9805);
#9358=SURFACE_STYLE_USAGE(.BOTH.,#9806);
#9359=SURFACE_STYLE_USAGE(.BOTH.,#9807);
#9360=SURFACE_STYLE_USAGE(.BOTH.,#9808);
#9361=SURFACE_STYLE_USAGE(.BOTH.,#9809);
#9362=SURFACE_STYLE_USAGE(.BOTH.,#9810);
#9363=SURFACE_STYLE_USAGE(.BOTH.,#9811);
#9364=SURFACE_STYLE_USAGE(.BOTH.,#9812);
#9365=SURFACE_STYLE_USAGE(.BOTH.,#9813);
#9366=SURFACE_STYLE_USAGE(.BOTH.,#9814);
#9367=SURFACE_STYLE_USAGE(.BOTH.,#9815);
#9368=SURFACE_STYLE_USAGE(.BOTH.,#9816);
#9369=SURFACE_STYLE_USAGE(.BOTH.,#9817);
#9370=SURFACE_STYLE_USAGE(.BOTH.,#9818);
#9371=SURFACE_STYLE_USAGE(.BOTH.,#9819);
#9372=SURFACE_STYLE_USAGE(.BOTH.,#9820);
#9373=SURFACE_STYLE_USAGE(.BOTH.,#9821);
#9374=SURFACE_STYLE_USAGE(.BOTH.,#9822);
#9375=SURFACE_STYLE_USAGE(.BOTH.,#9823);
#9376=SURFACE_STYLE_USAGE(.BOTH.,#9824);
#9377=SURFACE_STYLE_USAGE(.BOTH.,#9825);
#9378=SURFACE_STYLE_USAGE(.BOTH.,#9826);
#9379=SURFACE_STYLE_USAGE(.BOTH.,#9827);
#9380=SURFACE_STYLE_USAGE(.BOTH.,#9828);
#9381=SURFACE_STYLE_USAGE(.BOTH.,#9829);
#9382=SURFACE_STYLE_USAGE(.BOTH.,#9830);
#9383=SURFACE_STYLE_USAGE(.BOTH.,#9831);
#9384=SURFACE_STYLE_USAGE(.BOTH.,#9832);
#9385=SURFACE_STYLE_USAGE(.BOTH.,#9833);
#9386=SURFACE_STYLE_USAGE(.BOTH.,#9834);
#9387=SURFACE_STYLE_USAGE(.BOTH.,#9835);
#9388=SURFACE_STYLE_USAGE(.BOTH.,#9836);
#9389=SURFACE_STYLE_USAGE(.BOTH.,#9837);
#9390=SURFACE_STYLE_USAGE(.BOTH.,#9838);
#9391=SURFACE_STYLE_USAGE(.BOTH.,#9839);
#9392=SURFACE_STYLE_USAGE(.BOTH.,#9840);
#9393=SURFACE_STYLE_USAGE(.BOTH.,#9841);
#9394=SURFACE_STYLE_USAGE(.BOTH.,#9842);
#9395=SURFACE_STYLE_USAGE(.BOTH.,#9843);
#9396=SURFACE_STYLE_USAGE(.BOTH.,#9844);
#9397=SURFACE_STYLE_USAGE(.BOTH.,#9845);
#9398=SURFACE_STYLE_USAGE(.BOTH.,#9846);
#9399=SURFACE_STYLE_USAGE(.BOTH.,#9847);
#9400=SURFACE_STYLE_USAGE(.BOTH.,#9848);
#9401=SURFACE_STYLE_USAGE(.BOTH.,#9849);
#9402=SURFACE_STYLE_USAGE(.BOTH.,#9850);
#9403=SURFACE_STYLE_USAGE(.BOTH.,#9851);
#9404=SURFACE_STYLE_USAGE(.BOTH.,#9852);
#9405=SURFACE_STYLE_USAGE(.BOTH.,#9853);
#9406=SURFACE_STYLE_USAGE(.BOTH.,#9854);
#9407=SURFACE_STYLE_USAGE(.BOTH.,#9855);
#9408=SURFACE_STYLE_USAGE(.BOTH.,#9856);
#9409=SURFACE_STYLE_USAGE(.BOTH.,#9857);
#9410=SURFACE_STYLE_USAGE(.BOTH.,#9858);
#9411=SURFACE_STYLE_USAGE(.BOTH.,#9859);
#9412=SURFACE_STYLE_USAGE(.BOTH.,#9860);
#9413=SURFACE_STYLE_USAGE(.BOTH.,#9861);
#9414=SURFACE_STYLE_USAGE(.BOTH.,#9862);
#9415=SURFACE_STYLE_USAGE(.BOTH.,#9863);
#9416=SURFACE_STYLE_USAGE(.BOTH.,#9864);
#9417=SURFACE_STYLE_USAGE(.BOTH.,#9865);
#9418=SURFACE_STYLE_USAGE(.BOTH.,#9866);
#9419=SURFACE_SIDE_STYLE('',(#9867));
#9420=SURFACE_SIDE_STYLE('',(#9868));
#9421=SURFACE_SIDE_STYLE('',(#9869));
#9422=SURFACE_SIDE_STYLE('',(#9870));
#9423=SURFACE_SIDE_STYLE('',(#9871));
#9424=SURFACE_SIDE_STYLE('',(#9872));
#9425=SURFACE_SIDE_STYLE('',(#9873));
#9426=SURFACE_SIDE_STYLE('',(#9874));
#9427=SURFACE_SIDE_STYLE('',(#9875));
#9428=SURFACE_SIDE_STYLE('',(#9876));
#9429=SURFACE_SIDE_STYLE('',(#9877));
#9430=SURFACE_SIDE_STYLE('',(#9878));
#9431=SURFACE_SIDE_STYLE('',(#9879));
#9432=SURFACE_SIDE_STYLE('',(#9880));
#9433=SURFACE_SIDE_STYLE('',(#9881));
#9434=SURFACE_SIDE_STYLE('',(#9882));
#9435=SURFACE_SIDE_STYLE('',(#9883));
#9436=SURFACE_SIDE_STYLE('',(#9884));
#9437=SURFACE_SIDE_STYLE('',(#9885));
#9438=SURFACE_SIDE_STYLE('',(#9886));
#9439=SURFACE_SIDE_STYLE('',(#9887));
#9440=SURFACE_SIDE_STYLE('',(#9888));
#9441=SURFACE_SIDE_STYLE('',(#9889));
#9442=SURFACE_SIDE_STYLE('',(#9890));
#9443=SURFACE_SIDE_STYLE('',(#9891));
#9444=SURFACE_SIDE_STYLE('',(#9892));
#9445=SURFACE_SIDE_STYLE('',(#9893));
#9446=SURFACE_SIDE_STYLE('',(#9894));
#9447=SURFACE_SIDE_STYLE('',(#9895));
#9448=SURFACE_SIDE_STYLE('',(#9896));
#9449=SURFACE_SIDE_STYLE('',(#9897));
#9450=SURFACE_SIDE_STYLE('',(#9898));
#9451=SURFACE_SIDE_STYLE('',(#9899));
#9452=SURFACE_SIDE_STYLE('',(#9900));
#9453=SURFACE_SIDE_STYLE('',(#9901));
#9454=SURFACE_SIDE_STYLE('',(#9902));
#9455=SURFACE_SIDE_STYLE('',(#9903));
#9456=SURFACE_SIDE_STYLE('',(#9904));
#9457=SURFACE_SIDE_STYLE('',(#9905));
#9458=SURFACE_SIDE_STYLE('',(#9906));
#9459=SURFACE_SIDE_STYLE('',(#9907));
#9460=SURFACE_SIDE_STYLE('',(#9908));
#9461=SURFACE_SIDE_STYLE('',(#9909));
#9462=SURFACE_SIDE_STYLE('',(#9910));
#9463=SURFACE_SIDE_STYLE('',(#9911));
#9464=SURFACE_SIDE_STYLE('',(#9912));
#9465=SURFACE_SIDE_STYLE('',(#9913));
#9466=SURFACE_SIDE_STYLE('',(#9914));
#9467=SURFACE_SIDE_STYLE('',(#9915));
#9468=SURFACE_SIDE_STYLE('',(#9916));
#9469=SURFACE_SIDE_STYLE('',(#9917));
#9470=SURFACE_SIDE_STYLE('',(#9918));
#9471=SURFACE_SIDE_STYLE('',(#9919));
#9472=SURFACE_SIDE_STYLE('',(#9920));
#9473=SURFACE_SIDE_STYLE('',(#9921));
#9474=SURFACE_SIDE_STYLE('',(#9922));
#9475=SURFACE_SIDE_STYLE('',(#9923));
#9476=SURFACE_SIDE_STYLE('',(#9924));
#9477=SURFACE_SIDE_STYLE('',(#9925));
#9478=SURFACE_SIDE_STYLE('',(#9926));
#9479=SURFACE_SIDE_STYLE('',(#9927));
#9480=SURFACE_SIDE_STYLE('',(#9928));
#9481=SURFACE_SIDE_STYLE('',(#9929));
#9482=SURFACE_SIDE_STYLE('',(#9930));
#9483=SURFACE_SIDE_STYLE('',(#9931));
#9484=SURFACE_SIDE_STYLE('',(#9932));
#9485=SURFACE_SIDE_STYLE('',(#9933));
#9486=SURFACE_SIDE_STYLE('',(#9934));
#9487=SURFACE_SIDE_STYLE('',(#9935));
#9488=SURFACE_SIDE_STYLE('',(#9936));
#9489=SURFACE_SIDE_STYLE('',(#9937));
#9490=SURFACE_SIDE_STYLE('',(#9938));
#9491=SURFACE_SIDE_STYLE('',(#9939));
#9492=SURFACE_SIDE_STYLE('',(#9940));
#9493=SURFACE_SIDE_STYLE('',(#9941));
#9494=SURFACE_SIDE_STYLE('',(#9942));
#9495=SURFACE_SIDE_STYLE('',(#9943));
#9496=SURFACE_SIDE_STYLE('',(#9944));
#9497=SURFACE_SIDE_STYLE('',(#9945));
#9498=SURFACE_SIDE_STYLE('',(#9946));
#9499=SURFACE_SIDE_STYLE('',(#9947));
#9500=SURFACE_SIDE_STYLE('',(#9948));
#9501=SURFACE_SIDE_STYLE('',(#9949));
#9502=SURFACE_SIDE_STYLE('',(#9950));
#9503=SURFACE_SIDE_STYLE('',(#9951));
#9504=SURFACE_SIDE_STYLE('',(#9952));
#9505=SURFACE_SIDE_STYLE('',(#9953));
#9506=SURFACE_SIDE_STYLE('',(#9954));
#9507=SURFACE_SIDE_STYLE('',(#9955));
#9508=SURFACE_SIDE_STYLE('',(#9956));
#9509=SURFACE_SIDE_STYLE('',(#9957));
#9510=SURFACE_SIDE_STYLE('',(#9958));
#9511=SURFACE_SIDE_STYLE('',(#9959));
#9512=SURFACE_SIDE_STYLE('',(#9960));
#9513=SURFACE_SIDE_STYLE('',(#9961));
#9514=SURFACE_SIDE_STYLE('',(#9962));
#9515=SURFACE_SIDE_STYLE('',(#9963));
#9516=SURFACE_SIDE_STYLE('',(#9964));
#9517=SURFACE_SIDE_STYLE('',(#9965));
#9518=SURFACE_SIDE_STYLE('',(#9966));
#9519=SURFACE_SIDE_STYLE('',(#9967));
#9520=SURFACE_SIDE_STYLE('',(#9968));
#9521=SURFACE_SIDE_STYLE('',(#9969));
#9522=SURFACE_SIDE_STYLE('',(#9970));
#9523=SURFACE_SIDE_STYLE('',(#9971));
#9524=SURFACE_SIDE_STYLE('',(#9972));
#9525=SURFACE_SIDE_STYLE('',(#9973));
#9526=SURFACE_SIDE_STYLE('',(#9974));
#9527=SURFACE_SIDE_STYLE('',(#9975));
#9528=SURFACE_SIDE_STYLE('',(#9976));
#9529=SURFACE_SIDE_STYLE('',(#9977));
#9530=SURFACE_SIDE_STYLE('',(#9978));
#9531=SURFACE_SIDE_STYLE('',(#9979));
#9532=SURFACE_SIDE_STYLE('',(#9980));
#9533=SURFACE_SIDE_STYLE('',(#9981));
#9534=SURFACE_SIDE_STYLE('',(#9982));
#9535=SURFACE_SIDE_STYLE('',(#9983));
#9536=SURFACE_SIDE_STYLE('',(#9984));
#9537=SURFACE_SIDE_STYLE('',(#9985));
#9538=SURFACE_SIDE_STYLE('',(#9986));
#9539=SURFACE_SIDE_STYLE('',(#9987));
#9540=SURFACE_SIDE_STYLE('',(#9988));
#9541=SURFACE_SIDE_STYLE('',(#9989));
#9542=SURFACE_SIDE_STYLE('',(#9990));
#9543=SURFACE_SIDE_STYLE('',(#9991));
#9544=SURFACE_SIDE_STYLE('',(#9992));
#9545=SURFACE_SIDE_STYLE('',(#9993));
#9546=SURFACE_SIDE_STYLE('',(#9994));
#9547=SURFACE_SIDE_STYLE('',(#9995));
#9548=SURFACE_SIDE_STYLE('',(#9996));
#9549=SURFACE_SIDE_STYLE('',(#9997));
#9550=SURFACE_SIDE_STYLE('',(#9998));
#9551=SURFACE_SIDE_STYLE('',(#9999));
#9552=SURFACE_SIDE_STYLE('',(#10000));
#9553=SURFACE_SIDE_STYLE('',(#10001));
#9554=SURFACE_SIDE_STYLE('',(#10002));
#9555=SURFACE_SIDE_STYLE('',(#10003));
#9556=SURFACE_SIDE_STYLE('',(#10004));
#9557=SURFACE_SIDE_STYLE('',(#10005));
#9558=SURFACE_SIDE_STYLE('',(#10006));
#9559=SURFACE_SIDE_STYLE('',(#10007));
#9560=SURFACE_SIDE_STYLE('',(#10008));
#9561=SURFACE_SIDE_STYLE('',(#10009));
#9562=SURFACE_SIDE_STYLE('',(#10010));
#9563=SURFACE_SIDE_STYLE('',(#10011));
#9564=SURFACE_SIDE_STYLE('',(#10012));
#9565=SURFACE_SIDE_STYLE('',(#10013));
#9566=SURFACE_SIDE_STYLE('',(#10014));
#9567=SURFACE_SIDE_STYLE('',(#10015));
#9568=SURFACE_SIDE_STYLE('',(#10016));
#9569=SURFACE_SIDE_STYLE('',(#10017));
#9570=SURFACE_SIDE_STYLE('',(#10018));
#9571=SURFACE_SIDE_STYLE('',(#10019));
#9572=SURFACE_SIDE_STYLE('',(#10020));
#9573=SURFACE_SIDE_STYLE('',(#10021));
#9574=SURFACE_SIDE_STYLE('',(#10022));
#9575=SURFACE_SIDE_STYLE('',(#10023));
#9576=SURFACE_SIDE_STYLE('',(#10024));
#9577=SURFACE_SIDE_STYLE('',(#10025));
#9578=SURFACE_SIDE_STYLE('',(#10026));
#9579=SURFACE_SIDE_STYLE('',(#10027));
#9580=SURFACE_SIDE_STYLE('',(#10028));
#9581=SURFACE_SIDE_STYLE('',(#10029));
#9582=SURFACE_SIDE_STYLE('',(#10030));
#9583=SURFACE_SIDE_STYLE('',(#10031));
#9584=SURFACE_SIDE_STYLE('',(#10032));
#9585=SURFACE_SIDE_STYLE('',(#10033));
#9586=SURFACE_SIDE_STYLE('',(#10034));
#9587=SURFACE_SIDE_STYLE('',(#10035));
#9588=SURFACE_SIDE_STYLE('',(#10036));
#9589=SURFACE_SIDE_STYLE('',(#10037));
#9590=SURFACE_SIDE_STYLE('',(#10038));
#9591=SURFACE_SIDE_STYLE('',(#10039));
#9592=SURFACE_SIDE_STYLE('',(#10040));
#9593=SURFACE_SIDE_STYLE('',(#10041));
#9594=SURFACE_SIDE_STYLE('',(#10042));
#9595=SURFACE_SIDE_STYLE('',(#10043));
#9596=SURFACE_SIDE_STYLE('',(#10044));
#9597=SURFACE_SIDE_STYLE('',(#10045));
#9598=SURFACE_SIDE_STYLE('',(#10046));
#9599=SURFACE_SIDE_STYLE('',(#10047));
#9600=SURFACE_SIDE_STYLE('',(#10048));
#9601=SURFACE_SIDE_STYLE('',(#10049));
#9602=SURFACE_SIDE_STYLE('',(#10050));
#9603=SURFACE_SIDE_STYLE('',(#10051));
#9604=SURFACE_SIDE_STYLE('',(#10052));
#9605=SURFACE_SIDE_STYLE('',(#10053));
#9606=SURFACE_SIDE_STYLE('',(#10054));
#9607=SURFACE_SIDE_STYLE('',(#10055));
#9608=SURFACE_SIDE_STYLE('',(#10056));
#9609=SURFACE_SIDE_STYLE('',(#10057));
#9610=SURFACE_SIDE_STYLE('',(#10058));
#9611=SURFACE_SIDE_STYLE('',(#10059));
#9612=SURFACE_SIDE_STYLE('',(#10060));
#9613=SURFACE_SIDE_STYLE('',(#10061));
#9614=SURFACE_SIDE_STYLE('',(#10062));
#9615=SURFACE_SIDE_STYLE('',(#10063));
#9616=SURFACE_SIDE_STYLE('',(#10064));
#9617=SURFACE_SIDE_STYLE('',(#10065));
#9618=SURFACE_SIDE_STYLE('',(#10066));
#9619=SURFACE_SIDE_STYLE('',(#10067));
#9620=SURFACE_SIDE_STYLE('',(#10068));
#9621=SURFACE_SIDE_STYLE('',(#10069));
#9622=SURFACE_SIDE_STYLE('',(#10070));
#9623=SURFACE_SIDE_STYLE('',(#10071));
#9624=SURFACE_SIDE_STYLE('',(#10072));
#9625=SURFACE_SIDE_STYLE('',(#10073));
#9626=SURFACE_SIDE_STYLE('',(#10074));
#9627=SURFACE_SIDE_STYLE('',(#10075));
#9628=SURFACE_SIDE_STYLE('',(#10076));
#9629=SURFACE_SIDE_STYLE('',(#10077));
#9630=SURFACE_SIDE_STYLE('',(#10078));
#9631=SURFACE_SIDE_STYLE('',(#10079));
#9632=SURFACE_SIDE_STYLE('',(#10080));
#9633=SURFACE_SIDE_STYLE('',(#10081));
#9634=SURFACE_SIDE_STYLE('',(#10082));
#9635=SURFACE_SIDE_STYLE('',(#10083));
#9636=SURFACE_SIDE_STYLE('',(#10084));
#9637=SURFACE_SIDE_STYLE('',(#10085));
#9638=SURFACE_SIDE_STYLE('',(#10086));
#9639=SURFACE_SIDE_STYLE('',(#10087));
#9640=SURFACE_SIDE_STYLE('',(#10088));
#9641=SURFACE_SIDE_STYLE('',(#10089));
#9642=SURFACE_SIDE_STYLE('',(#10090));
#9643=SURFACE_SIDE_STYLE('',(#10091));
#9644=SURFACE_SIDE_STYLE('',(#10092));
#9645=SURFACE_SIDE_STYLE('',(#10093));
#9646=SURFACE_SIDE_STYLE('',(#10094));
#9647=SURFACE_SIDE_STYLE('',(#10095));
#9648=SURFACE_SIDE_STYLE('',(#10096));
#9649=SURFACE_SIDE_STYLE('',(#10097));
#9650=SURFACE_SIDE_STYLE('',(#10098));
#9651=SURFACE_SIDE_STYLE('',(#10099));
#9652=SURFACE_SIDE_STYLE('',(#10100));
#9653=SURFACE_SIDE_STYLE('',(#10101));
#9654=SURFACE_SIDE_STYLE('',(#10102));
#9655=SURFACE_SIDE_STYLE('',(#10103));
#9656=SURFACE_SIDE_STYLE('',(#10104));
#9657=SURFACE_SIDE_STYLE('',(#10105));
#9658=SURFACE_SIDE_STYLE('',(#10106));
#9659=SURFACE_SIDE_STYLE('',(#10107));
#9660=SURFACE_SIDE_STYLE('',(#10108));
#9661=SURFACE_SIDE_STYLE('',(#10109));
#9662=SURFACE_SIDE_STYLE('',(#10110));
#9663=SURFACE_SIDE_STYLE('',(#10111));
#9664=SURFACE_SIDE_STYLE('',(#10112));
#9665=SURFACE_SIDE_STYLE('',(#10113));
#9666=SURFACE_SIDE_STYLE('',(#10114));
#9667=SURFACE_SIDE_STYLE('',(#10115));
#9668=SURFACE_SIDE_STYLE('',(#10116));
#9669=SURFACE_SIDE_STYLE('',(#10117));
#9670=SURFACE_SIDE_STYLE('',(#10118));
#9671=SURFACE_SIDE_STYLE('',(#10119));
#9672=SURFACE_SIDE_STYLE('',(#10120));
#9673=SURFACE_SIDE_STYLE('',(#10121));
#9674=SURFACE_SIDE_STYLE('',(#10122));
#9675=SURFACE_SIDE_STYLE('',(#10123));
#9676=SURFACE_SIDE_STYLE('',(#10124));
#9677=SURFACE_SIDE_STYLE('',(#10125));
#9678=SURFACE_SIDE_STYLE('',(#10126));
#9679=SURFACE_SIDE_STYLE('',(#10127));
#9680=SURFACE_SIDE_STYLE('',(#10128));
#9681=SURFACE_SIDE_STYLE('',(#10129));
#9682=SURFACE_SIDE_STYLE('',(#10130));
#9683=SURFACE_SIDE_STYLE('',(#10131));
#9684=SURFACE_SIDE_STYLE('',(#10132));
#9685=SURFACE_SIDE_STYLE('',(#10133));
#9686=SURFACE_SIDE_STYLE('',(#10134));
#9687=SURFACE_SIDE_STYLE('',(#10135));
#9688=SURFACE_SIDE_STYLE('',(#10136));
#9689=SURFACE_SIDE_STYLE('',(#10137));
#9690=SURFACE_SIDE_STYLE('',(#10138));
#9691=SURFACE_SIDE_STYLE('',(#10139));
#9692=SURFACE_SIDE_STYLE('',(#10140));
#9693=SURFACE_SIDE_STYLE('',(#10141));
#9694=SURFACE_SIDE_STYLE('',(#10142));
#9695=SURFACE_SIDE_STYLE('',(#10143));
#9696=SURFACE_SIDE_STYLE('',(#10144));
#9697=SURFACE_SIDE_STYLE('',(#10145));
#9698=SURFACE_SIDE_STYLE('',(#10146));
#9699=SURFACE_SIDE_STYLE('',(#10147));
#9700=SURFACE_SIDE_STYLE('',(#10148));
#9701=SURFACE_SIDE_STYLE('',(#10149));
#9702=SURFACE_SIDE_STYLE('',(#10150));
#9703=SURFACE_SIDE_STYLE('',(#10151));
#9704=SURFACE_SIDE_STYLE('',(#10152));
#9705=SURFACE_SIDE_STYLE('',(#10153));
#9706=SURFACE_SIDE_STYLE('',(#10154));
#9707=SURFACE_SIDE_STYLE('',(#10155));
#9708=SURFACE_SIDE_STYLE('',(#10156));
#9709=SURFACE_SIDE_STYLE('',(#10157));
#9710=SURFACE_SIDE_STYLE('',(#10158));
#9711=SURFACE_SIDE_STYLE('',(#10159));
#9712=SURFACE_SIDE_STYLE('',(#10160));
#9713=SURFACE_SIDE_STYLE('',(#10161));
#9714=SURFACE_SIDE_STYLE('',(#10162));
#9715=SURFACE_SIDE_STYLE('',(#10163));
#9716=SURFACE_SIDE_STYLE('',(#10164));
#9717=SURFACE_SIDE_STYLE('',(#10165));
#9718=SURFACE_SIDE_STYLE('',(#10166));
#9719=SURFACE_SIDE_STYLE('',(#10167));
#9720=SURFACE_SIDE_STYLE('',(#10168));
#9721=SURFACE_SIDE_STYLE('',(#10169));
#9722=SURFACE_SIDE_STYLE('',(#10170));
#9723=SURFACE_SIDE_STYLE('',(#10171));
#9724=SURFACE_SIDE_STYLE('',(#10172));
#9725=SURFACE_SIDE_STYLE('',(#10173));
#9726=SURFACE_SIDE_STYLE('',(#10174));
#9727=SURFACE_SIDE_STYLE('',(#10175));
#9728=SURFACE_SIDE_STYLE('',(#10176));
#9729=SURFACE_SIDE_STYLE('',(#10177));
#9730=SURFACE_SIDE_STYLE('',(#10178));
#9731=SURFACE_SIDE_STYLE('',(#10179));
#9732=SURFACE_SIDE_STYLE('',(#10180));
#9733=SURFACE_SIDE_STYLE('',(#10181));
#9734=SURFACE_SIDE_STYLE('',(#10182));
#9735=SURFACE_SIDE_STYLE('',(#10183));
#9736=SURFACE_SIDE_STYLE('',(#10184));
#9737=SURFACE_SIDE_STYLE('',(#10185));
#9738=SURFACE_SIDE_STYLE('',(#10186));
#9739=SURFACE_SIDE_STYLE('',(#10187));
#9740=SURFACE_SIDE_STYLE('',(#10188));
#9741=SURFACE_SIDE_STYLE('',(#10189));
#9742=SURFACE_SIDE_STYLE('',(#10190));
#9743=SURFACE_SIDE_STYLE('',(#10191));
#9744=SURFACE_SIDE_STYLE('',(#10192));
#9745=SURFACE_SIDE_STYLE('',(#10193));
#9746=SURFACE_SIDE_STYLE('',(#10194));
#9747=SURFACE_SIDE_STYLE('',(#10195));
#9748=SURFACE_SIDE_STYLE('',(#10196));
#9749=SURFACE_SIDE_STYLE('',(#10197));
#9750=SURFACE_SIDE_STYLE('',(#10198));
#9751=SURFACE_SIDE_STYLE('',(#10199));
#9752=SURFACE_SIDE_STYLE('',(#10200));
#9753=SURFACE_SIDE_STYLE('',(#10201));
#9754=SURFACE_SIDE_STYLE('',(#10202));
#9755=SURFACE_SIDE_STYLE('',(#10203));
#9756=SURFACE_SIDE_STYLE('',(#10204));
#9757=SURFACE_SIDE_STYLE('',(#10205));
#9758=SURFACE_SIDE_STYLE('',(#10206));
#9759=SURFACE_SIDE_STYLE('',(#10207));
#9760=SURFACE_SIDE_STYLE('',(#10208));
#9761=SURFACE_SIDE_STYLE('',(#10209));
#9762=SURFACE_SIDE_STYLE('',(#10210));
#9763=SURFACE_SIDE_STYLE('',(#10211));
#9764=SURFACE_SIDE_STYLE('',(#10212));
#9765=SURFACE_SIDE_STYLE('',(#10213));
#9766=SURFACE_SIDE_STYLE('',(#10214));
#9767=SURFACE_SIDE_STYLE('',(#10215));
#9768=SURFACE_SIDE_STYLE('',(#10216));
#9769=SURFACE_SIDE_STYLE('',(#10217));
#9770=SURFACE_SIDE_STYLE('',(#10218));
#9771=SURFACE_SIDE_STYLE('',(#10219));
#9772=SURFACE_SIDE_STYLE('',(#10220));
#9773=SURFACE_SIDE_STYLE('',(#10221));
#9774=SURFACE_SIDE_STYLE('',(#10222));
#9775=SURFACE_SIDE_STYLE('',(#10223));
#9776=SURFACE_SIDE_STYLE('',(#10224));
#9777=SURFACE_SIDE_STYLE('',(#10225));
#9778=SURFACE_SIDE_STYLE('',(#10226));
#9779=SURFACE_SIDE_STYLE('',(#10227));
#9780=SURFACE_SIDE_STYLE('',(#10228));
#9781=SURFACE_SIDE_STYLE('',(#10229));
#9782=SURFACE_SIDE_STYLE('',(#10230));
#9783=SURFACE_SIDE_STYLE('',(#10231));
#9784=SURFACE_SIDE_STYLE('',(#10232));
#9785=SURFACE_SIDE_STYLE('',(#10233));
#9786=SURFACE_SIDE_STYLE('',(#10234));
#9787=SURFACE_SIDE_STYLE('',(#10235));
#9788=SURFACE_SIDE_STYLE('',(#10236));
#9789=SURFACE_SIDE_STYLE('',(#10237));
#9790=SURFACE_SIDE_STYLE('',(#10238));
#9791=SURFACE_SIDE_STYLE('',(#10239));
#9792=SURFACE_SIDE_STYLE('',(#10240));
#9793=SURFACE_SIDE_STYLE('',(#10241));
#9794=SURFACE_SIDE_STYLE('',(#10242));
#9795=SURFACE_SIDE_STYLE('',(#10243));
#9796=SURFACE_SIDE_STYLE('',(#10244));
#9797=SURFACE_SIDE_STYLE('',(#10245));
#9798=SURFACE_SIDE_STYLE('',(#10246));
#9799=SURFACE_SIDE_STYLE('',(#10247));
#9800=SURFACE_SIDE_STYLE('',(#10248));
#9801=SURFACE_SIDE_STYLE('',(#10249));
#9802=SURFACE_SIDE_STYLE('',(#10250));
#9803=SURFACE_SIDE_STYLE('',(#10251));
#9804=SURFACE_SIDE_STYLE('',(#10252));
#9805=SURFACE_SIDE_STYLE('',(#10253));
#9806=SURFACE_SIDE_STYLE('',(#10254));
#9807=SURFACE_SIDE_STYLE('',(#10255));
#9808=SURFACE_SIDE_STYLE('',(#10256));
#9809=SURFACE_SIDE_STYLE('',(#10257));
#9810=SURFACE_SIDE_STYLE('',(#10258));
#9811=SURFACE_SIDE_STYLE('',(#10259));
#9812=SURFACE_SIDE_STYLE('',(#10260));
#9813=SURFACE_SIDE_STYLE('',(#10261));
#9814=SURFACE_SIDE_STYLE('',(#10262));
#9815=SURFACE_SIDE_STYLE('',(#10263));
#9816=SURFACE_SIDE_STYLE('',(#10264));
#9817=SURFACE_SIDE_STYLE('',(#10265));
#9818=SURFACE_SIDE_STYLE('',(#10266));
#9819=SURFACE_SIDE_STYLE('',(#10267));
#9820=SURFACE_SIDE_STYLE('',(#10268));
#9821=SURFACE_SIDE_STYLE('',(#10269));
#9822=SURFACE_SIDE_STYLE('',(#10270));
#9823=SURFACE_SIDE_STYLE('',(#10271));
#9824=SURFACE_SIDE_STYLE('',(#10272));
#9825=SURFACE_SIDE_STYLE('',(#10273));
#9826=SURFACE_SIDE_STYLE('',(#10274));
#9827=SURFACE_SIDE_STYLE('',(#10275));
#9828=SURFACE_SIDE_STYLE('',(#10276));
#9829=SURFACE_SIDE_STYLE('',(#10277));
#9830=SURFACE_SIDE_STYLE('',(#10278));
#9831=SURFACE_SIDE_STYLE('',(#10279));
#9832=SURFACE_SIDE_STYLE('',(#10280));
#9833=SURFACE_SIDE_STYLE('',(#10281));
#9834=SURFACE_SIDE_STYLE('',(#10282));
#9835=SURFACE_SIDE_STYLE('',(#10283));
#9836=SURFACE_SIDE_STYLE('',(#10284));
#9837=SURFACE_SIDE_STYLE('',(#10285));
#9838=SURFACE_SIDE_STYLE('',(#10286));
#9839=SURFACE_SIDE_STYLE('',(#10287));
#9840=SURFACE_SIDE_STYLE('',(#10288));
#9841=SURFACE_SIDE_STYLE('',(#10289));
#9842=SURFACE_SIDE_STYLE('',(#10290));
#9843=SURFACE_SIDE_STYLE('',(#10291));
#9844=SURFACE_SIDE_STYLE('',(#10292));
#9845=SURFACE_SIDE_STYLE('',(#10293));
#9846=SURFACE_SIDE_STYLE('',(#10294));
#9847=SURFACE_SIDE_STYLE('',(#10295));
#9848=SURFACE_SIDE_STYLE('',(#10296));
#9849=SURFACE_SIDE_STYLE('',(#10297));
#9850=SURFACE_SIDE_STYLE('',(#10298));
#9851=SURFACE_SIDE_STYLE('',(#10299));
#9852=SURFACE_SIDE_STYLE('',(#10300));
#9853=SURFACE_SIDE_STYLE('',(#10301));
#9854=SURFACE_SIDE_STYLE('',(#10302));
#9855=SURFACE_SIDE_STYLE('',(#10303));
#9856=SURFACE_SIDE_STYLE('',(#10304));
#9857=SURFACE_SIDE_STYLE('',(#10305));
#9858=SURFACE_SIDE_STYLE('',(#10306));
#9859=SURFACE_SIDE_STYLE('',(#10307));
#9860=SURFACE_SIDE_STYLE('',(#10308));
#9861=SURFACE_SIDE_STYLE('',(#10309));
#9862=SURFACE_SIDE_STYLE('',(#10310));
#9863=SURFACE_SIDE_STYLE('',(#10311));
#9864=SURFACE_SIDE_STYLE('',(#10312));
#9865=SURFACE_SIDE_STYLE('',(#10313));
#9866=SURFACE_SIDE_STYLE('',(#10314));
#9867=SURFACE_STYLE_FILL_AREA(#10315);
#9868=SURFACE_STYLE_FILL_AREA(#10316);
#9869=SURFACE_STYLE_FILL_AREA(#10317);
#9870=SURFACE_STYLE_FILL_AREA(#10318);
#9871=SURFACE_STYLE_FILL_AREA(#10319);
#9872=SURFACE_STYLE_FILL_AREA(#10320);
#9873=SURFACE_STYLE_FILL_AREA(#10321);
#9874=SURFACE_STYLE_FILL_AREA(#10322);
#9875=SURFACE_STYLE_FILL_AREA(#10323);
#9876=SURFACE_STYLE_FILL_AREA(#10324);
#9877=SURFACE_STYLE_FILL_AREA(#10325);
#9878=SURFACE_STYLE_FILL_AREA(#10326);
#9879=SURFACE_STYLE_FILL_AREA(#10327);
#9880=SURFACE_STYLE_FILL_AREA(#10328);
#9881=SURFACE_STYLE_FILL_AREA(#10329);
#9882=SURFACE_STYLE_FILL_AREA(#10330);
#9883=SURFACE_STYLE_FILL_AREA(#10331);
#9884=SURFACE_STYLE_FILL_AREA(#10332);
#9885=SURFACE_STYLE_FILL_AREA(#10333);
#9886=SURFACE_STYLE_FILL_AREA(#10334);
#9887=SURFACE_STYLE_FILL_AREA(#10335);
#9888=SURFACE_STYLE_FILL_AREA(#10336);
#9889=SURFACE_STYLE_FILL_AREA(#10337);
#9890=SURFACE_STYLE_FILL_AREA(#10338);
#9891=SURFACE_STYLE_FILL_AREA(#10339);
#9892=SURFACE_STYLE_FILL_AREA(#10340);
#9893=SURFACE_STYLE_FILL_AREA(#10341);
#9894=SURFACE_STYLE_FILL_AREA(#10342);
#9895=SURFACE_STYLE_FILL_AREA(#10343);
#9896=SURFACE_STYLE_FILL_AREA(#10344);
#9897=SURFACE_STYLE_FILL_AREA(#10345);
#9898=SURFACE_STYLE_FILL_AREA(#10346);
#9899=SURFACE_STYLE_FILL_AREA(#10347);
#9900=SURFACE_STYLE_FILL_AREA(#10348);
#9901=SURFACE_STYLE_FILL_AREA(#10349);
#9902=SURFACE_STYLE_FILL_AREA(#10350);
#9903=SURFACE_STYLE_FILL_AREA(#10351);
#9904=SURFACE_STYLE_FILL_AREA(#10352);
#9905=SURFACE_STYLE_FILL_AREA(#10353);
#9906=SURFACE_STYLE_FILL_AREA(#10354);
#9907=SURFACE_STYLE_FILL_AREA(#10355);
#9908=SURFACE_STYLE_FILL_AREA(#10356);
#9909=SURFACE_STYLE_FILL_AREA(#10357);
#9910=SURFACE_STYLE_FILL_AREA(#10358);
#9911=SURFACE_STYLE_FILL_AREA(#10359);
#9912=SURFACE_STYLE_FILL_AREA(#10360);
#9913=SURFACE_STYLE_FILL_AREA(#10361);
#9914=SURFACE_STYLE_FILL_AREA(#10362);
#9915=SURFACE_STYLE_FILL_AREA(#10363);
#9916=SURFACE_STYLE_FILL_AREA(#10364);
#9917=SURFACE_STYLE_FILL_AREA(#10365);
#9918=SURFACE_STYLE_FILL_AREA(#10366);
#9919=SURFACE_STYLE_FILL_AREA(#10367);
#9920=SURFACE_STYLE_FILL_AREA(#10368);
#9921=SURFACE_STYLE_FILL_AREA(#10369);
#9922=SURFACE_STYLE_FILL_AREA(#10370);
#9923=SURFACE_STYLE_FILL_AREA(#10371);
#9924=SURFACE_STYLE_FILL_AREA(#10372);
#9925=SURFACE_STYLE_FILL_AREA(#10373);
#9926=SURFACE_STYLE_FILL_AREA(#10374);
#9927=SURFACE_STYLE_FILL_AREA(#10375);
#9928=SURFACE_STYLE_FILL_AREA(#10376);
#9929=SURFACE_STYLE_FILL_AREA(#10377);
#9930=SURFACE_STYLE_FILL_AREA(#10378);
#9931=SURFACE_STYLE_FILL_AREA(#10379);
#9932=SURFACE_STYLE_FILL_AREA(#10380);
#9933=SURFACE_STYLE_FILL_AREA(#10381);
#9934=SURFACE_STYLE_FILL_AREA(#10382);
#9935=SURFACE_STYLE_FILL_AREA(#10383);
#9936=SURFACE_STYLE_FILL_AREA(#10384);
#9937=SURFACE_STYLE_FILL_AREA(#10385);
#9938=SURFACE_STYLE_FILL_AREA(#10386);
#9939=SURFACE_STYLE_FILL_AREA(#10387);
#9940=SURFACE_STYLE_FILL_AREA(#10388);
#9941=SURFACE_STYLE_FILL_AREA(#10389);
#9942=SURFACE_STYLE_FILL_AREA(#10390);
#9943=SURFACE_STYLE_FILL_AREA(#10391);
#9944=SURFACE_STYLE_FILL_AREA(#10392);
#9945=SURFACE_STYLE_FILL_AREA(#10393);
#9946=SURFACE_STYLE_FILL_AREA(#10394);
#9947=SURFACE_STYLE_FILL_AREA(#10395);
#9948=SURFACE_STYLE_FILL_AREA(#10396);
#9949=SURFACE_STYLE_FILL_AREA(#10397);
#9950=SURFACE_STYLE_FILL_AREA(#10398);
#9951=SURFACE_STYLE_FILL_AREA(#10399);
#9952=SURFACE_STYLE_FILL_AREA(#10400);
#9953=SURFACE_STYLE_FILL_AREA(#10401);
#9954=SURFACE_STYLE_FILL_AREA(#10402);
#9955=SURFACE_STYLE_FILL_AREA(#10403);
#9956=SURFACE_STYLE_FILL_AREA(#10404);
#9957=SURFACE_STYLE_FILL_AREA(#10405);
#9958=SURFACE_STYLE_FILL_AREA(#10406);
#9959=SURFACE_STYLE_FILL_AREA(#10407);
#9960=SURFACE_STYLE_FILL_AREA(#10408);
#9961=SURFACE_STYLE_FILL_AREA(#10409);
#9962=SURFACE_STYLE_FILL_AREA(#10410);
#9963=SURFACE_STYLE_FILL_AREA(#10411);
#9964=SURFACE_STYLE_FILL_AREA(#10412);
#9965=SURFACE_STYLE_FILL_AREA(#10413);
#9966=SURFACE_STYLE_FILL_AREA(#10414);
#9967=SURFACE_STYLE_FILL_AREA(#10415);
#9968=SURFACE_STYLE_FILL_AREA(#10416);
#9969=SURFACE_STYLE_FILL_AREA(#10417);
#9970=SURFACE_STYLE_FILL_AREA(#10418);
#9971=SURFACE_STYLE_FILL_AREA(#10419);
#9972=SURFACE_STYLE_FILL_AREA(#10420);
#9973=SURFACE_STYLE_FILL_AREA(#10421);
#9974=SURFACE_STYLE_FILL_AREA(#10422);
#9975=SURFACE_STYLE_FILL_AREA(#10423);
#9976=SURFACE_STYLE_FILL_AREA(#10424);
#9977=SURFACE_STYLE_FILL_AREA(#10425);
#9978=SURFACE_STYLE_FILL_AREA(#10426);
#9979=SURFACE_STYLE_FILL_AREA(#10427);
#9980=SURFACE_STYLE_FILL_AREA(#10428);
#9981=SURFACE_STYLE_FILL_AREA(#10429);
#9982=SURFACE_STYLE_FILL_AREA(#10430);
#9983=SURFACE_STYLE_FILL_AREA(#10431);
#9984=SURFACE_STYLE_FILL_AREA(#10432);
#9985=SURFACE_STYLE_FILL_AREA(#10433);
#9986=SURFACE_STYLE_FILL_AREA(#10434);
#9987=SURFACE_STYLE_FILL_AREA(#10435);
#9988=SURFACE_STYLE_FILL_AREA(#10436);
#9989=SURFACE_STYLE_FILL_AREA(#10437);
#9990=SURFACE_STYLE_FILL_AREA(#10438);
#9991=SURFACE_STYLE_FILL_AREA(#10439);
#9992=SURFACE_STYLE_FILL_AREA(#10440);
#9993=SURFACE_STYLE_FILL_AREA(#10441);
#9994=SURFACE_STYLE_FILL_AREA(#10442);
#9995=SURFACE_STYLE_FILL_AREA(#10443);
#9996=SURFACE_STYLE_FILL_AREA(#10444);
#9997=SURFACE_STYLE_FILL_AREA(#10445);
#9998=SURFACE_STYLE_FILL_AREA(#10446);
#9999=SURFACE_STYLE_FILL_AREA(#10447);
#10000=SURFACE_STYLE_FILL_AREA(#10448);
#10001=SURFACE_STYLE_FILL_AREA(#10449);
#10002=SURFACE_STYLE_FILL_AREA(#10450);
#10003=SURFACE_STYLE_FILL_AREA(#10451);
#10004=SURFACE_STYLE_FILL_AREA(#10452);
#10005=SURFACE_STYLE_FILL_AREA(#10453);
#10006=SURFACE_STYLE_FILL_AREA(#10454);
#10007=SURFACE_STYLE_FILL_AREA(#10455);
#10008=SURFACE_STYLE_FILL_AREA(#10456);
#10009=SURFACE_STYLE_FILL_AREA(#10457);
#10010=SURFACE_STYLE_FILL_AREA(#10458);
#10011=SURFACE_STYLE_FILL_AREA(#10459);
#10012=SURFACE_STYLE_FILL_AREA(#10460);
#10013=SURFACE_STYLE_FILL_AREA(#10461);
#10014=SURFACE_STYLE_FILL_AREA(#10462);
#10015=SURFACE_STYLE_FILL_AREA(#10463);
#10016=SURFACE_STYLE_FILL_AREA(#10464);
#10017=SURFACE_STYLE_FILL_AREA(#10465);
#10018=SURFACE_STYLE_FILL_AREA(#10466);
#10019=SURFACE_STYLE_FILL_AREA(#10467);
#10020=SURFACE_STYLE_FILL_AREA(#10468);
#10021=SURFACE_STYLE_FILL_AREA(#10469);
#10022=SURFACE_STYLE_FILL_AREA(#10470);
#10023=SURFACE_STYLE_FILL_AREA(#10471);
#10024=SURFACE_STYLE_FILL_AREA(#10472);
#10025=SURFACE_STYLE_FILL_AREA(#10473);
#10026=SURFACE_STYLE_FILL_AREA(#10474);
#10027=SURFACE_STYLE_FILL_AREA(#10475);
#10028=SURFACE_STYLE_FILL_AREA(#10476);
#10029=SURFACE_STYLE_FILL_AREA(#10477);
#10030=SURFACE_STYLE_FILL_AREA(#10478);
#10031=SURFACE_STYLE_FILL_AREA(#10479);
#10032=SURFACE_STYLE_FILL_AREA(#10480);
#10033=SURFACE_STYLE_FILL_AREA(#10481);
#10034=SURFACE_STYLE_FILL_AREA(#10482);
#10035=SURFACE_STYLE_FILL_AREA(#10483);
#10036=SURFACE_STYLE_FILL_AREA(#10484);
#10037=SURFACE_STYLE_FILL_AREA(#10485);
#10038=SURFACE_STYLE_FILL_AREA(#10486);
#10039=SURFACE_STYLE_FILL_AREA(#10487);
#10040=SURFACE_STYLE_FILL_AREA(#10488);
#10041=SURFACE_STYLE_FILL_AREA(#10489);
#10042=SURFACE_STYLE_FILL_AREA(#10490);
#10043=SURFACE_STYLE_FILL_AREA(#10491);
#10044=SURFACE_STYLE_FILL_AREA(#10492);
#10045=SURFACE_STYLE_FILL_AREA(#10493);
#10046=SURFACE_STYLE_FILL_AREA(#10494);
#10047=SURFACE_STYLE_FILL_AREA(#10495);
#10048=SURFACE_STYLE_FILL_AREA(#10496);
#10049=SURFACE_STYLE_FILL_AREA(#10497);
#10050=SURFACE_STYLE_FILL_AREA(#10498);
#10051=SURFACE_STYLE_FILL_AREA(#10499);
#10052=SURFACE_STYLE_FILL_AREA(#10500);
#10053=SURFACE_STYLE_FILL_AREA(#10501);
#10054=SURFACE_STYLE_FILL_AREA(#10502);
#10055=SURFACE_STYLE_FILL_AREA(#10503);
#10056=SURFACE_STYLE_FILL_AREA(#10504);
#10057=SURFACE_STYLE_FILL_AREA(#10505);
#10058=SURFACE_STYLE_FILL_AREA(#10506);
#10059=SURFACE_STYLE_FILL_AREA(#10507);
#10060=SURFACE_STYLE_FILL_AREA(#10508);
#10061=SURFACE_STYLE_FILL_AREA(#10509);
#10062=SURFACE_STYLE_FILL_AREA(#10510);
#10063=SURFACE_STYLE_FILL_AREA(#10511);
#10064=SURFACE_STYLE_FILL_AREA(#10512);
#10065=SURFACE_STYLE_FILL_AREA(#10513);
#10066=SURFACE_STYLE_FILL_AREA(#10514);
#10067=SURFACE_STYLE_FILL_AREA(#10515);
#10068=SURFACE_STYLE_FILL_AREA(#10516);
#10069=SURFACE_STYLE_FILL_AREA(#10517);
#10070=SURFACE_STYLE_FILL_AREA(#10518);
#10071=SURFACE_STYLE_FILL_AREA(#10519);
#10072=SURFACE_STYLE_FILL_AREA(#10520);
#10073=SURFACE_STYLE_FILL_AREA(#10521);
#10074=SURFACE_STYLE_FILL_AREA(#10522);
#10075=SURFACE_STYLE_FILL_AREA(#10523);
#10076=SURFACE_STYLE_FILL_AREA(#10524);
#10077=SURFACE_STYLE_FILL_AREA(#10525);
#10078=SURFACE_STYLE_FILL_AREA(#10526);
#10079=SURFACE_STYLE_FILL_AREA(#10527);
#10080=SURFACE_STYLE_FILL_AREA(#10528);
#10081=SURFACE_STYLE_FILL_AREA(#10529);
#10082=SURFACE_STYLE_FILL_AREA(#10530);
#10083=SURFACE_STYLE_FILL_AREA(#10531);
#10084=SURFACE_STYLE_FILL_AREA(#10532);
#10085=SURFACE_STYLE_FILL_AREA(#10533);
#10086=SURFACE_STYLE_FILL_AREA(#10534);
#10087=SURFACE_STYLE_FILL_AREA(#10535);
#10088=SURFACE_STYLE_FILL_AREA(#10536);
#10089=SURFACE_STYLE_FILL_AREA(#10537);
#10090=SURFACE_STYLE_FILL_AREA(#10538);
#10091=SURFACE_STYLE_FILL_AREA(#10539);
#10092=SURFACE_STYLE_FILL_AREA(#10540);
#10093=SURFACE_STYLE_FILL_AREA(#10541);
#10094=SURFACE_STYLE_FILL_AREA(#10542);
#10095=SURFACE_STYLE_FILL_AREA(#10543);
#10096=SURFACE_STYLE_FILL_AREA(#10544);
#10097=SURFACE_STYLE_FILL_AREA(#10545);
#10098=SURFACE_STYLE_FILL_AREA(#10546);
#10099=SURFACE_STYLE_FILL_AREA(#10547);
#10100=SURFACE_STYLE_FILL_AREA(#10548);
#10101=SURFACE_STYLE_FILL_AREA(#10549);
#10102=SURFACE_STYLE_FILL_AREA(#10550);
#10103=SURFACE_STYLE_FILL_AREA(#10551);
#10104=SURFACE_STYLE_FILL_AREA(#10552);
#10105=SURFACE_STYLE_FILL_AREA(#10553);
#10106=SURFACE_STYLE_FILL_AREA(#10554);
#10107=SURFACE_STYLE_FILL_AREA(#10555);
#10108=SURFACE_STYLE_FILL_AREA(#10556);
#10109=SURFACE_STYLE_FILL_AREA(#10557);
#10110=SURFACE_STYLE_FILL_AREA(#10558);
#10111=SURFACE_STYLE_FILL_AREA(#10559);
#10112=SURFACE_STYLE_FILL_AREA(#10560);
#10113=SURFACE_STYLE_FILL_AREA(#10561);
#10114=SURFACE_STYLE_FILL_AREA(#10562);
#10115=SURFACE_STYLE_FILL_AREA(#10563);
#10116=SURFACE_STYLE_FILL_AREA(#10564);
#10117=SURFACE_STYLE_FILL_AREA(#10565);
#10118=SURFACE_STYLE_FILL_AREA(#10566);
#10119=SURFACE_STYLE_FILL_AREA(#10567);
#10120=SURFACE_STYLE_FILL_AREA(#10568);
#10121=SURFACE_STYLE_FILL_AREA(#10569);
#10122=SURFACE_STYLE_FILL_AREA(#10570);
#10123=SURFACE_STYLE_FILL_AREA(#10571);
#10124=SURFACE_STYLE_FILL_AREA(#10572);
#10125=SURFACE_STYLE_FILL_AREA(#10573);
#10126=SURFACE_STYLE_FILL_AREA(#10574);
#10127=SURFACE_STYLE_FILL_AREA(#10575);
#10128=SURFACE_STYLE_FILL_AREA(#10576);
#10129=SURFACE_STYLE_FILL_AREA(#10577);
#10130=SURFACE_STYLE_FILL_AREA(#10578);
#10131=SURFACE_STYLE_FILL_AREA(#10579);
#10132=SURFACE_STYLE_FILL_AREA(#10580);
#10133=SURFACE_STYLE_FILL_AREA(#10581);
#10134=SURFACE_STYLE_FILL_AREA(#10582);
#10135=SURFACE_STYLE_FILL_AREA(#10583);
#10136=SURFACE_STYLE_FILL_AREA(#10584);
#10137=SURFACE_STYLE_FILL_AREA(#10585);
#10138=SURFACE_STYLE_FILL_AREA(#10586);
#10139=SURFACE_STYLE_FILL_AREA(#10587);
#10140=SURFACE_STYLE_FILL_AREA(#10588);
#10141=SURFACE_STYLE_FILL_AREA(#10589);
#10142=SURFACE_STYLE_FILL_AREA(#10590);
#10143=SURFACE_STYLE_FILL_AREA(#10591);
#10144=SURFACE_STYLE_FILL_AREA(#10592);
#10145=SURFACE_STYLE_FILL_AREA(#10593);
#10146=SURFACE_STYLE_FILL_AREA(#10594);
#10147=SURFACE_STYLE_FILL_AREA(#10595);
#10148=SURFACE_STYLE_FILL_AREA(#10596);
#10149=SURFACE_STYLE_FILL_AREA(#10597);
#10150=SURFACE_STYLE_FILL_AREA(#10598);
#10151=SURFACE_STYLE_FILL_AREA(#10599);
#10152=SURFACE_STYLE_FILL_AREA(#10600);
#10153=SURFACE_STYLE_FILL_AREA(#10601);
#10154=SURFACE_STYLE_FILL_AREA(#10602);
#10155=SURFACE_STYLE_FILL_AREA(#10603);
#10156=SURFACE_STYLE_FILL_AREA(#10604);
#10157=SURFACE_STYLE_FILL_AREA(#10605);
#10158=SURFACE_STYLE_FILL_AREA(#10606);
#10159=SURFACE_STYLE_FILL_AREA(#10607);
#10160=SURFACE_STYLE_FILL_AREA(#10608);
#10161=SURFACE_STYLE_FILL_AREA(#10609);
#10162=SURFACE_STYLE_FILL_AREA(#10610);
#10163=SURFACE_STYLE_FILL_AREA(#10611);
#10164=SURFACE_STYLE_FILL_AREA(#10612);
#10165=SURFACE_STYLE_FILL_AREA(#10613);
#10166=SURFACE_STYLE_FILL_AREA(#10614);
#10167=SURFACE_STYLE_FILL_AREA(#10615);
#10168=SURFACE_STYLE_FILL_AREA(#10616);
#10169=SURFACE_STYLE_FILL_AREA(#10617);
#10170=SURFACE_STYLE_FILL_AREA(#10618);
#10171=SURFACE_STYLE_FILL_AREA(#10619);
#10172=SURFACE_STYLE_FILL_AREA(#10620);
#10173=SURFACE_STYLE_FILL_AREA(#10621);
#10174=SURFACE_STYLE_FILL_AREA(#10622);
#10175=SURFACE_STYLE_FILL_AREA(#10623);
#10176=SURFACE_STYLE_FILL_AREA(#10624);
#10177=SURFACE_STYLE_FILL_AREA(#10625);
#10178=SURFACE_STYLE_FILL_AREA(#10626);
#10179=SURFACE_STYLE_FILL_AREA(#10627);
#10180=SURFACE_STYLE_FILL_AREA(#10628);
#10181=SURFACE_STYLE_FILL_AREA(#10629);
#10182=SURFACE_STYLE_FILL_AREA(#10630);
#10183=SURFACE_STYLE_FILL_AREA(#10631);
#10184=SURFACE_STYLE_FILL_AREA(#10632);
#10185=SURFACE_STYLE_FILL_AREA(#10633);
#10186=SURFACE_STYLE_FILL_AREA(#10634);
#10187=SURFACE_STYLE_FILL_AREA(#10635);
#10188=SURFACE_STYLE_FILL_AREA(#10636);
#10189=SURFACE_STYLE_FILL_AREA(#10637);
#10190=SURFACE_STYLE_FILL_AREA(#10638);
#10191=SURFACE_STYLE_FILL_AREA(#10639);
#10192=SURFACE_STYLE_FILL_AREA(#10640);
#10193=SURFACE_STYLE_FILL_AREA(#10641);
#10194=SURFACE_STYLE_FILL_AREA(#10642);
#10195=SURFACE_STYLE_FILL_AREA(#10643);
#10196=SURFACE_STYLE_FILL_AREA(#10644);
#10197=SURFACE_STYLE_FILL_AREA(#10645);
#10198=SURFACE_STYLE_FILL_AREA(#10646);
#10199=SURFACE_STYLE_FILL_AREA(#10647);
#10200=SURFACE_STYLE_FILL_AREA(#10648);
#10201=SURFACE_STYLE_FILL_AREA(#10649);
#10202=SURFACE_STYLE_FILL_AREA(#10650);
#10203=SURFACE_STYLE_FILL_AREA(#10651);
#10204=SURFACE_STYLE_FILL_AREA(#10652);
#10205=SURFACE_STYLE_FILL_AREA(#10653);
#10206=SURFACE_STYLE_FILL_AREA(#10654);
#10207=SURFACE_STYLE_FILL_AREA(#10655);
#10208=SURFACE_STYLE_FILL_AREA(#10656);
#10209=SURFACE_STYLE_FILL_AREA(#10657);
#10210=SURFACE_STYLE_FILL_AREA(#10658);
#10211=SURFACE_STYLE_FILL_AREA(#10659);
#10212=SURFACE_STYLE_FILL_AREA(#10660);
#10213=SURFACE_STYLE_FILL_AREA(#10661);
#10214=SURFACE_STYLE_FILL_AREA(#10662);
#10215=SURFACE_STYLE_FILL_AREA(#10663);
#10216=SURFACE_STYLE_FILL_AREA(#10664);
#10217=SURFACE_STYLE_FILL_AREA(#10665);
#10218=SURFACE_STYLE_FILL_AREA(#10666);
#10219=SURFACE_STYLE_FILL_AREA(#10667);
#10220=SURFACE_STYLE_FILL_AREA(#10668);
#10221=SURFACE_STYLE_FILL_AREA(#10669);
#10222=SURFACE_STYLE_FILL_AREA(#10670);
#10223=SURFACE_STYLE_FILL_AREA(#10671);
#10224=SURFACE_STYLE_FILL_AREA(#10672);
#10225=SURFACE_STYLE_FILL_AREA(#10673);
#10226=SURFACE_STYLE_FILL_AREA(#10674);
#10227=SURFACE_STYLE_FILL_AREA(#10675);
#10228=SURFACE_STYLE_FILL_AREA(#10676);
#10229=SURFACE_STYLE_FILL_AREA(#10677);
#10230=SURFACE_STYLE_FILL_AREA(#10678);
#10231=SURFACE_STYLE_FILL_AREA(#10679);
#10232=SURFACE_STYLE_FILL_AREA(#10680);
#10233=SURFACE_STYLE_FILL_AREA(#10681);
#10234=SURFACE_STYLE_FILL_AREA(#10682);
#10235=SURFACE_STYLE_FILL_AREA(#10683);
#10236=SURFACE_STYLE_FILL_AREA(#10684);
#10237=SURFACE_STYLE_FILL_AREA(#10685);
#10238=SURFACE_STYLE_FILL_AREA(#10686);
#10239=SURFACE_STYLE_FILL_AREA(#10687);
#10240=SURFACE_STYLE_FILL_AREA(#10688);
#10241=SURFACE_STYLE_FILL_AREA(#10689);
#10242=SURFACE_STYLE_FILL_AREA(#10690);
#10243=SURFACE_STYLE_FILL_AREA(#10691);
#10244=SURFACE_STYLE_FILL_AREA(#10692);
#10245=SURFACE_STYLE_FILL_AREA(#10693);
#10246=SURFACE_STYLE_FILL_AREA(#10694);
#10247=SURFACE_STYLE_FILL_AREA(#10695);
#10248=SURFACE_STYLE_FILL_AREA(#10696);
#10249=SURFACE_STYLE_FILL_AREA(#10697);
#10250=SURFACE_STYLE_FILL_AREA(#10698);
#10251=SURFACE_STYLE_FILL_AREA(#10699);
#10252=SURFACE_STYLE_FILL_AREA(#10700);
#10253=SURFACE_STYLE_FILL_AREA(#10701);
#10254=SURFACE_STYLE_FILL_AREA(#10702);
#10255=SURFACE_STYLE_FILL_AREA(#10703);
#10256=SURFACE_STYLE_FILL_AREA(#10704);
#10257=SURFACE_STYLE_FILL_AREA(#10705);
#10258=SURFACE_STYLE_FILL_AREA(#10706);
#10259=SURFACE_STYLE_FILL_AREA(#10707);
#10260=SURFACE_STYLE_FILL_AREA(#10708);
#10261=SURFACE_STYLE_FILL_AREA(#10709);
#10262=SURFACE_STYLE_FILL_AREA(#10710);
#10263=SURFACE_STYLE_FILL_AREA(#10711);
#10264=SURFACE_STYLE_FILL_AREA(#10712);
#10265=SURFACE_STYLE_FILL_AREA(#10713);
#10266=SURFACE_STYLE_FILL_AREA(#10714);
#10267=SURFACE_STYLE_FILL_AREA(#10715);
#10268=SURFACE_STYLE_FILL_AREA(#10716);
#10269=SURFACE_STYLE_FILL_AREA(#10717);
#10270=SURFACE_STYLE_FILL_AREA(#10718);
#10271=SURFACE_STYLE_FILL_AREA(#10719);
#10272=SURFACE_STYLE_FILL_AREA(#10720);
#10273=SURFACE_STYLE_FILL_AREA(#10721);
#10274=SURFACE_STYLE_FILL_AREA(#10722);
#10275=SURFACE_STYLE_FILL_AREA(#10723);
#10276=SURFACE_STYLE_FILL_AREA(#10724);
#10277=SURFACE_STYLE_FILL_AREA(#10725);
#10278=SURFACE_STYLE_FILL_AREA(#10726);
#10279=SURFACE_STYLE_FILL_AREA(#10727);
#10280=SURFACE_STYLE_FILL_AREA(#10728);
#10281=SURFACE_STYLE_FILL_AREA(#10729);
#10282=SURFACE_STYLE_FILL_AREA(#10730);
#10283=SURFACE_STYLE_FILL_AREA(#10731);
#10284=SURFACE_STYLE_FILL_AREA(#10732);
#10285=SURFACE_STYLE_FILL_AREA(#10733);
#10286=SURFACE_STYLE_FILL_AREA(#10734);
#10287=SURFACE_STYLE_FILL_AREA(#10735);
#10288=SURFACE_STYLE_FILL_AREA(#10736);
#10289=SURFACE_STYLE_FILL_AREA(#10737);
#10290=SURFACE_STYLE_FILL_AREA(#10738);
#10291=SURFACE_STYLE_FILL_AREA(#10739);
#10292=SURFACE_STYLE_FILL_AREA(#10740);
#10293=SURFACE_STYLE_FILL_AREA(#10741);
#10294=SURFACE_STYLE_FILL_AREA(#10742);
#10295=SURFACE_STYLE_FILL_AREA(#10743);
#10296=SURFACE_STYLE_FILL_AREA(#10744);
#10297=SURFACE_STYLE_FILL_AREA(#10745);
#10298=SURFACE_STYLE_FILL_AREA(#10746);
#10299=SURFACE_STYLE_FILL_AREA(#10747);
#10300=SURFACE_STYLE_FILL_AREA(#10748);
#10301=SURFACE_STYLE_FILL_AREA(#10749);
#10302=SURFACE_STYLE_FILL_AREA(#10750);
#10303=SURFACE_STYLE_FILL_AREA(#10751);
#10304=SURFACE_STYLE_FILL_AREA(#10752);
#10305=SURFACE_STYLE_FILL_AREA(#10753);
#10306=SURFACE_STYLE_FILL_AREA(#10754);
#10307=SURFACE_STYLE_FILL_AREA(#10755);
#10308=SURFACE_STYLE_FILL_AREA(#10756);
#10309=SURFACE_STYLE_FILL_AREA(#10757);
#10310=SURFACE_STYLE_FILL_AREA(#10758);
#10311=SURFACE_STYLE_FILL_AREA(#10759);
#10312=SURFACE_STYLE_FILL_AREA(#10760);
#10313=SURFACE_STYLE_FILL_AREA(#10761);
#10314=SURFACE_STYLE_FILL_AREA(#10762);
#10315=FILL_AREA_STYLE('',(#10763));
#10316=FILL_AREA_STYLE('',(#10764));
#10317=FILL_AREA_STYLE('',(#10765));
#10318=FILL_AREA_STYLE('',(#10766));
#10319=FILL_AREA_STYLE('',(#10767));
#10320=FILL_AREA_STYLE('',(#10768));
#10321=FILL_AREA_STYLE('',(#10769));
#10322=FILL_AREA_STYLE('',(#10770));
#10323=FILL_AREA_STYLE('',(#10771));
#10324=FILL_AREA_STYLE('',(#10772));
#10325=FILL_AREA_STYLE('',(#10773));
#10326=FILL_AREA_STYLE('',(#10774));
#10327=FILL_AREA_STYLE('',(#10775));
#10328=FILL_AREA_STYLE('',(#10776));
#10329=FILL_AREA_STYLE('',(#10777));
#10330=FILL_AREA_STYLE('',(#10778));
#10331=FILL_AREA_STYLE('',(#10779));
#10332=FILL_AREA_STYLE('',(#10780));
#10333=FILL_AREA_STYLE('',(#10781));
#10334=FILL_AREA_STYLE('',(#10782));
#10335=FILL_AREA_STYLE('',(#10783));
#10336=FILL_AREA_STYLE('',(#10784));
#10337=FILL_AREA_STYLE('',(#10785));
#10338=FILL_AREA_STYLE('',(#10786));
#10339=FILL_AREA_STYLE('',(#10787));
#10340=FILL_AREA_STYLE('',(#10788));
#10341=FILL_AREA_STYLE('',(#10789));
#10342=FILL_AREA_STYLE('',(#10790));
#10343=FILL_AREA_STYLE('',(#10791));
#10344=FILL_AREA_STYLE('',(#10792));
#10345=FILL_AREA_STYLE('',(#10793));
#10346=FILL_AREA_STYLE('',(#10794));
#10347=FILL_AREA_STYLE('',(#10795));
#10348=FILL_AREA_STYLE('',(#10796));
#10349=FILL_AREA_STYLE('',(#10797));
#10350=FILL_AREA_STYLE('',(#10798));
#10351=FILL_AREA_STYLE('',(#10799));
#10352=FILL_AREA_STYLE('',(#10800));
#10353=FILL_AREA_STYLE('',(#10801));
#10354=FILL_AREA_STYLE('',(#10802));
#10355=FILL_AREA_STYLE('',(#10803));
#10356=FILL_AREA_STYLE('',(#10804));
#10357=FILL_AREA_STYLE('',(#10805));
#10358=FILL_AREA_STYLE('',(#10806));
#10359=FILL_AREA_STYLE('',(#10807));
#10360=FILL_AREA_STYLE('',(#10808));
#10361=FILL_AREA_STYLE('',(#10809));
#10362=FILL_AREA_STYLE('',(#10810));
#10363=FILL_AREA_STYLE('',(#10811));
#10364=FILL_AREA_STYLE('',(#10812));
#10365=FILL_AREA_STYLE('',(#10813));
#10366=FILL_AREA_STYLE('',(#10814));
#10367=FILL_AREA_STYLE('',(#10815));
#10368=FILL_AREA_STYLE('',(#10816));
#10369=FILL_AREA_STYLE('',(#10817));
#10370=FILL_AREA_STYLE('',(#10818));
#10371=FILL_AREA_STYLE('',(#10819));
#10372=FILL_AREA_STYLE('',(#10820));
#10373=FILL_AREA_STYLE('',(#10821));
#10374=FILL_AREA_STYLE('',(#10822));
#10375=FILL_AREA_STYLE('',(#10823));
#10376=FILL_AREA_STYLE('',(#10824));
#10377=FILL_AREA_STYLE('',(#10825));
#10378=FILL_AREA_STYLE('',(#10826));
#10379=FILL_AREA_STYLE('',(#10827));
#10380=FILL_AREA_STYLE('',(#10828));
#10381=FILL_AREA_STYLE('',(#10829));
#10382=FILL_AREA_STYLE('',(#10830));
#10383=FILL_AREA_STYLE('',(#10831));
#10384=FILL_AREA_STYLE('',(#10832));
#10385=FILL_AREA_STYLE('',(#10833));
#10386=FILL_AREA_STYLE('',(#10834));
#10387=FILL_AREA_STYLE('',(#10835));
#10388=FILL_AREA_STYLE('',(#10836));
#10389=FILL_AREA_STYLE('',(#10837));
#10390=FILL_AREA_STYLE('',(#10838));
#10391=FILL_AREA_STYLE('',(#10839));
#10392=FILL_AREA_STYLE('',(#10840));
#10393=FILL_AREA_STYLE('',(#10841));
#10394=FILL_AREA_STYLE('',(#10842));
#10395=FILL_AREA_STYLE('',(#10843));
#10396=FILL_AREA_STYLE('',(#10844));
#10397=FILL_AREA_STYLE('',(#10845));
#10398=FILL_AREA_STYLE('',(#10846));
#10399=FILL_AREA_STYLE('',(#10847));
#10400=FILL_AREA_STYLE('',(#10848));
#10401=FILL_AREA_STYLE('',(#10849));
#10402=FILL_AREA_STYLE('',(#10850));
#10403=FILL_AREA_STYLE('',(#10851));
#10404=FILL_AREA_STYLE('',(#10852));
#10405=FILL_AREA_STYLE('',(#10853));
#10406=FILL_AREA_STYLE('',(#10854));
#10407=FILL_AREA_STYLE('',(#10855));
#10408=FILL_AREA_STYLE('',(#10856));
#10409=FILL_AREA_STYLE('',(#10857));
#10410=FILL_AREA_STYLE('',(#10858));
#10411=FILL_AREA_STYLE('',(#10859));
#10412=FILL_AREA_STYLE('',(#10860));
#10413=FILL_AREA_STYLE('',(#10861));
#10414=FILL_AREA_STYLE('',(#10862));
#10415=FILL_AREA_STYLE('',(#10863));
#10416=FILL_AREA_STYLE('',(#10864));
#10417=FILL_AREA_STYLE('',(#10865));
#10418=FILL_AREA_STYLE('',(#10866));
#10419=FILL_AREA_STYLE('',(#10867));
#10420=FILL_AREA_STYLE('',(#10868));
#10421=FILL_AREA_STYLE('',(#10869));
#10422=FILL_AREA_STYLE('',(#10870));
#10423=FILL_AREA_STYLE('',(#10871));
#10424=FILL_AREA_STYLE('',(#10872));
#10425=FILL_AREA_STYLE('',(#10873));
#10426=FILL_AREA_STYLE('',(#10874));
#10427=FILL_AREA_STYLE('',(#10875));
#10428=FILL_AREA_STYLE('',(#10876));
#10429=FILL_AREA_STYLE('',(#10877));
#10430=FILL_AREA_STYLE('',(#10878));
#10431=FILL_AREA_STYLE('',(#10879));
#10432=FILL_AREA_STYLE('',(#10880));
#10433=FILL_AREA_STYLE('',(#10881));
#10434=FILL_AREA_STYLE('',(#10882));
#10435=FILL_AREA_STYLE('',(#10883));
#10436=FILL_AREA_STYLE('',(#10884));
#10437=FILL_AREA_STYLE('',(#10885));
#10438=FILL_AREA_STYLE('',(#10886));
#10439=FILL_AREA_STYLE('',(#10887));
#10440=FILL_AREA_STYLE('',(#10888));
#10441=FILL_AREA_STYLE('',(#10889));
#10442=FILL_AREA_STYLE('',(#10890));
#10443=FILL_AREA_STYLE('',(#10891));
#10444=FILL_AREA_STYLE('',(#10892));
#10445=FILL_AREA_STYLE('',(#10893));
#10446=FILL_AREA_STYLE('',(#10894));
#10447=FILL_AREA_STYLE('',(#10895));
#10448=FILL_AREA_STYLE('',(#10896));
#10449=FILL_AREA_STYLE('',(#10897));
#10450=FILL_AREA_STYLE('',(#10898));
#10451=FILL_AREA_STYLE('',(#10899));
#10452=FILL_AREA_STYLE('',(#10900));
#10453=FILL_AREA_STYLE('',(#10901));
#10454=FILL_AREA_STYLE('',(#10902));
#10455=FILL_AREA_STYLE('',(#10903));
#10456=FILL_AREA_STYLE('',(#10904));
#10457=FILL_AREA_STYLE('',(#10905));
#10458=FILL_AREA_STYLE('',(#10906));
#10459=FILL_AREA_STYLE('',(#10907));
#10460=FILL_AREA_STYLE('',(#10908));
#10461=FILL_AREA_STYLE('',(#10909));
#10462=FILL_AREA_STYLE('',(#10910));
#10463=FILL_AREA_STYLE('',(#10911));
#10464=FILL_AREA_STYLE('',(#10912));
#10465=FILL_AREA_STYLE('',(#10913));
#10466=FILL_AREA_STYLE('',(#10914));
#10467=FILL_AREA_STYLE('',(#10915));
#10468=FILL_AREA_STYLE('',(#10916));
#10469=FILL_AREA_STYLE('',(#10917));
#10470=FILL_AREA_STYLE('',(#10918));
#10471=FILL_AREA_STYLE('',(#10919));
#10472=FILL_AREA_STYLE('',(#10920));
#10473=FILL_AREA_STYLE('',(#10921));
#10474=FILL_AREA_STYLE('',(#10922));
#10475=FILL_AREA_STYLE('',(#10923));
#10476=FILL_AREA_STYLE('',(#10924));
#10477=FILL_AREA_STYLE('',(#10925));
#10478=FILL_AREA_STYLE('',(#10926));
#10479=FILL_AREA_STYLE('',(#10927));
#10480=FILL_AREA_STYLE('',(#10928));
#10481=FILL_AREA_STYLE('',(#10929));
#10482=FILL_AREA_STYLE('',(#10930));
#10483=FILL_AREA_STYLE('',(#10931));
#10484=FILL_AREA_STYLE('',(#10932));
#10485=FILL_AREA_STYLE('',(#10933));
#10486=FILL_AREA_STYLE('',(#10934));
#10487=FILL_AREA_STYLE('',(#10935));
#10488=FILL_AREA_STYLE('',(#10936));
#10489=FILL_AREA_STYLE('',(#10937));
#10490=FILL_AREA_STYLE('',(#10938));
#10491=FILL_AREA_STYLE('',(#10939));
#10492=FILL_AREA_STYLE('',(#10940));
#10493=FILL_AREA_STYLE('',(#10941));
#10494=FILL_AREA_STYLE('',(#10942));
#10495=FILL_AREA_STYLE('',(#10943));
#10496=FILL_AREA_STYLE('',(#10944));
#10497=FILL_AREA_STYLE('',(#10945));
#10498=FILL_AREA_STYLE('',(#10946));
#10499=FILL_AREA_STYLE('',(#10947));
#10500=FILL_AREA_STYLE('',(#10948));
#10501=FILL_AREA_STYLE('',(#10949));
#10502=FILL_AREA_STYLE('',(#10950));
#10503=FILL_AREA_STYLE('',(#10951));
#10504=FILL_AREA_STYLE('',(#10952));
#10505=FILL_AREA_STYLE('',(#10953));
#10506=FILL_AREA_STYLE('',(#10954));
#10507=FILL_AREA_STYLE('',(#10955));
#10508=FILL_AREA_STYLE('',(#10956));
#10509=FILL_AREA_STYLE('',(#10957));
#10510=FILL_AREA_STYLE('',(#10958));
#10511=FILL_AREA_STYLE('',(#10959));
#10512=FILL_AREA_STYLE('',(#10960));
#10513=FILL_AREA_STYLE('',(#10961));
#10514=FILL_AREA_STYLE('',(#10962));
#10515=FILL_AREA_STYLE('',(#10963));
#10516=FILL_AREA_STYLE('',(#10964));
#10517=FILL_AREA_STYLE('',(#10965));
#10518=FILL_AREA_STYLE('',(#10966));
#10519=FILL_AREA_STYLE('',(#10967));
#10520=FILL_AREA_STYLE('',(#10968));
#10521=FILL_AREA_STYLE('',(#10969));
#10522=FILL_AREA_STYLE('',(#10970));
#10523=FILL_AREA_STYLE('',(#10971));
#10524=FILL_AREA_STYLE('',(#10972));
#10525=FILL_AREA_STYLE('',(#10973));
#10526=FILL_AREA_STYLE('',(#10974));
#10527=FILL_AREA_STYLE('',(#10975));
#10528=FILL_AREA_STYLE('',(#10976));
#10529=FILL_AREA_STYLE('',(#10977));
#10530=FILL_AREA_STYLE('',(#10978));
#10531=FILL_AREA_STYLE('',(#10979));
#10532=FILL_AREA_STYLE('',(#10980));
#10533=FILL_AREA_STYLE('',(#10981));
#10534=FILL_AREA_STYLE('',(#10982));
#10535=FILL_AREA_STYLE('',(#10983));
#10536=FILL_AREA_STYLE('',(#10984));
#10537=FILL_AREA_STYLE('',(#10985));
#10538=FILL_AREA_STYLE('',(#10986));
#10539=FILL_AREA_STYLE('',(#10987));
#10540=FILL_AREA_STYLE('',(#10988));
#10541=FILL_AREA_STYLE('',(#10989));
#10542=FILL_AREA_STYLE('',(#10990));
#10543=FILL_AREA_STYLE('',(#10991));
#10544=FILL_AREA_STYLE('',(#10992));
#10545=FILL_AREA_STYLE('',(#10993));
#10546=FILL_AREA_STYLE('',(#10994));
#10547=FILL_AREA_STYLE('',(#10995));
#10548=FILL_AREA_STYLE('',(#10996));
#10549=FILL_AREA_STYLE('',(#10997));
#10550=FILL_AREA_STYLE('',(#10998));
#10551=FILL_AREA_STYLE('',(#10999));
#10552=FILL_AREA_STYLE('',(#11000));
#10553=FILL_AREA_STYLE('',(#11001));
#10554=FILL_AREA_STYLE('',(#11002));
#10555=FILL_AREA_STYLE('',(#11003));
#10556=FILL_AREA_STYLE('',(#11004));
#10557=FILL_AREA_STYLE('',(#11005));
#10558=FILL_AREA_STYLE('',(#11006));
#10559=FILL_AREA_STYLE('',(#11007));
#10560=FILL_AREA_STYLE('',(#11008));
#10561=FILL_AREA_STYLE('',(#11009));
#10562=FILL_AREA_STYLE('',(#11010));
#10563=FILL_AREA_STYLE('',(#11011));
#10564=FILL_AREA_STYLE('',(#11012));
#10565=FILL_AREA_STYLE('',(#11013));
#10566=FILL_AREA_STYLE('',(#11014));
#10567=FILL_AREA_STYLE('',(#11015));
#10568=FILL_AREA_STYLE('',(#11016));
#10569=FILL_AREA_STYLE('',(#11017));
#10570=FILL_AREA_STYLE('',(#11018));
#10571=FILL_AREA_STYLE('',(#11019));
#10572=FILL_AREA_STYLE('',(#11020));
#10573=FILL_AREA_STYLE('',(#11021));
#10574=FILL_AREA_STYLE('',(#11022));
#10575=FILL_AREA_STYLE('',(#11023));
#10576=FILL_AREA_STYLE('',(#11024));
#10577=FILL_AREA_STYLE('',(#11025));
#10578=FILL_AREA_STYLE('',(#11026));
#10579=FILL_AREA_STYLE('',(#11027));
#10580=FILL_AREA_STYLE('',(#11028));
#10581=FILL_AREA_STYLE('',(#11029));
#10582=FILL_AREA_STYLE('',(#11030));
#10583=FILL_AREA_STYLE('',(#11031));
#10584=FILL_AREA_STYLE('',(#11032));
#10585=FILL_AREA_STYLE('',(#11033));
#10586=FILL_AREA_STYLE('',(#11034));
#10587=FILL_AREA_STYLE('',(#11035));
#10588=FILL_AREA_STYLE('',(#11036));
#10589=FILL_AREA_STYLE('',(#11037));
#10590=FILL_AREA_STYLE('',(#11038));
#10591=FILL_AREA_STYLE('',(#11039));
#10592=FILL_AREA_STYLE('',(#11040));
#10593=FILL_AREA_STYLE('',(#11041));
#10594=FILL_AREA_STYLE('',(#11042));
#10595=FILL_AREA_STYLE('',(#11043));
#10596=FILL_AREA_STYLE('',(#11044));
#10597=FILL_AREA_STYLE('',(#11045));
#10598=FILL_AREA_STYLE('',(#11046));
#10599=FILL_AREA_STYLE('',(#11047));
#10600=FILL_AREA_STYLE('',(#11048));
#10601=FILL_AREA_STYLE('',(#11049));
#10602=FILL_AREA_STYLE('',(#11050));
#10603=FILL_AREA_STYLE('',(#11051));
#10604=FILL_AREA_STYLE('',(#11052));
#10605=FILL_AREA_STYLE('',(#11053));
#10606=FILL_AREA_STYLE('',(#11054));
#10607=FILL_AREA_STYLE('',(#11055));
#10608=FILL_AREA_STYLE('',(#11056));
#10609=FILL_AREA_STYLE('',(#11057));
#10610=FILL_AREA_STYLE('',(#11058));
#10611=FILL_AREA_STYLE('',(#11059));
#10612=FILL_AREA_STYLE('',(#11060));
#10613=FILL_AREA_STYLE('',(#11061));
#10614=FILL_AREA_STYLE('',(#11062));
#10615=FILL_AREA_STYLE('',(#11063));
#10616=FILL_AREA_STYLE('',(#11064));
#10617=FILL_AREA_STYLE('',(#11065));
#10618=FILL_AREA_STYLE('',(#11066));
#10619=FILL_AREA_STYLE('',(#11067));
#10620=FILL_AREA_STYLE('',(#11068));
#10621=FILL_AREA_STYLE('',(#11069));
#10622=FILL_AREA_STYLE('',(#11070));
#10623=FILL_AREA_STYLE('',(#11071));
#10624=FILL_AREA_STYLE('',(#11072));
#10625=FILL_AREA_STYLE('',(#11073));
#10626=FILL_AREA_STYLE('',(#11074));
#10627=FILL_AREA_STYLE('',(#11075));
#10628=FILL_AREA_STYLE('',(#11076));
#10629=FILL_AREA_STYLE('',(#11077));
#10630=FILL_AREA_STYLE('',(#11078));
#10631=FILL_AREA_STYLE('',(#11079));
#10632=FILL_AREA_STYLE('',(#11080));
#10633=FILL_AREA_STYLE('',(#11081));
#10634=FILL_AREA_STYLE('',(#11082));
#10635=FILL_AREA_STYLE('',(#11083));
#10636=FILL_AREA_STYLE('',(#11084));
#10637=FILL_AREA_STYLE('',(#11085));
#10638=FILL_AREA_STYLE('',(#11086));
#10639=FILL_AREA_STYLE('',(#11087));
#10640=FILL_AREA_STYLE('',(#11088));
#10641=FILL_AREA_STYLE('',(#11089));
#10642=FILL_AREA_STYLE('',(#11090));
#10643=FILL_AREA_STYLE('',(#11091));
#10644=FILL_AREA_STYLE('',(#11092));
#10645=FILL_AREA_STYLE('',(#11093));
#10646=FILL_AREA_STYLE('',(#11094));
#10647=FILL_AREA_STYLE('',(#11095));
#10648=FILL_AREA_STYLE('',(#11096));
#10649=FILL_AREA_STYLE('',(#11097));
#10650=FILL_AREA_STYLE('',(#11098));
#10651=FILL_AREA_STYLE('',(#11099));
#10652=FILL_AREA_STYLE('',(#11100));
#10653=FILL_AREA_STYLE('',(#11101));
#10654=FILL_AREA_STYLE('',(#11102));
#10655=FILL_AREA_STYLE('',(#11103));
#10656=FILL_AREA_STYLE('',(#11104));
#10657=FILL_AREA_STYLE('',(#11105));
#10658=FILL_AREA_STYLE('',(#11106));
#10659=FILL_AREA_STYLE('',(#11107));
#10660=FILL_AREA_STYLE('',(#11108));
#10661=FILL_AREA_STYLE('',(#11109));
#10662=FILL_AREA_STYLE('',(#11110));
#10663=FILL_AREA_STYLE('',(#11111));
#10664=FILL_AREA_STYLE('',(#11112));
#10665=FILL_AREA_STYLE('',(#11113));
#10666=FILL_AREA_STYLE('',(#11114));
#10667=FILL_AREA_STYLE('',(#11115));
#10668=FILL_AREA_STYLE('',(#11116));
#10669=FILL_AREA_STYLE('',(#11117));
#10670=FILL_AREA_STYLE('',(#11118));
#10671=FILL_AREA_STYLE('',(#11119));
#10672=FILL_AREA_STYLE('',(#11120));
#10673=FILL_AREA_STYLE('',(#11121));
#10674=FILL_AREA_STYLE('',(#11122));
#10675=FILL_AREA_STYLE('',(#11123));
#10676=FILL_AREA_STYLE('',(#11124));
#10677=FILL_AREA_STYLE('',(#11125));
#10678=FILL_AREA_STYLE('',(#11126));
#10679=FILL_AREA_STYLE('',(#11127));
#10680=FILL_AREA_STYLE('',(#11128));
#10681=FILL_AREA_STYLE('',(#11129));
#10682=FILL_AREA_STYLE('',(#11130));
#10683=FILL_AREA_STYLE('',(#11131));
#10684=FILL_AREA_STYLE('',(#11132));
#10685=FILL_AREA_STYLE('',(#11133));
#10686=FILL_AREA_STYLE('',(#11134));
#10687=FILL_AREA_STYLE('',(#11135));
#10688=FILL_AREA_STYLE('',(#11136));
#10689=FILL_AREA_STYLE('',(#11137));
#10690=FILL_AREA_STYLE('',(#11138));
#10691=FILL_AREA_STYLE('',(#11139));
#10692=FILL_AREA_STYLE('',(#11140));
#10693=FILL_AREA_STYLE('',(#11141));
#10694=FILL_AREA_STYLE('',(#11142));
#10695=FILL_AREA_STYLE('',(#11143));
#10696=FILL_AREA_STYLE('',(#11144));
#10697=FILL_AREA_STYLE('',(#11145));
#10698=FILL_AREA_STYLE('',(#11146));
#10699=FILL_AREA_STYLE('',(#11147));
#10700=FILL_AREA_STYLE('',(#11148));
#10701=FILL_AREA_STYLE('',(#11149));
#10702=FILL_AREA_STYLE('',(#11150));
#10703=FILL_AREA_STYLE('',(#11151));
#10704=FILL_AREA_STYLE('',(#11152));
#10705=FILL_AREA_STYLE('',(#11153));
#10706=FILL_AREA_STYLE('',(#11154));
#10707=FILL_AREA_STYLE('',(#11155));
#10708=FILL_AREA_STYLE('',(#11156));
#10709=FILL_AREA_STYLE('',(#11157));
#10710=FILL_AREA_STYLE('',(#11158));
#10711=FILL_AREA_STYLE('',(#11159));
#10712=FILL_AREA_STYLE('',(#11160));
#10713=FILL_AREA_STYLE('',(#11161));
#10714=FILL_AREA_STYLE('',(#11162));
#10715=FILL_AREA_STYLE('',(#11163));
#10716=FILL_AREA_STYLE('',(#11164));
#10717=FILL_AREA_STYLE('',(#11165));
#10718=FILL_AREA_STYLE('',(#11166));
#10719=FILL_AREA_STYLE('',(#11167));
#10720=FILL_AREA_STYLE('',(#11168));
#10721=FILL_AREA_STYLE('',(#11169));
#10722=FILL_AREA_STYLE('',(#11170));
#10723=FILL_AREA_STYLE('',(#11171));
#10724=FILL_AREA_STYLE('',(#11172));
#10725=FILL_AREA_STYLE('',(#11173));
#10726=FILL_AREA_STYLE('',(#11174));
#10727=FILL_AREA_STYLE('',(#11175));
#10728=FILL_AREA_STYLE('',(#11176));
#10729=FILL_AREA_STYLE('',(#11177));
#10730=FILL_AREA_STYLE('',(#11178));
#10731=FILL_AREA_STYLE('',(#11179));
#10732=FILL_AREA_STYLE('',(#11180));
#10733=FILL_AREA_STYLE('',(#11181));
#10734=FILL_AREA_STYLE('',(#11182));
#10735=FILL_AREA_STYLE('',(#11183));
#10736=FILL_AREA_STYLE('',(#11184));
#10737=FILL_AREA_STYLE('',(#11185));
#10738=FILL_AREA_STYLE('',(#11186));
#10739=FILL_AREA_STYLE('',(#11187));
#10740=FILL_AREA_STYLE('',(#11188));
#10741=FILL_AREA_STYLE('',(#11189));
#10742=FILL_AREA_STYLE('',(#11190));
#10743=FILL_AREA_STYLE('',(#11191));
#10744=FILL_AREA_STYLE('',(#11192));
#10745=FILL_AREA_STYLE('',(#11193));
#10746=FILL_AREA_STYLE('',(#11194));
#10747=FILL_AREA_STYLE('',(#11195));
#10748=FILL_AREA_STYLE('',(#11196));
#10749=FILL_AREA_STYLE('',(#11197));
#10750=FILL_AREA_STYLE('',(#11198));
#10751=FILL_AREA_STYLE('',(#11199));
#10752=FILL_AREA_STYLE('',(#11200));
#10753=FILL_AREA_STYLE('',(#11201));
#10754=FILL_AREA_STYLE('',(#11202));
#10755=FILL_AREA_STYLE('',(#11203));
#10756=FILL_AREA_STYLE('',(#11204));
#10757=FILL_AREA_STYLE('',(#11205));
#10758=FILL_AREA_STYLE('',(#11206));
#10759=FILL_AREA_STYLE('',(#11207));
#10760=FILL_AREA_STYLE('',(#11208));
#10761=FILL_AREA_STYLE('',(#11209));
#10762=FILL_AREA_STYLE('',(#11210));
#10763=FILL_AREA_STYLE_COLOUR('',#11211);
#10764=FILL_AREA_STYLE_COLOUR('',#11211);
#10765=FILL_AREA_STYLE_COLOUR('',#11211);
#10766=FILL_AREA_STYLE_COLOUR('',#11211);
#10767=FILL_AREA_STYLE_COLOUR('',#11211);
#10768=FILL_AREA_STYLE_COLOUR('',#11211);
#10769=FILL_AREA_STYLE_COLOUR('',#11211);
#10770=FILL_AREA_STYLE_COLOUR('',#11211);
#10771=FILL_AREA_STYLE_COLOUR('',#11211);
#10772=FILL_AREA_STYLE_COLOUR('',#11211);
#10773=FILL_AREA_STYLE_COLOUR('',#11211);
#10774=FILL_AREA_STYLE_COLOUR('',#11211);
#10775=FILL_AREA_STYLE_COLOUR('',#11211);
#10776=FILL_AREA_STYLE_COLOUR('',#11211);
#10777=FILL_AREA_STYLE_COLOUR('',#11211);
#10778=FILL_AREA_STYLE_COLOUR('',#11211);
#10779=FILL_AREA_STYLE_COLOUR('',#11211);
#10780=FILL_AREA_STYLE_COLOUR('',#11211);
#10781=FILL_AREA_STYLE_COLOUR('',#11211);
#10782=FILL_AREA_STYLE_COLOUR('',#11211);
#10783=FILL_AREA_STYLE_COLOUR('',#11211);
#10784=FILL_AREA_STYLE_COLOUR('',#11211);
#10785=FILL_AREA_STYLE_COLOUR('',#11211);
#10786=FILL_AREA_STYLE_COLOUR('',#11211);
#10787=FILL_AREA_STYLE_COLOUR('',#11211);
#10788=FILL_AREA_STYLE_COLOUR('',#11211);
#10789=FILL_AREA_STYLE_COLOUR('',#30);
#10790=FILL_AREA_STYLE_COLOUR('',#11211);
#10791=FILL_AREA_STYLE_COLOUR('',#30);
#10792=FILL_AREA_STYLE_COLOUR('',#30);
#10793=FILL_AREA_STYLE_COLOUR('',#30);
#10794=FILL_AREA_STYLE_COLOUR('',#11212);
#10795=FILL_AREA_STYLE_COLOUR('',#11212);
#10796=FILL_AREA_STYLE_COLOUR('',#11212);
#10797=FILL_AREA_STYLE_COLOUR('',#11211);
#10798=FILL_AREA_STYLE_COLOUR('',#11211);
#10799=FILL_AREA_STYLE_COLOUR('',#11211);
#10800=FILL_AREA_STYLE_COLOUR('',#11211);
#10801=FILL_AREA_STYLE_COLOUR('',#11211);
#10802=FILL_AREA_STYLE_COLOUR('',#11211);
#10803=FILL_AREA_STYLE_COLOUR('',#11211);
#10804=FILL_AREA_STYLE_COLOUR('',#11211);
#10805=FILL_AREA_STYLE_COLOUR('',#11211);
#10806=FILL_AREA_STYLE_COLOUR('',#30);
#10807=FILL_AREA_STYLE_COLOUR('',#30);
#10808=FILL_AREA_STYLE_COLOUR('',#30);
#10809=FILL_AREA_STYLE_COLOUR('',#11212);
#10810=FILL_AREA_STYLE_COLOUR('',#11212);
#10811=FILL_AREA_STYLE_COLOUR('',#11212);
#10812=FILL_AREA_STYLE_COLOUR('',#11211);
#10813=FILL_AREA_STYLE_COLOUR('',#11211);
#10814=FILL_AREA_STYLE_COLOUR('',#11211);
#10815=FILL_AREA_STYLE_COLOUR('',#11211);
#10816=FILL_AREA_STYLE_COLOUR('',#11211);
#10817=FILL_AREA_STYLE_COLOUR('',#11211);
#10818=FILL_AREA_STYLE_COLOUR('',#11211);
#10819=FILL_AREA_STYLE_COLOUR('',#11211);
#10820=FILL_AREA_STYLE_COLOUR('',#11211);
#10821=FILL_AREA_STYLE_COLOUR('',#30);
#10822=FILL_AREA_STYLE_COLOUR('',#30);
#10823=FILL_AREA_STYLE_COLOUR('',#30);
#10824=FILL_AREA_STYLE_COLOUR('',#30);
#10825=FILL_AREA_STYLE_COLOUR('',#30);
#10826=FILL_AREA_STYLE_COLOUR('',#30);
#10827=FILL_AREA_STYLE_COLOUR('',#30);
#10828=FILL_AREA_STYLE_COLOUR('',#30);
#10829=FILL_AREA_STYLE_COLOUR('',#30);
#10830=FILL_AREA_STYLE_COLOUR('',#11212);
#10831=FILL_AREA_STYLE_COLOUR('',#11212);
#10832=FILL_AREA_STYLE_COLOUR('',#11212);
#10833=FILL_AREA_STYLE_COLOUR('',#11212);
#10834=FILL_AREA_STYLE_COLOUR('',#11212);
#10835=FILL_AREA_STYLE_COLOUR('',#11212);
#10836=FILL_AREA_STYLE_COLOUR('',#11212);
#10837=FILL_AREA_STYLE_COLOUR('',#11212);
#10838=FILL_AREA_STYLE_COLOUR('',#11212);
#10839=FILL_AREA_STYLE_COLOUR('',#11211);
#10840=FILL_AREA_STYLE_COLOUR('',#11211);
#10841=FILL_AREA_STYLE_COLOUR('',#11211);
#10842=FILL_AREA_STYLE_COLOUR('',#11211);
#10843=FILL_AREA_STYLE_COLOUR('',#11211);
#10844=FILL_AREA_STYLE_COLOUR('',#11211);
#10845=FILL_AREA_STYLE_COLOUR('',#11211);
#10846=FILL_AREA_STYLE_COLOUR('',#11211);
#10847=FILL_AREA_STYLE_COLOUR('',#11211);
#10848=FILL_AREA_STYLE_COLOUR('',#11211);
#10849=FILL_AREA_STYLE_COLOUR('',#11211);
#10850=FILL_AREA_STYLE_COLOUR('',#11211);
#10851=FILL_AREA_STYLE_COLOUR('',#11211);
#10852=FILL_AREA_STYLE_COLOUR('',#11211);
#10853=FILL_AREA_STYLE_COLOUR('',#11211);
#10854=FILL_AREA_STYLE_COLOUR('',#11211);
#10855=FILL_AREA_STYLE_COLOUR('',#11211);
#10856=FILL_AREA_STYLE_COLOUR('',#11211);
#10857=FILL_AREA_STYLE_COLOUR('',#11211);
#10858=FILL_AREA_STYLE_COLOUR('',#11211);
#10859=FILL_AREA_STYLE_COLOUR('',#11211);
#10860=FILL_AREA_STYLE_COLOUR('',#11211);
#10861=FILL_AREA_STYLE_COLOUR('',#11211);
#10862=FILL_AREA_STYLE_COLOUR('',#11211);
#10863=FILL_AREA_STYLE_COLOUR('',#11211);
#10864=FILL_AREA_STYLE_COLOUR('',#11211);
#10865=FILL_AREA_STYLE_COLOUR('',#11211);
#10866=FILL_AREA_STYLE_COLOUR('',#30);
#10867=FILL_AREA_STYLE_COLOUR('',#30);
#10868=FILL_AREA_STYLE_COLOUR('',#30);
#10869=FILL_AREA_STYLE_COLOUR('',#30);
#10870=FILL_AREA_STYLE_COLOUR('',#30);
#10871=FILL_AREA_STYLE_COLOUR('',#11212);
#10872=FILL_AREA_STYLE_COLOUR('',#11212);
#10873=FILL_AREA_STYLE_COLOUR('',#11212);
#10874=FILL_AREA_STYLE_COLOUR('',#11212);
#10875=FILL_AREA_STYLE_COLOUR('',#11212);
#10876=FILL_AREA_STYLE_COLOUR('',#11211);
#10877=FILL_AREA_STYLE_COLOUR('',#11211);
#10878=FILL_AREA_STYLE_COLOUR('',#11211);
#10879=FILL_AREA_STYLE_COLOUR('',#11211);
#10880=FILL_AREA_STYLE_COLOUR('',#11211);
#10881=FILL_AREA_STYLE_COLOUR('',#11211);
#10882=FILL_AREA_STYLE_COLOUR('',#11211);
#10883=FILL_AREA_STYLE_COLOUR('',#11211);
#10884=FILL_AREA_STYLE_COLOUR('',#11211);
#10885=FILL_AREA_STYLE_COLOUR('',#11211);
#10886=FILL_AREA_STYLE_COLOUR('',#11211);
#10887=FILL_AREA_STYLE_COLOUR('',#11211);
#10888=FILL_AREA_STYLE_COLOUR('',#11211);
#10889=FILL_AREA_STYLE_COLOUR('',#11211);
#10890=FILL_AREA_STYLE_COLOUR('',#11211);
#10891=FILL_AREA_STYLE_COLOUR('',#30);
#10892=FILL_AREA_STYLE_COLOUR('',#30);
#10893=FILL_AREA_STYLE_COLOUR('',#30);
#10894=FILL_AREA_STYLE_COLOUR('',#30);
#10895=FILL_AREA_STYLE_COLOUR('',#30);
#10896=FILL_AREA_STYLE_COLOUR('',#30);
#10897=FILL_AREA_STYLE_COLOUR('',#30);
#10898=FILL_AREA_STYLE_COLOUR('',#30);
#10899=FILL_AREA_STYLE_COLOUR('',#30);
#10900=FILL_AREA_STYLE_COLOUR('',#30);
#10901=FILL_AREA_STYLE_COLOUR('',#11212);
#10902=FILL_AREA_STYLE_COLOUR('',#11212);
#10903=FILL_AREA_STYLE_COLOUR('',#11212);
#10904=FILL_AREA_STYLE_COLOUR('',#11212);
#10905=FILL_AREA_STYLE_COLOUR('',#11212);
#10906=FILL_AREA_STYLE_COLOUR('',#11212);
#10907=FILL_AREA_STYLE_COLOUR('',#11212);
#10908=FILL_AREA_STYLE_COLOUR('',#11212);
#10909=FILL_AREA_STYLE_COLOUR('',#11212);
#10910=FILL_AREA_STYLE_COLOUR('',#11212);
#10911=FILL_AREA_STYLE_COLOUR('',#11211);
#10912=FILL_AREA_STYLE_COLOUR('',#11211);
#10913=FILL_AREA_STYLE_COLOUR('',#11211);
#10914=FILL_AREA_STYLE_COLOUR('',#11211);
#10915=FILL_AREA_STYLE_COLOUR('',#11211);
#10916=FILL_AREA_STYLE_COLOUR('',#11211);
#10917=FILL_AREA_STYLE_COLOUR('',#11211);
#10918=FILL_AREA_STYLE_COLOUR('',#11211);
#10919=FILL_AREA_STYLE_COLOUR('',#11211);
#10920=FILL_AREA_STYLE_COLOUR('',#11211);
#10921=FILL_AREA_STYLE_COLOUR('',#11211);
#10922=FILL_AREA_STYLE_COLOUR('',#11211);
#10923=FILL_AREA_STYLE_COLOUR('',#11211);
#10924=FILL_AREA_STYLE_COLOUR('',#11211);
#10925=FILL_AREA_STYLE_COLOUR('',#11211);
#10926=FILL_AREA_STYLE_COLOUR('',#11211);
#10927=FILL_AREA_STYLE_COLOUR('',#11211);
#10928=FILL_AREA_STYLE_COLOUR('',#11211);
#10929=FILL_AREA_STYLE_COLOUR('',#11211);
#10930=FILL_AREA_STYLE_COLOUR('',#11211);
#10931=FILL_AREA_STYLE_COLOUR('',#11211);
#10932=FILL_AREA_STYLE_COLOUR('',#11211);
#10933=FILL_AREA_STYLE_COLOUR('',#11211);
#10934=FILL_AREA_STYLE_COLOUR('',#11211);
#10935=FILL_AREA_STYLE_COLOUR('',#11211);
#10936=FILL_AREA_STYLE_COLOUR('',#11211);
#10937=FILL_AREA_STYLE_COLOUR('',#11211);
#10938=FILL_AREA_STYLE_COLOUR('',#11211);
#10939=FILL_AREA_STYLE_COLOUR('',#11211);
#10940=FILL_AREA_STYLE_COLOUR('',#11211);
#10941=FILL_AREA_STYLE_COLOUR('',#30);
#10942=FILL_AREA_STYLE_COLOUR('',#30);
#10943=FILL_AREA_STYLE_COLOUR('',#30);
#10944=FILL_AREA_STYLE_COLOUR('',#30);
#10945=FILL_AREA_STYLE_COLOUR('',#30);
#10946=FILL_AREA_STYLE_COLOUR('',#30);
#10947=FILL_AREA_STYLE_COLOUR('',#30);
#10948=FILL_AREA_STYLE_COLOUR('',#30);
#10949=FILL_AREA_STYLE_COLOUR('',#30);
#10950=FILL_AREA_STYLE_COLOUR('',#30);
#10951=FILL_AREA_STYLE_COLOUR('',#11212);
#10952=FILL_AREA_STYLE_COLOUR('',#11212);
#10953=FILL_AREA_STYLE_COLOUR('',#11212);
#10954=FILL_AREA_STYLE_COLOUR('',#11212);
#10955=FILL_AREA_STYLE_COLOUR('',#11212);
#10956=FILL_AREA_STYLE_COLOUR('',#11212);
#10957=FILL_AREA_STYLE_COLOUR('',#11212);
#10958=FILL_AREA_STYLE_COLOUR('',#11212);
#10959=FILL_AREA_STYLE_COLOUR('',#11212);
#10960=FILL_AREA_STYLE_COLOUR('',#11212);
#10961=FILL_AREA_STYLE_COLOUR('',#11211);
#10962=FILL_AREA_STYLE_COLOUR('',#11211);
#10963=FILL_AREA_STYLE_COLOUR('',#11211);
#10964=FILL_AREA_STYLE_COLOUR('',#11211);
#10965=FILL_AREA_STYLE_COLOUR('',#11211);
#10966=FILL_AREA_STYLE_COLOUR('',#11211);
#10967=FILL_AREA_STYLE_COLOUR('',#11211);
#10968=FILL_AREA_STYLE_COLOUR('',#11211);
#10969=FILL_AREA_STYLE_COLOUR('',#11211);
#10970=FILL_AREA_STYLE_COLOUR('',#11211);
#10971=FILL_AREA_STYLE_COLOUR('',#11211);
#10972=FILL_AREA_STYLE_COLOUR('',#11211);
#10973=FILL_AREA_STYLE_COLOUR('',#11211);
#10974=FILL_AREA_STYLE_COLOUR('',#11211);
#10975=FILL_AREA_STYLE_COLOUR('',#11211);
#10976=FILL_AREA_STYLE_COLOUR('',#11211);
#10977=FILL_AREA_STYLE_COLOUR('',#11211);
#10978=FILL_AREA_STYLE_COLOUR('',#11211);
#10979=FILL_AREA_STYLE_COLOUR('',#11211);
#10980=FILL_AREA_STYLE_COLOUR('',#11211);
#10981=FILL_AREA_STYLE_COLOUR('',#11211);
#10982=FILL_AREA_STYLE_COLOUR('',#11211);
#10983=FILL_AREA_STYLE_COLOUR('',#11211);
#10984=FILL_AREA_STYLE_COLOUR('',#11211);
#10985=FILL_AREA_STYLE_COLOUR('',#11211);
#10986=FILL_AREA_STYLE_COLOUR('',#11211);
#10987=FILL_AREA_STYLE_COLOUR('',#11211);
#10988=FILL_AREA_STYLE_COLOUR('',#11211);
#10989=FILL_AREA_STYLE_COLOUR('',#11211);
#10990=FILL_AREA_STYLE_COLOUR('',#11211);
#10991=FILL_AREA_STYLE_COLOUR('',#30);
#10992=FILL_AREA_STYLE_COLOUR('',#30);
#10993=FILL_AREA_STYLE_COLOUR('',#30);
#10994=FILL_AREA_STYLE_COLOUR('',#30);
#10995=FILL_AREA_STYLE_COLOUR('',#30);
#10996=FILL_AREA_STYLE_COLOUR('',#11212);
#10997=FILL_AREA_STYLE_COLOUR('',#11212);
#10998=FILL_AREA_STYLE_COLOUR('',#11212);
#10999=FILL_AREA_STYLE_COLOUR('',#11212);
#11000=FILL_AREA_STYLE_COLOUR('',#11212);
#11001=FILL_AREA_STYLE_COLOUR('',#11211);
#11002=FILL_AREA_STYLE_COLOUR('',#11211);
#11003=FILL_AREA_STYLE_COLOUR('',#11211);
#11004=FILL_AREA_STYLE_COLOUR('',#11211);
#11005=FILL_AREA_STYLE_COLOUR('',#11211);
#11006=FILL_AREA_STYLE_COLOUR('',#11211);
#11007=FILL_AREA_STYLE_COLOUR('',#11211);
#11008=FILL_AREA_STYLE_COLOUR('',#11211);
#11009=FILL_AREA_STYLE_COLOUR('',#11211);
#11010=FILL_AREA_STYLE_COLOUR('',#11211);
#11011=FILL_AREA_STYLE_COLOUR('',#11211);
#11012=FILL_AREA_STYLE_COLOUR('',#11211);
#11013=FILL_AREA_STYLE_COLOUR('',#11211);
#11014=FILL_AREA_STYLE_COLOUR('',#11211);
#11015=FILL_AREA_STYLE_COLOUR('',#11211);
#11016=FILL_AREA_STYLE_COLOUR('',#30);
#11017=FILL_AREA_STYLE_COLOUR('',#30);
#11018=FILL_AREA_STYLE_COLOUR('',#30);
#11019=FILL_AREA_STYLE_COLOUR('',#30);
#11020=FILL_AREA_STYLE_COLOUR('',#30);
#11021=FILL_AREA_STYLE_COLOUR('',#11212);
#11022=FILL_AREA_STYLE_COLOUR('',#11212);
#11023=FILL_AREA_STYLE_COLOUR('',#11212);
#11024=FILL_AREA_STYLE_COLOUR('',#11212);
#11025=FILL_AREA_STYLE_COLOUR('',#11212);
#11026=FILL_AREA_STYLE_COLOUR('',#11211);
#11027=FILL_AREA_STYLE_COLOUR('',#11211);
#11028=FILL_AREA_STYLE_COLOUR('',#11211);
#11029=FILL_AREA_STYLE_COLOUR('',#11211);
#11030=FILL_AREA_STYLE_COLOUR('',#11211);
#11031=FILL_AREA_STYLE_COLOUR('',#11211);
#11032=FILL_AREA_STYLE_COLOUR('',#11211);
#11033=FILL_AREA_STYLE_COLOUR('',#11211);
#11034=FILL_AREA_STYLE_COLOUR('',#11211);
#11035=FILL_AREA_STYLE_COLOUR('',#11211);
#11036=FILL_AREA_STYLE_COLOUR('',#11211);
#11037=FILL_AREA_STYLE_COLOUR('',#11211);
#11038=FILL_AREA_STYLE_COLOUR('',#11211);
#11039=FILL_AREA_STYLE_COLOUR('',#11211);
#11040=FILL_AREA_STYLE_COLOUR('',#11211);
#11041=FILL_AREA_STYLE_COLOUR('',#30);
#11042=FILL_AREA_STYLE_COLOUR('',#30);
#11043=FILL_AREA_STYLE_COLOUR('',#30);
#11044=FILL_AREA_STYLE_COLOUR('',#30);
#11045=FILL_AREA_STYLE_COLOUR('',#30);
#11046=FILL_AREA_STYLE_COLOUR('',#30);
#11047=FILL_AREA_STYLE_COLOUR('',#30);
#11048=FILL_AREA_STYLE_COLOUR('',#30);
#11049=FILL_AREA_STYLE_COLOUR('',#30);
#11050=FILL_AREA_STYLE_COLOUR('',#30);
#11051=FILL_AREA_STYLE_COLOUR('',#30);
#11052=FILL_AREA_STYLE_COLOUR('',#30);
#11053=FILL_AREA_STYLE_COLOUR('',#30);
#11054=FILL_AREA_STYLE_COLOUR('',#30);
#11055=FILL_AREA_STYLE_COLOUR('',#30);
#11056=FILL_AREA_STYLE_COLOUR('',#30);
#11057=FILL_AREA_STYLE_COLOUR('',#30);
#11058=FILL_AREA_STYLE_COLOUR('',#11212);
#11059=FILL_AREA_STYLE_COLOUR('',#11212);
#11060=FILL_AREA_STYLE_COLOUR('',#11212);
#11061=FILL_AREA_STYLE_COLOUR('',#11212);
#11062=FILL_AREA_STYLE_COLOUR('',#11212);
#11063=FILL_AREA_STYLE_COLOUR('',#11212);
#11064=FILL_AREA_STYLE_COLOUR('',#11212);
#11065=FILL_AREA_STYLE_COLOUR('',#11212);
#11066=FILL_AREA_STYLE_COLOUR('',#11212);
#11067=FILL_AREA_STYLE_COLOUR('',#11212);
#11068=FILL_AREA_STYLE_COLOUR('',#11212);
#11069=FILL_AREA_STYLE_COLOUR('',#11212);
#11070=FILL_AREA_STYLE_COLOUR('',#11212);
#11071=FILL_AREA_STYLE_COLOUR('',#11212);
#11072=FILL_AREA_STYLE_COLOUR('',#11212);
#11073=FILL_AREA_STYLE_COLOUR('',#11212);
#11074=FILL_AREA_STYLE_COLOUR('',#11212);
#11075=FILL_AREA_STYLE_COLOUR('',#11211);
#11076=FILL_AREA_STYLE_COLOUR('',#11211);
#11077=FILL_AREA_STYLE_COLOUR('',#11211);
#11078=FILL_AREA_STYLE_COLOUR('',#11211);
#11079=FILL_AREA_STYLE_COLOUR('',#11211);
#11080=FILL_AREA_STYLE_COLOUR('',#11211);
#11081=FILL_AREA_STYLE_COLOUR('',#11211);
#11082=FILL_AREA_STYLE_COLOUR('',#11211);
#11083=FILL_AREA_STYLE_COLOUR('',#11211);
#11084=FILL_AREA_STYLE_COLOUR('',#11211);
#11085=FILL_AREA_STYLE_COLOUR('',#11211);
#11086=FILL_AREA_STYLE_COLOUR('',#11211);
#11087=FILL_AREA_STYLE_COLOUR('',#11211);
#11088=FILL_AREA_STYLE_COLOUR('',#11211);
#11089=FILL_AREA_STYLE_COLOUR('',#11211);
#11090=FILL_AREA_STYLE_COLOUR('',#11211);
#11091=FILL_AREA_STYLE_COLOUR('',#11211);
#11092=FILL_AREA_STYLE_COLOUR('',#11211);
#11093=FILL_AREA_STYLE_COLOUR('',#11211);
#11094=FILL_AREA_STYLE_COLOUR('',#11211);
#11095=FILL_AREA_STYLE_COLOUR('',#11211);
#11096=FILL_AREA_STYLE_COLOUR('',#11211);
#11097=FILL_AREA_STYLE_COLOUR('',#11211);
#11098=FILL_AREA_STYLE_COLOUR('',#11211);
#11099=FILL_AREA_STYLE_COLOUR('',#11211);
#11100=FILL_AREA_STYLE_COLOUR('',#11211);
#11101=FILL_AREA_STYLE_COLOUR('',#11211);
#11102=FILL_AREA_STYLE_COLOUR('',#11211);
#11103=FILL_AREA_STYLE_COLOUR('',#11211);
#11104=FILL_AREA_STYLE_COLOUR('',#11211);
#11105=FILL_AREA_STYLE_COLOUR('',#11211);
#11106=FILL_AREA_STYLE_COLOUR('',#11211);
#11107=FILL_AREA_STYLE_COLOUR('',#11211);
#11108=FILL_AREA_STYLE_COLOUR('',#11211);
#11109=FILL_AREA_STYLE_COLOUR('',#11211);
#11110=FILL_AREA_STYLE_COLOUR('',#11211);
#11111=FILL_AREA_STYLE_COLOUR('',#11211);
#11112=FILL_AREA_STYLE_COLOUR('',#11211);
#11113=FILL_AREA_STYLE_COLOUR('',#11211);
#11114=FILL_AREA_STYLE_COLOUR('',#11211);
#11115=FILL_AREA_STYLE_COLOUR('',#11211);
#11116=FILL_AREA_STYLE_COLOUR('',#11211);
#11117=FILL_AREA_STYLE_COLOUR('',#11211);
#11118=FILL_AREA_STYLE_COLOUR('',#11211);
#11119=FILL_AREA_STYLE_COLOUR('',#11211);
#11120=FILL_AREA_STYLE_COLOUR('',#11211);
#11121=FILL_AREA_STYLE_COLOUR('',#11211);
#11122=FILL_AREA_STYLE_COLOUR('',#11211);
#11123=FILL_AREA_STYLE_COLOUR('',#11211);
#11124=FILL_AREA_STYLE_COLOUR('',#11211);
#11125=FILL_AREA_STYLE_COLOUR('',#11211);
#11126=FILL_AREA_STYLE_COLOUR('',#30);
#11127=FILL_AREA_STYLE_COLOUR('',#30);
#11128=FILL_AREA_STYLE_COLOUR('',#30);
#11129=FILL_AREA_STYLE_COLOUR('',#30);
#11130=FILL_AREA_STYLE_COLOUR('',#30);
#11131=FILL_AREA_STYLE_COLOUR('',#30);
#11132=FILL_AREA_STYLE_COLOUR('',#30);
#11133=FILL_AREA_STYLE_COLOUR('',#30);
#11134=FILL_AREA_STYLE_COLOUR('',#30);
#11135=FILL_AREA_STYLE_COLOUR('',#30);
#11136=FILL_AREA_STYLE_COLOUR('',#30);
#11137=FILL_AREA_STYLE_COLOUR('',#30);
#11138=FILL_AREA_STYLE_COLOUR('',#30);
#11139=FILL_AREA_STYLE_COLOUR('',#30);
#11140=FILL_AREA_STYLE_COLOUR('',#30);
#11141=FILL_AREA_STYLE_COLOUR('',#30);
#11142=FILL_AREA_STYLE_COLOUR('',#30);
#11143=FILL_AREA_STYLE_COLOUR('',#11212);
#11144=FILL_AREA_STYLE_COLOUR('',#11212);
#11145=FILL_AREA_STYLE_COLOUR('',#11212);
#11146=FILL_AREA_STYLE_COLOUR('',#11212);
#11147=FILL_AREA_STYLE_COLOUR('',#11212);
#11148=FILL_AREA_STYLE_COLOUR('',#11212);
#11149=FILL_AREA_STYLE_COLOUR('',#11212);
#11150=FILL_AREA_STYLE_COLOUR('',#11212);
#11151=FILL_AREA_STYLE_COLOUR('',#11212);
#11152=FILL_AREA_STYLE_COLOUR('',#11212);
#11153=FILL_AREA_STYLE_COLOUR('',#11212);
#11154=FILL_AREA_STYLE_COLOUR('',#11212);
#11155=FILL_AREA_STYLE_COLOUR('',#11212);
#11156=FILL_AREA_STYLE_COLOUR('',#11212);
#11157=FILL_AREA_STYLE_COLOUR('',#11212);
#11158=FILL_AREA_STYLE_COLOUR('',#11212);
#11159=FILL_AREA_STYLE_COLOUR('',#11212);
#11160=FILL_AREA_STYLE_COLOUR('',#11211);
#11161=FILL_AREA_STYLE_COLOUR('',#11211);
#11162=FILL_AREA_STYLE_COLOUR('',#11211);
#11163=FILL_AREA_STYLE_COLOUR('',#11211);
#11164=FILL_AREA_STYLE_COLOUR('',#11211);
#11165=FILL_AREA_STYLE_COLOUR('',#11211);
#11166=FILL_AREA_STYLE_COLOUR('',#11211);
#11167=FILL_AREA_STYLE_COLOUR('',#11211);
#11168=FILL_AREA_STYLE_COLOUR('',#11211);
#11169=FILL_AREA_STYLE_COLOUR('',#11211);
#11170=FILL_AREA_STYLE_COLOUR('',#11211);
#11171=FILL_AREA_STYLE_COLOUR('',#11211);
#11172=FILL_AREA_STYLE_COLOUR('',#11211);
#11173=FILL_AREA_STYLE_COLOUR('',#11211);
#11174=FILL_AREA_STYLE_COLOUR('',#11211);
#11175=FILL_AREA_STYLE_COLOUR('',#11211);
#11176=FILL_AREA_STYLE_COLOUR('',#11211);
#11177=FILL_AREA_STYLE_COLOUR('',#11211);
#11178=FILL_AREA_STYLE_COLOUR('',#11211);
#11179=FILL_AREA_STYLE_COLOUR('',#11211);
#11180=FILL_AREA_STYLE_COLOUR('',#11211);
#11181=FILL_AREA_STYLE_COLOUR('',#11211);
#11182=FILL_AREA_STYLE_COLOUR('',#11211);
#11183=FILL_AREA_STYLE_COLOUR('',#11211);
#11184=FILL_AREA_STYLE_COLOUR('',#11211);
#11185=FILL_AREA_STYLE_COLOUR('',#11211);
#11186=FILL_AREA_STYLE_COLOUR('',#11211);
#11187=FILL_AREA_STYLE_COLOUR('',#11211);
#11188=FILL_AREA_STYLE_COLOUR('',#11211);
#11189=FILL_AREA_STYLE_COLOUR('',#11211);
#11190=FILL_AREA_STYLE_COLOUR('',#11211);
#11191=FILL_AREA_STYLE_COLOUR('',#11211);
#11192=FILL_AREA_STYLE_COLOUR('',#11211);
#11193=FILL_AREA_STYLE_COLOUR('',#11211);
#11194=FILL_AREA_STYLE_COLOUR('',#11211);
#11195=FILL_AREA_STYLE_COLOUR('',#11211);
#11196=FILL_AREA_STYLE_COLOUR('',#11211);
#11197=FILL_AREA_STYLE_COLOUR('',#11211);
#11198=FILL_AREA_STYLE_COLOUR('',#11211);
#11199=FILL_AREA_STYLE_COLOUR('',#11211);
#11200=FILL_AREA_STYLE_COLOUR('',#11211);
#11201=FILL_AREA_STYLE_COLOUR('',#11211);
#11202=FILL_AREA_STYLE_COLOUR('',#11211);
#11203=FILL_AREA_STYLE_COLOUR('',#11211);
#11204=FILL_AREA_STYLE_COLOUR('',#11211);
#11205=FILL_AREA_STYLE_COLOUR('',#11211);
#11206=FILL_AREA_STYLE_COLOUR('',#11211);
#11207=FILL_AREA_STYLE_COLOUR('',#11211);
#11208=FILL_AREA_STYLE_COLOUR('',#11211);
#11209=FILL_AREA_STYLE_COLOUR('',#11211);
#11210=FILL_AREA_STYLE_COLOUR('',#11211);
#11211=COLOUR_RGB('',0.56000000238419,0.56999999284744,0.56999999284744);
#11212=COLOUR_RGB('',0.,0.50999999046326,0.69999998807907);
#11213=ADVANCED_FACE('',(#7225),#7723,.F.);
#11214=ADVANCED_FACE('',(#7226),#7724,.F.);
#11215=ADVANCED_FACE('',(#7227),#7725,.F.);
#11216=ADVANCED_FACE('',(#7228),#7726,.F.);
#11217=ADVANCED_FACE('',(#7229),#213,.T.);
#11218=ADVANCED_FACE('',(#7230),#7727,.F.);
#11219=ADVANCED_FACE('',(#7231),#214,.T.);
#11220=ADVANCED_FACE('',(#7232),#7728,.F.);
#11221=ADVANCED_FACE('',(#7233),#215,.T.);
#11222=ADVANCED_FACE('',(#7234),#7729,.F.);
#11223=ADVANCED_FACE('',(#7235),#7730,.F.);
#11224=ADVANCED_FACE('',(#7236),#7731,.F.);
#11225=ADVANCED_FACE('',(#7237),#216,.T.);
#11226=ADVANCED_FACE('',(#7238),#7732,.F.);
#11227=ADVANCED_FACE('',(#7239),#217,.T.);
#11228=ADVANCED_FACE('',(#7240),#7733,.F.);
#11229=ADVANCED_FACE('',(#7241),#218,.T.);
#11230=ADVANCED_FACE('',(#7242),#7734,.F.);
#11231=ADVANCED_FACE('',(#7243),#7735,.F.);
#11232=ADVANCED_FACE('',(#7244),#7736,.F.);
#11233=ADVANCED_FACE('',(#7245),#7737,.F.);
#11234=ADVANCED_FACE('',(#7246),#7738,.F.);
#11235=ADVANCED_FACE('',(#7247,#7248,#7249,#7250,#7251,#7252),#7739,.F.);
#11236=ADVANCED_FACE('',(#7253,#7254,#7255,#7256,#7257,#7258,#7259,#7260,
#7261,#7262,#7263,#7264,#7265,#7266,#7267,#7268),#7740,.F.);
#11237=ADVANCED_FACE('',(#7269,#7270,#7271,#7272,#7273,#7274),#7741,.F.);
#11238=ADVANCED_FACE('',(#7275),#7742,.F.);
#11239=ADVANCED_FACE('',(#7276),#7743,.F.);
#11240=ADVANCED_FACE('',(#7277),#7744,.T.);
#11241=ADVANCED_FACE('',(#7278,#7279),#20,.F.);
#11242=ADVANCED_FACE('',(#7280,#7281),#219,.F.);
#11243=ADVANCED_FACE('',(#7282),#7745,.T.);
#11244=ADVANCED_FACE('',(#7283,#7284),#21,.F.);
#11245=ADVANCED_FACE('',(#7285,#7286),#220,.F.);
#11246=ADVANCED_FACE('',(#7287),#7746,.T.);
#11247=ADVANCED_FACE('',(#7288,#7289),#22,.F.);
#11248=ADVANCED_FACE('',(#7290,#7291),#221,.F.);
#11249=ADVANCED_FACE('',(#7292),#7747,.T.);
#11250=ADVANCED_FACE('',(#7293,#7294),#23,.F.);
#11251=ADVANCED_FACE('',(#7295,#7296),#222,.F.);
#11252=ADVANCED_FACE('',(#7297),#7748,.T.);
#11253=ADVANCED_FACE('',(#7298,#7299),#24,.F.);
#11254=ADVANCED_FACE('',(#7300,#7301),#223,.F.);
#11255=ADVANCED_FACE('',(#7302),#7749,.T.);
#11256=ADVANCED_FACE('',(#7303),#7750,.T.);
#11257=ADVANCED_FACE('',(#7304,#7305),#224,.F.);
#11258=ADVANCED_FACE('',(#7306,#7307),#25,.F.);
#11259=ADVANCED_FACE('',(#7308),#7751,.T.);
#11260=ADVANCED_FACE('',(#7309,#7310),#225,.F.);
#11261=ADVANCED_FACE('',(#7311,#7312),#26,.F.);
#11262=ADVANCED_FACE('',(#7313),#7752,.T.);
#11263=ADVANCED_FACE('',(#7314,#7315),#226,.F.);
#11264=ADVANCED_FACE('',(#7316,#7317),#27,.F.);
#11265=ADVANCED_FACE('',(#7318),#7753,.T.);
#11266=ADVANCED_FACE('',(#7319,#7320),#227,.F.);
#11267=ADVANCED_FACE('',(#7321,#7322),#28,.F.);
#11268=ADVANCED_FACE('',(#7323),#7754,.T.);
#11269=ADVANCED_FACE('',(#7324,#7325),#228,.F.);
#11270=ADVANCED_FACE('',(#7326,#7327),#29,.F.);
#11271=ADVANCED_FACE('',(#7328),#229,.T.);
#11272=ADVANCED_FACE('',(#7329),#230,.T.);
#11273=ADVANCED_FACE('',(#7330),#231,.F.);
#11274=ADVANCED_FACE('',(#7331),#232,.F.);
#11275=ADVANCED_FACE('',(#7332,#7333),#7755,.T.);
#11276=ADVANCED_FACE('',(#7334),#233,.F.);
#11277=ADVANCED_FACE('',(#7335),#234,.F.);
#11278=ADVANCED_FACE('',(#7336),#7756,.F.);
#11279=ADVANCED_FACE('',(#7337),#7757,.T.);
#11280=ADVANCED_FACE('',(#7338),#235,.T.);
#11281=ADVANCED_FACE('',(#7339),#236,.T.);
#11282=ADVANCED_FACE('',(#7340),#237,.F.);
#11283=ADVANCED_FACE('',(#7341),#238,.F.);
#11284=ADVANCED_FACE('',(#7342,#7343),#7758,.T.);
#11285=ADVANCED_FACE('',(#7344),#239,.F.);
#11286=ADVANCED_FACE('',(#7345),#240,.F.);
#11287=ADVANCED_FACE('',(#7346),#7759,.F.);
#11288=ADVANCED_FACE('',(#7347),#7760,.T.);
#11289=ADVANCED_FACE('',(#7348),#241,.T.);
#11290=ADVANCED_FACE('',(#7349),#242,.T.);
#11291=ADVANCED_FACE('',(#7350),#243,.F.);
#11292=ADVANCED_FACE('',(#7351),#244,.F.);
#11293=ADVANCED_FACE('',(#7352,#7353),#7761,.T.);
#11294=ADVANCED_FACE('',(#7354),#245,.F.);
#11295=ADVANCED_FACE('',(#7355),#246,.F.);
#11296=ADVANCED_FACE('',(#7356),#7762,.F.);
#11297=ADVANCED_FACE('',(#7357),#7763,.T.);
#11298=ADVANCED_FACE('',(#7358),#247,.T.);
#11299=ADVANCED_FACE('',(#7359),#248,.T.);
#11300=ADVANCED_FACE('',(#7360),#249,.F.);
#11301=ADVANCED_FACE('',(#7361),#250,.F.);
#11302=ADVANCED_FACE('',(#7362,#7363),#7764,.T.);
#11303=ADVANCED_FACE('',(#7364),#251,.F.);
#11304=ADVANCED_FACE('',(#7365),#252,.F.);
#11305=ADVANCED_FACE('',(#7366),#7765,.F.);
#11306=ADVANCED_FACE('',(#7367),#7766,.T.);
#11307=ADVANCED_FACE('',(#7368),#253,.T.);
#11308=ADVANCED_FACE('',(#7369),#254,.T.);
#11309=ADVANCED_FACE('',(#7370),#255,.F.);
#11310=ADVANCED_FACE('',(#7371),#256,.F.);
#11311=ADVANCED_FACE('',(#7372,#7373),#7767,.T.);
#11312=ADVANCED_FACE('',(#7374),#257,.F.);
#11313=ADVANCED_FACE('',(#7375),#258,.F.);
#11314=ADVANCED_FACE('',(#7376),#7768,.F.);
#11315=ADVANCED_FACE('',(#7377),#7769,.T.);
#11316=ADVANCED_FACE('',(#7378),#7770,.T.);
#11317=ADVANCED_FACE('',(#7379),#7771,.T.);
#11318=ADVANCED_FACE('',(#7380),#7772,.T.);
#11319=ADVANCED_FACE('',(#7381),#7773,.F.);
#11320=ADVANCED_FACE('',(#7382),#7774,.T.);
#11321=ADVANCED_FACE('',(#7383),#7775,.T.);
#11322=ADVANCED_FACE('',(#7384),#7776,.T.);
#11323=ADVANCED_FACE('',(#7385),#7777,.T.);
#11324=ADVANCED_FACE('',(#7386),#7778,.F.);
#11325=ADVANCED_FACE('',(#7387),#7779,.T.);
#11326=ADVANCED_FACE('',(#7388),#7780,.T.);
#11327=ADVANCED_FACE('',(#7389),#7781,.T.);
#11328=ADVANCED_FACE('',(#7390),#7782,.T.);
#11329=ADVANCED_FACE('',(#7391),#7783,.F.);
#11330=ADVANCED_FACE('',(#7392),#7784,.T.);
#11331=ADVANCED_FACE('',(#7393),#7785,.T.);
#11332=ADVANCED_FACE('',(#7394),#7786,.T.);
#11333=ADVANCED_FACE('',(#7395),#7787,.T.);
#11334=ADVANCED_FACE('',(#7396),#7788,.F.);
#11335=ADVANCED_FACE('',(#7397),#7789,.T.);
#11336=ADVANCED_FACE('',(#7398),#7790,.T.);
#11337=ADVANCED_FACE('',(#7399),#7791,.T.);
#11338=ADVANCED_FACE('',(#7400),#7792,.T.);
#11339=ADVANCED_FACE('',(#7401),#7793,.F.);
#11340=ADVANCED_FACE('',(#7402),#7794,.T.);
#11341=ADVANCED_FACE('',(#7403),#7795,.T.);
#11342=ADVANCED_FACE('',(#7404),#7796,.T.);
#11343=ADVANCED_FACE('',(#7405),#7797,.T.);
#11344=ADVANCED_FACE('',(#7406),#7798,.T.);
#11345=ADVANCED_FACE('',(#7407),#7799,.T.);
#11346=ADVANCED_FACE('',(#7408),#7800,.T.);
#11347=ADVANCED_FACE('',(#7409),#7801,.T.);
#11348=ADVANCED_FACE('',(#7410),#7802,.T.);
#11349=ADVANCED_FACE('',(#7411),#7803,.F.);
#11350=ADVANCED_FACE('',(#7412),#7804,.T.);
#11351=ADVANCED_FACE('',(#7413),#7805,.T.);
#11352=ADVANCED_FACE('',(#7414),#7806,.T.);
#11353=ADVANCED_FACE('',(#7415),#7807,.T.);
#11354=ADVANCED_FACE('',(#7416),#7808,.T.);
#11355=ADVANCED_FACE('',(#7417),#7809,.T.);
#11356=ADVANCED_FACE('',(#7418),#7810,.T.);
#11357=ADVANCED_FACE('',(#7419),#7811,.T.);
#11358=ADVANCED_FACE('',(#7420),#7812,.T.);
#11359=ADVANCED_FACE('',(#7421),#7813,.F.);
#11360=ADVANCED_FACE('',(#7422),#7814,.T.);
#11361=ADVANCED_FACE('',(#7423),#7815,.T.);
#11362=ADVANCED_FACE('',(#7424),#7816,.T.);
#11363=ADVANCED_FACE('',(#7425),#7817,.T.);
#11364=ADVANCED_FACE('',(#7426),#7818,.T.);
#11365=ADVANCED_FACE('',(#7427),#7819,.T.);
#11366=ADVANCED_FACE('',(#7428),#7820,.T.);
#11367=ADVANCED_FACE('',(#7429),#7821,.T.);
#11368=ADVANCED_FACE('',(#7430),#7822,.T.);
#11369=ADVANCED_FACE('',(#7431),#7823,.F.);
#11370=ADVANCED_FACE('',(#7432),#7824,.T.);
#11371=ADVANCED_FACE('',(#7433),#7825,.T.);
#11372=ADVANCED_FACE('',(#7434),#7826,.T.);
#11373=ADVANCED_FACE('',(#7435),#7827,.T.);
#11374=ADVANCED_FACE('',(#7436),#7828,.T.);
#11375=ADVANCED_FACE('',(#7437),#7829,.T.);
#11376=ADVANCED_FACE('',(#7438),#7830,.T.);
#11377=ADVANCED_FACE('',(#7439),#7831,.T.);
#11378=ADVANCED_FACE('',(#7440),#7832,.T.);
#11379=ADVANCED_FACE('',(#7441),#7833,.F.);
#11380=ADVANCED_FACE('',(#7442),#7834,.T.);
#11381=ADVANCED_FACE('',(#7443),#7835,.T.);
#11382=ADVANCED_FACE('',(#7444),#7836,.T.);
#11383=ADVANCED_FACE('',(#7445),#7837,.T.);
#11384=ADVANCED_FACE('',(#7446),#7838,.T.);
#11385=ADVANCED_FACE('',(#7447),#7839,.T.);
#11386=ADVANCED_FACE('',(#7448),#7840,.T.);
#11387=ADVANCED_FACE('',(#7449),#7841,.T.);
#11388=ADVANCED_FACE('',(#7450),#7842,.T.);
#11389=ADVANCED_FACE('',(#7451),#7843,.F.);
#11390=ADVANCED_FACE('',(#7452),#7844,.T.);
#11391=ADVANCED_FACE('',(#7453),#7845,.T.);
#11392=ADVANCED_FACE('',(#7454),#7846,.T.);
#11393=ADVANCED_FACE('',(#7455),#7847,.T.);
#11394=ADVANCED_FACE('',(#7456),#7848,.T.);
#11395=ADVANCED_FACE('',(#7457),#7849,.T.);
#11396=ADVANCED_FACE('',(#7458),#7850,.T.);
#11397=ADVANCED_FACE('',(#7459),#7851,.T.);
#11398=ADVANCED_FACE('',(#7460),#7852,.T.);
#11399=ADVANCED_FACE('',(#7461),#7853,.F.);
#11400=ADVANCED_FACE('',(#7462),#7854,.T.);
#11401=ADVANCED_FACE('',(#7463),#7855,.T.);
#11402=ADVANCED_FACE('',(#7464),#7856,.T.);
#11403=ADVANCED_FACE('',(#7465),#7857,.T.);
#11404=ADVANCED_FACE('',(#7466),#7858,.T.);
#11405=ADVANCED_FACE('',(#7467),#7859,.T.);
#11406=ADVANCED_FACE('',(#7468),#7860,.T.);
#11407=ADVANCED_FACE('',(#7469),#7861,.T.);
#11408=ADVANCED_FACE('',(#7470),#7862,.T.);
#11409=ADVANCED_FACE('',(#7471),#7863,.F.);
#11410=ADVANCED_FACE('',(#7472),#7864,.T.);
#11411=ADVANCED_FACE('',(#7473),#7865,.T.);
#11412=ADVANCED_FACE('',(#7474),#7866,.T.);
#11413=ADVANCED_FACE('',(#7475),#7867,.T.);
#11414=ADVANCED_FACE('',(#7476),#7868,.T.);
#11415=ADVANCED_FACE('',(#7477),#7869,.T.);
#11416=ADVANCED_FACE('',(#7478),#7870,.T.);
#11417=ADVANCED_FACE('',(#7479),#7871,.T.);
#11418=ADVANCED_FACE('',(#7480),#7872,.T.);
#11419=ADVANCED_FACE('',(#7481),#7873,.F.);
#11420=ADVANCED_FACE('',(#7482),#7874,.T.);
#11421=ADVANCED_FACE('',(#7483),#7875,.T.);
#11422=ADVANCED_FACE('',(#7484),#7876,.T.);
#11423=ADVANCED_FACE('',(#7485),#7877,.T.);
#11424=ADVANCED_FACE('',(#7486),#7878,.T.);
#11425=ADVANCED_FACE('',(#7487),#7879,.T.);
#11426=ADVANCED_FACE('',(#7488),#7880,.T.);
#11427=ADVANCED_FACE('',(#7489),#7881,.T.);
#11428=ADVANCED_FACE('',(#7490),#7882,.T.);
#11429=ADVANCED_FACE('',(#7491),#7883,.F.);
#11430=ADVANCED_FACE('',(#7492),#7884,.T.);
#11431=ADVANCED_FACE('',(#7493),#7885,.T.);
#11432=ADVANCED_FACE('',(#7494),#7886,.T.);
#11433=ADVANCED_FACE('',(#7495),#7887,.T.);
#11434=ADVANCED_FACE('',(#7496),#7888,.T.);
#11435=ADVANCED_FACE('',(#7497),#7889,.T.);
#11436=ADVANCED_FACE('',(#7498),#7890,.T.);
#11437=ADVANCED_FACE('',(#7499),#7891,.T.);
#11438=ADVANCED_FACE('',(#7500),#7892,.T.);
#11439=ADVANCED_FACE('',(#7501),#7893,.F.);
#11440=ADVANCED_FACE('',(#7502),#7894,.T.);
#11441=ADVANCED_FACE('',(#7503),#7895,.T.);
#11442=ADVANCED_FACE('',(#7504),#7896,.F.);
#11443=ADVANCED_FACE('',(#7505),#7897,.T.);
#11444=ADVANCED_FACE('',(#7506),#7898,.T.);
#11445=ADVANCED_FACE('',(#7507),#7899,.T.);
#11446=ADVANCED_FACE('',(#7508),#7900,.T.);
#11447=ADVANCED_FACE('',(#7509),#7901,.F.);
#11448=ADVANCED_FACE('',(#7510),#7902,.T.);
#11449=ADVANCED_FACE('',(#7511),#7903,.T.);
#11450=ADVANCED_FACE('',(#7512),#7904,.T.);
#11451=ADVANCED_FACE('',(#7513),#7905,.T.);
#11452=ADVANCED_FACE('',(#7514),#7906,.F.);
#11453=ADVANCED_FACE('',(#7515),#7907,.T.);
#11454=ADVANCED_FACE('',(#7516),#7908,.T.);
#11455=ADVANCED_FACE('',(#7517),#7909,.T.);
#11456=ADVANCED_FACE('',(#7518),#7910,.T.);
#11457=ADVANCED_FACE('',(#7519),#7911,.F.);
#11458=ADVANCED_FACE('',(#7520),#7912,.T.);
#11459=ADVANCED_FACE('',(#7521),#7913,.T.);
#11460=ADVANCED_FACE('',(#7522),#7914,.T.);
#11461=ADVANCED_FACE('',(#7523),#7915,.T.);
#11462=ADVANCED_FACE('',(#7524),#7916,.F.);
#11463=ADVANCED_FACE('',(#7525),#7917,.T.);
#11464=ADVANCED_FACE('',(#7526),#7918,.T.);
#11465=ADVANCED_FACE('',(#7527),#7919,.T.);
#11466=ADVANCED_FACE('',(#7528),#7920,.T.);
#11467=ADVANCED_FACE('',(#7529),#7921,.F.);
#11468=ADVANCED_FACE('',(#7530),#7922,.T.);
#11469=ADVANCED_FACE('',(#7531),#7923,.T.);
#11470=ADVANCED_FACE('',(#7532),#7924,.T.);
#11471=ADVANCED_FACE('',(#7533),#7925,.T.);
#11472=ADVANCED_FACE('',(#7534),#7926,.F.);
#11473=ADVANCED_FACE('',(#7535),#7927,.T.);
#11474=ADVANCED_FACE('',(#7536),#7928,.T.);
#11475=ADVANCED_FACE('',(#7537),#7929,.T.);
#11476=ADVANCED_FACE('',(#7538),#7930,.T.);
#11477=ADVANCED_FACE('',(#7539),#7931,.F.);
#11478=ADVANCED_FACE('',(#7540),#7932,.T.);
#11479=ADVANCED_FACE('',(#7541),#7933,.T.);
#11480=ADVANCED_FACE('',(#7542),#7934,.T.);
#11481=ADVANCED_FACE('',(#7543),#7935,.T.);
#11482=ADVANCED_FACE('',(#7544),#7936,.F.);
#11483=ADVANCED_FACE('',(#7545),#7937,.T.);
#11484=ADVANCED_FACE('',(#7546),#7938,.T.);
#11485=ADVANCED_FACE('',(#7547),#7939,.T.);
#11486=ADVANCED_FACE('',(#7548),#7940,.T.);
#11487=ADVANCED_FACE('',(#7549),#7941,.F.);
#11488=ADVANCED_FACE('',(#7550),#7942,.T.);
#11489=ADVANCED_FACE('',(#7551),#7943,.T.);
#11490=ADVANCED_FACE('',(#7552),#7944,.T.);
#11491=ADVANCED_FACE('',(#7553),#7945,.T.);
#11492=ADVANCED_FACE('',(#7554),#259,.F.);
#11493=ADVANCED_FACE('',(#7555),#7946,.T.);
#11494=ADVANCED_FACE('',(#7556),#7947,.T.);
#11495=ADVANCED_FACE('',(#7557),#7948,.T.);
#11496=ADVANCED_FACE('',(#7558),#7949,.T.);
#11497=ADVANCED_FACE('',(#7559),#7950,.T.);
#11498=ADVANCED_FACE('',(#7560),#260,.F.);
#11499=ADVANCED_FACE('',(#7561),#7951,.T.);
#11500=ADVANCED_FACE('',(#7562),#261,.F.);
#11501=ADVANCED_FACE('',(#7563),#7952,.T.);
#11502=ADVANCED_FACE('',(#7564),#7953,.T.);
#11503=ADVANCED_FACE('',(#7565),#7954,.T.);
#11504=ADVANCED_FACE('',(#7566),#7955,.T.);
#11505=ADVANCED_FACE('',(#7567),#262,.F.);
#11506=ADVANCED_FACE('',(#7568),#7956,.F.);
#11507=ADVANCED_FACE('',(#7569),#7957,.T.);
#11508=ADVANCED_FACE('',(#7570),#7958,.T.);
#11509=ADVANCED_FACE('',(#7571),#263,.F.);
#11510=ADVANCED_FACE('',(#7572),#7959,.T.);
#11511=ADVANCED_FACE('',(#7573),#7960,.T.);
#11512=ADVANCED_FACE('',(#7574),#7961,.T.);
#11513=ADVANCED_FACE('',(#7575),#7962,.T.);
#11514=ADVANCED_FACE('',(#7576),#7963,.T.);
#11515=ADVANCED_FACE('',(#7577),#264,.F.);
#11516=ADVANCED_FACE('',(#7578),#7964,.T.);
#11517=ADVANCED_FACE('',(#7579),#265,.F.);
#11518=ADVANCED_FACE('',(#7580),#7965,.T.);
#11519=ADVANCED_FACE('',(#7581),#7966,.T.);
#11520=ADVANCED_FACE('',(#7582),#7967,.T.);
#11521=ADVANCED_FACE('',(#7583),#7968,.T.);
#11522=ADVANCED_FACE('',(#7584),#266,.F.);
#11523=ADVANCED_FACE('',(#7585),#7969,.F.);
#11524=ADVANCED_FACE('',(#7586),#7970,.T.);
#11525=ADVANCED_FACE('',(#7587),#7971,.T.);
#11526=ADVANCED_FACE('',(#7588),#267,.F.);
#11527=ADVANCED_FACE('',(#7589),#7972,.T.);
#11528=ADVANCED_FACE('',(#7590),#7973,.T.);
#11529=ADVANCED_FACE('',(#7591),#7974,.T.);
#11530=ADVANCED_FACE('',(#7592),#7975,.T.);
#11531=ADVANCED_FACE('',(#7593),#7976,.T.);
#11532=ADVANCED_FACE('',(#7594),#268,.F.);
#11533=ADVANCED_FACE('',(#7595),#7977,.T.);
#11534=ADVANCED_FACE('',(#7596),#269,.F.);
#11535=ADVANCED_FACE('',(#7597),#7978,.T.);
#11536=ADVANCED_FACE('',(#7598),#7979,.T.);
#11537=ADVANCED_FACE('',(#7599),#7980,.T.);
#11538=ADVANCED_FACE('',(#7600),#7981,.T.);
#11539=ADVANCED_FACE('',(#7601),#270,.F.);
#11540=ADVANCED_FACE('',(#7602),#7982,.F.);
#11541=ADVANCED_FACE('',(#7603),#7983,.T.);
#11542=ADVANCED_FACE('',(#7604),#7984,.T.);
#11543=ADVANCED_FACE('',(#7605),#271,.F.);
#11544=ADVANCED_FACE('',(#7606),#7985,.T.);
#11545=ADVANCED_FACE('',(#7607),#7986,.T.);
#11546=ADVANCED_FACE('',(#7608),#7987,.T.);
#11547=ADVANCED_FACE('',(#7609),#7988,.T.);
#11548=ADVANCED_FACE('',(#7610),#7989,.T.);
#11549=ADVANCED_FACE('',(#7611),#272,.F.);
#11550=ADVANCED_FACE('',(#7612),#7990,.T.);
#11551=ADVANCED_FACE('',(#7613),#273,.F.);
#11552=ADVANCED_FACE('',(#7614),#7991,.T.);
#11553=ADVANCED_FACE('',(#7615),#7992,.T.);
#11554=ADVANCED_FACE('',(#7616),#7993,.T.);
#11555=ADVANCED_FACE('',(#7617),#7994,.T.);
#11556=ADVANCED_FACE('',(#7618),#274,.F.);
#11557=ADVANCED_FACE('',(#7619),#7995,.F.);
#11558=ADVANCED_FACE('',(#7620),#7996,.T.);
#11559=ADVANCED_FACE('',(#7621),#7997,.T.);
#11560=ADVANCED_FACE('',(#7622),#275,.F.);
#11561=ADVANCED_FACE('',(#7623),#7998,.T.);
#11562=ADVANCED_FACE('',(#7624),#7999,.T.);
#11563=ADVANCED_FACE('',(#7625),#8000,.T.);
#11564=ADVANCED_FACE('',(#7626),#8001,.T.);
#11565=ADVANCED_FACE('',(#7627),#8002,.T.);
#11566=ADVANCED_FACE('',(#7628),#276,.F.);
#11567=ADVANCED_FACE('',(#7629),#8003,.T.);
#11568=ADVANCED_FACE('',(#7630),#277,.F.);
#11569=ADVANCED_FACE('',(#7631),#8004,.T.);
#11570=ADVANCED_FACE('',(#7632),#8005,.T.);
#11571=ADVANCED_FACE('',(#7633),#8006,.T.);
#11572=ADVANCED_FACE('',(#7634),#8007,.T.);
#11573=ADVANCED_FACE('',(#7635),#278,.F.);
#11574=ADVANCED_FACE('',(#7636),#8008,.F.);
#11575=ADVANCED_FACE('',(#7637),#8009,.T.);
#11576=ADVANCED_FACE('',(#7638),#279,.F.);
#11577=ADVANCED_FACE('',(#7639),#8010,.T.);
#11578=ADVANCED_FACE('',(#7640),#280,.F.);
#11579=ADVANCED_FACE('',(#7641),#8011,.T.);
#11580=ADVANCED_FACE('',(#7642),#8012,.T.);
#11581=ADVANCED_FACE('',(#7643),#8013,.T.);
#11582=ADVANCED_FACE('',(#7644),#8014,.T.);
#11583=ADVANCED_FACE('',(#7645),#281,.F.);
#11584=ADVANCED_FACE('',(#7646),#8015,.T.);
#11585=ADVANCED_FACE('',(#7647),#282,.F.);
#11586=ADVANCED_FACE('',(#7648),#8016,.T.);
#11587=ADVANCED_FACE('',(#7649),#8017,.T.);
#11588=ADVANCED_FACE('',(#7650),#8018,.T.);
#11589=ADVANCED_FACE('',(#7651),#8019,.T.);
#11590=ADVANCED_FACE('',(#7652),#8020,.T.);
#11591=ADVANCED_FACE('',(#7653),#8021,.F.);
#11592=ADVANCED_FACE('',(#7654),#8022,.T.);
#11593=ADVANCED_FACE('',(#7655),#283,.F.);
#11594=ADVANCED_FACE('',(#7656),#8023,.T.);
#11595=ADVANCED_FACE('',(#7657),#284,.F.);
#11596=ADVANCED_FACE('',(#7658),#8024,.T.);
#11597=ADVANCED_FACE('',(#7659),#8025,.T.);
#11598=ADVANCED_FACE('',(#7660),#8026,.T.);
#11599=ADVANCED_FACE('',(#7661),#8027,.T.);
#11600=ADVANCED_FACE('',(#7662),#285,.F.);
#11601=ADVANCED_FACE('',(#7663),#8028,.T.);
#11602=ADVANCED_FACE('',(#7664),#286,.F.);
#11603=ADVANCED_FACE('',(#7665),#8029,.T.);
#11604=ADVANCED_FACE('',(#7666),#8030,.T.);
#11605=ADVANCED_FACE('',(#7667),#8031,.T.);
#11606=ADVANCED_FACE('',(#7668),#8032,.T.);
#11607=ADVANCED_FACE('',(#7669),#8033,.T.);
#11608=ADVANCED_FACE('',(#7670),#8034,.F.);
#11609=ADVANCED_FACE('',(#7671),#8035,.T.);
#11610=ADVANCED_FACE('',(#7672),#287,.F.);
#11611=ADVANCED_FACE('',(#7673),#8036,.T.);
#11612=ADVANCED_FACE('',(#7674),#288,.F.);
#11613=ADVANCED_FACE('',(#7675),#8037,.T.);
#11614=ADVANCED_FACE('',(#7676),#8038,.T.);
#11615=ADVANCED_FACE('',(#7677),#8039,.T.);
#11616=ADVANCED_FACE('',(#7678),#8040,.T.);
#11617=ADVANCED_FACE('',(#7679),#289,.F.);
#11618=ADVANCED_FACE('',(#7680),#8041,.T.);
#11619=ADVANCED_FACE('',(#7681),#290,.F.);
#11620=ADVANCED_FACE('',(#7682),#8042,.T.);
#11621=ADVANCED_FACE('',(#7683),#8043,.T.);
#11622=ADVANCED_FACE('',(#7684),#8044,.T.);
#11623=ADVANCED_FACE('',(#7685),#8045,.T.);
#11624=ADVANCED_FACE('',(#7686),#8046,.T.);
#11625=ADVANCED_FACE('',(#7687),#8047,.F.);
#11626=ADVANCED_FACE('',(#7688),#8048,.T.);
#11627=ADVANCED_FACE('',(#7689),#291,.F.);
#11628=ADVANCED_FACE('',(#7690),#8049,.T.);
#11629=ADVANCED_FACE('',(#7691),#292,.F.);
#11630=ADVANCED_FACE('',(#7692),#8050,.T.);
#11631=ADVANCED_FACE('',(#7693),#8051,.T.);
#11632=ADVANCED_FACE('',(#7694),#8052,.T.);
#11633=ADVANCED_FACE('',(#7695),#8053,.T.);
#11634=ADVANCED_FACE('',(#7696),#293,.F.);
#11635=ADVANCED_FACE('',(#7697),#8054,.T.);
#11636=ADVANCED_FACE('',(#7698),#294,.F.);
#11637=ADVANCED_FACE('',(#7699),#8055,.T.);
#11638=ADVANCED_FACE('',(#7700),#8056,.T.);
#11639=ADVANCED_FACE('',(#7701),#8057,.T.);
#11640=ADVANCED_FACE('',(#7702),#8058,.T.);
#11641=ADVANCED_FACE('',(#7703),#8059,.T.);
#11642=ADVANCED_FACE('',(#7704),#8060,.F.);
#11643=ADVANCED_FACE('',(#7705),#8061,.T.);
#11644=ADVANCED_FACE('',(#7706),#295,.F.);
#11645=ADVANCED_FACE('',(#7707),#8062,.T.);
#11646=ADVANCED_FACE('',(#7708),#296,.F.);
#11647=ADVANCED_FACE('',(#7709),#8063,.T.);
#11648=ADVANCED_FACE('',(#7710),#8064,.T.);
#11649=ADVANCED_FACE('',(#7711),#8065,.T.);
#11650=ADVANCED_FACE('',(#7712),#8066,.T.);
#11651=ADVANCED_FACE('',(#7713),#297,.F.);
#11652=ADVANCED_FACE('',(#7714),#8067,.T.);
#11653=ADVANCED_FACE('',(#7715),#298,.F.);
#11654=ADVANCED_FACE('',(#7716),#8068,.T.);
#11655=ADVANCED_FACE('',(#7717),#8069,.T.);
#11656=ADVANCED_FACE('',(#7718),#8070,.T.);
#11657=ADVANCED_FACE('',(#7719),#8071,.T.);
#11658=ADVANCED_FACE('',(#7720),#8072,.T.);
#11659=ADVANCED_FACE('',(#7721),#8073,.F.);
#11660=ADVANCED_FACE('',(#7722),#8074,.T.);
#11661=CLOSED_SHELL('',(#11213,#11214,#11215,#11216,#11217,#11218,#11219,
#11220,#11221,#11222,#11223,#11224,#11225,#11226,#11227,#11228,#11229,#11230,
#11231,#11232,#11233,#11234,#11235,#11236,#11237,#11238,#11239,#11240,#11241,
#11242,#11243,#11244,#11245,#11246,#11247,#11248,#11249,#11250,#11251,#11252,
#11253,#11254,#11255,#11256,#11257,#11258,#11259,#11260,#11261,#11262,#11263,
#11264,#11265,#11266,#11267,#11268,#11269,#11270,#11271,#11272,#11273,#11274,
#11275,#11276,#11277,#11278,#11279,#11280,#11281,#11282,#11283,#11284,#11285,
#11286,#11287,#11288,#11289,#11290,#11291,#11292,#11293,#11294,#11295,#11296,
#11297,#11298,#11299,#11300,#11301,#11302,#11303,#11304,#11305,#11306,#11307,
#11308,#11309,#11310,#11311,#11312,#11313,#11314,#11315,#11316,#11317,#11318,
#11319,#11320,#11321,#11322,#11323,#11324,#11325,#11326,#11327,#11328,#11329,
#11330,#11331,#11332,#11333,#11334,#11335,#11336,#11337,#11338,#11339,#11340,
#11341,#11342,#11343,#11344,#11345,#11346,#11347,#11348,#11349,#11350,#11351,
#11352,#11353,#11354,#11355,#11356,#11357,#11358,#11359,#11360,#11361,#11362,
#11363,#11364,#11365,#11366,#11367,#11368,#11369,#11370,#11371,#11372,#11373,
#11374,#11375,#11376,#11377,#11378,#11379,#11380,#11381,#11382,#11383,#11384,
#11385,#11386,#11387,#11388,#11389,#11390,#11391,#11392,#11393,#11394,#11395,
#11396,#11397,#11398,#11399,#11400,#11401,#11402,#11403,#11404,#11405,#11406,
#11407,#11408,#11409,#11410,#11411,#11412,#11413,#11414,#11415,#11416,#11417,
#11418,#11419,#11420,#11421,#11422,#11423,#11424,#11425,#11426,#11427,#11428,
#11429,#11430,#11431,#11432,#11433,#11434,#11435,#11436,#11437,#11438,#11439,
#11440,#11441,#11442,#11443,#11444,#11445,#11446,#11447,#11448,#11449,#11450,
#11451,#11452,#11453,#11454,#11455,#11456,#11457,#11458,#11459,#11460,#11461,
#11462,#11463,#11464,#11465,#11466,#11467,#11468,#11469,#11470,#11471,#11472,
#11473,#11474,#11475,#11476,#11477,#11478,#11479,#11480,#11481,#11482,#11483,
#11484,#11485,#11486,#11487,#11488,#11489,#11490,#11491,#11492,#11493,#11494,
#11495,#11496,#11497,#11498,#11499,#11500,#11501,#11502,#11503,#11504,#11505,
#11506,#11507,#11508,#11509,#11510,#11511,#11512,#11513,#11514,#11515,#11516,
#11517,#11518,#11519,#11520,#11521,#11522,#11523,#11524,#11525,#11526,#11527,
#11528,#11529,#11530,#11531,#11532,#11533,#11534,#11535,#11536,#11537,#11538,
#11539,#11540,#11541,#11542,#11543,#11544,#11545,#11546,#11547,#11548,#11549,
#11550,#11551,#11552,#11553,#11554,#11555,#11556,#11557,#11558,#11559,#11560,
#11561,#11562,#11563,#11564,#11565,#11566,#11567,#11568,#11569,#11570,#11571,
#11572,#11573,#11574,#11575,#11576,#11577,#11578,#11579,#11580,#11581,#11582,
#11583,#11584,#11585,#11586,#11587,#11588,#11589,#11590,#11591,#11592,#11593,
#11594,#11595,#11596,#11597,#11598,#11599,#11600,#11601,#11602,#11603,#11604,
#11605,#11606,#11607,#11608,#11609,#11610,#11611,#11612,#11613,#11614,#11615,
#11616,#11617,#11618,#11619,#11620,#11621,#11622,#11623,#11624,#11625,#11626,
#11627,#11628,#11629,#11630,#11631,#11632,#11633,#11634,#11635,#11636,#11637,
#11638,#11639,#11640,#11641,#11642,#11643,#11644,#11645,#11646,#11647,#11648,
#11649,#11650,#11651,#11652,#11653,#11654,#11655,#11656,#11657,#11658,#11659,
#11660));
#11662=MANIFOLD_SOLID_BREP('285-199',#11661);
#11663=SHAPE_DEFINITION_REPRESENTATION(#17029,#11664);
#11664=SHAPE_REPRESENTATION('285-199',(#11665),#17024);
#11665=AXIS2_PLACEMENT_3D('',#14574,#12296,#12297);
#11666=AXIS2_PLACEMENT_3D('',#14575,#12298,#12299);
#11667=AXIS2_PLACEMENT_3D('',#14644,#12334,#12335);
#11668=AXIS2_PLACEMENT_3D('',#14675,#12354,#12355);
#11669=AXIS2_PLACEMENT_3D('',#14681,#12359,#12360);
#11670=AXIS2_PLACEMENT_3D('',#14687,#12364,#12365);
#11671=AXIS2_PLACEMENT_3D('',#14688,#12366,#12367);
#11672=AXIS2_PLACEMENT_3D('',#14692,#12369,#12370);
#11673=AXIS2_PLACEMENT_3D('',#14693,#12371,#12372);
#11674=AXIS2_PLACEMENT_3D('',#14699,#12376,#12377);
#11675=AXIS2_PLACEMENT_3D('',#14700,#12378,#12379);
#11676=AXIS2_PLACEMENT_3D('',#14704,#12381,#12382);
#11677=AXIS2_PLACEMENT_3D('',#14705,#12383,#12384);
#11678=AXIS2_PLACEMENT_3D('',#14711,#12388,#12389);
#11679=AXIS2_PLACEMENT_3D('',#14712,#12390,#12391);
#11680=AXIS2_PLACEMENT_3D('',#14716,#12393,#12394);
#11681=AXIS2_PLACEMENT_3D('',#14717,#12395,#12396);
#11682=AXIS2_PLACEMENT_3D('',#14723,#12400,#12401);
#11683=AXIS2_PLACEMENT_3D('',#14729,#12405,#12406);
#11684=AXIS2_PLACEMENT_3D('',#14735,#12410,#12411);
#11685=AXIS2_PLACEMENT_3D('',#14736,#12412,#12413);
#11686=AXIS2_PLACEMENT_3D('',#14740,#12415,#12416);
#11687=AXIS2_PLACEMENT_3D('',#14741,#12417,#12418);
#11688=AXIS2_PLACEMENT_3D('',#14747,#12422,#12423);
#11689=AXIS2_PLACEMENT_3D('',#14748,#12424,#12425);
#11690=AXIS2_PLACEMENT_3D('',#14752,#12427,#12428);
#11691=AXIS2_PLACEMENT_3D('',#14753,#12429,#12430);
#11692=AXIS2_PLACEMENT_3D('',#14759,#12434,#12435);
#11693=AXIS2_PLACEMENT_3D('',#14760,#12436,#12437);
#11694=AXIS2_PLACEMENT_3D('',#14764,#12439,#12440);
#11695=AXIS2_PLACEMENT_3D('',#14765,#12441,#12442);
#11696=AXIS2_PLACEMENT_3D('',#14771,#12446,#12447);
#11697=AXIS2_PLACEMENT_3D('',#14777,#12451,#12452);
#11698=AXIS2_PLACEMENT_3D('',#14823,#12476,#12477);
#11699=AXIS2_PLACEMENT_3D('',#14874,#12506,#12507);
#11700=AXIS2_PLACEMENT_3D('',#14905,#12526,#12527);
#11701=AXIS2_PLACEMENT_3D('',#14951,#12551,#12552);
#11702=AXIS2_PLACEMENT_3D('',#14992,#12573,#12574);
#11703=AXIS2_PLACEMENT_3D('',#14994,#12575,#12576);
#11704=AXIS2_PLACEMENT_3D('',#14996,#12577,#12578);
#11705=AXIS2_PLACEMENT_3D('',#14998,#12579,#12580);
#11706=AXIS2_PLACEMENT_3D('',#15000,#12581,#12582);
#11707=AXIS2_PLACEMENT_3D('',#15002,#12583,#12584);
#11708=AXIS2_PLACEMENT_3D('',#15004,#12585,#12586);
#11709=AXIS2_PLACEMENT_3D('',#15006,#12587,#12588);
#11710=AXIS2_PLACEMENT_3D('',#15008,#12589,#12590);
#11711=AXIS2_PLACEMENT_3D('',#15010,#12591,#12592);
#11712=AXIS2_PLACEMENT_3D('',#15017,#12596,#12597);
#11713=AXIS2_PLACEMENT_3D('',#15063,#12621,#12622);
#11714=AXIS2_PLACEMENT_3D('',#15091,#12640,#12641);
#11715=AXIS2_PLACEMENT_3D('',#15092,#12642,#12643);
#11716=AXIS2_PLACEMENT_3D('',#15093,#12644,#12645);
#11717=AXIS2_PLACEMENT_3D('',#15094,#12646,#12647);
#11718=AXIS2_PLACEMENT_3D('',#15096,#12648,#12649);
#11719=AXIS2_PLACEMENT_3D('',#15097,#12650,#12651);
#11720=AXIS2_PLACEMENT_3D('',#15099,#12652,#12653);
#11721=AXIS2_PLACEMENT_3D('',#15100,#12654,#12655);
#11722=AXIS2_PLACEMENT_3D('',#15101,#12656,#12657);
#11723=AXIS2_PLACEMENT_3D('',#15103,#12658,#12659);
#11724=AXIS2_PLACEMENT_3D('',#15104,#12660,#12661);
#11725=AXIS2_PLACEMENT_3D('',#15106,#12662,#12663);
#11726=AXIS2_PLACEMENT_3D('',#15107,#12664,#12665);
#11727=AXIS2_PLACEMENT_3D('',#15108,#12666,#12667);
#11728=AXIS2_PLACEMENT_3D('',#15110,#12668,#12669);
#11729=AXIS2_PLACEMENT_3D('',#15111,#12670,#12671);
#11730=AXIS2_PLACEMENT_3D('',#15113,#12672,#12673);
#11731=AXIS2_PLACEMENT_3D('',#15114,#12674,#12675);
#11732=AXIS2_PLACEMENT_3D('',#15115,#12676,#12677);
#11733=AXIS2_PLACEMENT_3D('',#15117,#12678,#12679);
#11734=AXIS2_PLACEMENT_3D('',#15118,#12680,#12681);
#11735=AXIS2_PLACEMENT_3D('',#15120,#12682,#12683);
#11736=AXIS2_PLACEMENT_3D('',#15121,#12684,#12685);
#11737=AXIS2_PLACEMENT_3D('',#15122,#12686,#12687);
#11738=AXIS2_PLACEMENT_3D('',#15124,#12688,#12689);
#11739=AXIS2_PLACEMENT_3D('',#15125,#12690,#12691);
#11740=AXIS2_PLACEMENT_3D('',#15127,#12692,#12693);
#11741=AXIS2_PLACEMENT_3D('',#15128,#12694,#12695);
#11742=AXIS2_PLACEMENT_3D('',#15129,#12696,#12697);
#11743=AXIS2_PLACEMENT_3D('',#15131,#12698,#12699);
#11744=AXIS2_PLACEMENT_3D('',#15132,#12700,#12701);
#11745=AXIS2_PLACEMENT_3D('',#15134,#12702,#12703);
#11746=AXIS2_PLACEMENT_3D('',#15135,#12704,#12705);
#11747=AXIS2_PLACEMENT_3D('',#15136,#12706,#12707);
#11748=AXIS2_PLACEMENT_3D('',#15138,#12708,#12709);
#11749=AXIS2_PLACEMENT_3D('',#15139,#12710,#12711);
#11750=AXIS2_PLACEMENT_3D('',#15141,#12712,#12713);
#11751=AXIS2_PLACEMENT_3D('',#15142,#12714,#12715);
#11752=AXIS2_PLACEMENT_3D('',#15143,#12716,#12717);
#11753=AXIS2_PLACEMENT_3D('',#15145,#12718,#12719);
#11754=AXIS2_PLACEMENT_3D('',#15146,#12720,#12721);
#11755=AXIS2_PLACEMENT_3D('',#15148,#12722,#12723);
#11756=AXIS2_PLACEMENT_3D('',#15149,#12724,#12725);
#11757=AXIS2_PLACEMENT_3D('',#15150,#12726,#12727);
#11758=AXIS2_PLACEMENT_3D('',#15152,#12728,#12729);
#11759=AXIS2_PLACEMENT_3D('',#15153,#12730,#12731);
#11760=AXIS2_PLACEMENT_3D('',#15155,#12732,#12733);
#11761=AXIS2_PLACEMENT_3D('',#15156,#12734,#12735);
#11762=AXIS2_PLACEMENT_3D('',#15157,#12736,#12737);
#11763=AXIS2_PLACEMENT_3D('',#15159,#12738,#12739);
#11764=AXIS2_PLACEMENT_3D('',#15160,#12740,#12741);
#11765=AXIS2_PLACEMENT_3D('',#15162,#12742,#12743);
#11766=AXIS2_PLACEMENT_3D('',#15163,#12744,#12745);
#11767=AXIS2_PLACEMENT_3D('',#15164,#12746,#12747);
#11768=AXIS2_PLACEMENT_3D('',#15166,#12748,#12749);
#11769=AXIS2_PLACEMENT_3D('',#15169,#12751,#12752);
#11770=AXIS2_PLACEMENT_3D('',#15170,#12753,#12754);
#11771=AXIS2_PLACEMENT_3D('',#15174,#12756,#12757);
#11772=AXIS2_PLACEMENT_3D('',#15175,#12758,#12759);
#11773=AXIS2_PLACEMENT_3D('',#15176,#12760,#12761);
#11774=AXIS2_PLACEMENT_3D('',#15180,#12763,#12764);
#11775=AXIS2_PLACEMENT_3D('',#15181,#12765,#12766);
#11776=AXIS2_PLACEMENT_3D('',#15182,#12767,#12768);
#11777=AXIS2_PLACEMENT_3D('',#15186,#12770,#12771);
#11778=AXIS2_PLACEMENT_3D('',#15187,#12772,#12773);
#11779=AXIS2_PLACEMENT_3D('',#15201,#12781,#12782);
#11780=AXIS2_PLACEMENT_3D('',#15202,#12783,#12784);
#11781=AXIS2_PLACEMENT_3D('',#15206,#12786,#12787);
#11782=AXIS2_PLACEMENT_3D('',#15207,#12788,#12789);
#11783=AXIS2_PLACEMENT_3D('',#15208,#12790,#12791);
#11784=AXIS2_PLACEMENT_3D('',#15209,#12792,#12793);
#11785=AXIS2_PLACEMENT_3D('',#15210,#12794,#12795);
#11786=AXIS2_PLACEMENT_3D('',#15211,#12796,#12797);
#11787=AXIS2_PLACEMENT_3D('',#15212,#12798,#12799);
#11788=AXIS2_PLACEMENT_3D('',#15213,#12800,#12801);
#11789=AXIS2_PLACEMENT_3D('',#15215,#12802,#12803);
#11790=AXIS2_PLACEMENT_3D('',#15218,#12805,#12806);
#11791=AXIS2_PLACEMENT_3D('',#15219,#12807,#12808);
#11792=AXIS2_PLACEMENT_3D('',#15223,#12810,#12811);
#11793=AXIS2_PLACEMENT_3D('',#15224,#12812,#12813);
#11794=AXIS2_PLACEMENT_3D('',#15225,#12814,#12815);
#11795=AXIS2_PLACEMENT_3D('',#15229,#12817,#12818);
#11796=AXIS2_PLACEMENT_3D('',#15230,#12819,#12820);
#11797=AXIS2_PLACEMENT_3D('',#15231,#12821,#12822);
#11798=AXIS2_PLACEMENT_3D('',#15235,#12824,#12825);
#11799=AXIS2_PLACEMENT_3D('',#15236,#12826,#12827);
#11800=AXIS2_PLACEMENT_3D('',#15250,#12835,#12836);
#11801=AXIS2_PLACEMENT_3D('',#15251,#12837,#12838);
#11802=AXIS2_PLACEMENT_3D('',#15255,#12840,#12841);
#11803=AXIS2_PLACEMENT_3D('',#15256,#12842,#12843);
#11804=AXIS2_PLACEMENT_3D('',#15257,#12844,#12845);
#11805=AXIS2_PLACEMENT_3D('',#15258,#12846,#12847);
#11806=AXIS2_PLACEMENT_3D('',#15259,#12848,#12849);
#11807=AXIS2_PLACEMENT_3D('',#15260,#12850,#12851);
#11808=AXIS2_PLACEMENT_3D('',#15261,#12852,#12853);
#11809=AXIS2_PLACEMENT_3D('',#15262,#12854,#12855);
#11810=AXIS2_PLACEMENT_3D('',#15264,#12856,#12857);
#11811=AXIS2_PLACEMENT_3D('',#15267,#12859,#12860);
#11812=AXIS2_PLACEMENT_3D('',#15268,#12861,#12862);
#11813=AXIS2_PLACEMENT_3D('',#15272,#12864,#12865);
#11814=AXIS2_PLACEMENT_3D('',#15273,#12866,#12867);
#11815=AXIS2_PLACEMENT_3D('',#15274,#12868,#12869);
#11816=AXIS2_PLACEMENT_3D('',#15278,#12871,#12872);
#11817=AXIS2_PLACEMENT_3D('',#15279,#12873,#12874);
#11818=AXIS2_PLACEMENT_3D('',#15280,#12875,#12876);
#11819=AXIS2_PLACEMENT_3D('',#15284,#12878,#12879);
#11820=AXIS2_PLACEMENT_3D('',#15285,#12880,#12881);
#11821=AXIS2_PLACEMENT_3D('',#15299,#12889,#12890);
#11822=AXIS2_PLACEMENT_3D('',#15300,#12891,#12892);
#11823=AXIS2_PLACEMENT_3D('',#15304,#12894,#12895);
#11824=AXIS2_PLACEMENT_3D('',#15305,#12896,#12897);
#11825=AXIS2_PLACEMENT_3D('',#15306,#12898,#12899);
#11826=AXIS2_PLACEMENT_3D('',#15307,#12900,#12901);
#11827=AXIS2_PLACEMENT_3D('',#15308,#12902,#12903);
#11828=AXIS2_PLACEMENT_3D('',#15309,#12904,#12905);
#11829=AXIS2_PLACEMENT_3D('',#15310,#12906,#12907);
#11830=AXIS2_PLACEMENT_3D('',#15311,#12908,#12909);
#11831=AXIS2_PLACEMENT_3D('',#15313,#12910,#12911);
#11832=AXIS2_PLACEMENT_3D('',#15316,#12913,#12914);
#11833=AXIS2_PLACEMENT_3D('',#15317,#12915,#12916);
#11834=AXIS2_PLACEMENT_3D('',#15321,#12918,#12919);
#11835=AXIS2_PLACEMENT_3D('',#15322,#12920,#12921);
#11836=AXIS2_PLACEMENT_3D('',#15323,#12922,#12923);
#11837=AXIS2_PLACEMENT_3D('',#15327,#12925,#12926);
#11838=AXIS2_PLACEMENT_3D('',#15328,#12927,#12928);
#11839=AXIS2_PLACEMENT_3D('',#15329,#12929,#12930);
#11840=AXIS2_PLACEMENT_3D('',#15333,#12932,#12933);
#11841=AXIS2_PLACEMENT_3D('',#15334,#12934,#12935);
#11842=AXIS2_PLACEMENT_3D('',#15348,#12943,#12944);
#11843=AXIS2_PLACEMENT_3D('',#15349,#12945,#12946);
#11844=AXIS2_PLACEMENT_3D('',#15353,#12948,#12949);
#11845=AXIS2_PLACEMENT_3D('',#15354,#12950,#12951);
#11846=AXIS2_PLACEMENT_3D('',#15355,#12952,#12953);
#11847=AXIS2_PLACEMENT_3D('',#15356,#12954,#12955);
#11848=AXIS2_PLACEMENT_3D('',#15357,#12956,#12957);
#11849=AXIS2_PLACEMENT_3D('',#15358,#12958,#12959);
#11850=AXIS2_PLACEMENT_3D('',#15359,#12960,#12961);
#11851=AXIS2_PLACEMENT_3D('',#15360,#12962,#12963);
#11852=AXIS2_PLACEMENT_3D('',#15362,#12964,#12965);
#11853=AXIS2_PLACEMENT_3D('',#15365,#12967,#12968);
#11854=AXIS2_PLACEMENT_3D('',#15366,#12969,#12970);
#11855=AXIS2_PLACEMENT_3D('',#15370,#12972,#12973);
#11856=AXIS2_PLACEMENT_3D('',#15371,#12974,#12975);
#11857=AXIS2_PLACEMENT_3D('',#15372,#12976,#12977);
#11858=AXIS2_PLACEMENT_3D('',#15376,#12979,#12980);
#11859=AXIS2_PLACEMENT_3D('',#15377,#12981,#12982);
#11860=AXIS2_PLACEMENT_3D('',#15378,#12983,#12984);
#11861=AXIS2_PLACEMENT_3D('',#15382,#12986,#12987);
#11862=AXIS2_PLACEMENT_3D('',#15383,#12988,#12989);
#11863=AXIS2_PLACEMENT_3D('',#15397,#12997,#12998);
#11864=AXIS2_PLACEMENT_3D('',#15398,#12999,#13000);
#11865=AXIS2_PLACEMENT_3D('',#15402,#13002,#13003);
#11866=AXIS2_PLACEMENT_3D('',#15403,#13004,#13005);
#11867=AXIS2_PLACEMENT_3D('',#15404,#13006,#13007);
#11868=AXIS2_PLACEMENT_3D('',#15405,#13008,#13009);
#11869=AXIS2_PLACEMENT_3D('',#15406,#13010,#13011);
#11870=AXIS2_PLACEMENT_3D('',#15407,#13012,#13013);
#11871=AXIS2_PLACEMENT_3D('',#15408,#13014,#13015);
#11872=AXIS2_PLACEMENT_3D('',#15414,#13019,#13020);
#11873=AXIS2_PLACEMENT_3D('',#15420,#13024,#13025);
#11874=AXIS2_PLACEMENT_3D('',#15423,#13028,#13029);
#11875=AXIS2_PLACEMENT_3D('',#15424,#13030,#13031);
#11876=AXIS2_PLACEMENT_3D('',#15425,#13032,#13033);
#11877=AXIS2_PLACEMENT_3D('',#15431,#13037,#13038);
#11878=AXIS2_PLACEMENT_3D('',#15437,#13042,#13043);
#11879=AXIS2_PLACEMENT_3D('',#15440,#13046,#13047);
#11880=AXIS2_PLACEMENT_3D('',#15441,#13048,#13049);
#11881=AXIS2_PLACEMENT_3D('',#15442,#13050,#13051);
#11882=AXIS2_PLACEMENT_3D('',#15448,#13055,#13056);
#11883=AXIS2_PLACEMENT_3D('',#15454,#13060,#13061);
#11884=AXIS2_PLACEMENT_3D('',#15457,#13064,#13065);
#11885=AXIS2_PLACEMENT_3D('',#15458,#13066,#13067);
#11886=AXIS2_PLACEMENT_3D('',#15459,#13068,#13069);
#11887=AXIS2_PLACEMENT_3D('',#15465,#13073,#13074);
#11888=AXIS2_PLACEMENT_3D('',#15471,#13078,#13079);
#11889=AXIS2_PLACEMENT_3D('',#15474,#13082,#13083);
#11890=AXIS2_PLACEMENT_3D('',#15475,#13084,#13085);
#11891=AXIS2_PLACEMENT_3D('',#15476,#13086,#13087);
#11892=AXIS2_PLACEMENT_3D('',#15482,#13091,#13092);
#11893=AXIS2_PLACEMENT_3D('',#15488,#13096,#13097);
#11894=AXIS2_PLACEMENT_3D('',#15491,#13100,#13101);
#11895=AXIS2_PLACEMENT_3D('',#15492,#13102,#13103);
#11896=AXIS2_PLACEMENT_3D('',#15493,#13104,#13105);
#11897=AXIS2_PLACEMENT_3D('',#15502,#13110,#13111);
#11898=AXIS2_PLACEMENT_3D('',#15508,#13115,#13116);
#11899=AXIS2_PLACEMENT_3D('',#15511,#13119,#13120);
#11900=AXIS2_PLACEMENT_3D('',#15517,#13124,#13125);
#11901=AXIS2_PLACEMENT_3D('',#15523,#13129,#13130);
#11902=AXIS2_PLACEMENT_3D('',#15529,#13134,#13135);
#11903=AXIS2_PLACEMENT_3D('',#15535,#13139,#13140);
#11904=AXIS2_PLACEMENT_3D('',#15538,#13143,#13144);
#11905=AXIS2_PLACEMENT_3D('',#15539,#13145,#13146);
#11906=AXIS2_PLACEMENT_3D('',#15540,#13147,#13148);
#11907=AXIS2_PLACEMENT_3D('',#15549,#13153,#13154);
#11908=AXIS2_PLACEMENT_3D('',#15555,#13158,#13159);
#11909=AXIS2_PLACEMENT_3D('',#15558,#13162,#13163);
#11910=AXIS2_PLACEMENT_3D('',#15564,#13167,#13168);
#11911=AXIS2_PLACEMENT_3D('',#15570,#13172,#13173);
#11912=AXIS2_PLACEMENT_3D('',#15576,#13177,#13178);
#11913=AXIS2_PLACEMENT_3D('',#15582,#13182,#13183);
#11914=AXIS2_PLACEMENT_3D('',#15585,#13186,#13187);
#11915=AXIS2_PLACEMENT_3D('',#15586,#13188,#13189);
#11916=AXIS2_PLACEMENT_3D('',#15587,#13190,#13191);
#11917=AXIS2_PLACEMENT_3D('',#15596,#13196,#13197);
#11918=AXIS2_PLACEMENT_3D('',#15602,#13201,#13202);
#11919=AXIS2_PLACEMENT_3D('',#15605,#13205,#13206);
#11920=AXIS2_PLACEMENT_3D('',#15611,#13210,#13211);
#11921=AXIS2_PLACEMENT_3D('',#15617,#13215,#13216);
#11922=AXIS2_PLACEMENT_3D('',#15623,#13220,#13221);
#11923=AXIS2_PLACEMENT_3D('',#15629,#13225,#13226);
#11924=AXIS2_PLACEMENT_3D('',#15632,#13229,#13230);
#11925=AXIS2_PLACEMENT_3D('',#15633,#13231,#13232);
#11926=AXIS2_PLACEMENT_3D('',#15634,#13233,#13234);
#11927=AXIS2_PLACEMENT_3D('',#15643,#13239,#13240);
#11928=AXIS2_PLACEMENT_3D('',#15649,#13244,#13245);
#11929=AXIS2_PLACEMENT_3D('',#15652,#13248,#13249);
#11930=AXIS2_PLACEMENT_3D('',#15658,#13253,#13254);
#11931=AXIS2_PLACEMENT_3D('',#15664,#13258,#13259);
#11932=AXIS2_PLACEMENT_3D('',#15670,#13263,#13264);
#11933=AXIS2_PLACEMENT_3D('',#15676,#13268,#13269);
#11934=AXIS2_PLACEMENT_3D('',#15679,#13272,#13273);
#11935=AXIS2_PLACEMENT_3D('',#15680,#13274,#13275);
#11936=AXIS2_PLACEMENT_3D('',#15681,#13276,#13277);
#11937=AXIS2_PLACEMENT_3D('',#15690,#13282,#13283);
#11938=AXIS2_PLACEMENT_3D('',#15696,#13287,#13288);
#11939=AXIS2_PLACEMENT_3D('',#15699,#13291,#13292);
#11940=AXIS2_PLACEMENT_3D('',#15705,#13296,#13297);
#11941=AXIS2_PLACEMENT_3D('',#15711,#13301,#13302);
#11942=AXIS2_PLACEMENT_3D('',#15717,#13306,#13307);
#11943=AXIS2_PLACEMENT_3D('',#15723,#13311,#13312);
#11944=AXIS2_PLACEMENT_3D('',#15726,#13315,#13316);
#11945=AXIS2_PLACEMENT_3D('',#15727,#13317,#13318);
#11946=AXIS2_PLACEMENT_3D('',#15728,#13319,#13320);
#11947=AXIS2_PLACEMENT_3D('',#15734,#13324,#13325);
#11948=AXIS2_PLACEMENT_3D('',#15740,#13329,#13330);
#11949=AXIS2_PLACEMENT_3D('',#15746,#13334,#13335);
#11950=AXIS2_PLACEMENT_3D('',#15752,#13339,#13340);
#11951=AXIS2_PLACEMENT_3D('',#15758,#13344,#13345);
#11952=AXIS2_PLACEMENT_3D('',#15764,#13349,#13350);
#11953=AXIS2_PLACEMENT_3D('',#15770,#13354,#13355);
#11954=AXIS2_PLACEMENT_3D('',#15773,#13358,#13359);
#11955=AXIS2_PLACEMENT_3D('',#15774,#13360,#13361);
#11956=AXIS2_PLACEMENT_3D('',#15775,#13362,#13363);
#11957=AXIS2_PLACEMENT_3D('',#15781,#13367,#13368);
#11958=AXIS2_PLACEMENT_3D('',#15787,#13372,#13373);
#11959=AXIS2_PLACEMENT_3D('',#15793,#13377,#13378);
#11960=AXIS2_PLACEMENT_3D('',#15799,#13382,#13383);
#11961=AXIS2_PLACEMENT_3D('',#15805,#13387,#13388);
#11962=AXIS2_PLACEMENT_3D('',#15811,#13392,#13393);
#11963=AXIS2_PLACEMENT_3D('',#15817,#13397,#13398);
#11964=AXIS2_PLACEMENT_3D('',#15820,#13401,#13402);
#11965=AXIS2_PLACEMENT_3D('',#15821,#13403,#13404);
#11966=AXIS2_PLACEMENT_3D('',#15822,#13405,#13406);
#11967=AXIS2_PLACEMENT_3D('',#15828,#13410,#13411);
#11968=AXIS2_PLACEMENT_3D('',#15834,#13415,#13416);
#11969=AXIS2_PLACEMENT_3D('',#15840,#13420,#13421);
#11970=AXIS2_PLACEMENT_3D('',#15846,#13425,#13426);
#11971=AXIS2_PLACEMENT_3D('',#15852,#13430,#13431);
#11972=AXIS2_PLACEMENT_3D('',#15858,#13435,#13436);
#11973=AXIS2_PLACEMENT_3D('',#15864,#13440,#13441);
#11974=AXIS2_PLACEMENT_3D('',#15867,#13444,#13445);
#11975=AXIS2_PLACEMENT_3D('',#15868,#13446,#13447);
#11976=AXIS2_PLACEMENT_3D('',#15869,#13448,#13449);
#11977=AXIS2_PLACEMENT_3D('',#15875,#13453,#13454);
#11978=AXIS2_PLACEMENT_3D('',#15881,#13458,#13459);
#11979=AXIS2_PLACEMENT_3D('',#15887,#13463,#13464);
#11980=AXIS2_PLACEMENT_3D('',#15893,#13468,#13469);
#11981=AXIS2_PLACEMENT_3D('',#15899,#13473,#13474);
#11982=AXIS2_PLACEMENT_3D('',#15905,#13478,#13479);
#11983=AXIS2_PLACEMENT_3D('',#15911,#13483,#13484);
#11984=AXIS2_PLACEMENT_3D('',#15914,#13487,#13488);
#11985=AXIS2_PLACEMENT_3D('',#15915,#13489,#13490);
#11986=AXIS2_PLACEMENT_3D('',#15916,#13491,#13492);
#11987=AXIS2_PLACEMENT_3D('',#15922,#13496,#13497);
#11988=AXIS2_PLACEMENT_3D('',#15928,#13501,#13502);
#11989=AXIS2_PLACEMENT_3D('',#15934,#13506,#13507);
#11990=AXIS2_PLACEMENT_3D('',#15940,#13511,#13512);
#11991=AXIS2_PLACEMENT_3D('',#15946,#13516,#13517);
#11992=AXIS2_PLACEMENT_3D('',#15952,#13521,#13522);
#11993=AXIS2_PLACEMENT_3D('',#15958,#13526,#13527);
#11994=AXIS2_PLACEMENT_3D('',#15961,#13530,#13531);
#11995=AXIS2_PLACEMENT_3D('',#15962,#13532,#13533);
#11996=AXIS2_PLACEMENT_3D('',#15963,#13534,#13535);
#11997=AXIS2_PLACEMENT_3D('',#15969,#13539,#13540);
#11998=AXIS2_PLACEMENT_3D('',#15973,#13543,#13544);
#11999=AXIS2_PLACEMENT_3D('',#15977,#13547,#13548);
#12000=AXIS2_PLACEMENT_3D('',#15979,#13550,#13551);
#12001=AXIS2_PLACEMENT_3D('',#15980,#13552,#13553);
#12002=AXIS2_PLACEMENT_3D('',#15986,#13557,#13558);
#12003=AXIS2_PLACEMENT_3D('',#15990,#13561,#13562);
#12004=AXIS2_PLACEMENT_3D('',#15994,#13565,#13566);
#12005=AXIS2_PLACEMENT_3D('',#15996,#13568,#13569);
#12006=AXIS2_PLACEMENT_3D('',#15997,#13570,#13571);
#12007=AXIS2_PLACEMENT_3D('',#16003,#13575,#13576);
#12008=AXIS2_PLACEMENT_3D('',#16007,#13579,#13580);
#12009=AXIS2_PLACEMENT_3D('',#16011,#13583,#13584);
#12010=AXIS2_PLACEMENT_3D('',#16013,#13586,#13587);
#12011=AXIS2_PLACEMENT_3D('',#16014,#13588,#13589);
#12012=AXIS2_PLACEMENT_3D('',#16020,#13593,#13594);
#12013=AXIS2_PLACEMENT_3D('',#16024,#13597,#13598);
#12014=AXIS2_PLACEMENT_3D('',#16028,#13601,#13602);
#12015=AXIS2_PLACEMENT_3D('',#16030,#13604,#13605);
#12016=AXIS2_PLACEMENT_3D('',#16031,#13606,#13607);
#12017=AXIS2_PLACEMENT_3D('',#16037,#13611,#13612);
#12018=AXIS2_PLACEMENT_3D('',#16041,#13615,#13616);
#12019=AXIS2_PLACEMENT_3D('',#16045,#13619,#13620);
#12020=AXIS2_PLACEMENT_3D('',#16047,#13622,#13623);
#12021=AXIS2_PLACEMENT_3D('',#16048,#13624,#13625);
#12022=AXIS2_PLACEMENT_3D('',#16054,#13629,#13630);
#12023=AXIS2_PLACEMENT_3D('',#16058,#13633,#13634);
#12024=AXIS2_PLACEMENT_3D('',#16062,#13637,#13638);
#12025=AXIS2_PLACEMENT_3D('',#16064,#13640,#13641);
#12026=AXIS2_PLACEMENT_3D('',#16065,#13642,#13643);
#12027=AXIS2_PLACEMENT_3D('',#16071,#13647,#13648);
#12028=AXIS2_PLACEMENT_3D('',#16075,#13651,#13652);
#12029=AXIS2_PLACEMENT_3D('',#16079,#13655,#13656);
#12030=AXIS2_PLACEMENT_3D('',#16081,#13658,#13659);
#12031=AXIS2_PLACEMENT_3D('',#16082,#13660,#13661);
#12032=AXIS2_PLACEMENT_3D('',#16088,#13665,#13666);
#12033=AXIS2_PLACEMENT_3D('',#16092,#13669,#13670);
#12034=AXIS2_PLACEMENT_3D('',#16096,#13673,#13674);
#12035=AXIS2_PLACEMENT_3D('',#16098,#13676,#13677);
#12036=AXIS2_PLACEMENT_3D('',#16099,#13678,#13679);
#12037=AXIS2_PLACEMENT_3D('',#16105,#13683,#13684);
#12038=AXIS2_PLACEMENT_3D('',#16109,#13687,#13688);
#12039=AXIS2_PLACEMENT_3D('',#16113,#13691,#13692);
#12040=AXIS2_PLACEMENT_3D('',#16115,#13694,#13695);
#12041=AXIS2_PLACEMENT_3D('',#16116,#13696,#13697);
#12042=AXIS2_PLACEMENT_3D('',#16122,#13701,#13702);
#12043=AXIS2_PLACEMENT_3D('',#16126,#13705,#13706);
#12044=AXIS2_PLACEMENT_3D('',#16130,#13709,#13710);
#12045=AXIS2_PLACEMENT_3D('',#16132,#13712,#13713);
#12046=AXIS2_PLACEMENT_3D('',#16133,#13714,#13715);
#12047=AXIS2_PLACEMENT_3D('',#16142,#13720,#13721);
#12048=AXIS2_PLACEMENT_3D('',#16143,#13722,#13723);
#12049=AXIS2_PLACEMENT_3D('',#16145,#13724,#13725);
#12050=AXIS2_PLACEMENT_3D('',#16148,#13727,#13728);
#12051=AXIS2_PLACEMENT_3D('',#16154,#13732,#13733);
#12052=AXIS2_PLACEMENT_3D('',#16160,#13737,#13738);
#12053=AXIS2_PLACEMENT_3D('',#16166,#13742,#13743);
#12054=AXIS2_PLACEMENT_3D('',#16172,#13747,#13748);
#12055=AXIS2_PLACEMENT_3D('',#16178,#13752,#13753);
#12056=AXIS2_PLACEMENT_3D('',#16179,#13754,#13755);
#12057=AXIS2_PLACEMENT_3D('',#16181,#13756,#13757);
#12058=AXIS2_PLACEMENT_3D('',#16184,#13759,#13760);
#12059=AXIS2_PLACEMENT_3D('',#16190,#13764,#13765);
#12060=AXIS2_PLACEMENT_3D('',#16191,#13766,#13767);
#12061=AXIS2_PLACEMENT_3D('',#16193,#13768,#13769);
#12062=AXIS2_PLACEMENT_3D('',#16196,#13771,#13772);
#12063=AXIS2_PLACEMENT_3D('',#16202,#13776,#13777);
#12064=AXIS2_PLACEMENT_3D('',#16205,#13780,#13781);
#12065=AXIS2_PLACEMENT_3D('',#16211,#13785,#13786);
#12066=AXIS2_PLACEMENT_3D('',#16217,#13790,#13791);
#12067=AXIS2_PLACEMENT_3D('',#16218,#13792,#13793);
#12068=AXIS2_PLACEMENT_3D('',#16219,#13794,#13795);
#12069=AXIS2_PLACEMENT_3D('',#16220,#13796,#13797);
#12070=AXIS2_PLACEMENT_3D('',#16221,#13798,#13799);
#12071=AXIS2_PLACEMENT_3D('',#16222,#13800,#13801);
#12072=AXIS2_PLACEMENT_3D('',#16231,#13806,#13807);
#12073=AXIS2_PLACEMENT_3D('',#16232,#13808,#13809);
#12074=AXIS2_PLACEMENT_3D('',#16234,#13810,#13811);
#12075=AXIS2_PLACEMENT_3D('',#16237,#13813,#13814);
#12076=AXIS2_PLACEMENT_3D('',#16243,#13818,#13819);
#12077=AXIS2_PLACEMENT_3D('',#16249,#13823,#13824);
#12078=AXIS2_PLACEMENT_3D('',#16255,#13828,#13829);
#12079=AXIS2_PLACEMENT_3D('',#16261,#13833,#13834);
#12080=AXIS2_PLACEMENT_3D('',#16267,#13838,#13839);
#12081=AXIS2_PLACEMENT_3D('',#16268,#13840,#13841);
#12082=AXIS2_PLACEMENT_3D('',#16270,#13842,#13843);
#12083=AXIS2_PLACEMENT_3D('',#16273,#13845,#13846);
#12084=AXIS2_PLACEMENT_3D('',#16279,#13850,#13851);
#12085=AXIS2_PLACEMENT_3D('',#16280,#13852,#13853);
#12086=AXIS2_PLACEMENT_3D('',#16282,#13854,#13855);
#12087=AXIS2_PLACEMENT_3D('',#16285,#13857,#13858);
#12088=AXIS2_PLACEMENT_3D('',#16291,#13862,#13863);
#12089=AXIS2_PLACEMENT_3D('',#16294,#13866,#13867);
#12090=AXIS2_PLACEMENT_3D('',#16300,#13871,#13872);
#12091=AXIS2_PLACEMENT_3D('',#16306,#13876,#13877);
#12092=AXIS2_PLACEMENT_3D('',#16307,#13878,#13879);
#12093=AXIS2_PLACEMENT_3D('',#16308,#13880,#13881);
#12094=AXIS2_PLACEMENT_3D('',#16309,#13882,#13883);
#12095=AXIS2_PLACEMENT_3D('',#16310,#13884,#13885);
#12096=AXIS2_PLACEMENT_3D('',#16311,#13886,#13887);
#12097=AXIS2_PLACEMENT_3D('',#16320,#13892,#13893);
#12098=AXIS2_PLACEMENT_3D('',#16321,#13894,#13895);
#12099=AXIS2_PLACEMENT_3D('',#16323,#13896,#13897);
#12100=AXIS2_PLACEMENT_3D('',#16326,#13899,#13900);
#12101=AXIS2_PLACEMENT_3D('',#16332,#13904,#13905);
#12102=AXIS2_PLACEMENT_3D('',#16338,#13909,#13910);
#12103=AXIS2_PLACEMENT_3D('',#16344,#13914,#13915);
#12104=AXIS2_PLACEMENT_3D('',#16350,#13919,#13920);
#12105=AXIS2_PLACEMENT_3D('',#16356,#13924,#13925);
#12106=AXIS2_PLACEMENT_3D('',#16357,#13926,#13927);
#12107=AXIS2_PLACEMENT_3D('',#16359,#13928,#13929);
#12108=AXIS2_PLACEMENT_3D('',#16362,#13931,#13932);
#12109=AXIS2_PLACEMENT_3D('',#16368,#13936,#13937);
#12110=AXIS2_PLACEMENT_3D('',#16369,#13938,#13939);
#12111=AXIS2_PLACEMENT_3D('',#16371,#13940,#13941);
#12112=AXIS2_PLACEMENT_3D('',#16374,#13943,#13944);
#12113=AXIS2_PLACEMENT_3D('',#16380,#13948,#13949);
#12114=AXIS2_PLACEMENT_3D('',#16383,#13952,#13953);
#12115=AXIS2_PLACEMENT_3D('',#16389,#13957,#13958);
#12116=AXIS2_PLACEMENT_3D('',#16395,#13962,#13963);
#12117=AXIS2_PLACEMENT_3D('',#16396,#13964,#13965);
#12118=AXIS2_PLACEMENT_3D('',#16397,#13966,#13967);
#12119=AXIS2_PLACEMENT_3D('',#16398,#13968,#13969);
#12120=AXIS2_PLACEMENT_3D('',#16399,#13970,#13971);
#12121=AXIS2_PLACEMENT_3D('',#16400,#13972,#13973);
#12122=AXIS2_PLACEMENT_3D('',#16409,#13978,#13979);
#12123=AXIS2_PLACEMENT_3D('',#16410,#13980,#13981);
#12124=AXIS2_PLACEMENT_3D('',#16412,#13982,#13983);
#12125=AXIS2_PLACEMENT_3D('',#16415,#13985,#13986);
#12126=AXIS2_PLACEMENT_3D('',#16421,#13990,#13991);
#12127=AXIS2_PLACEMENT_3D('',#16427,#13995,#13996);
#12128=AXIS2_PLACEMENT_3D('',#16433,#14000,#14001);
#12129=AXIS2_PLACEMENT_3D('',#16439,#14005,#14006);
#12130=AXIS2_PLACEMENT_3D('',#16445,#14010,#14011);
#12131=AXIS2_PLACEMENT_3D('',#16446,#14012,#14013);
#12132=AXIS2_PLACEMENT_3D('',#16448,#14014,#14015);
#12133=AXIS2_PLACEMENT_3D('',#16451,#14017,#14018);
#12134=AXIS2_PLACEMENT_3D('',#16457,#14022,#14023);
#12135=AXIS2_PLACEMENT_3D('',#16458,#14024,#14025);
#12136=AXIS2_PLACEMENT_3D('',#16460,#14026,#14027);
#12137=AXIS2_PLACEMENT_3D('',#16463,#14029,#14030);
#12138=AXIS2_PLACEMENT_3D('',#16469,#14034,#14035);
#12139=AXIS2_PLACEMENT_3D('',#16472,#14038,#14039);
#12140=AXIS2_PLACEMENT_3D('',#16478,#14043,#14044);
#12141=AXIS2_PLACEMENT_3D('',#16484,#14048,#14049);
#12142=AXIS2_PLACEMENT_3D('',#16485,#14050,#14051);
#12143=AXIS2_PLACEMENT_3D('',#16486,#14052,#14053);
#12144=AXIS2_PLACEMENT_3D('',#16487,#14054,#14055);
#12145=AXIS2_PLACEMENT_3D('',#16488,#14056,#14057);
#12146=AXIS2_PLACEMENT_3D('',#16489,#14058,#14059);
#12147=AXIS2_PLACEMENT_3D('',#16498,#14064,#14065);
#12148=AXIS2_PLACEMENT_3D('',#16499,#14066,#14067);
#12149=AXIS2_PLACEMENT_3D('',#16501,#14068,#14069);
#12150=AXIS2_PLACEMENT_3D('',#16504,#14071,#14072);
#12151=AXIS2_PLACEMENT_3D('',#16510,#14076,#14077);
#12152=AXIS2_PLACEMENT_3D('',#16516,#14081,#14082);
#12153=AXIS2_PLACEMENT_3D('',#16522,#14086,#14087);
#12154=AXIS2_PLACEMENT_3D('',#16528,#14091,#14092);
#12155=AXIS2_PLACEMENT_3D('',#16534,#14096,#14097);
#12156=AXIS2_PLACEMENT_3D('',#16535,#14098,#14099);
#12157=AXIS2_PLACEMENT_3D('',#16537,#14100,#14101);
#12158=AXIS2_PLACEMENT_3D('',#16540,#14103,#14104);
#12159=AXIS2_PLACEMENT_3D('',#16546,#14108,#14109);
#12160=AXIS2_PLACEMENT_3D('',#16547,#14110,#14111);
#12161=AXIS2_PLACEMENT_3D('',#16549,#14112,#14113);
#12162=AXIS2_PLACEMENT_3D('',#16552,#14115,#14116);
#12163=AXIS2_PLACEMENT_3D('',#16558,#14120,#14121);
#12164=AXIS2_PLACEMENT_3D('',#16561,#14124,#14125);
#12165=AXIS2_PLACEMENT_3D('',#16567,#14129,#14130);
#12166=AXIS2_PLACEMENT_3D('',#16573,#14134,#14135);
#12167=AXIS2_PLACEMENT_3D('',#16574,#14136,#14137);
#12168=AXIS2_PLACEMENT_3D('',#16575,#14138,#14139);
#12169=AXIS2_PLACEMENT_3D('',#16576,#14140,#14141);
#12170=AXIS2_PLACEMENT_3D('',#16577,#14142,#14143);
#12171=AXIS2_PLACEMENT_3D('',#16578,#14144,#14145);
#12172=AXIS2_PLACEMENT_3D('',#16579,#14146,#14147);
#12173=AXIS2_PLACEMENT_3D('',#16584,#14149,#14150);
#12174=AXIS2_PLACEMENT_3D('',#16587,#14152,#14153);
#12175=AXIS2_PLACEMENT_3D('',#16593,#14157,#14158);
#12176=AXIS2_PLACEMENT_3D('',#16594,#14159,#14160);
#12177=AXIS2_PLACEMENT_3D('',#16596,#14161,#14162);
#12178=AXIS2_PLACEMENT_3D('',#16599,#14164,#14165);
#12179=AXIS2_PLACEMENT_3D('',#16605,#14169,#14170);
#12180=AXIS2_PLACEMENT_3D('',#16608,#14173,#14174);
#12181=AXIS2_PLACEMENT_3D('',#16614,#14178,#14179);
#12182=AXIS2_PLACEMENT_3D('',#16620,#14183,#14184);
#12183=AXIS2_PLACEMENT_3D('',#16621,#14185,#14186);
#12184=AXIS2_PLACEMENT_3D('',#16623,#14187,#14188);
#12185=AXIS2_PLACEMENT_3D('',#16626,#14190,#14191);
#12186=AXIS2_PLACEMENT_3D('',#16632,#14195,#14196);
#12187=AXIS2_PLACEMENT_3D('',#16633,#14197,#14198);
#12188=AXIS2_PLACEMENT_3D('',#16635,#14199,#14200);
#12189=AXIS2_PLACEMENT_3D('',#16638,#14202,#14203);
#12190=AXIS2_PLACEMENT_3D('',#16644,#14207,#14208);
#12191=AXIS2_PLACEMENT_3D('',#16650,#14212,#14213);
#12192=AXIS2_PLACEMENT_3D('',#16656,#14217,#14218);
#12193=AXIS2_PLACEMENT_3D('',#16662,#14222,#14223);
#12194=AXIS2_PLACEMENT_3D('',#16665,#14226,#14227);
#12195=AXIS2_PLACEMENT_3D('',#16666,#14228,#14229);
#12196=AXIS2_PLACEMENT_3D('',#16667,#14230,#14231);
#12197=AXIS2_PLACEMENT_3D('',#16668,#14232,#14233);
#12198=AXIS2_PLACEMENT_3D('',#16673,#14235,#14236);
#12199=AXIS2_PLACEMENT_3D('',#16676,#14238,#14239);
#12200=AXIS2_PLACEMENT_3D('',#16682,#14243,#14244);
#12201=AXIS2_PLACEMENT_3D('',#16683,#14245,#14246);
#12202=AXIS2_PLACEMENT_3D('',#16685,#14247,#14248);
#12203=AXIS2_PLACEMENT_3D('',#16688,#14250,#14251);
#12204=AXIS2_PLACEMENT_3D('',#16694,#14255,#14256);
#12205=AXIS2_PLACEMENT_3D('',#16697,#14259,#14260);
#12206=AXIS2_PLACEMENT_3D('',#16703,#14264,#14265);
#12207=AXIS2_PLACEMENT_3D('',#16709,#14269,#14270);
#12208=AXIS2_PLACEMENT_3D('',#16710,#14271,#14272);
#12209=AXIS2_PLACEMENT_3D('',#16712,#14273,#14274);
#12210=AXIS2_PLACEMENT_3D('',#16715,#14276,#14277);
#12211=AXIS2_PLACEMENT_3D('',#16721,#14281,#14282);
#12212=AXIS2_PLACEMENT_3D('',#16722,#14283,#14284);
#12213=AXIS2_PLACEMENT_3D('',#16724,#14285,#14286);
#12214=AXIS2_PLACEMENT_3D('',#16727,#14288,#14289);
#12215=AXIS2_PLACEMENT_3D('',#16733,#14293,#14294);
#12216=AXIS2_PLACEMENT_3D('',#16739,#14298,#14299);
#12217=AXIS2_PLACEMENT_3D('',#16745,#14303,#14304);
#12218=AXIS2_PLACEMENT_3D('',#16751,#14308,#14309);
#12219=AXIS2_PLACEMENT_3D('',#16754,#14312,#14313);
#12220=AXIS2_PLACEMENT_3D('',#16755,#14314,#14315);
#12221=AXIS2_PLACEMENT_3D('',#16756,#14316,#14317);
#12222=AXIS2_PLACEMENT_3D('',#16757,#14318,#14319);
#12223=AXIS2_PLACEMENT_3D('',#16762,#14321,#14322);
#12224=AXIS2_PLACEMENT_3D('',#16765,#14324,#14325);
#12225=AXIS2_PLACEMENT_3D('',#16771,#14329,#14330);
#12226=AXIS2_PLACEMENT_3D('',#16772,#14331,#14332);
#12227=AXIS2_PLACEMENT_3D('',#16774,#14333,#14334);
#12228=AXIS2_PLACEMENT_3D('',#16777,#14336,#14337);
#12229=AXIS2_PLACEMENT_3D('',#16783,#14341,#14342);
#12230=AXIS2_PLACEMENT_3D('',#16786,#14345,#14346);
#12231=AXIS2_PLACEMENT_3D('',#16792,#14350,#14351);
#12232=AXIS2_PLACEMENT_3D('',#16798,#14355,#14356);
#12233=AXIS2_PLACEMENT_3D('',#16799,#14357,#14358);
#12234=AXIS2_PLACEMENT_3D('',#16801,#14359,#14360);
#12235=AXIS2_PLACEMENT_3D('',#16804,#14362,#14363);
#12236=AXIS2_PLACEMENT_3D('',#16810,#14367,#14368);
#12237=AXIS2_PLACEMENT_3D('',#16811,#14369,#14370);
#12238=AXIS2_PLACEMENT_3D('',#16813,#14371,#14372);
#12239=AXIS2_PLACEMENT_3D('',#16816,#14374,#14375);
#12240=AXIS2_PLACEMENT_3D('',#16822,#14379,#14380);
#12241=AXIS2_PLACEMENT_3D('',#16828,#14384,#14385);
#12242=AXIS2_PLACEMENT_3D('',#16834,#14389,#14390);
#12243=AXIS2_PLACEMENT_3D('',#16840,#14394,#14395);
#12244=AXIS2_PLACEMENT_3D('',#16843,#14398,#14399);
#12245=AXIS2_PLACEMENT_3D('',#16844,#14400,#14401);
#12246=AXIS2_PLACEMENT_3D('',#16845,#14402,#14403);
#12247=AXIS2_PLACEMENT_3D('',#16846,#14404,#14405);
#12248=AXIS2_PLACEMENT_3D('',#16851,#14407,#14408);
#12249=AXIS2_PLACEMENT_3D('',#16854,#14410,#14411);
#12250=AXIS2_PLACEMENT_3D('',#16860,#14415,#14416);
#12251=AXIS2_PLACEMENT_3D('',#16861,#14417,#14418);
#12252=AXIS2_PLACEMENT_3D('',#16863,#14419,#14420);
#12253=AXIS2_PLACEMENT_3D('',#16866,#14422,#14423);
#12254=AXIS2_PLACEMENT_3D('',#16872,#14427,#14428);
#12255=AXIS2_PLACEMENT_3D('',#16875,#14431,#14432);
#12256=AXIS2_PLACEMENT_3D('',#16881,#14436,#14437);
#12257=AXIS2_PLACEMENT_3D('',#16887,#14441,#14442);
#12258=AXIS2_PLACEMENT_3D('',#16888,#14443,#14444);
#12259=AXIS2_PLACEMENT_3D('',#16890,#14445,#14446);
#12260=AXIS2_PLACEMENT_3D('',#16893,#14448,#14449);
#12261=AXIS2_PLACEMENT_3D('',#16899,#14453,#14454);
#12262=AXIS2_PLACEMENT_3D('',#16900,#14455,#14456);
#12263=AXIS2_PLACEMENT_3D('',#16902,#14457,#14458);
#12264=AXIS2_PLACEMENT_3D('',#16905,#14460,#14461);
#12265=AXIS2_PLACEMENT_3D('',#16911,#14465,#14466);
#12266=AXIS2_PLACEMENT_3D('',#16917,#14470,#14471);
#12267=AXIS2_PLACEMENT_3D('',#16923,#14475,#14476);
#12268=AXIS2_PLACEMENT_3D('',#16929,#14480,#14481);
#12269=AXIS2_PLACEMENT_3D('',#16932,#14484,#14485);
#12270=AXIS2_PLACEMENT_3D('',#16933,#14486,#14487);
#12271=AXIS2_PLACEMENT_3D('',#16934,#14488,#14489);
#12272=AXIS2_PLACEMENT_3D('',#16935,#14490,#14491);
#12273=AXIS2_PLACEMENT_3D('',#16940,#14493,#14494);
#12274=AXIS2_PLACEMENT_3D('',#16943,#14496,#14497);
#12275=AXIS2_PLACEMENT_3D('',#16949,#14501,#14502);
#12276=AXIS2_PLACEMENT_3D('',#16950,#14503,#14504);
#12277=AXIS2_PLACEMENT_3D('',#16952,#14505,#14506);
#12278=AXIS2_PLACEMENT_3D('',#16955,#14508,#14509);
#12279=AXIS2_PLACEMENT_3D('',#16961,#14513,#14514);
#12280=AXIS2_PLACEMENT_3D('',#16964,#14517,#14518);
#12281=AXIS2_PLACEMENT_3D('',#16970,#14522,#14523);
#12282=AXIS2_PLACEMENT_3D('',#16976,#14527,#14528);
#12283=AXIS2_PLACEMENT_3D('',#16977,#14529,#14530);
#12284=AXIS2_PLACEMENT_3D('',#16979,#14531,#14532);
#12285=AXIS2_PLACEMENT_3D('',#16982,#14534,#14535);
#12286=AXIS2_PLACEMENT_3D('',#16988,#14539,#14540);
#12287=AXIS2_PLACEMENT_3D('',#16989,#14541,#14542);
#12288=AXIS2_PLACEMENT_3D('',#16991,#14543,#14544);
#12289=AXIS2_PLACEMENT_3D('',#16994,#14546,#14547);
#12290=AXIS2_PLACEMENT_3D('',#17000,#14551,#14552);
#12291=AXIS2_PLACEMENT_3D('',#17006,#14556,#14557);
#12292=AXIS2_PLACEMENT_3D('',#17012,#14561,#14562);
#12293=AXIS2_PLACEMENT_3D('',#17018,#14566,#14567);
#12294=AXIS2_PLACEMENT_3D('',#17021,#14570,#14571);
#12295=AXIS2_PLACEMENT_3D('',#17022,#14572,#14573);
#12296=DIRECTION('',(0.,0.,1.));
#12297=DIRECTION('',(1.,0.,0.));
#12298=DIRECTION('',(0.875577684026794,-0.483077342911335,0.));
#12299=DIRECTION('',(0.483077342911335,0.875577684026794,0.));
#12300=DIRECTION('',(0.,0.,-1.));
#12301=DIRECTION('',(-0.483077342911335,-0.875577684026794,0.));
#12302=DIRECTION('',(0.,0.,-1.));
#12303=DIRECTION('',(-0.483077342911335,-0.875577684026794,0.));
#12304=DIRECTION('',(0.,0.,-1.));
#12305=DIRECTION('',(-0.483077342911335,-0.875577684026794,0.));
#12306=DIRECTION('',(0.,0.,-1.));
#12307=DIRECTION('',(-0.483077342911335,-0.875577684026794,0.));
#12308=DIRECTION('',(0.,0.,-1.));
#12309=DIRECTION('',(0.,0.,-1.));
#12310=DIRECTION('',(0.,0.,-1.));
#12311=DIRECTION('',(0.,0.,-1.));
#12312=DIRECTION('',(0.,0.,-1.));
#12313=DIRECTION('',(0.,0.,-1.));
#12314=DIRECTION('',(0.,0.,-1.));
#12315=DIRECTION('',(0.,0.,-1.));
#12316=DIRECTION('',(0.,0.,-1.));
#12317=DIRECTION('',(0.,0.,-1.));
#12318=DIRECTION('',(0.,0.,-1.));
#12319=DIRECTION('',(-0.483077342911335,-0.875577684026794,0.));
#12320=DIRECTION('',(0.,0.,-1.));
#12321=DIRECTION('',(-0.483077342911335,-0.875577684026794,0.));
#12322=DIRECTION('',(0.,0.,-1.));
#12323=DIRECTION('',(-0.483077342911335,-0.875577684026794,0.));
#12324=DIRECTION('',(0.,0.,-1.));
#12325=DIRECTION('',(-0.483077342911335,-0.875577684026794,0.));
#12326=DIRECTION('',(0.,0.,-1.));
#12327=DIRECTION('',(-0.483077342911335,-0.875577684026794,0.));
#12328=DIRECTION('',(0.,0.,-1.));
#12329=DIRECTION('',(-0.483077342911335,-0.875577684026794,0.));
#12330=DIRECTION('',(0.,0.,-1.));
#12331=DIRECTION('',(-0.483077342911335,-0.875577684026794,0.));
#12332=DIRECTION('',(0.,0.,-1.));
#12333=DIRECTION('',(-0.483077342911335,-0.875577684026794,0.));
#12334=DIRECTION('',(1.,0.,0.));
#12335=DIRECTION('',(0.,0.,-1.));
#12336=DIRECTION('',(0.,-1.,0.));
#12337=DIRECTION('',(0.,0.,-1.));
#12338=DIRECTION('',(0.,-1.,0.));
#12339=DIRECTION('',(0.,-1.,0.));
#12340=DIRECTION('',(0.,0.,-1.));
#12341=DIRECTION('',(0.,-1.,0.));
#12342=DIRECTION('',(0.,-1.,0.));
#12343=DIRECTION('',(0.,0.,-1.));
#12344=DIRECTION('',(0.,-1.,0.));
#12345=DIRECTION('',(0.,-1.,0.));
#12346=DIRECTION('',(0.,0.,-1.));
#12347=DIRECTION('',(0.,-1.,0.));
#12348=DIRECTION('',(0.,-1.,0.));
#12349=DIRECTION('',(0.,0.,-1.));
#12350=DIRECTION('',(0.,-1.,0.));
#12351=DIRECTION('',(0.,-1.,0.));
#12352=DIRECTION('',(0.,0.,-1.));
#12353=DIRECTION('',(0.,-1.,0.));
#12354=DIRECTION('',(0.,1.,0.));
#12355=DIRECTION('',(0.,0.,1.));
#12356=DIRECTION('',(1.,0.,0.));
#12357=DIRECTION('',(0.,0.,-1.));
#12358=DIRECTION('',(1.,0.,0.));
#12359=DIRECTION('',(1.,0.,0.));
#12360=DIRECTION('',(0.,0.,-1.));
#12361=DIRECTION('',(0.,-1.,0.));
#12362=DIRECTION('',(0.,0.,-1.));
#12363=DIRECTION('',(0.,-1.,0.));
#12364=DIRECTION('',(0.,0.,-1.));
#12365=DIRECTION('',(-1.,0.,0.));
#12366=DIRECTION('',(0.,0.,1.));
#12367=DIRECTION('',(1.,0.,0.));
#12368=DIRECTION('',(0.,0.,-1.));
#12369=DIRECTION('',(0.,0.,1.));
#12370=DIRECTION('',(1.,0.,0.));
#12371=DIRECTION('',(0.0887809374793181,0.996051175964515,0.));
#12372=DIRECTION('',(-0.996051175964515,0.0887809374793181,0.));
#12373=DIRECTION('',(0.996051175964515,-0.0887809374793181,0.));
#12374=DIRECTION('',(0.,0.,-1.));
#12375=DIRECTION('',(0.996051175964515,-0.0887809374793181,0.));
#12376=DIRECTION('',(0.,0.,-1.));
#12377=DIRECTION('',(-1.,0.,0.));
#12378=DIRECTION('',(0.,0.,1.));
#12379=DIRECTION('',(1.,0.,0.));
#12380=DIRECTION('',(0.,0.,-1.));
#12381=DIRECTION('',(0.,0.,1.));
#12382=DIRECTION('',(1.,0.,0.));
#12383=DIRECTION('',(-0.973417168333577,0.229039333725541,0.));
#12384=DIRECTION('',(-0.229039333725541,-0.973417168333577,0.));
#12385=DIRECTION('',(0.229039333725541,0.973417168333577,0.));
#12386=DIRECTION('',(0.,0.,-1.));
#12387=DIRECTION('',(0.229039333725541,0.973417168333577,0.));
#12388=DIRECTION('',(0.,0.,-1.));
#12389=DIRECTION('',(-1.,0.,0.));
#12390=DIRECTION('',(0.,0.,1.));
#12391=DIRECTION('',(1.,0.,0.));
#12392=DIRECTION('',(0.,0.,-1.));
#12393=DIRECTION('',(0.,0.,1.));
#12394=DIRECTION('',(1.,0.,0.));
#12395=DIRECTION('',(-1.,0.,0.));
#12396=DIRECTION('',(0.,0.,1.));
#12397=DIRECTION('',(0.,1.,0.));
#12398=DIRECTION('',(0.,0.,-1.));
#12399=DIRECTION('',(0.,1.,0.));
#12400=DIRECTION('',(0.,1.,0.));
#12401=DIRECTION('',(0.,0.,1.));
#12402=DIRECTION('',(1.,0.,0.));
#12403=DIRECTION('',(0.,0.,-1.));
#12404=DIRECTION('',(1.,0.,0.));
#12405=DIRECTION('',(1.,0.,0.));
#12406=DIRECTION('',(0.,0.,-1.));
#12407=DIRECTION('',(0.,-1.,0.));
#12408=DIRECTION('',(0.,0.,-1.));
#12409=DIRECTION('',(0.,-1.,0.));
#12410=DIRECTION('',(0.,0.,-1.));
#12411=DIRECTION('',(-1.,0.,0.));
#12412=DIRECTION('',(0.,0.,1.));
#12413=DIRECTION('',(1.,0.,0.));
#12414=DIRECTION('',(0.,0.,-1.));
#12415=DIRECTION('',(0.,0.,1.));
#12416=DIRECTION('',(1.,0.,0.));
#12417=DIRECTION('',(0.973417168333576,0.229039333725546,0.));
#12418=DIRECTION('',(-0.229039333725546,0.973417168333576,0.));
#12419=DIRECTION('',(0.229039333725546,-0.973417168333576,0.));
#12420=DIRECTION('',(0.,0.,-1.));
#12421=DIRECTION('',(0.229039333725546,-0.973417168333576,0.));
#12422=DIRECTION('',(0.,0.,-1.));
#12423=DIRECTION('',(-1.,0.,0.));
#12424=DIRECTION('',(0.,0.,1.));
#12425=DIRECTION('',(1.,0.,0.));
#12426=DIRECTION('',(0.,0.,-1.));
#12427=DIRECTION('',(0.,0.,1.));
#12428=DIRECTION('',(1.,0.,0.));
#12429=DIRECTION('',(-0.0887809374793191,0.996051175964515,0.));
#12430=DIRECTION('',(-0.996051175964515,-0.0887809374793191,0.));
#12431=DIRECTION('',(0.996051175964515,0.0887809374793191,0.));
#12432=DIRECTION('',(0.,0.,-1.));
#12433=DIRECTION('',(0.996051175964515,0.0887809374793191,0.));
#12434=DIRECTION('',(0.,0.,-1.));
#12435=DIRECTION('',(-1.,0.,0.));
#12436=DIRECTION('',(0.,0.,1.));
#12437=DIRECTION('',(1.,0.,0.));
#12438=DIRECTION('',(0.,0.,-1.));
#12439=DIRECTION('',(0.,0.,1.));
#12440=DIRECTION('',(1.,0.,0.));
#12441=DIRECTION('',(-1.,0.,0.));
#12442=DIRECTION('',(0.,0.,1.));
#12443=DIRECTION('',(0.,1.,0.));
#12444=DIRECTION('',(0.,0.,-1.));
#12445=DIRECTION('',(0.,1.,0.));
#12446=DIRECTION('',(0.,1.,0.));
#12447=DIRECTION('',(0.,0.,1.));
#12448=DIRECTION('',(1.,0.,0.));
#12449=DIRECTION('',(0.,0.,-1.));
#12450=DIRECTION('',(1.,0.,0.));
#12451=DIRECTION('',(-1.,0.,0.));
#12452=DIRECTION('',(0.,0.,1.));
#12453=DIRECTION('',(0.,0.,-1.));
#12454=DIRECTION('',(0.,1.,0.));
#12455=DIRECTION('',(0.,0.,-1.));
#12456=DIRECTION('',(0.,1.,0.));
#12457=DIRECTION('',(0.,0.,-1.));
#12458=DIRECTION('',(0.,1.,0.));
#12459=DIRECTION('',(0.,0.,-1.));
#12460=DIRECTION('',(0.,1.,0.));
#12461=DIRECTION('',(0.,1.,0.));
#12462=DIRECTION('',(0.,0.,-1.));
#12463=DIRECTION('',(0.,1.,0.));
#12464=DIRECTION('',(0.,0.,-1.));
#12465=DIRECTION('',(0.,1.,0.));
#12466=DIRECTION('',(0.,0.,-1.));
#12467=DIRECTION('',(0.,1.,0.));
#12468=DIRECTION('',(0.,0.,-1.));
#12469=DIRECTION('',(0.,1.,0.));
#12470=DIRECTION('',(0.,0.,-1.));
#12471=DIRECTION('',(0.,1.,0.));
#12472=DIRECTION('',(0.,0.,-1.));
#12473=DIRECTION('',(0.,1.,0.));
#12474=DIRECTION('',(0.,0.,-1.));
#12475=DIRECTION('',(0.,1.,0.));
#12476=DIRECTION('',(-0.875577684026794,-0.483077342911335,0.));
#12477=DIRECTION('',(0.483077342911335,-0.875577684026794,0.));
#12478=DIRECTION('',(-0.483077342911335,0.875577684026794,0.));
#12479=DIRECTION('',(0.,0.,1.));
#12480=DIRECTION('',(-0.483077342911335,0.875577684026794,0.));
#12481=DIRECTION('',(-0.483077342911335,0.875577684026794,0.));
#12482=DIRECTION('',(0.,0.,1.));
#12483=DIRECTION('',(-0.483077342911335,0.875577684026794,0.));
#12484=DIRECTION('',(-0.483077342911335,0.875577684026794,0.));
#12485=DIRECTION('',(0.,0.,1.));
#12486=DIRECTION('',(-0.483077342911335,0.875577684026794,0.));
#12487=DIRECTION('',(-0.483077342911335,0.875577684026794,0.));
#12488=DIRECTION('',(0.,0.,1.));
#12489=DIRECTION('',(-0.483077342911335,0.875577684026794,0.));
#12490=DIRECTION('',(-0.483077342911335,0.875577684026794,0.));
#12491=DIRECTION('',(0.,0.,-1.));
#12492=DIRECTION('',(0.,0.,-1.));
#12493=DIRECTION('',(0.,0.,-1.));
#12494=DIRECTION('',(0.,0.,-1.));
#12495=DIRECTION('',(0.,0.,-1.));
#12496=DIRECTION('',(0.,0.,-1.));
#12497=DIRECTION('',(0.,0.,-1.));
#12498=DIRECTION('',(0.,0.,-1.));
#12499=DIRECTION('',(0.,0.,-1.));
#12500=DIRECTION('',(0.,0.,-1.));
#12501=DIRECTION('',(0.,0.,-1.));
#12502=DIRECTION('',(-0.483077342911335,0.875577684026794,0.));
#12503=DIRECTION('',(-0.483077342911335,0.875577684026794,0.));
#12504=DIRECTION('',(0.,0.,1.));
#12505=DIRECTION('',(-0.483077342911335,0.875577684026794,0.));
#12506=DIRECTION('',(-1.,0.,0.));
#12507=DIRECTION('',(0.,0.,1.));
#12508=DIRECTION('',(0.,1.,0.));
#12509=DIRECTION('',(0.,0.,-1.));
#12510=DIRECTION('',(0.,1.,0.));
#12511=DIRECTION('',(0.,1.,0.));
#12512=DIRECTION('',(0.,0.,-1.));
#12513=DIRECTION('',(0.,1.,0.));
#12514=DIRECTION('',(0.,1.,0.));
#12515=DIRECTION('',(0.,0.,-1.));
#12516=DIRECTION('',(0.,1.,0.));
#12517=DIRECTION('',(0.,1.,0.));
#12518=DIRECTION('',(0.,0.,-1.));
#12519=DIRECTION('',(0.,1.,0.));
#12520=DIRECTION('',(0.,1.,0.));
#12521=DIRECTION('',(0.,0.,-1.));
#12522=DIRECTION('',(0.,1.,0.));
#12523=DIRECTION('',(0.,1.,0.));
#12524=DIRECTION('',(0.,0.,-1.));
#12525=DIRECTION('',(0.,1.,0.));
#12526=DIRECTION('',(-0.707106781186548,-0.707106781186548,0.));
#12527=DIRECTION('',(0.707106781186548,-0.707106781186548,0.));
#12528=DIRECTION('',(-0.707106781186548,0.707106781186548,0.));
#12529=DIRECTION('',(0.,0.,1.));
#12530=DIRECTION('',(-0.707106781186548,0.707106781186548,0.));
#12531=DIRECTION('',(0.,0.,1.));
#12532=DIRECTION('',(-0.707106781186548,0.707106781186548,0.));
#12533=DIRECTION('',(0.,0.,1.));
#12534=DIRECTION('',(-0.707106781186548,0.707106781186548,0.));
#12535=DIRECTION('',(0.,0.,1.));
#12536=DIRECTION('',(-0.707106781186548,0.707106781186548,0.));
#12537=DIRECTION('',(0.,0.,1.));
#12538=DIRECTION('',(-0.707106781186548,0.707106781186548,0.));
#12539=DIRECTION('',(0.,0.,1.));
#12540=DIRECTION('',(-0.707106781186548,0.707106781186548,0.));
#12541=DIRECTION('',(0.,0.,1.));
#12542=DIRECTION('',(-0.707106781186548,0.707106781186548,0.));
#12543=DIRECTION('',(0.,0.,1.));
#12544=DIRECTION('',(-0.707106781186548,0.707106781186548,0.));
#12545=DIRECTION('',(0.,0.,1.));
#12546=DIRECTION('',(-0.707106781186548,0.707106781186548,0.));
#12547=DIRECTION('',(0.,0.,1.));
#12548=DIRECTION('',(-0.707106781186548,0.707106781186548,0.));
#12549=DIRECTION('',(0.,0.,-1.));
#12550=DIRECTION('',(-0.707106781186548,0.707106781186548,0.));
#12551=DIRECTION('',(0.,-1.,0.));
#12552=DIRECTION('',(0.,0.,-1.));
#12553=DIRECTION('',(0.,0.,-1.));
#12554=DIRECTION('',(-1.,0.,0.));
#12555=DIRECTION('',(0.,0.,-1.));
#12556=DIRECTION('',(-1.,0.,0.));
#12557=DIRECTION('',(0.,0.,-1.));
#12558=DIRECTION('',(-1.,0.,0.));
#12559=DIRECTION('',(0.,0.,-1.));
#12560=DIRECTION('',(-1.,0.,0.));
#12561=DIRECTION('',(0.,0.,-1.));
#12562=DIRECTION('',(-1.,0.,0.));
#12563=DIRECTION('',(0.,0.,-1.));
#12564=DIRECTION('',(-1.,0.,0.));
#12565=DIRECTION('',(0.,0.,-1.));
#12566=DIRECTION('',(-1.,0.,0.));
#12567=DIRECTION('',(0.,0.,-1.));
#12568=DIRECTION('',(-1.,0.,0.));
#12569=DIRECTION('',(0.,0.,-1.));
#12570=DIRECTION('',(-1.,0.,0.));
#12571=DIRECTION('',(0.,0.,-1.));
#12572=DIRECTION('',(-1.,0.,0.));
#12573=DIRECTION('',(0.,1.,0.));
#12574=DIRECTION('',(0.,0.,1.));
#12575=DIRECTION('',(0.,1.,0.));
#12576=DIRECTION('',(0.,0.,1.));
#12577=DIRECTION('',(0.,1.,0.));
#12578=DIRECTION('',(0.,0.,1.));
#12579=DIRECTION('',(0.,1.,0.));
#12580=DIRECTION('',(0.,0.,1.));
#12581=DIRECTION('',(0.,1.,0.));
#12582=DIRECTION('',(0.,0.,1.));
#12583=DIRECTION('',(0.,-1.,0.));
#12584=DIRECTION('',(0.,0.,-1.));
#12585=DIRECTION('',(0.,-1.,0.));
#12586=DIRECTION('',(0.,0.,-1.));
#12587=DIRECTION('',(0.,-1.,0.));
#12588=DIRECTION('',(0.,0.,-1.));
#12589=DIRECTION('',(0.,-1.,0.));
#12590=DIRECTION('',(0.,0.,-1.));
#12591=DIRECTION('',(0.,-1.,0.));
#12592=DIRECTION('',(0.,0.,-1.));
#12593=DIRECTION('',(-1.,0.,0.));
#12594=DIRECTION('',(0.,0.,-1.));
#12595=DIRECTION('',(-1.,0.,0.));
#12596=DIRECTION('',(0.707106781186548,-0.707106781186548,0.));
#12597=DIRECTION('',(0.707106781186548,0.707106781186548,0.));
#12598=DIRECTION('',(0.707106781186548,0.707106781186548,0.));
#12599=DIRECTION('',(0.,0.,-1.));
#12600=DIRECTION('',(0.707106781186548,0.707106781186548,0.));
#12601=DIRECTION('',(0.,0.,-1.));
#12602=DIRECTION('',(0.707106781186548,0.707106781186548,0.));
#12603=DIRECTION('',(0.,0.,-1.));
#12604=DIRECTION('',(0.707106781186548,0.707106781186548,0.));
#12605=DIRECTION('',(0.,0.,-1.));
#12606=DIRECTION('',(0.707106781186548,0.707106781186548,0.));
#12607=DIRECTION('',(0.,0.,-1.));
#12608=DIRECTION('',(0.707106781186548,0.707106781186548,0.));
#12609=DIRECTION('',(0.,0.,-1.));
#12610=DIRECTION('',(0.707106781186548,0.707106781186548,0.));
#12611=DIRECTION('',(0.,0.,-1.));
#12612=DIRECTION('',(0.707106781186548,0.707106781186548,0.));
#12613=DIRECTION('',(0.,0.,-1.));
#12614=DIRECTION('',(0.707106781186548,0.707106781186548,0.));
#12615=DIRECTION('',(0.,0.,-1.));
#12616=DIRECTION('',(0.707106781186548,0.707106781186548,0.));
#12617=DIRECTION('',(0.,0.,-1.));
#12618=DIRECTION('',(-0.707106781186548,-0.707106781186548,0.));
#12619=DIRECTION('',(0.,0.,-1.));
#12620=DIRECTION('',(-0.707106781186548,-0.707106781186548,0.));
#12621=DIRECTION('',(1.,0.,0.));
#12622=DIRECTION('',(0.,0.,-1.));
#12623=DIRECTION('',(0.,0.,-1.));
#12624=DIRECTION('',(0.,-1.,0.));
#12625=DIRECTION('',(0.,-1.,0.));
#12626=DIRECTION('',(0.,0.,-1.));
#12627=DIRECTION('',(0.,-1.,0.));
#12628=DIRECTION('',(0.,-1.,0.));
#12629=DIRECTION('',(0.,-1.,0.));
#12630=DIRECTION('',(0.,-1.,0.));
#12631=DIRECTION('',(0.,0.,-1.));
#12632=DIRECTION('',(0.,-1.,0.));
#12633=DIRECTION('',(0.,-1.,0.));
#12634=DIRECTION('',(0.,0.,-1.));
#12635=DIRECTION('',(0.,-1.,0.));
#12636=DIRECTION('',(0.,-1.,0.));
#12637=DIRECTION('',(0.,0.,-1.));
#12638=DIRECTION('',(0.,-1.,0.));
#12639=DIRECTION('',(0.,-1.,0.));
#12640=DIRECTION('',(0.,0.,1.));
#12641=DIRECTION('',(1.,0.,0.));
#12642=DIRECTION('',(0.,0.,1.));
#12643=DIRECTION('',(1.,0.,0.));
#12644=DIRECTION('',(0.,1.,0.));
#12645=DIRECTION('',(0.,0.,1.));
#12646=DIRECTION('',(0.,-1.,0.));
#12647=DIRECTION('',(0.,0.,-1.));
#12648=DIRECTION('',(0.,-1.,0.));
#12649=DIRECTION('',(0.,0.,-1.));
#12650=DIRECTION('',(0.,-1.,0.));
#12651=DIRECTION('',(0.,0.,-1.));
#12652=DIRECTION('',(0.,1.,0.));
#12653=DIRECTION('',(0.,0.,1.));
#12654=DIRECTION('',(0.,1.,0.));
#12655=DIRECTION('',(0.,0.,1.));
#12656=DIRECTION('',(0.,-1.,0.));
#12657=DIRECTION('',(0.,0.,-1.));
#12658=DIRECTION('',(0.,-1.,0.));
#12659=DIRECTION('',(0.,0.,-1.));
#12660=DIRECTION('',(0.,-1.,0.));
#12661=DIRECTION('',(0.,0.,-1.));
#12662=DIRECTION('',(0.,1.,0.));
#12663=DIRECTION('',(0.,0.,1.));
#12664=DIRECTION('',(0.,1.,0.));
#12665=DIRECTION('',(0.,0.,1.));
#12666=DIRECTION('',(0.,-1.,0.));
#12667=DIRECTION('',(0.,0.,-1.));
#12668=DIRECTION('',(0.,-1.,0.));
#12669=DIRECTION('',(0.,0.,-1.));
#12670=DIRECTION('',(0.,-1.,0.));
#12671=DIRECTION('',(0.,0.,-1.));
#12672=DIRECTION('',(0.,1.,0.));
#12673=DIRECTION('',(0.,0.,1.));
#12674=DIRECTION('',(0.,1.,0.));
#12675=DIRECTION('',(0.,0.,1.));
#12676=DIRECTION('',(0.,-1.,0.));
#12677=DIRECTION('',(0.,0.,-1.));
#12678=DIRECTION('',(0.,-1.,0.));
#12679=DIRECTION('',(0.,0.,-1.));
#12680=DIRECTION('',(0.,-1.,0.));
#12681=DIRECTION('',(0.,0.,-1.));
#12682=DIRECTION('',(0.,1.,0.));
#12683=DIRECTION('',(0.,0.,1.));
#12684=DIRECTION('',(0.,1.,0.));
#12685=DIRECTION('',(0.,0.,1.));
#12686=DIRECTION('',(0.,-1.,0.));
#12687=DIRECTION('',(0.,0.,-1.));
#12688=DIRECTION('',(0.,-1.,0.));
#12689=DIRECTION('',(0.,0.,-1.));
#12690=DIRECTION('',(0.,-1.,0.));
#12691=DIRECTION('',(0.,0.,-1.));
#12692=DIRECTION('',(0.,1.,0.));
#12693=DIRECTION('',(0.,0.,1.));
#12694=DIRECTION('',(0.,1.,0.));
#12695=DIRECTION('',(0.,0.,1.));
#12696=DIRECTION('',(0.,1.,0.));
#12697=DIRECTION('',(0.,0.,1.));
#12698=DIRECTION('',(0.,1.,0.));
#12699=DIRECTION('',(0.,0.,1.));
#12700=DIRECTION('',(0.,1.,0.));
#12701=DIRECTION('',(0.,0.,1.));
#12702=DIRECTION('',(0.,1.,0.));
#12703=DIRECTION('',(0.,0.,1.));
#12704=DIRECTION('',(0.,1.,0.));
#12705=DIRECTION('',(0.,0.,1.));
#12706=DIRECTION('',(0.,1.,0.));
#12707=DIRECTION('',(0.,0.,1.));
#12708=DIRECTION('',(0.,1.,0.));
#12709=DIRECTION('',(0.,0.,1.));
#12710=DIRECTION('',(0.,1.,0.));
#12711=DIRECTION('',(0.,0.,1.));
#12712=DIRECTION('',(0.,1.,0.));
#12713=DIRECTION('',(0.,0.,1.));
#12714=DIRECTION('',(0.,1.,0.));
#12715=DIRECTION('',(0.,0.,1.));
#12716=DIRECTION('',(0.,1.,0.));
#12717=DIRECTION('',(0.,0.,1.));
#12718=DIRECTION('',(0.,1.,0.));
#12719=DIRECTION('',(0.,0.,1.));
#12720=DIRECTION('',(0.,1.,0.));
#12721=DIRECTION('',(0.,0.,1.));
#12722=DIRECTION('',(0.,1.,0.));
#12723=DIRECTION('',(0.,0.,1.));
#12724=DIRECTION('',(0.,1.,0.));
#12725=DIRECTION('',(0.,0.,1.));
#12726=DIRECTION('',(0.,1.,0.));
#12727=DIRECTION('',(0.,0.,1.));
#12728=DIRECTION('',(0.,1.,0.));
#12729=DIRECTION('',(0.,0.,1.));
#12730=DIRECTION('',(0.,1.,0.));
#12731=DIRECTION('',(0.,0.,1.));
#12732=DIRECTION('',(0.,1.,0.));
#12733=DIRECTION('',(0.,0.,1.));
#12734=DIRECTION('',(0.,1.,0.));
#12735=DIRECTION('',(0.,0.,1.));
#12736=DIRECTION('',(0.,1.,0.));
#12737=DIRECTION('',(0.,0.,1.));
#12738=DIRECTION('',(0.,1.,0.));
#12739=DIRECTION('',(0.,0.,1.));
#12740=DIRECTION('',(0.,1.,0.));
#12741=DIRECTION('',(0.,0.,1.));
#12742=DIRECTION('',(0.,1.,0.));
#12743=DIRECTION('',(0.,0.,1.));
#12744=DIRECTION('',(0.,0.,-1.));
#12745=DIRECTION('',(-1.,0.,0.));
#12746=DIRECTION('',(0.,0.,1.));
#12747=DIRECTION('',(1.,0.,0.));
#12748=DIRECTION('',(0.,0.,1.));
#12749=DIRECTION('',(1.,0.,0.));
#12750=DIRECTION('',(0.,0.,-1.));
#12751=DIRECTION('',(0.,0.,-1.));
#12752=DIRECTION('',(-1.,0.,0.));
#12753=DIRECTION('',(0.,0.,1.));
#12754=DIRECTION('',(1.,0.,0.));
#12755=DIRECTION('',(0.,0.,-1.));
#12756=DIRECTION('',(0.,0.,1.));
#12757=DIRECTION('',(1.,0.,0.));
#12758=DIRECTION('',(0.,0.,-1.));
#12759=DIRECTION('',(-1.,0.,0.));
#12760=DIRECTION('',(0.,0.,1.));
#12761=DIRECTION('',(1.,0.,0.));
#12762=DIRECTION('',(0.,0.,-1.));
#12763=DIRECTION('',(0.,0.,1.));
#12764=DIRECTION('',(1.,0.,0.));
#12765=DIRECTION('',(0.,0.,-1.));
#12766=DIRECTION('',(-1.,0.,0.));
#12767=DIRECTION('',(0.,0.,1.));
#12768=DIRECTION('',(1.,0.,0.));
#12769=DIRECTION('',(0.,0.,-1.));
#12770=DIRECTION('',(0.,0.,1.));
#12771=DIRECTION('',(1.,0.,0.));
#12772=DIRECTION('',(0.,1.,0.));
#12773=DIRECTION('',(0.,0.,1.));
#12774=DIRECTION('',(-1.,0.,0.));
#12775=DIRECTION('',(0.,0.,-1.));
#12776=DIRECTION('',(-1.,0.,0.));
#12777=DIRECTION('',(0.,0.,-1.));
#12778=DIRECTION('',(1.,0.,0.));
#12779=DIRECTION('',(0.,0.,-1.));
#12780=DIRECTION('',(1.,0.,0.));
#12781=DIRECTION('',(0.,0.,-1.));
#12782=DIRECTION('',(-1.,0.,0.));
#12783=DIRECTION('',(0.,0.,1.));
#12784=DIRECTION('',(1.,0.,0.));
#12785=DIRECTION('',(0.,0.,-1.));
#12786=DIRECTION('',(0.,0.,1.));
#12787=DIRECTION('',(1.,0.,0.));
#12788=DIRECTION('',(0.,0.,-1.));
#12789=DIRECTION('',(-1.,0.,0.));
#12790=DIRECTION('',(0.,0.,1.));
#12791=DIRECTION('',(1.,0.,0.));
#12792=DIRECTION('',(0.,0.,1.));
#12793=DIRECTION('',(1.,0.,0.));
#12794=DIRECTION('',(0.,0.,1.));
#12795=DIRECTION('',(1.,0.,0.));
#12796=DIRECTION('',(0.,0.,1.));
#12797=DIRECTION('',(1.,0.,0.));
#12798=DIRECTION('',(0.,0.,-1.));
#12799=DIRECTION('',(-1.,0.,0.));
#12800=DIRECTION('',(0.,0.,1.));
#12801=DIRECTION('',(1.,0.,0.));
#12802=DIRECTION('',(0.,0.,1.));
#12803=DIRECTION('',(1.,0.,0.));
#12804=DIRECTION('',(0.,0.,-1.));
#12805=DIRECTION('',(0.,0.,-1.));
#12806=DIRECTION('',(-1.,0.,0.));
#12807=DIRECTION('',(0.,0.,1.));
#12808=DIRECTION('',(1.,0.,0.));
#12809=DIRECTION('',(0.,0.,-1.));
#12810=DIRECTION('',(0.,0.,1.));
#12811=DIRECTION('',(1.,0.,0.));
#12812=DIRECTION('',(0.,0.,-1.));
#12813=DIRECTION('',(-1.,0.,0.));
#12814=DIRECTION('',(0.,0.,1.));
#12815=DIRECTION('',(1.,0.,0.));
#12816=DIRECTION('',(0.,0.,-1.));
#12817=DIRECTION('',(0.,0.,1.));
#12818=DIRECTION('',(1.,0.,0.));
#12819=DIRECTION('',(0.,0.,-1.));
#12820=DIRECTION('',(-1.,0.,0.));
#12821=DIRECTION('',(0.,0.,1.));
#12822=DIRECTION('',(1.,0.,0.));
#12823=DIRECTION('',(0.,0.,-1.));
#12824=DIRECTION('',(0.,0.,1.));
#12825=DIRECTION('',(1.,0.,0.));
#12826=DIRECTION('',(0.,1.,0.));
#12827=DIRECTION('',(0.,0.,1.));
#12828=DIRECTION('',(-1.,0.,0.));
#12829=DIRECTION('',(0.,0.,-1.));
#12830=DIRECTION('',(-1.,0.,0.));
#12831=DIRECTION('',(0.,0.,-1.));
#12832=DIRECTION('',(1.,0.,0.));
#12833=DIRECTION('',(0.,0.,-1.));
#12834=DIRECTION('',(1.,0.,0.));
#12835=DIRECTION('',(0.,0.,-1.));
#12836=DIRECTION('',(-1.,0.,0.));
#12837=DIRECTION('',(0.,0.,1.));
#12838=DIRECTION('',(1.,0.,0.));
#12839=DIRECTION('',(0.,0.,-1.));
#12840=DIRECTION('',(0.,0.,1.));
#12841=DIRECTION('',(1.,0.,0.));
#12842=DIRECTION('',(0.,0.,-1.));
#12843=DIRECTION('',(-1.,0.,0.));
#12844=DIRECTION('',(0.,0.,1.));
#12845=DIRECTION('',(1.,0.,0.));
#12846=DIRECTION('',(0.,0.,1.));
#12847=DIRECTION('',(1.,0.,0.));
#12848=DIRECTION('',(0.,0.,1.));
#12849=DIRECTION('',(1.,0.,0.));
#12850=DIRECTION('',(0.,0.,1.));
#12851=DIRECTION('',(1.,0.,0.));
#12852=DIRECTION('',(0.,0.,-1.));
#12853=DIRECTION('',(-1.,0.,0.));
#12854=DIRECTION('',(0.,0.,1.));
#12855=DIRECTION('',(1.,0.,0.));
#12856=DIRECTION('',(0.,0.,1.));
#12857=DIRECTION('',(1.,0.,0.));
#12858=DIRECTION('',(0.,0.,-1.));
#12859=DIRECTION('',(0.,0.,-1.));
#12860=DIRECTION('',(-1.,0.,0.));
#12861=DIRECTION('',(0.,0.,1.));
#12862=DIRECTION('',(1.,0.,0.));
#12863=DIRECTION('',(0.,0.,-1.));
#12864=DIRECTION('',(0.,0.,1.));
#12865=DIRECTION('',(1.,0.,0.));
#12866=DIRECTION('',(0.,0.,-1.));
#12867=DIRECTION('',(-1.,0.,0.));
#12868=DIRECTION('',(0.,0.,1.));
#12869=DIRECTION('',(1.,0.,0.));
#12870=DIRECTION('',(0.,0.,-1.));
#12871=DIRECTION('',(0.,0.,1.));
#12872=DIRECTION('',(1.,0.,0.));
#12873=DIRECTION('',(0.,0.,-1.));
#12874=DIRECTION('',(-1.,0.,0.));
#12875=DIRECTION('',(0.,0.,1.));
#12876=DIRECTION('',(1.,0.,0.));
#12877=DIRECTION('',(0.,0.,-1.));
#12878=DIRECTION('',(0.,0.,1.));
#12879=DIRECTION('',(1.,0.,0.));
#12880=DIRECTION('',(0.,1.,0.));
#12881=DIRECTION('',(0.,0.,1.));
#12882=DIRECTION('',(-1.,0.,0.));
#12883=DIRECTION('',(0.,0.,-1.));
#12884=DIRECTION('',(-1.,0.,0.));
#12885=DIRECTION('',(0.,0.,-1.));
#12886=DIRECTION('',(1.,0.,0.));
#12887=DIRECTION('',(0.,0.,-1.));
#12888=DIRECTION('',(1.,0.,0.));
#12889=DIRECTION('',(0.,0.,-1.));
#12890=DIRECTION('',(-1.,0.,0.));
#12891=DIRECTION('',(0.,0.,1.));
#12892=DIRECTION('',(1.,0.,0.));
#12893=DIRECTION('',(0.,0.,-1.));
#12894=DIRECTION('',(0.,0.,1.));
#12895=DIRECTION('',(1.,0.,0.));
#12896=DIRECTION('',(0.,0.,-1.));
#12897=DIRECTION('',(-1.,0.,0.));
#12898=DIRECTION('',(0.,0.,1.));
#12899=DIRECTION('',(1.,0.,0.));
#12900=DIRECTION('',(0.,0.,1.));
#12901=DIRECTION('',(1.,0.,0.));
#12902=DIRECTION('',(0.,0.,1.));
#12903=DIRECTION('',(1.,0.,0.));
#12904=DIRECTION('',(0.,0.,1.));
#12905=DIRECTION('',(1.,0.,0.));
#12906=DIRECTION('',(0.,0.,-1.));
#12907=DIRECTION('',(-1.,0.,0.));
#12908=DIRECTION('',(0.,0.,1.));
#12909=DIRECTION('',(1.,0.,0.));
#12910=DIRECTION('',(0.,0.,1.));
#12911=DIRECTION('',(1.,0.,0.));
#12912=DIRECTION('',(0.,0.,-1.));
#12913=DIRECTION('',(0.,0.,-1.));
#12914=DIRECTION('',(-1.,0.,0.));
#12915=DIRECTION('',(0.,0.,1.));
#12916=DIRECTION('',(1.,0.,0.));
#12917=DIRECTION('',(0.,0.,-1.));
#12918=DIRECTION('',(0.,0.,1.));
#12919=DIRECTION('',(1.,0.,0.));
#12920=DIRECTION('',(0.,0.,-1.));
#12921=DIRECTION('',(-1.,0.,0.));
#12922=DIRECTION('',(0.,0.,1.));
#12923=DIRECTION('',(1.,0.,0.));
#12924=DIRECTION('',(0.,0.,-1.));
#12925=DIRECTION('',(0.,0.,1.));
#12926=DIRECTION('',(1.,0.,0.));
#12927=DIRECTION('',(0.,0.,-1.));
#12928=DIRECTION('',(-1.,0.,0.));
#12929=DIRECTION('',(0.,0.,1.));
#12930=DIRECTION('',(1.,0.,0.));
#12931=DIRECTION('',(0.,0.,-1.));
#12932=DIRECTION('',(0.,0.,1.));
#12933=DIRECTION('',(1.,0.,0.));
#12934=DIRECTION('',(0.,1.,0.));
#12935=DIRECTION('',(0.,0.,1.));
#12936=DIRECTION('',(-1.,0.,0.));
#12937=DIRECTION('',(0.,0.,-1.));
#12938=DIRECTION('',(-1.,0.,0.));
#12939=DIRECTION('',(0.,0.,-1.));
#12940=DIRECTION('',(1.,0.,0.));
#12941=DIRECTION('',(0.,0.,-1.));
#12942=DIRECTION('',(1.,0.,0.));
#12943=DIRECTION('',(0.,0.,-1.));
#12944=DIRECTION('',(-1.,0.,0.));
#12945=DIRECTION('',(0.,0.,1.));
#12946=DIRECTION('',(1.,0.,0.));
#12947=DIRECTION('',(0.,0.,-1.));
#12948=DIRECTION('',(0.,0.,1.));
#12949=DIRECTION('',(1.,0.,0.));
#12950=DIRECTION('',(0.,0.,-1.));
#12951=DIRECTION('',(-1.,0.,0.));
#12952=DIRECTION('',(0.,0.,1.));
#12953=DIRECTION('',(1.,0.,0.));
#12954=DIRECTION('',(0.,0.,1.));
#12955=DIRECTION('',(1.,0.,0.));
#12956=DIRECTION('',(0.,0.,1.));
#12957=DIRECTION('',(1.,0.,0.));
#12958=DIRECTION('',(0.,0.,1.));
#12959=DIRECTION('',(1.,0.,0.));
#12960=DIRECTION('',(0.,0.,-1.));
#12961=DIRECTION('',(-1.,0.,0.));
#12962=DIRECTION('',(0.,0.,1.));
#12963=DIRECTION('',(1.,0.,0.));
#12964=DIRECTION('',(0.,0.,1.));
#12965=DIRECTION('',(1.,0.,0.));
#12966=DIRECTION('',(0.,0.,-1.));
#12967=DIRECTION('',(0.,0.,-1.));
#12968=DIRECTION('',(-1.,0.,0.));
#12969=DIRECTION('',(0.,0.,1.));
#12970=DIRECTION('',(1.,0.,0.));
#12971=DIRECTION('',(0.,0.,-1.));
#12972=DIRECTION('',(0.,0.,1.));
#12973=DIRECTION('',(1.,0.,0.));
#12974=DIRECTION('',(0.,0.,-1.));
#12975=DIRECTION('',(-1.,0.,0.));
#12976=DIRECTION('',(0.,0.,1.));
#12977=DIRECTION('',(1.,0.,0.));
#12978=DIRECTION('',(0.,0.,-1.));
#12979=DIRECTION('',(0.,0.,1.));
#12980=DIRECTION('',(1.,0.,0.));
#12981=DIRECTION('',(0.,0.,-1.));
#12982=DIRECTION('',(-1.,0.,0.));
#12983=DIRECTION('',(0.,0.,1.));
#12984=DIRECTION('',(1.,0.,0.));
#12985=DIRECTION('',(0.,0.,-1.));
#12986=DIRECTION('',(0.,0.,1.));
#12987=DIRECTION('',(1.,0.,0.));
#12988=DIRECTION('',(0.,1.,0.));
#12989=DIRECTION('',(0.,0.,1.));
#12990=DIRECTION('',(-1.,0.,0.));
#12991=DIRECTION('',(0.,0.,-1.));
#12992=DIRECTION('',(-1.,0.,0.));
#12993=DIRECTION('',(0.,0.,-1.));
#12994=DIRECTION('',(1.,0.,0.));
#12995=DIRECTION('',(0.,0.,-1.));
#12996=DIRECTION('',(1.,0.,0.));
#12997=DIRECTION('',(0.,0.,-1.));
#12998=DIRECTION('',(-1.,0.,0.));
#12999=DIRECTION('',(0.,0.,1.));
#13000=DIRECTION('',(1.,0.,0.));
#13001=DIRECTION('',(0.,0.,-1.));
#13002=DIRECTION('',(0.,0.,1.));
#13003=DIRECTION('',(1.,0.,0.));
#13004=DIRECTION('',(0.,0.,-1.));
#13005=DIRECTION('',(-1.,0.,0.));
#13006=DIRECTION('',(0.,0.,1.));
#13007=DIRECTION('',(1.,0.,0.));
#13008=DIRECTION('',(0.,0.,1.));
#13009=DIRECTION('',(1.,0.,0.));
#13010=DIRECTION('',(0.,0.,1.));
#13011=DIRECTION('',(1.,0.,0.));
#13012=DIRECTION('',(0.,0.,1.));
#13013=DIRECTION('',(1.,0.,0.));
#13014=DIRECTION('',(1.,0.,0.));
#13015=DIRECTION('',(0.,0.,-1.));
#13016=DIRECTION('',(0.,-1.,0.));
#13017=DIRECTION('',(0.,-1.,0.));
#13018=DIRECTION('',(0.,0.,-1.));
#13019=DIRECTION('',(0.,1.,0.));
#13020=DIRECTION('',(0.,0.,1.));
#13021=DIRECTION('',(1.,0.,0.));
#13022=DIRECTION('',(1.,0.,0.));
#13023=DIRECTION('',(0.,0.,-1.));
#13024=DIRECTION('',(-1.,0.,0.));
#13025=DIRECTION('',(0.,0.,1.));
#13026=DIRECTION('',(0.,1.,0.));
#13027=DIRECTION('',(0.,1.,0.));
#13028=DIRECTION('',(0.,0.,1.));
#13029=DIRECTION('',(1.,0.,0.));
#13030=DIRECTION('',(0.,0.,1.));
#13031=DIRECTION('',(1.,0.,0.));
#13032=DIRECTION('',(1.,0.,0.));
#13033=DIRECTION('',(0.,0.,-1.));
#13034=DIRECTION('',(0.,-1.,0.));
#13035=DIRECTION('',(0.,-1.,0.));
#13036=DIRECTION('',(0.,0.,-1.));
#13037=DIRECTION('',(0.,1.,0.));
#13038=DIRECTION('',(0.,0.,1.));
#13039=DIRECTION('',(1.,0.,0.));
#13040=DIRECTION('',(1.,0.,0.));
#13041=DIRECTION('',(0.,0.,-1.));
#13042=DIRECTION('',(-1.,0.,0.));
#13043=DIRECTION('',(0.,0.,1.));
#13044=DIRECTION('',(0.,1.,0.));
#13045=DIRECTION('',(0.,1.,0.));
#13046=DIRECTION('',(0.,0.,1.));
#13047=DIRECTION('',(1.,0.,0.));
#13048=DIRECTION('',(0.,0.,1.));
#13049=DIRECTION('',(1.,0.,0.));
#13050=DIRECTION('',(1.,0.,0.));
#13051=DIRECTION('',(0.,0.,-1.));
#13052=DIRECTION('',(0.,-1.,0.));
#13053=DIRECTION('',(0.,-1.,0.));
#13054=DIRECTION('',(0.,0.,-1.));
#13055=DIRECTION('',(0.,1.,0.));
#13056=DIRECTION('',(0.,0.,1.));
#13057=DIRECTION('',(1.,0.,0.));
#13058=DIRECTION('',(1.,0.,0.));
#13059=DIRECTION('',(0.,0.,-1.));
#13060=DIRECTION('',(-1.,0.,0.));
#13061=DIRECTION('',(0.,0.,1.));
#13062=DIRECTION('',(0.,1.,0.));
#13063=DIRECTION('',(0.,1.,0.));
#13064=DIRECTION('',(0.,0.,1.));
#13065=DIRECTION('',(1.,0.,0.));
#13066=DIRECTION('',(0.,0.,1.));
#13067=DIRECTION('',(1.,0.,0.));
#13068=DIRECTION('',(1.,0.,0.));
#13069=DIRECTION('',(0.,0.,-1.));
#13070=DIRECTION('',(0.,-1.,0.));
#13071=DIRECTION('',(0.,-1.,0.));
#13072=DIRECTION('',(0.,0.,-1.));
#13073=DIRECTION('',(0.,1.,0.));
#13074=DIRECTION('',(0.,0.,1.));
#13075=DIRECTION('',(1.,0.,0.));
#13076=DIRECTION('',(1.,0.,0.));
#13077=DIRECTION('',(0.,0.,-1.));
#13078=DIRECTION('',(-1.,0.,0.));
#13079=DIRECTION('',(0.,0.,1.));
#13080=DIRECTION('',(0.,1.,0.));
#13081=DIRECTION('',(0.,1.,0.));
#13082=DIRECTION('',(0.,0.,1.));
#13083=DIRECTION('',(1.,0.,0.));
#13084=DIRECTION('',(0.,0.,1.));
#13085=DIRECTION('',(1.,0.,0.));
#13086=DIRECTION('',(1.,0.,0.));
#13087=DIRECTION('',(0.,0.,-1.));
#13088=DIRECTION('',(0.,-1.,0.));
#13089=DIRECTION('',(0.,-1.,0.));
#13090=DIRECTION('',(0.,0.,-1.));
#13091=DIRECTION('',(0.,1.,0.));
#13092=DIRECTION('',(0.,0.,1.));
#13093=DIRECTION('',(1.,0.,0.));
#13094=DIRECTION('',(1.,0.,0.));
#13095=DIRECTION('',(0.,0.,-1.));
#13096=DIRECTION('',(-1.,0.,0.));
#13097=DIRECTION('',(0.,0.,1.));
#13098=DIRECTION('',(0.,1.,0.));
#13099=DIRECTION('',(0.,1.,0.));
#13100=DIRECTION('',(0.,0.,1.));
#13101=DIRECTION('',(1.,0.,0.));
#13102=DIRECTION('',(0.,0.,1.));
#13103=DIRECTION('',(1.,0.,0.));
#13104=DIRECTION('',(0.,-1.,0.));
#13105=DIRECTION('',(0.,0.,-1.));
#13106=DIRECTION('',(-1.,0.,0.));
#13107=DIRECTION('',(0.,0.,-1.));
#13108=DIRECTION('',(-1.,0.,0.));
#13109=DIRECTION('',(0.,0.,-1.));
#13110=DIRECTION('',(1.,0.,0.));
#13111=DIRECTION('',(0.,0.,-1.));
#13112=DIRECTION('',(0.,-1.,0.));
#13113=DIRECTION('',(0.,-1.,0.));
#13114=DIRECTION('',(0.,0.,-1.));
#13115=DIRECTION('',(0.,1.,0.));
#13116=DIRECTION('',(0.,0.,1.));
#13117=DIRECTION('',(1.,0.,0.));
#13118=DIRECTION('',(1.,0.,0.));
#13119=DIRECTION('',(0.6,-0.8,0.));
#13120=DIRECTION('',(0.8,0.6,0.));
#13121=DIRECTION('',(-0.8,-0.6,0.));
#13122=DIRECTION('',(-0.8,-0.6,0.));
#13123=DIRECTION('',(0.,0.,-1.));
#13124=DIRECTION('',(0.,-1.,0.));
#13125=DIRECTION('',(0.,0.,-1.));
#13126=DIRECTION('',(-1.,0.,0.));
#13127=DIRECTION('',(-1.,0.,0.));
#13128=DIRECTION('',(0.,0.,-1.));
#13129=DIRECTION('',(0.707106781186548,-0.707106781186548,0.));
#13130=DIRECTION('',(0.707106781186548,0.707106781186548,0.));
#13131=DIRECTION('',(-0.707106781186547,-0.707106781186547,0.));
#13132=DIRECTION('',(-0.707106781186547,-0.707106781186547,0.));
#13133=DIRECTION('',(0.,0.,-1.));
#13134=DIRECTION('',(0.,-1.,0.));
#13135=DIRECTION('',(0.,0.,-1.));
#13136=DIRECTION('',(-1.,0.,0.));
#13137=DIRECTION('',(-1.,0.,0.));
#13138=DIRECTION('',(0.,0.,-1.));
#13139=DIRECTION('',(-0.707106781186548,-0.707106781186548,0.));
#13140=DIRECTION('',(0.707106781186548,-0.707106781186548,0.));
#13141=DIRECTION('',(-0.707106781186547,0.707106781186547,0.));
#13142=DIRECTION('',(-0.707106781186547,0.707106781186547,0.));
#13143=DIRECTION('',(0.,0.,1.));
#13144=DIRECTION('',(1.,0.,0.));
#13145=DIRECTION('',(0.,0.,1.));
#13146=DIRECTION('',(1.,0.,0.));
#13147=DIRECTION('',(0.,-1.,0.));
#13148=DIRECTION('',(0.,0.,-1.));
#13149=DIRECTION('',(-1.,0.,0.));
#13150=DIRECTION('',(0.,0.,-1.));
#13151=DIRECTION('',(-1.,0.,0.));
#13152=DIRECTION('',(0.,0.,-1.));
#13153=DIRECTION('',(1.,0.,0.));
#13154=DIRECTION('',(0.,0.,-1.));
#13155=DIRECTION('',(0.,-1.,0.));
#13156=DIRECTION('',(0.,-1.,0.));
#13157=DIRECTION('',(0.,0.,-1.));
#13158=DIRECTION('',(0.,1.,0.));
#13159=DIRECTION('',(0.,0.,1.));
#13160=DIRECTION('',(1.,0.,0.));
#13161=DIRECTION('',(1.,0.,0.));
#13162=DIRECTION('',(0.6,-0.8,0.));
#13163=DIRECTION('',(0.8,0.6,0.));
#13164=DIRECTION('',(-0.8,-0.6,0.));
#13165=DIRECTION('',(-0.8,-0.6,0.));
#13166=DIRECTION('',(0.,0.,-1.));
#13167=DIRECTION('',(0.,-1.,0.));
#13168=DIRECTION('',(0.,0.,-1.));
#13169=DIRECTION('',(-1.,0.,0.));
#13170=DIRECTION('',(-1.,0.,0.));
#13171=DIRECTION('',(0.,0.,-1.));
#13172=DIRECTION('',(0.707106781186548,-0.707106781186548,0.));
#13173=DIRECTION('',(0.707106781186548,0.707106781186548,0.));
#13174=DIRECTION('',(-0.707106781186547,-0.707106781186547,0.));
#13175=DIRECTION('',(-0.707106781186547,-0.707106781186547,0.));
#13176=DIRECTION('',(0.,0.,-1.));
#13177=DIRECTION('',(0.,-1.,0.));
#13178=DIRECTION('',(0.,0.,-1.));
#13179=DIRECTION('',(-1.,0.,0.));
#13180=DIRECTION('',(-1.,0.,0.));
#13181=DIRECTION('',(0.,0.,-1.));
#13182=DIRECTION('',(-0.707106781186548,-0.707106781186548,0.));
#13183=DIRECTION('',(0.707106781186548,-0.707106781186548,0.));
#13184=DIRECTION('',(-0.707106781186547,0.707106781186547,0.));
#13185=DIRECTION('',(-0.707106781186547,0.707106781186547,0.));
#13186=DIRECTION('',(0.,0.,1.));
#13187=DIRECTION('',(1.,0.,0.));
#13188=DIRECTION('',(0.,0.,1.));
#13189=DIRECTION('',(1.,0.,0.));
#13190=DIRECTION('',(0.,-1.,0.));
#13191=DIRECTION('',(0.,0.,-1.));
#13192=DIRECTION('',(-1.,0.,0.));
#13193=DIRECTION('',(0.,0.,-1.));
#13194=DIRECTION('',(-1.,0.,0.));
#13195=DIRECTION('',(0.,0.,-1.));
#13196=DIRECTION('',(1.,0.,0.));
#13197=DIRECTION('',(0.,0.,-1.));
#13198=DIRECTION('',(0.,-1.,0.));
#13199=DIRECTION('',(0.,-1.,0.));
#13200=DIRECTION('',(0.,0.,-1.));
#13201=DIRECTION('',(0.,1.,0.));
#13202=DIRECTION('',(0.,0.,1.));
#13203=DIRECTION('',(1.,0.,0.));
#13204=DIRECTION('',(1.,0.,0.));
#13205=DIRECTION('',(0.6,-0.8,0.));
#13206=DIRECTION('',(0.8,0.6,0.));
#13207=DIRECTION('',(-0.8,-0.6,0.));
#13208=DIRECTION('',(-0.8,-0.6,0.));
#13209=DIRECTION('',(0.,0.,-1.));
#13210=DIRECTION('',(0.,-1.,0.));
#13211=DIRECTION('',(0.,0.,-1.));
#13212=DIRECTION('',(-1.,0.,0.));
#13213=DIRECTION('',(-1.,0.,0.));
#13214=DIRECTION('',(0.,0.,-1.));
#13215=DIRECTION('',(0.707106781186548,-0.707106781186548,0.));
#13216=DIRECTION('',(0.707106781186548,0.707106781186548,0.));
#13217=DIRECTION('',(-0.707106781186547,-0.707106781186547,0.));
#13218=DIRECTION('',(-0.707106781186547,-0.707106781186547,0.));
#13219=DIRECTION('',(0.,0.,-1.));
#13220=DIRECTION('',(0.,-1.,0.));
#13221=DIRECTION('',(0.,0.,-1.));
#13222=DIRECTION('',(-1.,0.,0.));
#13223=DIRECTION('',(-1.,0.,0.));
#13224=DIRECTION('',(0.,0.,-1.));
#13225=DIRECTION('',(-0.707106781186548,-0.707106781186548,0.));
#13226=DIRECTION('',(0.707106781186548,-0.707106781186548,0.));
#13227=DIRECTION('',(-0.707106781186547,0.707106781186547,0.));
#13228=DIRECTION('',(-0.707106781186547,0.707106781186547,0.));
#13229=DIRECTION('',(0.,0.,1.));
#13230=DIRECTION('',(1.,0.,0.));
#13231=DIRECTION('',(0.,0.,1.));
#13232=DIRECTION('',(1.,0.,0.));
#13233=DIRECTION('',(0.,-1.,0.));
#13234=DIRECTION('',(0.,0.,-1.));
#13235=DIRECTION('',(-1.,0.,0.));
#13236=DIRECTION('',(0.,0.,-1.));
#13237=DIRECTION('',(-1.,0.,0.));
#13238=DIRECTION('',(0.,0.,-1.));
#13239=DIRECTION('',(1.,0.,0.));
#13240=DIRECTION('',(0.,0.,-1.));
#13241=DIRECTION('',(0.,-1.,0.));
#13242=DIRECTION('',(0.,-1.,0.));
#13243=DIRECTION('',(0.,0.,-1.));
#13244=DIRECTION('',(0.,1.,0.));
#13245=DIRECTION('',(0.,0.,1.));
#13246=DIRECTION('',(1.,0.,0.));
#13247=DIRECTION('',(1.,0.,0.));
#13248=DIRECTION('',(0.6,-0.8,0.));
#13249=DIRECTION('',(0.8,0.6,0.));
#13250=DIRECTION('',(-0.8,-0.6,0.));
#13251=DIRECTION('',(-0.8,-0.6,0.));
#13252=DIRECTION('',(0.,0.,-1.));
#13253=DIRECTION('',(0.,-1.,0.));
#13254=DIRECTION('',(0.,0.,-1.));
#13255=DIRECTION('',(-1.,0.,0.));
#13256=DIRECTION('',(-1.,0.,0.));
#13257=DIRECTION('',(0.,0.,-1.));
#13258=DIRECTION('',(0.707106781186548,-0.707106781186548,0.));
#13259=DIRECTION('',(0.707106781186548,0.707106781186548,0.));
#13260=DIRECTION('',(-0.707106781186547,-0.707106781186547,0.));
#13261=DIRECTION('',(-0.707106781186547,-0.707106781186547,0.));
#13262=DIRECTION('',(0.,0.,-1.));
#13263=DIRECTION('',(0.,-1.,0.));
#13264=DIRECTION('',(0.,0.,-1.));
#13265=DIRECTION('',(-1.,0.,0.));
#13266=DIRECTION('',(-1.,0.,0.));
#13267=DIRECTION('',(0.,0.,-1.));
#13268=DIRECTION('',(-0.707106781186548,-0.707106781186548,0.));
#13269=DIRECTION('',(0.707106781186548,-0.707106781186548,0.));
#13270=DIRECTION('',(-0.707106781186547,0.707106781186547,0.));
#13271=DIRECTION('',(-0.707106781186547,0.707106781186547,0.));
#13272=DIRECTION('',(0.,0.,1.));
#13273=DIRECTION('',(1.,0.,0.));
#13274=DIRECTION('',(0.,0.,1.));
#13275=DIRECTION('',(1.,0.,0.));
#13276=DIRECTION('',(0.,-1.,0.));
#13277=DIRECTION('',(0.,0.,-1.));
#13278=DIRECTION('',(-1.,0.,0.));
#13279=DIRECTION('',(0.,0.,-1.));
#13280=DIRECTION('',(-1.,0.,0.));
#13281=DIRECTION('',(0.,0.,-1.));
#13282=DIRECTION('',(1.,0.,0.));
#13283=DIRECTION('',(0.,0.,-1.));
#13284=DIRECTION('',(0.,-1.,0.));
#13285=DIRECTION('',(0.,-1.,0.));
#13286=DIRECTION('',(0.,0.,-1.));
#13287=DIRECTION('',(0.,1.,0.));
#13288=DIRECTION('',(0.,0.,1.));
#13289=DIRECTION('',(1.,0.,0.));
#13290=DIRECTION('',(1.,0.,0.));
#13291=DIRECTION('',(0.6,-0.8,0.));
#13292=DIRECTION('',(0.8,0.6,0.));
#13293=DIRECTION('',(-0.8,-0.6,0.));
#13294=DIRECTION('',(-0.8,-0.6,0.));
#13295=DIRECTION('',(0.,0.,-1.));
#13296=DIRECTION('',(0.,-1.,0.));
#13297=DIRECTION('',(0.,0.,-1.));
#13298=DIRECTION('',(-1.,0.,0.));
#13299=DIRECTION('',(-1.,0.,0.));
#13300=DIRECTION('',(0.,0.,-1.));
#13301=DIRECTION('',(0.707106781186548,-0.707106781186548,0.));
#13302=DIRECTION('',(0.707106781186548,0.707106781186548,0.));
#13303=DIRECTION('',(-0.707106781186547,-0.707106781186547,0.));
#13304=DIRECTION('',(-0.707106781186547,-0.707106781186547,0.));
#13305=DIRECTION('',(0.,0.,-1.));
#13306=DIRECTION('',(0.,-1.,0.));
#13307=DIRECTION('',(0.,0.,-1.));
#13308=DIRECTION('',(-1.,0.,0.));
#13309=DIRECTION('',(-1.,0.,0.));
#13310=DIRECTION('',(0.,0.,-1.));
#13311=DIRECTION('',(-0.707106781186548,-0.707106781186548,0.));
#13312=DIRECTION('',(0.707106781186548,-0.707106781186548,0.));
#13313=DIRECTION('',(-0.707106781186547,0.707106781186547,0.));
#13314=DIRECTION('',(-0.707106781186547,0.707106781186547,0.));
#13315=DIRECTION('',(0.,0.,1.));
#13316=DIRECTION('',(1.,0.,0.));
#13317=DIRECTION('',(0.,0.,1.));
#13318=DIRECTION('',(1.,0.,0.));
#13319=DIRECTION('',(-0.6,-0.8,0.));
#13320=DIRECTION('',(0.8,-0.6,0.));
#13321=DIRECTION('',(-0.8,0.6,0.));
#13322=DIRECTION('',(0.,0.,-1.));
#13323=DIRECTION('',(-0.8,0.6,0.));
#13324=DIRECTION('',(0.,1.,0.));
#13325=DIRECTION('',(0.,0.,1.));
#13326=DIRECTION('',(1.,0.,0.));
#13327=DIRECTION('',(1.,0.,0.));
#13328=DIRECTION('',(0.,0.,-1.));
#13329=DIRECTION('',(-1.,0.,0.));
#13330=DIRECTION('',(0.,0.,1.));
#13331=DIRECTION('',(0.,1.,0.));
#13332=DIRECTION('',(0.,1.,0.));
#13333=DIRECTION('',(0.,0.,-1.));
#13334=DIRECTION('',(0.,-1.,0.));
#13335=DIRECTION('',(0.,0.,-1.));
#13336=DIRECTION('',(-1.,0.,0.));
#13337=DIRECTION('',(-1.,0.,0.));
#13338=DIRECTION('',(0.,0.,-1.));
#13339=DIRECTION('',(0.707106781186548,-0.707106781186548,0.));
#13340=DIRECTION('',(0.707106781186548,0.707106781186548,0.));
#13341=DIRECTION('',(-0.707106781186547,-0.707106781186547,0.));
#13342=DIRECTION('',(-0.707106781186547,-0.707106781186547,0.));
#13343=DIRECTION('',(0.,0.,-1.));
#13344=DIRECTION('',(0.,-1.,0.));
#13345=DIRECTION('',(0.,0.,-1.));
#13346=DIRECTION('',(-1.,0.,0.));
#13347=DIRECTION('',(-1.,0.,0.));
#13348=DIRECTION('',(0.,0.,-1.));
#13349=DIRECTION('',(-0.707106781186548,-0.707106781186548,0.));
#13350=DIRECTION('',(0.707106781186548,-0.707106781186548,0.));
#13351=DIRECTION('',(-0.707106781186547,0.707106781186547,0.));
#13352=DIRECTION('',(-0.707106781186547,0.707106781186547,0.));
#13353=DIRECTION('',(0.,0.,-1.));
#13354=DIRECTION('',(0.,-1.,0.));
#13355=DIRECTION('',(0.,0.,-1.));
#13356=DIRECTION('',(-1.,0.,0.));
#13357=DIRECTION('',(-1.,0.,0.));
#13358=DIRECTION('',(0.,0.,1.));
#13359=DIRECTION('',(1.,0.,0.));
#13360=DIRECTION('',(0.,0.,1.));
#13361=DIRECTION('',(1.,0.,0.));
#13362=DIRECTION('',(-0.6,-0.8,0.));
#13363=DIRECTION('',(0.8,-0.6,0.));
#13364=DIRECTION('',(-0.8,0.6,0.));
#13365=DIRECTION('',(0.,0.,-1.));
#13366=DIRECTION('',(-0.8,0.6,0.));
#13367=DIRECTION('',(0.,1.,0.));
#13368=DIRECTION('',(0.,0.,1.));
#13369=DIRECTION('',(1.,0.,0.));
#13370=DIRECTION('',(1.,0.,0.));
#13371=DIRECTION('',(0.,0.,-1.));
#13372=DIRECTION('',(-1.,0.,0.));
#13373=DIRECTION('',(0.,0.,1.));
#13374=DIRECTION('',(0.,1.,0.));
#13375=DIRECTION('',(0.,1.,0.));
#13376=DIRECTION('',(0.,0.,-1.));
#13377=DIRECTION('',(0.,-1.,0.));
#13378=DIRECTION('',(0.,0.,-1.));
#13379=DIRECTION('',(-1.,0.,0.));
#13380=DIRECTION('',(-1.,0.,0.));
#13381=DIRECTION('',(0.,0.,-1.));
#13382=DIRECTION('',(0.707106781186548,-0.707106781186548,0.));
#13383=DIRECTION('',(0.707106781186548,0.707106781186548,0.));
#13384=DIRECTION('',(-0.707106781186547,-0.707106781186547,0.));
#13385=DIRECTION('',(-0.707106781186547,-0.707106781186547,0.));
#13386=DIRECTION('',(0.,0.,-1.));
#13387=DIRECTION('',(0.,-1.,0.));
#13388=DIRECTION('',(0.,0.,-1.));
#13389=DIRECTION('',(-1.,0.,0.));
#13390=DIRECTION('',(-1.,0.,0.));
#13391=DIRECTION('',(0.,0.,-1.));
#13392=DIRECTION('',(-0.707106781186548,-0.707106781186548,0.));
#13393=DIRECTION('',(0.707106781186548,-0.707106781186548,0.));
#13394=DIRECTION('',(-0.707106781186547,0.707106781186547,0.));
#13395=DIRECTION('',(-0.707106781186547,0.707106781186547,0.));
#13396=DIRECTION('',(0.,0.,-1.));
#13397=DIRECTION('',(0.,-1.,0.));
#13398=DIRECTION('',(0.,0.,-1.));
#13399=DIRECTION('',(-1.,0.,0.));
#13400=DIRECTION('',(-1.,0.,0.));
#13401=DIRECTION('',(0.,0.,1.));
#13402=DIRECTION('',(1.,0.,0.));
#13403=DIRECTION('',(0.,0.,1.));
#13404=DIRECTION('',(1.,0.,0.));
#13405=DIRECTION('',(-0.6,-0.8,0.));
#13406=DIRECTION('',(0.8,-0.6,0.));
#13407=DIRECTION('',(-0.8,0.6,0.));
#13408=DIRECTION('',(0.,0.,-1.));
#13409=DIRECTION('',(-0.8,0.6,0.));
#13410=DIRECTION('',(0.,1.,0.));
#13411=DIRECTION('',(0.,0.,1.));
#13412=DIRECTION('',(1.,0.,0.));
#13413=DIRECTION('',(1.,0.,0.));
#13414=DIRECTION('',(0.,0.,-1.));
#13415=DIRECTION('',(-1.,0.,0.));
#13416=DIRECTION('',(0.,0.,1.));
#13417=DIRECTION('',(0.,1.,0.));
#13418=DIRECTION('',(0.,1.,0.));
#13419=DIRECTION('',(0.,0.,-1.));
#13420=DIRECTION('',(0.,-1.,0.));
#13421=DIRECTION('',(0.,0.,-1.));
#13422=DIRECTION('',(-1.,0.,0.));
#13423=DIRECTION('',(-1.,0.,0.));
#13424=DIRECTION('',(0.,0.,-1.));
#13425=DIRECTION('',(0.707106781186548,-0.707106781186548,0.));
#13426=DIRECTION('',(0.707106781186548,0.707106781186548,0.));
#13427=DIRECTION('',(-0.707106781186547,-0.707106781186547,0.));
#13428=DIRECTION('',(-0.707106781186547,-0.707106781186547,0.));
#13429=DIRECTION('',(0.,0.,-1.));
#13430=DIRECTION('',(0.,-1.,0.));
#13431=DIRECTION('',(0.,0.,-1.));
#13432=DIRECTION('',(-1.,0.,0.));
#13433=DIRECTION('',(-1.,0.,0.));
#13434=DIRECTION('',(0.,0.,-1.));
#13435=DIRECTION('',(-0.707106781186548,-0.707106781186548,0.));
#13436=DIRECTION('',(0.707106781186548,-0.707106781186548,0.));
#13437=DIRECTION('',(-0.707106781186547,0.707106781186547,0.));
#13438=DIRECTION('',(-0.707106781186547,0.707106781186547,0.));
#13439=DIRECTION('',(0.,0.,-1.));
#13440=DIRECTION('',(0.,-1.,0.));
#13441=DIRECTION('',(0.,0.,-1.));
#13442=DIRECTION('',(-1.,0.,0.));
#13443=DIRECTION('',(-1.,0.,0.));
#13444=DIRECTION('',(0.,0.,1.));
#13445=DIRECTION('',(1.,0.,0.));
#13446=DIRECTION('',(0.,0.,1.));
#13447=DIRECTION('',(1.,0.,0.));
#13448=DIRECTION('',(-0.6,-0.8,0.));
#13449=DIRECTION('',(0.8,-0.6,0.));
#13450=DIRECTION('',(-0.8,0.6,0.));
#13451=DIRECTION('',(0.,0.,-1.));
#13452=DIRECTION('',(-0.8,0.6,0.));
#13453=DIRECTION('',(0.,1.,0.));
#13454=DIRECTION('',(0.,0.,1.));
#13455=DIRECTION('',(1.,0.,0.));
#13456=DIRECTION('',(1.,0.,0.));
#13457=DIRECTION('',(0.,0.,-1.));
#13458=DIRECTION('',(-1.,0.,0.));
#13459=DIRECTION('',(0.,0.,1.));
#13460=DIRECTION('',(0.,1.,0.));
#13461=DIRECTION('',(0.,1.,0.));
#13462=DIRECTION('',(0.,0.,-1.));
#13463=DIRECTION('',(0.,-1.,0.));
#13464=DIRECTION('',(0.,0.,-1.));
#13465=DIRECTION('',(-1.,0.,0.));
#13466=DIRECTION('',(-1.,0.,0.));
#13467=DIRECTION('',(0.,0.,-1.));
#13468=DIRECTION('',(0.707106781186548,-0.707106781186548,0.));
#13469=DIRECTION('',(0.707106781186548,0.707106781186548,0.));
#13470=DIRECTION('',(-0.707106781186547,-0.707106781186547,0.));
#13471=DIRECTION('',(-0.707106781186547,-0.707106781186547,0.));
#13472=DIRECTION('',(0.,0.,-1.));
#13473=DIRECTION('',(0.,-1.,0.));
#13474=DIRECTION('',(0.,0.,-1.));
#13475=DIRECTION('',(-1.,0.,0.));
#13476=DIRECTION('',(-1.,0.,0.));
#13477=DIRECTION('',(0.,0.,-1.));
#13478=DIRECTION('',(-0.707106781186548,-0.707106781186548,0.));
#13479=DIRECTION('',(0.707106781186548,-0.707106781186548,0.));
#13480=DIRECTION('',(-0.707106781186547,0.707106781186547,0.));
#13481=DIRECTION('',(-0.707106781186547,0.707106781186547,0.));
#13482=DIRECTION('',(0.,0.,-1.));
#13483=DIRECTION('',(0.,-1.,0.));
#13484=DIRECTION('',(0.,0.,-1.));
#13485=DIRECTION('',(-1.,0.,0.));
#13486=DIRECTION('',(-1.,0.,0.));
#13487=DIRECTION('',(0.,0.,1.));
#13488=DIRECTION('',(1.,0.,0.));
#13489=DIRECTION('',(0.,0.,1.));
#13490=DIRECTION('',(1.,0.,0.));
#13491=DIRECTION('',(-0.6,-0.8,0.));
#13492=DIRECTION('',(0.8,-0.6,0.));
#13493=DIRECTION('',(-0.8,0.6,0.));
#13494=DIRECTION('',(0.,0.,-1.));
#13495=DIRECTION('',(-0.8,0.6,0.));
#13496=DIRECTION('',(0.,1.,0.));
#13497=DIRECTION('',(0.,0.,1.));
#13498=DIRECTION('',(1.,0.,0.));
#13499=DIRECTION('',(1.,0.,0.));
#13500=DIRECTION('',(0.,0.,-1.));
#13501=DIRECTION('',(-1.,0.,0.));
#13502=DIRECTION('',(0.,0.,1.));
#13503=DIRECTION('',(0.,1.,0.));
#13504=DIRECTION('',(0.,1.,0.));
#13505=DIRECTION('',(0.,0.,-1.));
#13506=DIRECTION('',(0.,-1.,0.));
#13507=DIRECTION('',(0.,0.,-1.));
#13508=DIRECTION('',(-1.,0.,0.));
#13509=DIRECTION('',(-1.,0.,0.));
#13510=DIRECTION('',(0.,0.,-1.));
#13511=DIRECTION('',(0.707106781186548,-0.707106781186548,0.));
#13512=DIRECTION('',(0.707106781186548,0.707106781186548,0.));
#13513=DIRECTION('',(-0.707106781186547,-0.707106781186547,0.));
#13514=DIRECTION('',(-0.707106781186547,-0.707106781186547,0.));
#13515=DIRECTION('',(0.,0.,-1.));
#13516=DIRECTION('',(0.,-1.,0.));
#13517=DIRECTION('',(0.,0.,-1.));
#13518=DIRECTION('',(-1.,0.,0.));
#13519=DIRECTION('',(-1.,0.,0.));
#13520=DIRECTION('',(0.,0.,-1.));
#13521=DIRECTION('',(-0.707106781186548,-0.707106781186548,0.));
#13522=DIRECTION('',(0.707106781186548,-0.707106781186548,0.));
#13523=DIRECTION('',(-0.707106781186547,0.707106781186547,0.));
#13524=DIRECTION('',(-0.707106781186547,0.707106781186547,0.));
#13525=DIRECTION('',(0.,0.,-1.));
#13526=DIRECTION('',(0.,-1.,0.));
#13527=DIRECTION('',(0.,0.,-1.));
#13528=DIRECTION('',(-1.,0.,0.));
#13529=DIRECTION('',(-1.,0.,0.));
#13530=DIRECTION('',(0.,0.,1.));
#13531=DIRECTION('',(1.,0.,0.));
#13532=DIRECTION('',(0.,0.,1.));
#13533=DIRECTION('',(1.,0.,0.));
#13534=DIRECTION('',(0.342020143325669,-0.939692620785908,0.));
#13535=DIRECTION('',(0.939692620785908,0.342020143325669,0.));
#13536=DIRECTION('',(-0.939692620785908,-0.342020143325669,0.));
#13537=DIRECTION('',(0.,0.,-1.));
#13538=DIRECTION('',(-0.939692620785908,-0.342020143325669,0.));
#13539=DIRECTION('',(0.,0.,1.));
#13540=DIRECTION('',(1.,0.,0.));
#13541=DIRECTION('',(0.90630778703665,-0.4226182617407,0.));
#13542=DIRECTION('',(0.,-1.,0.));
#13543=DIRECTION('',(0.,0.,1.));
#13544=DIRECTION('',(1.,0.,0.));
#13545=DIRECTION('',(0.,-1.,0.));
#13546=DIRECTION('',(0.90630778703665,-0.4226182617407,0.));
#13547=DIRECTION('',(1.,0.,0.));
#13548=DIRECTION('',(0.,0.,-1.));
#13549=DIRECTION('',(0.,0.,-1.));
#13550=DIRECTION('',(0.4226182617407,0.90630778703665,0.));
#13551=DIRECTION('',(-0.90630778703665,0.4226182617407,0.));
#13552=DIRECTION('',(0.342020143325669,-0.939692620785908,0.));
#13553=DIRECTION('',(0.939692620785908,0.342020143325669,0.));
#13554=DIRECTION('',(-0.939692620785908,-0.342020143325669,0.));
#13555=DIRECTION('',(0.,0.,-1.));
#13556=DIRECTION('',(-0.939692620785908,-0.342020143325669,0.));
#13557=DIRECTION('',(0.,0.,1.));
#13558=DIRECTION('',(1.,0.,0.));
#13559=DIRECTION('',(0.90630778703665,-0.4226182617407,0.));
#13560=DIRECTION('',(0.,-1.,0.));
#13561=DIRECTION('',(0.,0.,1.));
#13562=DIRECTION('',(1.,0.,0.));
#13563=DIRECTION('',(0.,-1.,0.));
#13564=DIRECTION('',(0.90630778703665,-0.4226182617407,0.));
#13565=DIRECTION('',(1.,0.,0.));
#13566=DIRECTION('',(0.,0.,-1.));
#13567=DIRECTION('',(0.,0.,-1.));
#13568=DIRECTION('',(0.4226182617407,0.90630778703665,0.));
#13569=DIRECTION('',(-0.90630778703665,0.4226182617407,0.));
#13570=DIRECTION('',(0.342020143325669,-0.939692620785908,0.));
#13571=DIRECTION('',(0.939692620785908,0.342020143325669,0.));
#13572=DIRECTION('',(-0.939692620785908,-0.342020143325669,0.));
#13573=DIRECTION('',(0.,0.,-1.));
#13574=DIRECTION('',(-0.939692620785908,-0.342020143325669,0.));
#13575=DIRECTION('',(0.,0.,1.));
#13576=DIRECTION('',(1.,0.,0.));
#13577=DIRECTION('',(0.90630778703665,-0.4226182617407,0.));
#13578=DIRECTION('',(0.,-1.,0.));
#13579=DIRECTION('',(0.,0.,1.));
#13580=DIRECTION('',(1.,0.,0.));
#13581=DIRECTION('',(0.,-1.,0.));
#13582=DIRECTION('',(0.90630778703665,-0.4226182617407,0.));
#13583=DIRECTION('',(1.,0.,0.));
#13584=DIRECTION('',(0.,0.,-1.));
#13585=DIRECTION('',(0.,0.,-1.));
#13586=DIRECTION('',(0.4226182617407,0.90630778703665,0.));
#13587=DIRECTION('',(-0.90630778703665,0.4226182617407,0.));
#13588=DIRECTION('',(0.342020143325669,-0.939692620785908,0.));
#13589=DIRECTION('',(0.939692620785908,0.342020143325669,0.));
#13590=DIRECTION('',(-0.939692620785908,-0.342020143325669,0.));
#13591=DIRECTION('',(0.,0.,-1.));
#13592=DIRECTION('',(-0.939692620785908,-0.342020143325669,0.));
#13593=DIRECTION('',(0.,0.,1.));
#13594=DIRECTION('',(1.,0.,0.));
#13595=DIRECTION('',(0.90630778703665,-0.4226182617407,0.));
#13596=DIRECTION('',(0.,-1.,0.));
#13597=DIRECTION('',(0.,0.,1.));
#13598=DIRECTION('',(1.,0.,0.));
#13599=DIRECTION('',(0.,-1.,0.));
#13600=DIRECTION('',(0.90630778703665,-0.4226182617407,0.));
#13601=DIRECTION('',(1.,0.,0.));
#13602=DIRECTION('',(0.,0.,-1.));
#13603=DIRECTION('',(0.,0.,-1.));
#13604=DIRECTION('',(0.4226182617407,0.90630778703665,0.));
#13605=DIRECTION('',(-0.90630778703665,0.4226182617407,0.));
#13606=DIRECTION('',(0.342020143325669,-0.939692620785908,0.));
#13607=DIRECTION('',(0.939692620785908,0.342020143325669,0.));
#13608=DIRECTION('',(-0.939692620785908,-0.342020143325669,0.));
#13609=DIRECTION('',(0.,0.,-1.));
#13610=DIRECTION('',(-0.939692620785908,-0.342020143325669,0.));
#13611=DIRECTION('',(0.,0.,1.));
#13612=DIRECTION('',(1.,0.,0.));
#13613=DIRECTION('',(0.90630778703665,-0.4226182617407,0.));
#13614=DIRECTION('',(0.,-1.,0.));
#13615=DIRECTION('',(0.,0.,1.));
#13616=DIRECTION('',(1.,0.,0.));
#13617=DIRECTION('',(0.,-1.,0.));
#13618=DIRECTION('',(0.90630778703665,-0.4226182617407,0.));
#13619=DIRECTION('',(1.,0.,0.));
#13620=DIRECTION('',(0.,0.,-1.));
#13621=DIRECTION('',(0.,0.,-1.));
#13622=DIRECTION('',(0.4226182617407,0.90630778703665,0.));
#13623=DIRECTION('',(-0.90630778703665,0.4226182617407,0.));
#13624=DIRECTION('',(-0.342020143325669,-0.939692620785908,0.));
#13625=DIRECTION('',(0.939692620785908,-0.342020143325669,0.));
#13626=DIRECTION('',(-0.939692620785908,0.342020143325669,0.));
#13627=DIRECTION('',(0.,0.,-1.));
#13628=DIRECTION('',(-0.939692620785908,0.342020143325669,0.));
#13629=DIRECTION('',(0.,0.,1.));
#13630=DIRECTION('',(1.,0.,0.));
#13631=DIRECTION('',(0.,1.,0.));
#13632=DIRECTION('',(0.90630778703665,0.422618261740699,0.));
#13633=DIRECTION('',(0.,0.,1.));
#13634=DIRECTION('',(1.,0.,0.));
#13635=DIRECTION('',(0.90630778703665,0.422618261740699,0.));
#13636=DIRECTION('',(0.,1.,0.));
#13637=DIRECTION('',(-0.4226182617407,0.90630778703665,0.));
#13638=DIRECTION('',(-0.90630778703665,-0.4226182617407,0.));
#13639=DIRECTION('',(0.,0.,-1.));
#13640=DIRECTION('',(-1.,0.,0.));
#13641=DIRECTION('',(0.,0.,1.));
#13642=DIRECTION('',(-0.342020143325669,-0.939692620785908,0.));
#13643=DIRECTION('',(0.939692620785908,-0.342020143325669,0.));
#13644=DIRECTION('',(-0.939692620785908,0.342020143325669,0.));
#13645=DIRECTION('',(0.,0.,-1.));
#13646=DIRECTION('',(-0.939692620785908,0.342020143325669,0.));
#13647=DIRECTION('',(0.,0.,1.));
#13648=DIRECTION('',(1.,0.,0.));
#13649=DIRECTION('',(0.,1.,0.));
#13650=DIRECTION('',(0.90630778703665,0.422618261740699,0.));
#13651=DIRECTION('',(0.,0.,1.));
#13652=DIRECTION('',(1.,0.,0.));
#13653=DIRECTION('',(0.90630778703665,0.422618261740699,0.));
#13654=DIRECTION('',(0.,1.,0.));
#13655=DIRECTION('',(-0.4226182617407,0.90630778703665,0.));
#13656=DIRECTION('',(-0.90630778703665,-0.4226182617407,0.));
#13657=DIRECTION('',(0.,0.,-1.));
#13658=DIRECTION('',(-1.,0.,0.));
#13659=DIRECTION('',(0.,0.,1.));
#13660=DIRECTION('',(-0.342020143325669,-0.939692620785908,0.));
#13661=DIRECTION('',(0.939692620785908,-0.342020143325669,0.));
#13662=DIRECTION('',(-0.939692620785908,0.342020143325669,0.));
#13663=DIRECTION('',(0.,0.,-1.));
#13664=DIRECTION('',(-0.939692620785908,0.342020143325669,0.));
#13665=DIRECTION('',(0.,0.,1.));
#13666=DIRECTION('',(1.,0.,0.));
#13667=DIRECTION('',(0.,1.,0.));
#13668=DIRECTION('',(0.90630778703665,0.422618261740699,0.));
#13669=DIRECTION('',(0.,0.,1.));
#13670=DIRECTION('',(1.,0.,0.));
#13671=DIRECTION('',(0.90630778703665,0.422618261740699,0.));
#13672=DIRECTION('',(0.,1.,0.));
#13673=DIRECTION('',(-0.4226182617407,0.90630778703665,0.));
#13674=DIRECTION('',(-0.90630778703665,-0.4226182617407,0.));
#13675=DIRECTION('',(0.,0.,-1.));
#13676=DIRECTION('',(-1.,0.,0.));
#13677=DIRECTION('',(0.,0.,1.));
#13678=DIRECTION('',(-0.342020143325669,-0.939692620785908,0.));
#13679=DIRECTION('',(0.939692620785908,-0.342020143325669,0.));
#13680=DIRECTION('',(-0.939692620785908,0.342020143325669,0.));
#13681=DIRECTION('',(0.,0.,-1.));
#13682=DIRECTION('',(-0.939692620785908,0.342020143325669,0.));
#13683=DIRECTION('',(0.,0.,1.));
#13684=DIRECTION('',(1.,0.,0.));
#13685=DIRECTION('',(0.,1.,0.));
#13686=DIRECTION('',(0.90630778703665,0.422618261740699,0.));
#13687=DIRECTION('',(0.,0.,1.));
#13688=DIRECTION('',(1.,0.,0.));
#13689=DIRECTION('',(0.90630778703665,0.422618261740699,0.));
#13690=DIRECTION('',(0.,1.,0.));
#13691=DIRECTION('',(-0.4226182617407,0.90630778703665,0.));
#13692=DIRECTION('',(-0.90630778703665,-0.4226182617407,0.));
#13693=DIRECTION('',(0.,0.,-1.));
#13694=DIRECTION('',(-1.,0.,0.));
#13695=DIRECTION('',(0.,0.,1.));
#13696=DIRECTION('',(-0.342020143325669,-0.939692620785908,0.));
#13697=DIRECTION('',(0.939692620785908,-0.342020143325669,0.));
#13698=DIRECTION('',(-0.939692620785908,0.342020143325669,0.));
#13699=DIRECTION('',(0.,0.,-1.));
#13700=DIRECTION('',(-0.939692620785908,0.342020143325669,0.));
#13701=DIRECTION('',(0.,0.,1.));
#13702=DIRECTION('',(1.,0.,0.));
#13703=DIRECTION('',(0.,1.,0.));
#13704=DIRECTION('',(0.90630778703665,0.422618261740699,0.));
#13705=DIRECTION('',(0.,0.,1.));
#13706=DIRECTION('',(1.,0.,0.));
#13707=DIRECTION('',(0.90630778703665,0.422618261740699,0.));
#13708=DIRECTION('',(0.,1.,0.));
#13709=DIRECTION('',(-0.4226182617407,0.90630778703665,0.));
#13710=DIRECTION('',(-0.90630778703665,-0.4226182617407,0.));
#13711=DIRECTION('',(0.,0.,-1.));
#13712=DIRECTION('',(-1.,0.,0.));
#13713=DIRECTION('',(0.,0.,1.));
#13714=DIRECTION('',(0.,0.,-1.));
#13715=DIRECTION('',(-1.,0.,0.));
#13716=DIRECTION('',(-0.707106781186582,-0.707106781186513,0.));
#13717=DIRECTION('',(-0.707106781186548,0.707106781186548,0.));
#13718=DIRECTION('',(-0.707106781186582,-0.707106781186513,0.));
#13719=DIRECTION('',(-0.707106781186548,0.707106781186548,0.));
#13720=DIRECTION('',(-0.707106781186548,0.707106781186548,0.));
#13721=DIRECTION('',(-0.707106781186548,-0.707106781186548,0.));
#13722=DIRECTION('',(0.707106781186548,-0.707106781186548,0.));
#13723=DIRECTION('',(0.,0.,-1.));
#13724=DIRECTION('',(0.707106781186548,-0.707106781186548,0.));
#13725=DIRECTION('',(0.,0.,-1.));
#13726=DIRECTION('',(-0.707106781186548,0.707106781186548,0.));
#13727=DIRECTION('',(0.707106781186548,0.707106781186548,0.));
#13728=DIRECTION('',(-0.707106781186548,0.707106781186548,0.));
#13729=DIRECTION('',(0.,0.,-1.));
#13730=DIRECTION('',(0.,0.,-1.));
#13731=DIRECTION('',(-0.707106781186548,0.707106781186548,0.));
#13732=DIRECTION('',(0.,0.,-1.));
#13733=DIRECTION('',(-1.,0.,0.));
#13734=DIRECTION('',(-0.707106781186544,-0.707106781186551,0.));
#13735=DIRECTION('',(-0.707106781186544,-0.707106781186551,0.));
#13736=DIRECTION('',(-0.707106781186548,0.707106781186548,0.));
#13737=DIRECTION('',(0.707106781186548,0.707106781186548,0.));
#13738=DIRECTION('',(-0.707106781186548,0.707106781186548,0.));
#13739=DIRECTION('',(0.,0.,-1.));
#13740=DIRECTION('',(0.,0.,-1.));
#13741=DIRECTION('',(-0.707106781186548,0.707106781186548,0.));
#13742=DIRECTION('',(0.,0.,1.));
#13743=DIRECTION('',(1.,0.,0.));
#13744=DIRECTION('',(0.707106781186544,0.707106781186551,0.));
#13745=DIRECTION('',(0.707106781186544,0.707106781186551,0.));
#13746=DIRECTION('',(-0.707106781186548,0.707106781186548,0.));
#13747=DIRECTION('',(0.707106781186548,0.707106781186548,0.));
#13748=DIRECTION('',(-0.707106781186548,0.707106781186548,0.));
#13749=DIRECTION('',(0.,0.,-1.));
#13750=DIRECTION('',(0.,0.,-1.));
#13751=DIRECTION('',(-0.707106781186548,0.707106781186548,0.));
#13752=DIRECTION('',(-0.707106781186548,0.707106781186548,0.));
#13753=DIRECTION('',(-0.707106781186548,-0.707106781186548,0.));
#13754=DIRECTION('',(0.707106781186548,-0.707106781186548,0.));
#13755=DIRECTION('',(0.,0.,-1.));
#13756=DIRECTION('',(0.707106781186548,-0.707106781186548,0.));
#13757=DIRECTION('',(0.,0.,-1.));
#13758=DIRECTION('',(-0.707106781186548,0.707106781186548,0.));
#13759=DIRECTION('',(0.,0.,1.));
#13760=DIRECTION('',(1.,0.,0.));
#13761=DIRECTION('',(0.707106781186582,0.707106781186513,0.));
#13762=DIRECTION('',(0.707106781186582,0.707106781186513,0.));
#13763=DIRECTION('',(-0.707106781186548,0.707106781186548,0.));
#13764=DIRECTION('',(-0.707106781186548,0.707106781186548,0.));
#13765=DIRECTION('',(-0.707106781186548,-0.707106781186548,0.));
#13766=DIRECTION('',(0.707106781186548,-0.707106781186548,0.));
#13767=DIRECTION('',(0.,0.,-1.));
#13768=DIRECTION('',(0.707106781186548,-0.707106781186548,0.));
#13769=DIRECTION('',(0.,0.,-1.));
#13770=DIRECTION('',(-0.707106781186548,0.707106781186548,0.));
#13771=DIRECTION('',(-0.707106781186548,-0.707106781186548,0.));
#13772=DIRECTION('',(0.707106781186548,-0.707106781186548,0.));
#13773=DIRECTION('',(0.,0.,1.));
#13774=DIRECTION('',(0.,0.,1.));
#13775=DIRECTION('',(-0.707106781186548,0.707106781186548,0.));
#13776=DIRECTION('',(0.,0.,1.));
#13777=DIRECTION('',(1.,0.,0.));
#13778=DIRECTION('',(0.707106781186552,0.707106781186543,0.));
#13779=DIRECTION('',(0.707106781186552,0.707106781186543,0.));
#13780=DIRECTION('',(0.,0.,-1.));
#13781=DIRECTION('',(-1.,0.,0.));
#13782=DIRECTION('',(-0.707106781186552,-0.707106781186543,0.));
#13783=DIRECTION('',(-0.707106781186552,-0.707106781186543,0.));
#13784=DIRECTION('',(-0.707106781186548,0.707106781186548,0.));
#13785=DIRECTION('',(-0.707106781186548,-0.707106781186548,0.));
#13786=DIRECTION('',(0.707106781186548,-0.707106781186548,0.));
#13787=DIRECTION('',(0.,0.,1.));
#13788=DIRECTION('',(0.,0.,1.));
#13789=DIRECTION('',(-0.707106781186548,0.707106781186548,0.));
#13790=DIRECTION('',(-0.707106781186548,0.707106781186548,0.));
#13791=DIRECTION('',(-0.707106781186548,-0.707106781186548,0.));
#13792=DIRECTION('',(0.707106781186548,-0.707106781186548,0.));
#13793=DIRECTION('',(0.,0.,-1.));
#13794=DIRECTION('',(0.707106781186548,-0.707106781186548,0.));
#13795=DIRECTION('',(0.,0.,-1.));
#13796=DIRECTION('',(0.707106781186548,-0.707106781186548,0.));
#13797=DIRECTION('',(0.707106781186548,0.707106781186548,0.));
#13798=DIRECTION('',(0.707106781186548,-0.707106781186548,0.));
#13799=DIRECTION('',(0.707106781186548,0.707106781186548,0.));
#13800=DIRECTION('',(0.,0.,-1.));
#13801=DIRECTION('',(-1.,0.,0.));
#13802=DIRECTION('',(-0.707106781186582,-0.707106781186513,0.));
#13803=DIRECTION('',(-0.707106781186548,0.707106781186548,0.));
#13804=DIRECTION('',(-0.707106781186582,-0.707106781186513,0.));
#13805=DIRECTION('',(-0.707106781186548,0.707106781186548,0.));
#13806=DIRECTION('',(-0.707106781186548,0.707106781186548,0.));
#13807=DIRECTION('',(-0.707106781186548,-0.707106781186548,0.));
#13808=DIRECTION('',(0.707106781186548,-0.707106781186548,0.));
#13809=DIRECTION('',(0.,0.,-1.));
#13810=DIRECTION('',(0.707106781186548,-0.707106781186548,0.));
#13811=DIRECTION('',(0.,0.,-1.));
#13812=DIRECTION('',(-0.707106781186548,0.707106781186548,0.));
#13813=DIRECTION('',(0.707106781186548,0.707106781186548,0.));
#13814=DIRECTION('',(-0.707106781186548,0.707106781186548,0.));
#13815=DIRECTION('',(0.,0.,-1.));
#13816=DIRECTION('',(0.,0.,-1.));
#13817=DIRECTION('',(-0.707106781186548,0.707106781186548,0.));
#13818=DIRECTION('',(0.,0.,-1.));
#13819=DIRECTION('',(-1.,0.,0.));
#13820=DIRECTION('',(-0.707106781186544,-0.707106781186551,0.));
#13821=DIRECTION('',(-0.707106781186544,-0.707106781186551,0.));
#13822=DIRECTION('',(-0.707106781186548,0.707106781186548,0.));
#13823=DIRECTION('',(0.707106781186548,0.707106781186548,0.));
#13824=DIRECTION('',(-0.707106781186548,0.707106781186548,0.));
#13825=DIRECTION('',(0.,0.,-1.));
#13826=DIRECTION('',(0.,0.,-1.));
#13827=DIRECTION('',(-0.707106781186548,0.707106781186548,0.));
#13828=DIRECTION('',(0.,0.,1.));
#13829=DIRECTION('',(1.,0.,0.));
#13830=DIRECTION('',(0.707106781186544,0.707106781186551,0.));
#13831=DIRECTION('',(0.707106781186544,0.707106781186551,0.));
#13832=DIRECTION('',(-0.707106781186548,0.707106781186548,0.));
#13833=DIRECTION('',(0.707106781186548,0.707106781186548,0.));
#13834=DIRECTION('',(-0.707106781186548,0.707106781186548,0.));
#13835=DIRECTION('',(0.,0.,-1.));
#13836=DIRECTION('',(0.,0.,-1.));
#13837=DIRECTION('',(-0.707106781186548,0.707106781186548,0.));
#13838=DIRECTION('',(-0.707106781186548,0.707106781186548,0.));
#13839=DIRECTION('',(-0.707106781186548,-0.707106781186548,0.));
#13840=DIRECTION('',(0.707106781186548,-0.707106781186548,0.));
#13841=DIRECTION('',(0.,0.,-1.));
#13842=DIRECTION('',(0.707106781186548,-0.707106781186548,0.));
#13843=DIRECTION('',(0.,0.,-1.));
#13844=DIRECTION('',(-0.707106781186548,0.707106781186548,0.));
#13845=DIRECTION('',(0.,0.,1.));
#13846=DIRECTION('',(1.,0.,0.));
#13847=DIRECTION('',(0.707106781186582,0.707106781186513,0.));
#13848=DIRECTION('',(0.707106781186582,0.707106781186513,0.));
#13849=DIRECTION('',(-0.707106781186548,0.707106781186548,0.));
#13850=DIRECTION('',(-0.707106781186548,0.707106781186548,0.));
#13851=DIRECTION('',(-0.707106781186548,-0.707106781186548,0.));
#13852=DIRECTION('',(0.707106781186548,-0.707106781186548,0.));
#13853=DIRECTION('',(0.,0.,-1.));
#13854=DIRECTION('',(0.707106781186548,-0.707106781186548,0.));
#13855=DIRECTION('',(0.,0.,-1.));
#13856=DIRECTION('',(-0.707106781186548,0.707106781186548,0.));
#13857=DIRECTION('',(-0.707106781186548,-0.707106781186548,0.));
#13858=DIRECTION('',(0.707106781186548,-0.707106781186548,0.));
#13859=DIRECTION('',(0.,0.,1.));
#13860=DIRECTION('',(0.,0.,1.));
#13861=DIRECTION('',(-0.707106781186548,0.707106781186548,0.));
#13862=DIRECTION('',(0.,0.,1.));
#13863=DIRECTION('',(1.,0.,0.));
#13864=DIRECTION('',(0.707106781186552,0.707106781186543,0.));
#13865=DIRECTION('',(0.707106781186552,0.707106781186543,0.));
#13866=DIRECTION('',(0.,0.,-1.));
#13867=DIRECTION('',(-1.,0.,0.));
#13868=DIRECTION('',(-0.707106781186552,-0.707106781186543,0.));
#13869=DIRECTION('',(-0.707106781186552,-0.707106781186543,0.));
#13870=DIRECTION('',(-0.707106781186548,0.707106781186548,0.));
#13871=DIRECTION('',(-0.707106781186548,-0.707106781186548,0.));
#13872=DIRECTION('',(0.707106781186548,-0.707106781186548,0.));
#13873=DIRECTION('',(0.,0.,1.));
#13874=DIRECTION('',(0.,0.,1.));
#13875=DIRECTION('',(-0.707106781186548,0.707106781186548,0.));
#13876=DIRECTION('',(-0.707106781186548,0.707106781186548,0.));
#13877=DIRECTION('',(-0.707106781186548,-0.707106781186548,0.));
#13878=DIRECTION('',(0.707106781186548,-0.707106781186548,0.));
#13879=DIRECTION('',(0.,0.,-1.));
#13880=DIRECTION('',(0.707106781186548,-0.707106781186548,0.));
#13881=DIRECTION('',(0.,0.,-1.));
#13882=DIRECTION('',(0.707106781186548,-0.707106781186548,0.));
#13883=DIRECTION('',(0.707106781186548,0.707106781186548,0.));
#13884=DIRECTION('',(0.707106781186548,-0.707106781186548,0.));
#13885=DIRECTION('',(0.707106781186548,0.707106781186548,0.));
#13886=DIRECTION('',(0.,0.,-1.));
#13887=DIRECTION('',(-1.,0.,0.));
#13888=DIRECTION('',(-0.707106781186582,-0.707106781186513,0.));
#13889=DIRECTION('',(-0.707106781186548,0.707106781186548,0.));
#13890=DIRECTION('',(-0.707106781186582,-0.707106781186513,0.));
#13891=DIRECTION('',(-0.707106781186548,0.707106781186548,0.));
#13892=DIRECTION('',(-0.707106781186548,0.707106781186548,0.));
#13893=DIRECTION('',(-0.707106781186548,-0.707106781186548,0.));
#13894=DIRECTION('',(0.707106781186548,-0.707106781186548,0.));
#13895=DIRECTION('',(0.,0.,-1.));
#13896=DIRECTION('',(0.707106781186548,-0.707106781186548,0.));
#13897=DIRECTION('',(0.,0.,-1.));
#13898=DIRECTION('',(-0.707106781186548,0.707106781186548,0.));
#13899=DIRECTION('',(0.707106781186548,0.707106781186548,0.));
#13900=DIRECTION('',(-0.707106781186548,0.707106781186548,0.));
#13901=DIRECTION('',(0.,0.,-1.));
#13902=DIRECTION('',(0.,0.,-1.));
#13903=DIRECTION('',(-0.707106781186548,0.707106781186548,0.));
#13904=DIRECTION('',(0.,0.,-1.));
#13905=DIRECTION('',(-1.,0.,0.));
#13906=DIRECTION('',(-0.707106781186544,-0.707106781186551,0.));
#13907=DIRECTION('',(-0.707106781186544,-0.707106781186551,0.));
#13908=DIRECTION('',(-0.707106781186548,0.707106781186548,0.));
#13909=DIRECTION('',(0.707106781186548,0.707106781186548,0.));
#13910=DIRECTION('',(-0.707106781186548,0.707106781186548,0.));
#13911=DIRECTION('',(0.,0.,-1.));
#13912=DIRECTION('',(0.,0.,-1.));
#13913=DIRECTION('',(-0.707106781186548,0.707106781186548,0.));
#13914=DIRECTION('',(0.,0.,1.));
#13915=DIRECTION('',(1.,0.,0.));
#13916=DIRECTION('',(0.707106781186544,0.707106781186551,0.));
#13917=DIRECTION('',(0.707106781186544,0.707106781186551,0.));
#13918=DIRECTION('',(-0.707106781186548,0.707106781186548,0.));
#13919=DIRECTION('',(0.707106781186548,0.707106781186548,0.));
#13920=DIRECTION('',(-0.707106781186548,0.707106781186548,0.));
#13921=DIRECTION('',(0.,0.,-1.));
#13922=DIRECTION('',(0.,0.,-1.));
#13923=DIRECTION('',(-0.707106781186548,0.707106781186548,0.));
#13924=DIRECTION('',(-0.707106781186548,0.707106781186548,0.));
#13925=DIRECTION('',(-0.707106781186548,-0.707106781186548,0.));
#13926=DIRECTION('',(0.707106781186548,-0.707106781186548,0.));
#13927=DIRECTION('',(0.,0.,-1.));
#13928=DIRECTION('',(0.707106781186548,-0.707106781186548,0.));
#13929=DIRECTION('',(0.,0.,-1.));
#13930=DIRECTION('',(-0.707106781186548,0.707106781186548,0.));
#13931=DIRECTION('',(0.,0.,1.));
#13932=DIRECTION('',(1.,0.,0.));
#13933=DIRECTION('',(0.707106781186582,0.707106781186513,0.));
#13934=DIRECTION('',(0.707106781186582,0.707106781186513,0.));
#13935=DIRECTION('',(-0.707106781186548,0.707106781186548,0.));
#13936=DIRECTION('',(-0.707106781186548,0.707106781186548,0.));
#13937=DIRECTION('',(-0.707106781186548,-0.707106781186548,0.));
#13938=DIRECTION('',(0.707106781186548,-0.707106781186548,0.));
#13939=DIRECTION('',(0.,0.,-1.));
#13940=DIRECTION('',(0.707106781186548,-0.707106781186548,0.));
#13941=DIRECTION('',(0.,0.,-1.));
#13942=DIRECTION('',(-0.707106781186548,0.707106781186548,0.));
#13943=DIRECTION('',(-0.707106781186548,-0.707106781186548,0.));
#13944=DIRECTION('',(0.707106781186548,-0.707106781186548,0.));
#13945=DIRECTION('',(0.,0.,1.));
#13946=DIRECTION('',(0.,0.,1.));
#13947=DIRECTION('',(-0.707106781186548,0.707106781186548,0.));
#13948=DIRECTION('',(0.,0.,1.));
#13949=DIRECTION('',(1.,0.,0.));
#13950=DIRECTION('',(0.707106781186552,0.707106781186543,0.));
#13951=DIRECTION('',(0.707106781186552,0.707106781186543,0.));
#13952=DIRECTION('',(0.,0.,-1.));
#13953=DIRECTION('',(-1.,0.,0.));
#13954=DIRECTION('',(-0.707106781186552,-0.707106781186543,0.));
#13955=DIRECTION('',(-0.707106781186552,-0.707106781186543,0.));
#13956=DIRECTION('',(-0.707106781186548,0.707106781186548,0.));
#13957=DIRECTION('',(-0.707106781186548,-0.707106781186548,0.));
#13958=DIRECTION('',(0.707106781186548,-0.707106781186548,0.));
#13959=DIRECTION('',(0.,0.,1.));
#13960=DIRECTION('',(0.,0.,1.));
#13961=DIRECTION('',(-0.707106781186548,0.707106781186548,0.));
#13962=DIRECTION('',(-0.707106781186548,0.707106781186548,0.));
#13963=DIRECTION('',(-0.707106781186548,-0.707106781186548,0.));
#13964=DIRECTION('',(0.707106781186548,-0.707106781186548,0.));
#13965=DIRECTION('',(0.,0.,-1.));
#13966=DIRECTION('',(0.707106781186548,-0.707106781186548,0.));
#13967=DIRECTION('',(0.,0.,-1.));
#13968=DIRECTION('',(0.707106781186548,-0.707106781186548,0.));
#13969=DIRECTION('',(0.707106781186548,0.707106781186548,0.));
#13970=DIRECTION('',(0.707106781186548,-0.707106781186548,0.));
#13971=DIRECTION('',(0.707106781186548,0.707106781186548,0.));
#13972=DIRECTION('',(0.,0.,-1.));
#13973=DIRECTION('',(-1.,0.,0.));
#13974=DIRECTION('',(-0.707106781186582,-0.707106781186513,0.));
#13975=DIRECTION('',(-0.707106781186548,0.707106781186548,0.));
#13976=DIRECTION('',(-0.707106781186582,-0.707106781186513,0.));
#13977=DIRECTION('',(-0.707106781186548,0.707106781186548,0.));
#13978=DIRECTION('',(-0.707106781186548,0.707106781186548,0.));
#13979=DIRECTION('',(-0.707106781186548,-0.707106781186548,0.));
#13980=DIRECTION('',(0.707106781186548,-0.707106781186548,0.));
#13981=DIRECTION('',(0.,0.,-1.));
#13982=DIRECTION('',(0.707106781186548,-0.707106781186548,0.));
#13983=DIRECTION('',(0.,0.,-1.));
#13984=DIRECTION('',(-0.707106781186548,0.707106781186548,0.));
#13985=DIRECTION('',(0.707106781186548,0.707106781186548,0.));
#13986=DIRECTION('',(-0.707106781186548,0.707106781186548,0.));
#13987=DIRECTION('',(0.,0.,-1.));
#13988=DIRECTION('',(0.,0.,-1.));
#13989=DIRECTION('',(-0.707106781186548,0.707106781186548,0.));
#13990=DIRECTION('',(0.,0.,-1.));
#13991=DIRECTION('',(-1.,0.,0.));
#13992=DIRECTION('',(-0.707106781186544,-0.707106781186551,0.));
#13993=DIRECTION('',(-0.707106781186544,-0.707106781186551,0.));
#13994=DIRECTION('',(-0.707106781186548,0.707106781186548,0.));
#13995=DIRECTION('',(0.707106781186548,0.707106781186548,0.));
#13996=DIRECTION('',(-0.707106781186548,0.707106781186548,0.));
#13997=DIRECTION('',(0.,0.,-1.));
#13998=DIRECTION('',(0.,0.,-1.));
#13999=DIRECTION('',(-0.707106781186548,0.707106781186548,0.));
#14000=DIRECTION('',(0.,0.,1.));
#14001=DIRECTION('',(1.,0.,0.));
#14002=DIRECTION('',(0.707106781186544,0.707106781186551,0.));
#14003=DIRECTION('',(0.707106781186544,0.707106781186551,0.));
#14004=DIRECTION('',(-0.707106781186548,0.707106781186548,0.));
#14005=DIRECTION('',(0.707106781186548,0.707106781186548,0.));
#14006=DIRECTION('',(-0.707106781186548,0.707106781186548,0.));
#14007=DIRECTION('',(0.,0.,-1.));
#14008=DIRECTION('',(0.,0.,-1.));
#14009=DIRECTION('',(-0.707106781186548,0.707106781186548,0.));
#14010=DIRECTION('',(-0.707106781186548,0.707106781186548,0.));
#14011=DIRECTION('',(-0.707106781186548,-0.707106781186548,0.));
#14012=DIRECTION('',(0.707106781186548,-0.707106781186548,0.));
#14013=DIRECTION('',(0.,0.,-1.));
#14014=DIRECTION('',(0.707106781186548,-0.707106781186548,0.));
#14015=DIRECTION('',(0.,0.,-1.));
#14016=DIRECTION('',(-0.707106781186548,0.707106781186548,0.));
#14017=DIRECTION('',(0.,0.,1.));
#14018=DIRECTION('',(1.,0.,0.));
#14019=DIRECTION('',(0.707106781186582,0.707106781186513,0.));
#14020=DIRECTION('',(0.707106781186582,0.707106781186513,0.));
#14021=DIRECTION('',(-0.707106781186548,0.707106781186548,0.));
#14022=DIRECTION('',(-0.707106781186548,0.707106781186548,0.));
#14023=DIRECTION('',(-0.707106781186548,-0.707106781186548,0.));
#14024=DIRECTION('',(0.707106781186548,-0.707106781186548,0.));
#14025=DIRECTION('',(0.,0.,-1.));
#14026=DIRECTION('',(0.707106781186548,-0.707106781186548,0.));
#14027=DIRECTION('',(0.,0.,-1.));
#14028=DIRECTION('',(-0.707106781186548,0.707106781186548,0.));
#14029=DIRECTION('',(-0.707106781186548,-0.707106781186548,0.));
#14030=DIRECTION('',(0.707106781186548,-0.707106781186548,0.));
#14031=DIRECTION('',(0.,0.,1.));
#14032=DIRECTION('',(0.,0.,1.));
#14033=DIRECTION('',(-0.707106781186548,0.707106781186548,0.));
#14034=DIRECTION('',(0.,0.,1.));
#14035=DIRECTION('',(1.,0.,0.));
#14036=DIRECTION('',(0.707106781186552,0.707106781186543,0.));
#14037=DIRECTION('',(0.707106781186552,0.707106781186543,0.));
#14038=DIRECTION('',(0.,0.,-1.));
#14039=DIRECTION('',(-1.,0.,0.));
#14040=DIRECTION('',(-0.707106781186552,-0.707106781186543,0.));
#14041=DIRECTION('',(-0.707106781186552,-0.707106781186543,0.));
#14042=DIRECTION('',(-0.707106781186548,0.707106781186548,0.));
#14043=DIRECTION('',(-0.707106781186548,-0.707106781186548,0.));
#14044=DIRECTION('',(0.707106781186548,-0.707106781186548,0.));
#14045=DIRECTION('',(0.,0.,1.));
#14046=DIRECTION('',(0.,0.,1.));
#14047=DIRECTION('',(-0.707106781186548,0.707106781186548,0.));
#14048=DIRECTION('',(-0.707106781186548,0.707106781186548,0.));
#14049=DIRECTION('',(-0.707106781186548,-0.707106781186548,0.));
#14050=DIRECTION('',(0.707106781186548,-0.707106781186548,0.));
#14051=DIRECTION('',(0.,0.,-1.));
#14052=DIRECTION('',(0.707106781186548,-0.707106781186548,0.));
#14053=DIRECTION('',(0.,0.,-1.));
#14054=DIRECTION('',(0.707106781186548,-0.707106781186548,0.));
#14055=DIRECTION('',(0.707106781186548,0.707106781186548,0.));
#14056=DIRECTION('',(0.707106781186548,-0.707106781186548,0.));
#14057=DIRECTION('',(0.707106781186548,0.707106781186548,0.));
#14058=DIRECTION('',(0.,0.,-1.));
#14059=DIRECTION('',(-1.,0.,0.));
#14060=DIRECTION('',(-0.707106781186582,-0.707106781186513,0.));
#14061=DIRECTION('',(-0.707106781186548,0.707106781186548,0.));
#14062=DIRECTION('',(-0.707106781186582,-0.707106781186513,0.));
#14063=DIRECTION('',(-0.707106781186548,0.707106781186548,0.));
#14064=DIRECTION('',(-0.707106781186548,0.707106781186548,0.));
#14065=DIRECTION('',(-0.707106781186548,-0.707106781186548,0.));
#14066=DIRECTION('',(0.707106781186548,-0.707106781186548,0.));
#14067=DIRECTION('',(0.,0.,-1.));
#14068=DIRECTION('',(0.707106781186548,-0.707106781186548,0.));
#14069=DIRECTION('',(0.,0.,-1.));
#14070=DIRECTION('',(-0.707106781186548,0.707106781186548,0.));
#14071=DIRECTION('',(0.707106781186548,0.707106781186548,0.));
#14072=DIRECTION('',(-0.707106781186548,0.707106781186548,0.));
#14073=DIRECTION('',(0.,0.,-1.));
#14074=DIRECTION('',(0.,0.,-1.));
#14075=DIRECTION('',(-0.707106781186548,0.707106781186548,0.));
#14076=DIRECTION('',(0.,0.,-1.));
#14077=DIRECTION('',(-1.,0.,0.));
#14078=DIRECTION('',(-0.707106781186544,-0.707106781186551,0.));
#14079=DIRECTION('',(-0.707106781186544,-0.707106781186551,0.));
#14080=DIRECTION('',(-0.707106781186548,0.707106781186548,0.));
#14081=DIRECTION('',(0.707106781186548,0.707106781186548,0.));
#14082=DIRECTION('',(-0.707106781186548,0.707106781186548,0.));
#14083=DIRECTION('',(0.,0.,-1.));
#14084=DIRECTION('',(0.,0.,-1.));
#14085=DIRECTION('',(-0.707106781186548,0.707106781186548,0.));
#14086=DIRECTION('',(0.,0.,1.));
#14087=DIRECTION('',(1.,0.,0.));
#14088=DIRECTION('',(0.707106781186544,0.707106781186551,0.));
#14089=DIRECTION('',(0.707106781186544,0.707106781186551,0.));
#14090=DIRECTION('',(-0.707106781186548,0.707106781186548,0.));
#14091=DIRECTION('',(0.707106781186548,0.707106781186548,0.));
#14092=DIRECTION('',(-0.707106781186548,0.707106781186548,0.));
#14093=DIRECTION('',(0.,0.,-1.));
#14094=DIRECTION('',(0.,0.,-1.));
#14095=DIRECTION('',(-0.707106781186548,0.707106781186548,0.));
#14096=DIRECTION('',(-0.707106781186548,0.707106781186548,0.));
#14097=DIRECTION('',(-0.707106781186548,-0.707106781186548,0.));
#14098=DIRECTION('',(0.707106781186548,-0.707106781186548,0.));
#14099=DIRECTION('',(0.,0.,-1.));
#14100=DIRECTION('',(0.707106781186548,-0.707106781186548,0.));
#14101=DIRECTION('',(0.,0.,-1.));
#14102=DIRECTION('',(-0.707106781186548,0.707106781186548,0.));
#14103=DIRECTION('',(0.,0.,1.));
#14104=DIRECTION('',(1.,0.,0.));
#14105=DIRECTION('',(0.707106781186582,0.707106781186513,0.));
#14106=DIRECTION('',(0.707106781186582,0.707106781186513,0.));
#14107=DIRECTION('',(-0.707106781186548,0.707106781186548,0.));
#14108=DIRECTION('',(-0.707106781186548,0.707106781186548,0.));
#14109=DIRECTION('',(-0.707106781186548,-0.707106781186548,0.));
#14110=DIRECTION('',(0.707106781186548,-0.707106781186548,0.));
#14111=DIRECTION('',(0.,0.,-1.));
#14112=DIRECTION('',(0.707106781186548,-0.707106781186548,0.));
#14113=DIRECTION('',(0.,0.,-1.));
#14114=DIRECTION('',(-0.707106781186548,0.707106781186548,0.));
#14115=DIRECTION('',(-0.707106781186548,-0.707106781186548,0.));
#14116=DIRECTION('',(0.707106781186548,-0.707106781186548,0.));
#14117=DIRECTION('',(0.,0.,1.));
#14118=DIRECTION('',(0.,0.,1.));
#14119=DIRECTION('',(-0.707106781186548,0.707106781186548,0.));
#14120=DIRECTION('',(0.,0.,1.));
#14121=DIRECTION('',(1.,0.,0.));
#14122=DIRECTION('',(0.707106781186552,0.707106781186543,0.));
#14123=DIRECTION('',(0.707106781186552,0.707106781186543,0.));
#14124=DIRECTION('',(0.,0.,-1.));
#14125=DIRECTION('',(-1.,0.,0.));
#14126=DIRECTION('',(-0.707106781186552,-0.707106781186543,0.));
#14127=DIRECTION('',(-0.707106781186552,-0.707106781186543,0.));
#14128=DIRECTION('',(-0.707106781186548,0.707106781186548,0.));
#14129=DIRECTION('',(-0.707106781186548,-0.707106781186548,0.));
#14130=DIRECTION('',(0.707106781186548,-0.707106781186548,0.));
#14131=DIRECTION('',(0.,0.,1.));
#14132=DIRECTION('',(0.,0.,1.));
#14133=DIRECTION('',(-0.707106781186548,0.707106781186548,0.));
#14134=DIRECTION('',(-0.707106781186548,0.707106781186548,0.));
#14135=DIRECTION('',(-0.707106781186548,-0.707106781186548,0.));
#14136=DIRECTION('',(0.707106781186548,-0.707106781186548,0.));
#14137=DIRECTION('',(0.,0.,-1.));
#14138=DIRECTION('',(0.707106781186548,-0.707106781186548,0.));
#14139=DIRECTION('',(0.,0.,-1.));
#14140=DIRECTION('',(0.707106781186548,-0.707106781186548,0.));
#14141=DIRECTION('',(0.707106781186548,0.707106781186548,0.));
#14142=DIRECTION('',(0.707106781186548,-0.707106781186548,0.));
#14143=DIRECTION('',(0.707106781186548,0.707106781186548,0.));
#14144=DIRECTION('',(0.707106781186548,0.707106781186548,0.));
#14145=DIRECTION('',(-0.707106781186548,0.707106781186548,0.));
#14146=DIRECTION('',(-0.707106781186548,-0.707106781186548,0.));
#14147=DIRECTION('',(0.,0.,-1.));
#14148=DIRECTION('',(0.707106781186548,0.707106781186548,0.));
#14149=DIRECTION('',(-0.707106781186548,-0.707106781186548,0.));
#14150=DIRECTION('',(0.,0.,-1.));
#14151=DIRECTION('',(0.707106781186548,0.707106781186548,0.));
#14152=DIRECTION('',(0.,0.,-1.));
#14153=DIRECTION('',(-1.,0.,0.));
#14154=DIRECTION('',(-0.707106781186582,0.707106781186513,0.));
#14155=DIRECTION('',(-0.707106781186582,0.707106781186513,0.));
#14156=DIRECTION('',(0.707106781186548,0.707106781186548,0.));
#14157=DIRECTION('',(0.707106781186548,0.707106781186548,0.));
#14158=DIRECTION('',(-0.707106781186548,0.707106781186548,0.));
#14159=DIRECTION('',(-0.707106781186548,-0.707106781186548,0.));
#14160=DIRECTION('',(0.,0.,-1.));
#14161=DIRECTION('',(-0.707106781186548,-0.707106781186548,0.));
#14162=DIRECTION('',(0.,0.,-1.));
#14163=DIRECTION('',(0.707106781186548,0.707106781186548,0.));
#14164=DIRECTION('',(0.707106781186548,-0.707106781186548,0.));
#14165=DIRECTION('',(0.707106781186548,0.707106781186548,0.));
#14166=DIRECTION('',(0.,0.,-1.));
#14167=DIRECTION('',(0.,0.,-1.));
#14168=DIRECTION('',(0.707106781186548,0.707106781186548,0.));
#14169=DIRECTION('',(0.,0.,-1.));
#14170=DIRECTION('',(-1.,0.,0.));
#14171=DIRECTION('',(-0.707106781186552,0.707106781186543,0.));
#14172=DIRECTION('',(-0.707106781186552,0.707106781186543,0.));
#14173=DIRECTION('',(0.,0.,1.));
#14174=DIRECTION('',(1.,0.,0.));
#14175=DIRECTION('',(0.707106781186552,-0.707106781186543,0.));
#14176=DIRECTION('',(0.707106781186552,-0.707106781186543,0.));
#14177=DIRECTION('',(0.707106781186548,0.707106781186548,0.));
#14178=DIRECTION('',(0.707106781186548,-0.707106781186548,0.));
#14179=DIRECTION('',(0.707106781186548,0.707106781186548,0.));
#14180=DIRECTION('',(0.,0.,-1.));
#14181=DIRECTION('',(0.,0.,-1.));
#14182=DIRECTION('',(0.707106781186548,0.707106781186548,0.));
#14183=DIRECTION('',(0.707106781186548,0.707106781186548,0.));
#14184=DIRECTION('',(-0.707106781186548,0.707106781186548,0.));
#14185=DIRECTION('',(-0.707106781186548,-0.707106781186548,0.));
#14186=DIRECTION('',(0.,0.,-1.));
#14187=DIRECTION('',(-0.707106781186548,-0.707106781186548,0.));
#14188=DIRECTION('',(0.,0.,-1.));
#14189=DIRECTION('',(0.707106781186548,0.707106781186548,0.));
#14190=DIRECTION('',(0.,0.,1.));
#14191=DIRECTION('',(1.,0.,0.));
#14192=DIRECTION('',(0.707106781186582,-0.707106781186513,0.));
#14193=DIRECTION('',(0.707106781186582,-0.707106781186513,0.));
#14194=DIRECTION('',(0.707106781186548,0.707106781186548,0.));
#14195=DIRECTION('',(0.707106781186548,0.707106781186548,0.));
#14196=DIRECTION('',(-0.707106781186548,0.707106781186548,0.));
#14197=DIRECTION('',(-0.707106781186548,-0.707106781186548,0.));
#14198=DIRECTION('',(0.,0.,-1.));
#14199=DIRECTION('',(-0.707106781186548,-0.707106781186548,0.));
#14200=DIRECTION('',(0.,0.,-1.));
#14201=DIRECTION('',(0.707106781186548,0.707106781186548,0.));
#14202=DIRECTION('',(-0.707106781186548,0.707106781186548,0.));
#14203=DIRECTION('',(-0.707106781186548,-0.707106781186548,0.));
#14204=DIRECTION('',(0.,0.,1.));
#14205=DIRECTION('',(0.,0.,1.));
#14206=DIRECTION('',(0.707106781186548,0.707106781186548,0.));
#14207=DIRECTION('',(0.,0.,1.));
#14208=DIRECTION('',(1.,0.,0.));
#14209=DIRECTION('',(0.707106781186544,-0.707106781186551,0.));
#14210=DIRECTION('',(0.707106781186544,-0.707106781186551,0.));
#14211=DIRECTION('',(0.707106781186548,0.707106781186548,0.));
#14212=DIRECTION('',(-0.707106781186548,0.707106781186548,0.));
#14213=DIRECTION('',(-0.707106781186548,-0.707106781186548,0.));
#14214=DIRECTION('',(0.,0.,1.));
#14215=DIRECTION('',(0.,0.,1.));
#14216=DIRECTION('',(0.707106781186548,0.707106781186548,0.));
#14217=DIRECTION('',(0.,0.,-1.));
#14218=DIRECTION('',(-1.,0.,0.));
#14219=DIRECTION('',(-0.707106781186544,0.707106781186551,0.));
#14220=DIRECTION('',(-0.707106781186544,0.707106781186551,0.));
#14221=DIRECTION('',(0.707106781186548,0.707106781186548,0.));
#14222=DIRECTION('',(-0.707106781186548,0.707106781186548,0.));
#14223=DIRECTION('',(-0.707106781186548,-0.707106781186548,0.));
#14224=DIRECTION('',(0.,0.,1.));
#14225=DIRECTION('',(0.,0.,1.));
#14226=DIRECTION('',(-0.707106781186548,-0.707106781186548,0.));
#14227=DIRECTION('',(0.707106781186548,-0.707106781186548,0.));
#14228=DIRECTION('',(-0.707106781186548,-0.707106781186548,0.));
#14229=DIRECTION('',(0.707106781186548,-0.707106781186548,0.));
#14230=DIRECTION('',(0.707106781186548,0.707106781186548,0.));
#14231=DIRECTION('',(-0.707106781186548,0.707106781186548,0.));
#14232=DIRECTION('',(-0.707106781186548,-0.707106781186548,0.));
#14233=DIRECTION('',(0.,0.,-1.));
#14234=DIRECTION('',(0.707106781186548,0.707106781186548,0.));
#14235=DIRECTION('',(-0.707106781186548,-0.707106781186548,0.));
#14236=DIRECTION('',(0.,0.,-1.));
#14237=DIRECTION('',(0.707106781186548,0.707106781186548,0.));
#14238=DIRECTION('',(0.,0.,-1.));
#14239=DIRECTION('',(-1.,0.,0.));
#14240=DIRECTION('',(-0.707106781186582,0.707106781186513,0.));
#14241=DIRECTION('',(-0.707106781186582,0.707106781186513,0.));
#14242=DIRECTION('',(0.707106781186548,0.707106781186548,0.));
#14243=DIRECTION('',(0.707106781186548,0.707106781186548,0.));
#14244=DIRECTION('',(-0.707106781186548,0.707106781186548,0.));
#14245=DIRECTION('',(-0.707106781186548,-0.707106781186548,0.));
#14246=DIRECTION('',(0.,0.,-1.));
#14247=DIRECTION('',(-0.707106781186548,-0.707106781186548,0.));
#14248=DIRECTION('',(0.,0.,-1.));
#14249=DIRECTION('',(0.707106781186548,0.707106781186548,0.));
#14250=DIRECTION('',(0.707106781186548,-0.707106781186548,0.));
#14251=DIRECTION('',(0.707106781186548,0.707106781186548,0.));
#14252=DIRECTION('',(0.,0.,-1.));
#14253=DIRECTION('',(0.,0.,-1.));
#14254=DIRECTION('',(0.707106781186548,0.707106781186548,0.));
#14255=DIRECTION('',(0.,0.,-1.));
#14256=DIRECTION('',(-1.,0.,0.));
#14257=DIRECTION('',(-0.707106781186552,0.707106781186543,0.));
#14258=DIRECTION('',(-0.707106781186552,0.707106781186543,0.));
#14259=DIRECTION('',(0.,0.,1.));
#14260=DIRECTION('',(1.,0.,0.));
#14261=DIRECTION('',(0.707106781186552,-0.707106781186543,0.));
#14262=DIRECTION('',(0.707106781186552,-0.707106781186543,0.));
#14263=DIRECTION('',(0.707106781186548,0.707106781186548,0.));
#14264=DIRECTION('',(0.707106781186548,-0.707106781186548,0.));
#14265=DIRECTION('',(0.707106781186548,0.707106781186548,0.));
#14266=DIRECTION('',(0.,0.,-1.));
#14267=DIRECTION('',(0.,0.,-1.));
#14268=DIRECTION('',(0.707106781186548,0.707106781186548,0.));
#14269=DIRECTION('',(0.707106781186548,0.707106781186548,0.));
#14270=DIRECTION('',(-0.707106781186548,0.707106781186548,0.));
#14271=DIRECTION('',(-0.707106781186548,-0.707106781186548,0.));
#14272=DIRECTION('',(0.,0.,-1.));
#14273=DIRECTION('',(-0.707106781186548,-0.707106781186548,0.));
#14274=DIRECTION('',(0.,0.,-1.));
#14275=DIRECTION('',(0.707106781186548,0.707106781186548,0.));
#14276=DIRECTION('',(0.,0.,1.));
#14277=DIRECTION('',(1.,0.,0.));
#14278=DIRECTION('',(0.707106781186582,-0.707106781186513,0.));
#14279=DIRECTION('',(0.707106781186582,-0.707106781186513,0.));
#14280=DIRECTION('',(0.707106781186548,0.707106781186548,0.));
#14281=DIRECTION('',(0.707106781186548,0.707106781186548,0.));
#14282=DIRECTION('',(-0.707106781186548,0.707106781186548,0.));
#14283=DIRECTION('',(-0.707106781186548,-0.707106781186548,0.));
#14284=DIRECTION('',(0.,0.,-1.));
#14285=DIRECTION('',(-0.707106781186548,-0.707106781186548,0.));
#14286=DIRECTION('',(0.,0.,-1.));
#14287=DIRECTION('',(0.707106781186548,0.707106781186548,0.));
#14288=DIRECTION('',(-0.707106781186548,0.707106781186548,0.));
#14289=DIRECTION('',(-0.707106781186548,-0.707106781186548,0.));
#14290=DIRECTION('',(0.,0.,1.));
#14291=DIRECTION('',(0.,0.,1.));
#14292=DIRECTION('',(0.707106781186548,0.707106781186548,0.));
#14293=DIRECTION('',(0.,0.,1.));
#14294=DIRECTION('',(1.,0.,0.));
#14295=DIRECTION('',(0.707106781186544,-0.707106781186551,0.));
#14296=DIRECTION('',(0.707106781186544,-0.707106781186551,0.));
#14297=DIRECTION('',(0.707106781186548,0.707106781186548,0.));
#14298=DIRECTION('',(-0.707106781186548,0.707106781186548,0.));
#14299=DIRECTION('',(-0.707106781186548,-0.707106781186548,0.));
#14300=DIRECTION('',(0.,0.,1.));
#14301=DIRECTION('',(0.,0.,1.));
#14302=DIRECTION('',(0.707106781186548,0.707106781186548,0.));
#14303=DIRECTION('',(0.,0.,-1.));
#14304=DIRECTION('',(-1.,0.,0.));
#14305=DIRECTION('',(-0.707106781186544,0.707106781186551,0.));
#14306=DIRECTION('',(-0.707106781186544,0.707106781186551,0.));
#14307=DIRECTION('',(0.707106781186548,0.707106781186548,0.));
#14308=DIRECTION('',(-0.707106781186548,0.707106781186548,0.));
#14309=DIRECTION('',(-0.707106781186548,-0.707106781186548,0.));
#14310=DIRECTION('',(0.,0.,1.));
#14311=DIRECTION('',(0.,0.,1.));
#14312=DIRECTION('',(-0.707106781186548,-0.707106781186548,0.));
#14313=DIRECTION('',(0.707106781186548,-0.707106781186548,0.));
#14314=DIRECTION('',(-0.707106781186548,-0.707106781186548,0.));
#14315=DIRECTION('',(0.707106781186548,-0.707106781186548,0.));
#14316=DIRECTION('',(0.707106781186548,0.707106781186548,0.));
#14317=DIRECTION('',(-0.707106781186548,0.707106781186548,0.));
#14318=DIRECTION('',(-0.707106781186548,-0.707106781186548,0.));
#14319=DIRECTION('',(0.,0.,-1.));
#14320=DIRECTION('',(0.707106781186548,0.707106781186548,0.));
#14321=DIRECTION('',(-0.707106781186548,-0.707106781186548,0.));
#14322=DIRECTION('',(0.,0.,-1.));
#14323=DIRECTION('',(0.707106781186548,0.707106781186548,0.));
#14324=DIRECTION('',(0.,0.,-1.));
#14325=DIRECTION('',(-1.,0.,0.));
#14326=DIRECTION('',(-0.707106781186582,0.707106781186513,0.));
#14327=DIRECTION('',(-0.707106781186582,0.707106781186513,0.));
#14328=DIRECTION('',(0.707106781186548,0.707106781186548,0.));
#14329=DIRECTION('',(0.707106781186548,0.707106781186548,0.));
#14330=DIRECTION('',(-0.707106781186548,0.707106781186548,0.));
#14331=DIRECTION('',(-0.707106781186548,-0.707106781186548,0.));
#14332=DIRECTION('',(0.,0.,-1.));
#14333=DIRECTION('',(-0.707106781186548,-0.707106781186548,0.));
#14334=DIRECTION('',(0.,0.,-1.));
#14335=DIRECTION('',(0.707106781186548,0.707106781186548,0.));
#14336=DIRECTION('',(0.707106781186548,-0.707106781186548,0.));
#14337=DIRECTION('',(0.707106781186548,0.707106781186548,0.));
#14338=DIRECTION('',(0.,0.,-1.));
#14339=DIRECTION('',(0.,0.,-1.));
#14340=DIRECTION('',(0.707106781186548,0.707106781186548,0.));
#14341=DIRECTION('',(0.,0.,-1.));
#14342=DIRECTION('',(-1.,0.,0.));
#14343=DIRECTION('',(-0.707106781186552,0.707106781186543,0.));
#14344=DIRECTION('',(-0.707106781186552,0.707106781186543,0.));
#14345=DIRECTION('',(0.,0.,1.));
#14346=DIRECTION('',(1.,0.,0.));
#14347=DIRECTION('',(0.707106781186552,-0.707106781186543,0.));
#14348=DIRECTION('',(0.707106781186552,-0.707106781186543,0.));
#14349=DIRECTION('',(0.707106781186548,0.707106781186548,0.));
#14350=DIRECTION('',(0.707106781186548,-0.707106781186548,0.));
#14351=DIRECTION('',(0.707106781186548,0.707106781186548,0.));
#14352=DIRECTION('',(0.,0.,-1.));
#14353=DIRECTION('',(0.,0.,-1.));
#14354=DIRECTION('',(0.707106781186548,0.707106781186548,0.));
#14355=DIRECTION('',(0.707106781186548,0.707106781186548,0.));
#14356=DIRECTION('',(-0.707106781186548,0.707106781186548,0.));
#14357=DIRECTION('',(-0.707106781186548,-0.707106781186548,0.));
#14358=DIRECTION('',(0.,0.,-1.));
#14359=DIRECTION('',(-0.707106781186548,-0.707106781186548,0.));
#14360=DIRECTION('',(0.,0.,-1.));
#14361=DIRECTION('',(0.707106781186548,0.707106781186548,0.));
#14362=DIRECTION('',(0.,0.,1.));
#14363=DIRECTION('',(1.,0.,0.));
#14364=DIRECTION('',(0.707106781186582,-0.707106781186513,0.));
#14365=DIRECTION('',(0.707106781186582,-0.707106781186513,0.));
#14366=DIRECTION('',(0.707106781186548,0.707106781186548,0.));
#14367=DIRECTION('',(0.707106781186548,0.707106781186548,0.));
#14368=DIRECTION('',(-0.707106781186548,0.707106781186548,0.));
#14369=DIRECTION('',(-0.707106781186548,-0.707106781186548,0.));
#14370=DIRECTION('',(0.,0.,-1.));
#14371=DIRECTION('',(-0.707106781186548,-0.707106781186548,0.));
#14372=DIRECTION('',(0.,0.,-1.));
#14373=DIRECTION('',(0.707106781186548,0.707106781186548,0.));
#14374=DIRECTION('',(-0.707106781186548,0.707106781186548,0.));
#14375=DIRECTION('',(-0.707106781186548,-0.707106781186548,0.));
#14376=DIRECTION('',(0.,0.,1.));
#14377=DIRECTION('',(0.,0.,1.));
#14378=DIRECTION('',(0.707106781186548,0.707106781186548,0.));
#14379=DIRECTION('',(0.,0.,1.));
#14380=DIRECTION('',(1.,0.,0.));
#14381=DIRECTION('',(0.707106781186544,-0.707106781186551,0.));
#14382=DIRECTION('',(0.707106781186544,-0.707106781186551,0.));
#14383=DIRECTION('',(0.707106781186548,0.707106781186548,0.));
#14384=DIRECTION('',(-0.707106781186548,0.707106781186548,0.));
#14385=DIRECTION('',(-0.707106781186548,-0.707106781186548,0.));
#14386=DIRECTION('',(0.,0.,1.));
#14387=DIRECTION('',(0.,0.,1.));
#14388=DIRECTION('',(0.707106781186548,0.707106781186548,0.));
#14389=DIRECTION('',(0.,0.,-1.));
#14390=DIRECTION('',(-1.,0.,0.));
#14391=DIRECTION('',(-0.707106781186544,0.707106781186551,0.));
#14392=DIRECTION('',(-0.707106781186544,0.707106781186551,0.));
#14393=DIRECTION('',(0.707106781186548,0.707106781186548,0.));
#14394=DIRECTION('',(-0.707106781186548,0.707106781186548,0.));
#14395=DIRECTION('',(-0.707106781186548,-0.707106781186548,0.));
#14396=DIRECTION('',(0.,0.,1.));
#14397=DIRECTION('',(0.,0.,1.));
#14398=DIRECTION('',(-0.707106781186548,-0.707106781186548,0.));
#14399=DIRECTION('',(0.707106781186548,-0.707106781186548,0.));
#14400=DIRECTION('',(-0.707106781186548,-0.707106781186548,0.));
#14401=DIRECTION('',(0.707106781186548,-0.707106781186548,0.));
#14402=DIRECTION('',(0.707106781186548,0.707106781186548,0.));
#14403=DIRECTION('',(-0.707106781186548,0.707106781186548,0.));
#14404=DIRECTION('',(-0.707106781186548,-0.707106781186548,0.));
#14405=DIRECTION('',(0.,0.,-1.));
#14406=DIRECTION('',(0.707106781186548,0.707106781186548,0.));
#14407=DIRECTION('',(-0.707106781186548,-0.707106781186548,0.));
#14408=DIRECTION('',(0.,0.,-1.));
#14409=DIRECTION('',(0.707106781186548,0.707106781186548,0.));
#14410=DIRECTION('',(0.,0.,-1.));
#14411=DIRECTION('',(-1.,0.,0.));
#14412=DIRECTION('',(-0.707106781186582,0.707106781186513,0.));
#14413=DIRECTION('',(-0.707106781186582,0.707106781186513,0.));
#14414=DIRECTION('',(0.707106781186548,0.707106781186548,0.));
#14415=DIRECTION('',(0.707106781186548,0.707106781186548,0.));
#14416=DIRECTION('',(-0.707106781186548,0.707106781186548,0.));
#14417=DIRECTION('',(-0.707106781186548,-0.707106781186548,0.));
#14418=DIRECTION('',(0.,0.,-1.));
#14419=DIRECTION('',(-0.707106781186548,-0.707106781186548,0.));
#14420=DIRECTION('',(0.,0.,-1.));
#14421=DIRECTION('',(0.707106781186548,0.707106781186548,0.));
#14422=DIRECTION('',(0.707106781186548,-0.707106781186548,0.));
#14423=DIRECTION('',(0.707106781186548,0.707106781186548,0.));
#14424=DIRECTION('',(0.,0.,-1.));
#14425=DIRECTION('',(0.,0.,-1.));
#14426=DIRECTION('',(0.707106781186548,0.707106781186548,0.));
#14427=DIRECTION('',(0.,0.,-1.));
#14428=DIRECTION('',(-1.,0.,0.));
#14429=DIRECTION('',(-0.707106781186552,0.707106781186543,0.));
#14430=DIRECTION('',(-0.707106781186552,0.707106781186543,0.));
#14431=DIRECTION('',(0.,0.,1.));
#14432=DIRECTION('',(1.,0.,0.));
#14433=DIRECTION('',(0.707106781186552,-0.707106781186543,0.));
#14434=DIRECTION('',(0.707106781186552,-0.707106781186543,0.));
#14435=DIRECTION('',(0.707106781186548,0.707106781186548,0.));
#14436=DIRECTION('',(0.707106781186548,-0.707106781186548,0.));
#14437=DIRECTION('',(0.707106781186548,0.707106781186548,0.));
#14438=DIRECTION('',(0.,0.,-1.));
#14439=DIRECTION('',(0.,0.,-1.));
#14440=DIRECTION('',(0.707106781186548,0.707106781186548,0.));
#14441=DIRECTION('',(0.707106781186548,0.707106781186548,0.));
#14442=DIRECTION('',(-0.707106781186548,0.707106781186548,0.));
#14443=DIRECTION('',(-0.707106781186548,-0.707106781186548,0.));
#14444=DIRECTION('',(0.,0.,-1.));
#14445=DIRECTION('',(-0.707106781186548,-0.707106781186548,0.));
#14446=DIRECTION('',(0.,0.,-1.));
#14447=DIRECTION('',(0.707106781186548,0.707106781186548,0.));
#14448=DIRECTION('',(0.,0.,1.));
#14449=DIRECTION('',(1.,0.,0.));
#14450=DIRECTION('',(0.707106781186582,-0.707106781186513,0.));
#14451=DIRECTION('',(0.707106781186582,-0.707106781186513,0.));
#14452=DIRECTION('',(0.707106781186548,0.707106781186548,0.));
#14453=DIRECTION('',(0.707106781186548,0.707106781186548,0.));
#14454=DIRECTION('',(-0.707106781186548,0.707106781186548,0.));
#14455=DIRECTION('',(-0.707106781186548,-0.707106781186548,0.));
#14456=DIRECTION('',(0.,0.,-1.));
#14457=DIRECTION('',(-0.707106781186548,-0.707106781186548,0.));
#14458=DIRECTION('',(0.,0.,-1.));
#14459=DIRECTION('',(0.707106781186548,0.707106781186548,0.));
#14460=DIRECTION('',(-0.707106781186548,0.707106781186548,0.));
#14461=DIRECTION('',(-0.707106781186548,-0.707106781186548,0.));
#14462=DIRECTION('',(0.,0.,1.));
#14463=DIRECTION('',(0.,0.,1.));
#14464=DIRECTION('',(0.707106781186548,0.707106781186548,0.));
#14465=DIRECTION('',(0.,0.,1.));
#14466=DIRECTION('',(1.,0.,0.));
#14467=DIRECTION('',(0.707106781186544,-0.707106781186551,0.));
#14468=DIRECTION('',(0.707106781186544,-0.707106781186551,0.));
#14469=DIRECTION('',(0.707106781186548,0.707106781186548,0.));
#14470=DIRECTION('',(-0.707106781186548,0.707106781186548,0.));
#14471=DIRECTION('',(-0.707106781186548,-0.707106781186548,0.));
#14472=DIRECTION('',(0.,0.,1.));
#14473=DIRECTION('',(0.,0.,1.));
#14474=DIRECTION('',(0.707106781186548,0.707106781186548,0.));
#14475=DIRECTION('',(0.,0.,-1.));
#14476=DIRECTION('',(-1.,0.,0.));
#14477=DIRECTION('',(-0.707106781186544,0.707106781186551,0.));
#14478=DIRECTION('',(-0.707106781186544,0.707106781186551,0.));
#14479=DIRECTION('',(0.707106781186548,0.707106781186548,0.));
#14480=DIRECTION('',(-0.707106781186548,0.707106781186548,0.));
#14481=DIRECTION('',(-0.707106781186548,-0.707106781186548,0.));
#14482=DIRECTION('',(0.,0.,1.));
#14483=DIRECTION('',(0.,0.,1.));
#14484=DIRECTION('',(-0.707106781186548,-0.707106781186548,0.));
#14485=DIRECTION('',(0.707106781186548,-0.707106781186548,0.));
#14486=DIRECTION('',(-0.707106781186548,-0.707106781186548,0.));
#14487=DIRECTION('',(0.707106781186548,-0.707106781186548,0.));
#14488=DIRECTION('',(0.707106781186548,0.707106781186548,0.));
#14489=DIRECTION('',(-0.707106781186548,0.707106781186548,0.));
#14490=DIRECTION('',(-0.707106781186548,-0.707106781186548,0.));
#14491=DIRECTION('',(0.,0.,-1.));
#14492=DIRECTION('',(0.707106781186548,0.707106781186548,0.));
#14493=DIRECTION('',(-0.707106781186548,-0.707106781186548,0.));
#14494=DIRECTION('',(0.,0.,-1.));
#14495=DIRECTION('',(0.707106781186548,0.707106781186548,0.));
#14496=DIRECTION('',(0.,0.,-1.));
#14497=DIRECTION('',(-1.,0.,0.));
#14498=DIRECTION('',(-0.707106781186582,0.707106781186513,0.));
#14499=DIRECTION('',(-0.707106781186582,0.707106781186513,0.));
#14500=DIRECTION('',(0.707106781186548,0.707106781186548,0.));
#14501=DIRECTION('',(0.707106781186548,0.707106781186548,0.));
#14502=DIRECTION('',(-0.707106781186548,0.707106781186548,0.));
#14503=DIRECTION('',(-0.707106781186548,-0.707106781186548,0.));
#14504=DIRECTION('',(0.,0.,-1.));
#14505=DIRECTION('',(-0.707106781186548,-0.707106781186548,0.));
#14506=DIRECTION('',(0.,0.,-1.));
#14507=DIRECTION('',(0.707106781186548,0.707106781186548,0.));
#14508=DIRECTION('',(0.707106781186548,-0.707106781186548,0.));
#14509=DIRECTION('',(0.707106781186548,0.707106781186548,0.));
#14510=DIRECTION('',(0.,0.,-1.));
#14511=DIRECTION('',(0.,0.,-1.));
#14512=DIRECTION('',(0.707106781186548,0.707106781186548,0.));
#14513=DIRECTION('',(0.,0.,-1.));
#14514=DIRECTION('',(-1.,0.,0.));
#14515=DIRECTION('',(-0.707106781186552,0.707106781186543,0.));
#14516=DIRECTION('',(-0.707106781186552,0.707106781186543,0.));
#14517=DIRECTION('',(0.,0.,1.));
#14518=DIRECTION('',(1.,0.,0.));
#14519=DIRECTION('',(0.707106781186552,-0.707106781186543,0.));
#14520=DIRECTION('',(0.707106781186552,-0.707106781186543,0.));
#14521=DIRECTION('',(0.707106781186548,0.707106781186548,0.));
#14522=DIRECTION('',(0.707106781186548,-0.707106781186548,0.));
#14523=DIRECTION('',(0.707106781186548,0.707106781186548,0.));
#14524=DIRECTION('',(0.,0.,-1.));
#14525=DIRECTION('',(0.,0.,-1.));
#14526=DIRECTION('',(0.707106781186548,0.707106781186548,0.));
#14527=DIRECTION('',(0.707106781186548,0.707106781186548,0.));
#14528=DIRECTION('',(-0.707106781186548,0.707106781186548,0.));
#14529=DIRECTION('',(-0.707106781186548,-0.707106781186548,0.));
#14530=DIRECTION('',(0.,0.,-1.));
#14531=DIRECTION('',(-0.707106781186548,-0.707106781186548,0.));
#14532=DIRECTION('',(0.,0.,-1.));
#14533=DIRECTION('',(0.707106781186548,0.707106781186548,0.));
#14534=DIRECTION('',(0.,0.,1.));
#14535=DIRECTION('',(1.,0.,0.));
#14536=DIRECTION('',(0.707106781186582,-0.707106781186513,0.));
#14537=DIRECTION('',(0.707106781186582,-0.707106781186513,0.));
#14538=DIRECTION('',(0.707106781186548,0.707106781186548,0.));
#14539=DIRECTION('',(0.707106781186548,0.707106781186548,0.));
#14540=DIRECTION('',(-0.707106781186548,0.707106781186548,0.));
#14541=DIRECTION('',(-0.707106781186548,-0.707106781186548,0.));
#14542=DIRECTION('',(0.,0.,-1.));
#14543=DIRECTION('',(-0.707106781186548,-0.707106781186548,0.));
#14544=DIRECTION('',(0.,0.,-1.));
#14545=DIRECTION('',(0.707106781186548,0.707106781186548,0.));
#14546=DIRECTION('',(-0.707106781186548,0.707106781186548,0.));
#14547=DIRECTION('',(-0.707106781186548,-0.707106781186548,0.));
#14548=DIRECTION('',(0.,0.,1.));
#14549=DIRECTION('',(0.,0.,1.));
#14550=DIRECTION('',(0.707106781186548,0.707106781186548,0.));
#14551=DIRECTION('',(0.,0.,1.));
#14552=DIRECTION('',(1.,0.,0.));
#14553=DIRECTION('',(0.707106781186544,-0.707106781186551,0.));
#14554=DIRECTION('',(0.707106781186544,-0.707106781186551,0.));
#14555=DIRECTION('',(0.707106781186548,0.707106781186548,0.));
#14556=DIRECTION('',(-0.707106781186548,0.707106781186548,0.));
#14557=DIRECTION('',(-0.707106781186548,-0.707106781186548,0.));
#14558=DIRECTION('',(0.,0.,1.));
#14559=DIRECTION('',(0.,0.,1.));
#14560=DIRECTION('',(0.707106781186548,0.707106781186548,0.));
#14561=DIRECTION('',(0.,0.,-1.));
#14562=DIRECTION('',(-1.,0.,0.));
#14563=DIRECTION('',(-0.707106781186544,0.707106781186551,0.));
#14564=DIRECTION('',(-0.707106781186544,0.707106781186551,0.));
#14565=DIRECTION('',(0.707106781186548,0.707106781186548,0.));
#14566=DIRECTION('',(-0.707106781186548,0.707106781186548,0.));
#14567=DIRECTION('',(-0.707106781186548,-0.707106781186548,0.));
#14568=DIRECTION('',(0.,0.,1.));
#14569=DIRECTION('',(0.,0.,1.));
#14570=DIRECTION('',(-0.707106781186548,-0.707106781186548,0.));
#14571=DIRECTION('',(0.707106781186548,-0.707106781186548,0.));
#14572=DIRECTION('',(-0.707106781186548,-0.707106781186548,0.));
#14573=DIRECTION('',(0.707106781186548,-0.707106781186548,0.));
#14574=CARTESIAN_POINT('',(0.,0.,0.));
#14575=CARTESIAN_POINT('',(-45.5,34.5,25.));
#14576=CARTESIAN_POINT('',(-46.1208870659958,33.3746421928826,25.));
#14577=CARTESIAN_POINT('',(-46.1208870659958,33.3746421928826,98.5));
#14578=CARTESIAN_POINT('',(-46.1208870659958,33.3746421928826,76.5));
#14579=CARTESIAN_POINT('',(-45.5,34.5,98.5));
#14580=CARTESIAN_POINT('',(-53.5,20.,98.5));
#14581=CARTESIAN_POINT('',(-53.5,20.,25.));
#14582=CARTESIAN_POINT('',(-53.5,20.,101.5));
#14583=CARTESIAN_POINT('',(-45.5,34.5,101.5));
#14584=CARTESIAN_POINT('',(-46.1208870659958,33.3746421928826,101.5));
#14585=CARTESIAN_POINT('',(-46.1208870659958,33.3746421928826,25.));
#14586=CARTESIAN_POINT('',(-46.1208870659958,33.3746421928826,123.5));
#14587=CARTESIAN_POINT('',(-45.5,34.5,123.5));
#14588=CARTESIAN_POINT('',(-53.5,20.,123.5));
#14589=CARTESIAN_POINT('',(-53.5,20.,25.));
#14590=CARTESIAN_POINT('',(-53.5,20.,125.));
#14591=CARTESIAN_POINT('',(-45.5,34.5,125.));
#14592=CARTESIAN_POINT('',(-45.5,34.5,125.));
#14593=CARTESIAN_POINT('',(-45.5,34.5,25.));
#14594=CARTESIAN_POINT('',(-45.5,34.5,122.5));
#14595=CARTESIAN_POINT('',(-45.5,34.5,122.5));
#14596=CARTESIAN_POINT('',(-45.5,34.5,102.5));
#14597=CARTESIAN_POINT('',(-45.5,34.5,25.));
#14598=CARTESIAN_POINT('',(-45.5,34.5,97.5));
#14599=CARTESIAN_POINT('',(-45.5,34.5,97.5));
#14600=CARTESIAN_POINT('',(-45.5,34.5,77.5));
#14601=CARTESIAN_POINT('',(-45.5,34.5,25.));
#14602=CARTESIAN_POINT('',(-45.5,34.5,72.5));
#14603=CARTESIAN_POINT('',(-45.5,34.5,72.5));
#14604=CARTESIAN_POINT('',(-45.5,34.5,52.5));
#14605=CARTESIAN_POINT('',(-45.5,34.5,25.));
#14606=CARTESIAN_POINT('',(-45.5,34.5,47.5));
#14607=CARTESIAN_POINT('',(-45.5,34.5,47.5));
#14608=CARTESIAN_POINT('',(-45.5,34.5,27.5));
#14609=CARTESIAN_POINT('',(-45.5,34.5,25.));
#14610=CARTESIAN_POINT('',(-45.5,34.5,22.5));
#14611=CARTESIAN_POINT('',(-45.5,34.5,22.5));
#14612=CARTESIAN_POINT('',(-45.5,34.5,2.5));
#14613=CARTESIAN_POINT('',(-45.5,34.5,25.));
#14614=CARTESIAN_POINT('',(-45.5,34.5,0.));
#14615=CARTESIAN_POINT('',(-45.5,34.5,0.));
#14616=CARTESIAN_POINT('',(-53.5,20.,0.));
#14617=CARTESIAN_POINT('',(-53.5,20.,25.));
#14618=CARTESIAN_POINT('',(-53.5,20.,1.5));
#14619=CARTESIAN_POINT('',(-45.5,34.5,1.5));
#14620=CARTESIAN_POINT('',(-46.1208870659958,33.3746421928826,1.5));
#14621=CARTESIAN_POINT('',(-46.1208870659958,33.3746421928826,25.));
#14622=CARTESIAN_POINT('',(-46.1208870659958,33.3746421928826,23.5));
#14623=CARTESIAN_POINT('',(-45.5,34.5,23.5));
#14624=CARTESIAN_POINT('',(-53.5,20.,23.5));
#14625=CARTESIAN_POINT('',(-53.5,20.,25.));
#14626=CARTESIAN_POINT('',(-53.5,20.,26.5));
#14627=CARTESIAN_POINT('',(-45.5,34.5,26.5));
#14628=CARTESIAN_POINT('',(-46.1208870659958,33.3746421928826,26.5));
#14629=CARTESIAN_POINT('',(-46.1208870659958,33.3746421928826,25.));
#14630=CARTESIAN_POINT('',(-46.1208870659958,33.3746421928826,48.5));
#14631=CARTESIAN_POINT('',(-45.5,34.5,48.5));
#14632=CARTESIAN_POINT('',(-53.5,20.,48.5));
#14633=CARTESIAN_POINT('',(-53.5,20.,25.));
#14634=CARTESIAN_POINT('',(-53.5,20.,51.5));
#14635=CARTESIAN_POINT('',(-45.5,34.5,51.5));
#14636=CARTESIAN_POINT('',(-46.1208870659958,33.3746421928826,51.5));
#14637=CARTESIAN_POINT('',(-46.1208870659958,33.3746421928826,25.));
#14638=CARTESIAN_POINT('',(-46.1208870659958,33.3746421928826,73.5));
#14639=CARTESIAN_POINT('',(-45.5,34.5,73.5));
#14640=CARTESIAN_POINT('',(-53.5,20.,73.5));
#14641=CARTESIAN_POINT('',(-53.5,20.,25.));
#14642=CARTESIAN_POINT('',(-53.5,20.,76.5));
#14643=CARTESIAN_POINT('',(-45.5,34.5,76.5));
#14644=CARTESIAN_POINT('',(-53.5,20.,25.));
#14645=CARTESIAN_POINT('',(-53.5,20.,98.5));
#14646=CARTESIAN_POINT('',(-53.5,8.14015449505503,98.5));
#14647=CARTESIAN_POINT('',(-53.5,8.14015449505503,98.5));
#14648=CARTESIAN_POINT('',(-53.5,8.14015449505503,76.5));
#14649=CARTESIAN_POINT('',(-53.5,20.,76.5));
#14650=CARTESIAN_POINT('',(-53.5,20.,73.5));
#14651=CARTESIAN_POINT('',(-53.5,8.14015449505503,73.5));
#14652=CARTESIAN_POINT('',(-53.5,8.14015449505503,73.5));
#14653=CARTESIAN_POINT('',(-53.5,8.14015449505503,51.5));
#14654=CARTESIAN_POINT('',(-53.5,20.,51.5));
#14655=CARTESIAN_POINT('',(-53.5,20.,48.5));
#14656=CARTESIAN_POINT('',(-53.5,8.14015449505503,48.5));
#14657=CARTESIAN_POINT('',(-53.5,8.14015449505503,48.5));
#14658=CARTESIAN_POINT('',(-53.5,8.14015449505503,26.5));
#14659=CARTESIAN_POINT('',(-53.5,20.,26.5));
#14660=CARTESIAN_POINT('',(-53.5,20.,23.5));
#14661=CARTESIAN_POINT('',(-53.5,8.14015449505503,23.5));
#14662=CARTESIAN_POINT('',(-53.5,8.14015449505503,23.5));
#14663=CARTESIAN_POINT('',(-53.5,8.14015449505503,1.5));
#14664=CARTESIAN_POINT('',(-53.5,20.,1.5));
#14665=CARTESIAN_POINT('',(-53.5,20.,0.));
#14666=CARTESIAN_POINT('',(-53.5,0.,0.));
#14667=CARTESIAN_POINT('',(-53.5,0.,25.));
#14668=CARTESIAN_POINT('',(-53.5,0.,125.));
#14669=CARTESIAN_POINT('',(-53.5,20.,125.));
#14670=CARTESIAN_POINT('',(-53.5,20.,123.5));
#14671=CARTESIAN_POINT('',(-53.5,8.14015449505503,123.5));
#14672=CARTESIAN_POINT('',(-53.5,8.14015449505503,123.5));
#14673=CARTESIAN_POINT('',(-53.5,8.14015449505503,101.5));
#14674=CARTESIAN_POINT('',(-53.5,20.,101.5));
#14675=CARTESIAN_POINT('',(-53.5,0.,25.));
#14676=CARTESIAN_POINT('',(-53.5,0.,0.));
#14677=CARTESIAN_POINT('',(-41.5,0.,0.));
#14678=CARTESIAN_POINT('',(-41.5,0.,25.));
#14679=CARTESIAN_POINT('',(-41.5,0.,125.));
#14680=CARTESIAN_POINT('',(-53.5,0.,125.));
#14681=CARTESIAN_POINT('',(-41.5,0.,25.));
#14682=CARTESIAN_POINT('',(-41.5,0.,0.));
#14683=CARTESIAN_POINT('',(-41.5,-3.15000000000001,0.));
#14684=CARTESIAN_POINT('',(-41.5,-3.15000000000001,25.));
#14685=CARTESIAN_POINT('',(-41.5,-3.15000000000001,125.));
#14686=CARTESIAN_POINT('',(-41.5,0.,125.));
#14687=CARTESIAN_POINT('',(-40.5,-3.15000000000003,25.));
#14688=CARTESIAN_POINT('',(-40.5,-3.15000000000003,0.));
#14689=CARTESIAN_POINT('',(-40.5887809374793,-4.14605117596454,0.));
#14690=CARTESIAN_POINT('',(-40.5887809374793,-4.14605117596454,25.));
#14691=CARTESIAN_POINT('',(-40.5887809374793,-4.14605117596454,125.));
#14692=CARTESIAN_POINT('',(-40.5,-3.15000000000003,125.));
#14693=CARTESIAN_POINT('',(-40.5887809374793,-4.14605117596454,25.));
#14694=CARTESIAN_POINT('',(-40.5887809374793,-4.14605117596454,0.));
#14695=CARTESIAN_POINT('',(-19.8775618749586,-5.99210235192904,0.));
#14696=CARTESIAN_POINT('',(-19.8775618749586,-5.99210235192904,25.));
#14697=CARTESIAN_POINT('',(-19.8775618749586,-5.99210235192904,125.));
#14698=CARTESIAN_POINT('',(-40.5887809374793,-4.14605117596454,125.));
#14699=CARTESIAN_POINT('',(-19.7,-4.,25.));
#14700=CARTESIAN_POINT('',(-19.7,-4.,0.));
#14701=CARTESIAN_POINT('',(-17.7531656633328,-4.45807866745109,0.));
#14702=CARTESIAN_POINT('',(-17.7531656633328,-4.45807866745109,25.));
#14703=CARTESIAN_POINT('',(-17.7531656633328,-4.45807866745109,125.));
#14704=CARTESIAN_POINT('',(-19.7,-4.,125.));
#14705=CARTESIAN_POINT('',(-17.7531656633328,-4.45807866745108,25.));
#14706=CARTESIAN_POINT('',(-17.7531656633328,-4.45807866745108,0.));
#14707=CARTESIAN_POINT('',(-17.5531656633329,-3.6080786674511,0.));
#14708=CARTESIAN_POINT('',(-17.5531656633329,-3.6080786674511,25.));
#14709=CARTESIAN_POINT('',(-17.5531656633329,-3.6080786674511,125.));
#14710=CARTESIAN_POINT('',(-17.7531656633328,-4.45807866745108,125.));
#14711=CARTESIAN_POINT('',(-19.5000000000003,-3.14999999999994,25.));
#14712=CARTESIAN_POINT('',(-19.5000000000003,-3.14999999999994,0.));
#14713=CARTESIAN_POINT('',(-17.5,-3.15000000000001,0.));
#14714=CARTESIAN_POINT('',(-17.5,-3.15000000000001,25.));
#14715=CARTESIAN_POINT('',(-17.5,-3.15000000000001,125.));
#14716=CARTESIAN_POINT('',(-19.5000000000003,-3.14999999999994,125.));
#14717=CARTESIAN_POINT('',(-17.5,-3.15000000000001,25.));
#14718=CARTESIAN_POINT('',(-17.5,-3.15000000000001,0.));
#14719=CARTESIAN_POINT('',(-17.5,0.,0.));
#14720=CARTESIAN_POINT('',(-17.5,0.,25.));
#14721=CARTESIAN_POINT('',(-17.5,0.,125.));
#14722=CARTESIAN_POINT('',(-17.5,-3.15000000000001,125.));
#14723=CARTESIAN_POINT('',(-17.5,0.,25.));
#14724=CARTESIAN_POINT('',(-17.5,0.,0.));
#14725=CARTESIAN_POINT('',(17.5,0.,0.));
#14726=CARTESIAN_POINT('',(17.5,0.,25.));
#14727=CARTESIAN_POINT('',(17.5,0.,125.));
#14728=CARTESIAN_POINT('',(-17.5,0.,125.));
#14729=CARTESIAN_POINT('',(17.5,0.,25.));
#14730=CARTESIAN_POINT('',(17.5,0.,0.));
#14731=CARTESIAN_POINT('',(17.5,-3.15,0.));
#14732=CARTESIAN_POINT('',(17.5,-3.15,25.));
#14733=CARTESIAN_POINT('',(17.5,-3.15,125.));
#14734=CARTESIAN_POINT('',(17.5,0.,125.));
#14735=CARTESIAN_POINT('',(19.4999999999999,-3.15000000000001,25.));
#14736=CARTESIAN_POINT('',(19.4999999999999,-3.15000000000001,0.));
#14737=CARTESIAN_POINT('',(17.5531656633328,-3.60807866745109,0.));
#14738=CARTESIAN_POINT('',(17.5531656633328,-3.60807866745109,25.));
#14739=CARTESIAN_POINT('',(17.5531656633328,-3.60807866745109,125.));
#14740=CARTESIAN_POINT('',(19.4999999999999,-3.15000000000001,125.));
#14741=CARTESIAN_POINT('',(17.5531656633328,-3.60807866745109,25.));
#14742=CARTESIAN_POINT('',(17.5531656633328,-3.60807866745109,0.));
#14743=CARTESIAN_POINT('',(17.7531656633328,-4.45807866745109,0.));
#14744=CARTESIAN_POINT('',(17.7531656633328,-4.45807866745109,25.));
#14745=CARTESIAN_POINT('',(17.7531656633328,-4.45807866745109,125.));
#14746=CARTESIAN_POINT('',(17.5531656633328,-3.60807866745109,125.));
#14747=CARTESIAN_POINT('',(19.7,-4.,25.));
#14748=CARTESIAN_POINT('',(19.7,-4.,0.));
#14749=CARTESIAN_POINT('',(19.8775618749586,-5.99210235192903,0.));
#14750=CARTESIAN_POINT('',(19.8775618749586,-5.99210235192903,25.));
#14751=CARTESIAN_POINT('',(19.8775618749586,-5.99210235192903,125.));
#14752=CARTESIAN_POINT('',(19.7,-4.,125.));
#14753=CARTESIAN_POINT('',(19.8775618749586,-5.99210235192903,25.));
#14754=CARTESIAN_POINT('',(19.8775618749586,-5.99210235192903,0.));
#14755=CARTESIAN_POINT('',(40.5887809374793,-4.14605117596452,0.));
#14756=CARTESIAN_POINT('',(40.5887809374793,-4.14605117596452,25.));
#14757=CARTESIAN_POINT('',(40.5887809374793,-4.14605117596452,125.));
#14758=CARTESIAN_POINT('',(19.8775618749586,-5.99210235192903,125.));
#14759=CARTESIAN_POINT('',(40.5,-3.15000000000001,25.));
#14760=CARTESIAN_POINT('',(40.5,-3.15000000000001,0.));
#14761=CARTESIAN_POINT('',(41.5,-3.15,0.));
#14762=CARTESIAN_POINT('',(41.5,-3.15,25.));
#14763=CARTESIAN_POINT('',(41.5,-3.15,125.));
#14764=CARTESIAN_POINT('',(40.5,-3.15000000000001,125.));
#14765=CARTESIAN_POINT('',(41.5,-3.15,25.));
#14766=CARTESIAN_POINT('',(41.5,-3.15,0.));
#14767=CARTESIAN_POINT('',(41.5,0.,0.));
#14768=CARTESIAN_POINT('',(41.5,0.,25.));
#14769=CARTESIAN_POINT('',(41.5,0.,125.));
#14770=CARTESIAN_POINT('',(41.5,-3.15,125.));
#14771=CARTESIAN_POINT('',(41.5,0.,25.));
#14772=CARTESIAN_POINT('',(41.5,0.,0.));
#14773=CARTESIAN_POINT('',(53.5,0.,0.));
#14774=CARTESIAN_POINT('',(53.5,0.,25.));
#14775=CARTESIAN_POINT('',(53.5,0.,125.));
#14776=CARTESIAN_POINT('',(41.5,0.,125.));
#14777=CARTESIAN_POINT('',(53.5,0.,25.));
#14778=CARTESIAN_POINT('',(53.5,8.14015449505501,98.5));
#14779=CARTESIAN_POINT('',(53.5,8.14015449505501,98.5));
#14780=CARTESIAN_POINT('',(53.5,8.14015449505501,76.5));
#14781=CARTESIAN_POINT('',(53.5,8.14015449505501,98.5));
#14782=CARTESIAN_POINT('',(53.5,20.,98.5));
#14783=CARTESIAN_POINT('',(53.5,20.,25.));
#14784=CARTESIAN_POINT('',(53.5,20.,101.5));
#14785=CARTESIAN_POINT('',(53.5,8.14015449505501,101.5));
#14786=CARTESIAN_POINT('',(53.5,8.14015449505501,101.5));
#14787=CARTESIAN_POINT('',(53.5,8.14015449505501,123.5));
#14788=CARTESIAN_POINT('',(53.5,8.14015449505501,123.5));
#14789=CARTESIAN_POINT('',(53.5,8.14015449505501,123.5));
#14790=CARTESIAN_POINT('',(53.5,20.,123.5));
#14791=CARTESIAN_POINT('',(53.5,20.,25.));
#14792=CARTESIAN_POINT('',(53.5,20.,125.));
#14793=CARTESIAN_POINT('',(53.5,0.,125.));
#14794=CARTESIAN_POINT('',(53.5,0.,0.));
#14795=CARTESIAN_POINT('',(53.5,20.,0.));
#14796=CARTESIAN_POINT('',(53.5,20.,25.));
#14797=CARTESIAN_POINT('',(53.5,20.,1.5));
#14798=CARTESIAN_POINT('',(53.5,8.14015449505501,1.5));
#14799=CARTESIAN_POINT('',(53.5,8.14015449505501,1.5));
#14800=CARTESIAN_POINT('',(53.5,8.14015449505501,23.5));
#14801=CARTESIAN_POINT('',(53.5,8.14015449505501,23.5));
#14802=CARTESIAN_POINT('',(53.5,8.14015449505501,23.5));
#14803=CARTESIAN_POINT('',(53.5,20.,23.5));
#14804=CARTESIAN_POINT('',(53.5,20.,25.));
#14805=CARTESIAN_POINT('',(53.5,20.,26.5));
#14806=CARTESIAN_POINT('',(53.5,8.14015449505501,26.5));
#14807=CARTESIAN_POINT('',(53.5,8.14015449505501,26.5));
#14808=CARTESIAN_POINT('',(53.5,8.14015449505501,48.5));
#14809=CARTESIAN_POINT('',(53.5,8.14015449505501,48.5));
#14810=CARTESIAN_POINT('',(53.5,8.14015449505501,48.5));
#14811=CARTESIAN_POINT('',(53.5,20.,48.5));
#14812=CARTESIAN_POINT('',(53.5,20.,25.));
#14813=CARTESIAN_POINT('',(53.5,20.,51.5));
#14814=CARTESIAN_POINT('',(53.5,8.14015449505501,51.5));
#14815=CARTESIAN_POINT('',(53.5,8.14015449505501,51.5));
#14816=CARTESIAN_POINT('',(53.5,8.14015449505501,73.5));
#14817=CARTESIAN_POINT('',(53.5,8.14015449505501,73.5));
#14818=CARTESIAN_POINT('',(53.5,8.14015449505501,73.5));
#14819=CARTESIAN_POINT('',(53.5,20.,73.5));
#14820=CARTESIAN_POINT('',(53.5,20.,25.));
#14821=CARTESIAN_POINT('',(53.5,20.,76.5));
#14822=CARTESIAN_POINT('',(53.5,8.14015449505501,76.5));
#14823=CARTESIAN_POINT('',(53.5,20.,25.));
#14824=CARTESIAN_POINT('',(53.5,20.,98.5));
#14825=CARTESIAN_POINT('',(45.8911572989041,33.7910273957363,98.5));
#14826=CARTESIAN_POINT('',(45.8911572989041,33.7910273957363,25.));
#14827=CARTESIAN_POINT('',(45.8911572989041,33.7910273957363,76.5));
#14828=CARTESIAN_POINT('',(53.5,20.,76.5));
#14829=CARTESIAN_POINT('',(53.5,20.,73.5));
#14830=CARTESIAN_POINT('',(45.8911572989041,33.7910273957363,73.5));
#14831=CARTESIAN_POINT('',(45.8911572989041,33.7910273957363,25.));
#14832=CARTESIAN_POINT('',(45.8911572989041,33.7910273957363,51.5));
#14833=CARTESIAN_POINT('',(53.5,20.,51.5));
#14834=CARTESIAN_POINT('',(53.5,20.,48.5));
#14835=CARTESIAN_POINT('',(45.8911572989041,33.7910273957363,48.5));
#14836=CARTESIAN_POINT('',(45.8911572989041,33.7910273957363,25.));
#14837=CARTESIAN_POINT('',(45.8911572989041,33.7910273957363,26.5));
#14838=CARTESIAN_POINT('',(53.5,20.,26.5));
#14839=CARTESIAN_POINT('',(53.5,20.,23.5));
#14840=CARTESIAN_POINT('',(45.8911572989041,33.7910273957363,23.5));
#14841=CARTESIAN_POINT('',(45.8911572989041,33.7910273957363,25.));
#14842=CARTESIAN_POINT('',(45.8911572989041,33.7910273957363,1.5));
#14843=CARTESIAN_POINT('',(53.5,20.,1.5));
#14844=CARTESIAN_POINT('',(53.5,20.,0.));
#14845=CARTESIAN_POINT('',(45.5,34.5,0.));
#14846=CARTESIAN_POINT('',(45.5,34.5,25.));
#14847=CARTESIAN_POINT('',(45.5,34.5,2.5));
#14848=CARTESIAN_POINT('',(45.5,34.5,22.5));
#14849=CARTESIAN_POINT('',(45.5,34.5,22.5));
#14850=CARTESIAN_POINT('',(45.5,34.5,25.));
#14851=CARTESIAN_POINT('',(45.5,34.5,27.5));
#14852=CARTESIAN_POINT('',(45.5,34.5,47.5));
#14853=CARTESIAN_POINT('',(45.5,34.5,47.5));
#14854=CARTESIAN_POINT('',(45.5,34.5,25.));
#14855=CARTESIAN_POINT('',(45.5,34.5,52.5));
#14856=CARTESIAN_POINT('',(45.5,34.5,72.5));
#14857=CARTESIAN_POINT('',(45.5,34.5,72.5));
#14858=CARTESIAN_POINT('',(45.5,34.5,25.));
#14859=CARTESIAN_POINT('',(45.5,34.5,77.5));
#14860=CARTESIAN_POINT('',(45.5,34.5,97.5));
#14861=CARTESIAN_POINT('',(45.5,34.5,97.5));
#14862=CARTESIAN_POINT('',(45.5,34.5,25.));
#14863=CARTESIAN_POINT('',(45.5,34.5,102.5));
#14864=CARTESIAN_POINT('',(45.5,34.5,122.5));
#14865=CARTESIAN_POINT('',(45.5,34.5,122.5));
#14866=CARTESIAN_POINT('',(45.5,34.5,25.));
#14867=CARTESIAN_POINT('',(45.5,34.5,125.));
#14868=CARTESIAN_POINT('',(53.5,20.,125.));
#14869=CARTESIAN_POINT('',(53.5,20.,123.5));
#14870=CARTESIAN_POINT('',(45.8911572989041,33.7910273957363,123.5));
#14871=CARTESIAN_POINT('',(45.8911572989041,33.7910273957363,25.));
#14872=CARTESIAN_POINT('',(45.8911572989041,33.7910273957363,101.5));
#14873=CARTESIAN_POINT('',(53.5,20.,101.5));
#14874=CARTESIAN_POINT('',(45.5,34.5,25.));
#14875=CARTESIAN_POINT('',(45.5,34.5,97.5));
#14876=CARTESIAN_POINT('',(45.5,44.5,97.5));
#14877=CARTESIAN_POINT('',(45.5,44.5,97.5));
#14878=CARTESIAN_POINT('',(45.5,44.5,77.5));
#14879=CARTESIAN_POINT('',(45.5,34.5,77.5));
#14880=CARTESIAN_POINT('',(45.5,34.5,72.5));
#14881=CARTESIAN_POINT('',(45.5,44.5,72.5));
#14882=CARTESIAN_POINT('',(45.5,44.5,72.5));
#14883=CARTESIAN_POINT('',(45.5,44.5,52.5));
#14884=CARTESIAN_POINT('',(45.5,34.5,52.5));
#14885=CARTESIAN_POINT('',(45.5,34.5,47.5));
#14886=CARTESIAN_POINT('',(45.5,44.5,47.5));
#14887=CARTESIAN_POINT('',(45.5,44.5,47.5));
#14888=CARTESIAN_POINT('',(45.5,44.5,27.5));
#14889=CARTESIAN_POINT('',(45.5,34.5,27.5));
#14890=CARTESIAN_POINT('',(45.5,34.5,22.5));
#14891=CARTESIAN_POINT('',(45.5,44.5,22.5));
#14892=CARTESIAN_POINT('',(45.5,44.5,22.5));
#14893=CARTESIAN_POINT('',(45.5,44.5,2.5));
#14894=CARTESIAN_POINT('',(45.5,34.5,2.5));
#14895=CARTESIAN_POINT('',(45.5,34.5,0.));
#14896=CARTESIAN_POINT('',(45.5,96.7,0.));
#14897=CARTESIAN_POINT('',(45.5,96.7,25.));
#14898=CARTESIAN_POINT('',(45.5,96.7,125.));
#14899=CARTESIAN_POINT('',(45.5,34.5,125.));
#14900=CARTESIAN_POINT('',(45.5,34.5,122.5));
#14901=CARTESIAN_POINT('',(45.5,44.5,122.5));
#14902=CARTESIAN_POINT('',(45.5,44.5,122.5));
#14903=CARTESIAN_POINT('',(45.5,44.5,102.5));
#14904=CARTESIAN_POINT('',(45.5,34.5,102.5));
#14905=CARTESIAN_POINT('',(45.5,96.7,25.));
#14906=CARTESIAN_POINT('',(45.1181623381593,97.0818376618407,82.95));
#14907=CARTESIAN_POINT('',(45.1181623381593,97.0818376618407,82.95));
#14908=CARTESIAN_POINT('',(41.5826284322265,100.617371567773,82.95));
#14909=CARTESIAN_POINT('',(45.1181623381593,97.0818376618407,82.95));
#14910=CARTESIAN_POINT('',(45.1181623381593,97.0818376618407,92.05));
#14911=CARTESIAN_POINT('',(45.1181623381593,97.0818376618407,92.05));
#14912=CARTESIAN_POINT('',(41.5826284322265,100.617371567773,92.05));
#14913=CARTESIAN_POINT('',(41.5826284322265,100.617371567773,82.95));
#14914=CARTESIAN_POINT('',(45.1181623381593,97.0818376618407,107.95));
#14915=CARTESIAN_POINT('',(45.1181623381593,97.0818376618407,107.95));
#14916=CARTESIAN_POINT('',(41.5826284322265,100.617371567773,107.95));
#14917=CARTESIAN_POINT('',(45.1181623381593,97.0818376618407,107.95));
#14918=CARTESIAN_POINT('',(45.1181623381593,97.0818376618407,117.05));
#14919=CARTESIAN_POINT('',(45.1181623381593,97.0818376618407,117.05));
#14920=CARTESIAN_POINT('',(41.5826284322265,100.617371567773,117.05));
#14921=CARTESIAN_POINT('',(41.5826284322265,100.617371567773,107.95));
#14922=CARTESIAN_POINT('',(45.1181623381593,97.0818376618407,57.95));
#14923=CARTESIAN_POINT('',(45.1181623381593,97.0818376618407,57.95));
#14924=CARTESIAN_POINT('',(41.5826284322265,100.617371567773,57.95));
#14925=CARTESIAN_POINT('',(45.1181623381593,97.0818376618407,57.95));
#14926=CARTESIAN_POINT('',(45.1181623381593,97.0818376618407,67.05));
#14927=CARTESIAN_POINT('',(45.1181623381593,97.0818376618407,67.05));
#14928=CARTESIAN_POINT('',(41.5826284322265,100.617371567773,67.05));
#14929=CARTESIAN_POINT('',(41.5826284322265,100.617371567773,57.95));
#14930=CARTESIAN_POINT('',(45.1181623381593,97.0818376618407,32.95));
#14931=CARTESIAN_POINT('',(45.1181623381593,97.0818376618407,32.95));
#14932=CARTESIAN_POINT('',(41.5826284322265,100.617371567773,32.95));
#14933=CARTESIAN_POINT('',(45.1181623381593,97.0818376618407,32.95));
#14934=CARTESIAN_POINT('',(45.1181623381593,97.0818376618407,42.05));
#14935=CARTESIAN_POINT('',(45.1181623381593,97.0818376618407,42.05));
#14936=CARTESIAN_POINT('',(41.5826284322265,100.617371567773,42.05));
#14937=CARTESIAN_POINT('',(41.5826284322265,100.617371567773,32.95));
#14938=CARTESIAN_POINT('',(45.1181623381593,97.0818376618407,7.95));
#14939=CARTESIAN_POINT('',(45.1181623381593,97.0818376618407,7.95));
#14940=CARTESIAN_POINT('',(41.5826284322265,100.617371567773,7.95));
#14941=CARTESIAN_POINT('',(45.1181623381593,97.0818376618407,7.95));
#14942=CARTESIAN_POINT('',(45.1181623381593,97.0818376618407,17.05));
#14943=CARTESIAN_POINT('',(45.1181623381593,97.0818376618407,17.05));
#14944=CARTESIAN_POINT('',(41.5826284322265,100.617371567773,17.05));
#14945=CARTESIAN_POINT('',(41.5826284322265,100.617371567773,7.95));
#14946=CARTESIAN_POINT('',(45.5,96.7,0.));
#14947=CARTESIAN_POINT('',(41.2,101.,0.));
#14948=CARTESIAN_POINT('',(41.2,101.,25.));
#14949=CARTESIAN_POINT('',(41.2,101.,125.));
#14950=CARTESIAN_POINT('',(45.5,96.7,125.));
#14951=CARTESIAN_POINT('',(41.2,101.,25.));
#14952=CARTESIAN_POINT('',(6.92820323027551,101.,98.8));
#14953=CARTESIAN_POINT('',(6.92820323027551,101.,98.8));
#14954=CARTESIAN_POINT('',(6.92820323027551,101.,76.2));
#14955=CARTESIAN_POINT('',(6.92820323027551,101.,98.8));
#14956=CARTESIAN_POINT('',(-6.92820323027551,101.,98.8));
#14957=CARTESIAN_POINT('',(-6.92820323027551,101.,98.8));
#14958=CARTESIAN_POINT('',(-6.92820323027551,101.,76.2));
#14959=CARTESIAN_POINT('',(6.92820323027551,101.,76.2));
#14960=CARTESIAN_POINT('',(6.92820323027551,101.,123.8));
#14961=CARTESIAN_POINT('',(6.92820323027551,101.,123.8));
#14962=CARTESIAN_POINT('',(6.92820323027551,101.,101.2));
#14963=CARTESIAN_POINT('',(6.92820323027551,101.,123.8));
#14964=CARTESIAN_POINT('',(-6.92820323027551,101.,123.8));
#14965=CARTESIAN_POINT('',(-6.92820323027551,101.,123.8));
#14966=CARTESIAN_POINT('',(-6.92820323027551,101.,101.2));
#14967=CARTESIAN_POINT('',(6.92820323027551,101.,101.2));
#14968=CARTESIAN_POINT('',(6.92820323027551,101.,73.8));
#14969=CARTESIAN_POINT('',(6.92820323027551,101.,73.8));
#14970=CARTESIAN_POINT('',(6.92820323027551,101.,51.2));
#14971=CARTESIAN_POINT('',(6.92820323027551,101.,73.8));
#14972=CARTESIAN_POINT('',(-6.92820323027551,101.,73.8));
#14973=CARTESIAN_POINT('',(-6.92820323027551,101.,73.8));
#14974=CARTESIAN_POINT('',(-6.92820323027551,101.,51.2));
#14975=CARTESIAN_POINT('',(6.92820323027551,101.,51.2));
#14976=CARTESIAN_POINT('',(6.92820323027551,101.,48.8));
#14977=CARTESIAN_POINT('',(6.92820323027551,101.,48.8));
#14978=CARTESIAN_POINT('',(6.92820323027551,101.,26.2));
#14979=CARTESIAN_POINT('',(6.92820323027551,101.,48.8));
#14980=CARTESIAN_POINT('',(-6.92820323027551,101.,48.8));
#14981=CARTESIAN_POINT('',(-6.92820323027551,101.,48.8));
#14982=CARTESIAN_POINT('',(-6.92820323027551,101.,26.2));
#14983=CARTESIAN_POINT('',(6.92820323027551,101.,26.2));
#14984=CARTESIAN_POINT('',(6.92820323027551,101.,23.8));
#14985=CARTESIAN_POINT('',(6.92820323027551,101.,23.8));
#14986=CARTESIAN_POINT('',(6.92820323027551,101.,1.2));
#14987=CARTESIAN_POINT('',(6.92820323027551,101.,23.8));
#14988=CARTESIAN_POINT('',(-6.92820323027551,101.,23.8));
#14989=CARTESIAN_POINT('',(-6.92820323027551,101.,23.8));
#14990=CARTESIAN_POINT('',(-6.92820323027551,101.,1.2));
#14991=CARTESIAN_POINT('',(6.92820323027551,101.,1.2));
#14992=CARTESIAN_POINT('',(-21.3,101.,87.5));
#14993=CARTESIAN_POINT('',(-21.3,101.,93.0773502691896));
#14994=CARTESIAN_POINT('',(-21.3,101.,112.5));
#14995=CARTESIAN_POINT('',(-21.3,101.,118.07735026919));
#14996=CARTESIAN_POINT('',(-21.3,101.,62.5));
#14997=CARTESIAN_POINT('',(-21.3,101.,68.0773502691896));
#14998=CARTESIAN_POINT('',(-21.3,101.,37.5));
#14999=CARTESIAN_POINT('',(-21.3,101.,43.0773502691896));
#15000=CARTESIAN_POINT('',(-21.3,101.,12.5));
#15001=CARTESIAN_POINT('',(-21.3,101.,18.0773502691896));
#15002=CARTESIAN_POINT('',(21.3,101.,87.5));
#15003=CARTESIAN_POINT('',(21.3,101.,81.9226497308104));
#15004=CARTESIAN_POINT('',(21.3,101.,112.5));
#15005=CARTESIAN_POINT('',(21.3,101.,106.92264973081));
#15006=CARTESIAN_POINT('',(21.3,101.,62.5));
#15007=CARTESIAN_POINT('',(21.3,101.,56.9226497308104));
#15008=CARTESIAN_POINT('',(21.3,101.,37.5));
#15009=CARTESIAN_POINT('',(21.3,101.,31.9226497308104));
#15010=CARTESIAN_POINT('',(21.3,101.,12.5));
#15011=CARTESIAN_POINT('',(21.3,101.,6.92264973081037));
#15012=CARTESIAN_POINT('',(41.2,101.,0.));
#15013=CARTESIAN_POINT('',(-41.2,101.,0.));
#15014=CARTESIAN_POINT('',(-41.2,101.,25.));
#15015=CARTESIAN_POINT('',(-41.2,101.,125.));
#15016=CARTESIAN_POINT('',(41.2,101.,125.));
#15017=CARTESIAN_POINT('',(-41.2,101.,25.));
#15018=CARTESIAN_POINT('',(-45.1181623381593,97.0818376618407,92.05));
#15019=CARTESIAN_POINT('',(-45.1181623381593,97.0818376618407,92.05));
#15020=CARTESIAN_POINT('',(-41.5826284322265,100.617371567773,92.05));
#15021=CARTESIAN_POINT('',(-45.1181623381593,97.0818376618407,92.05));
#15022=CARTESIAN_POINT('',(-45.1181623381593,97.0818376618407,82.95));
#15023=CARTESIAN_POINT('',(-45.1181623381593,97.0818376618407,82.95));
#15024=CARTESIAN_POINT('',(-41.5826284322265,100.617371567773,82.95));
#15025=CARTESIAN_POINT('',(-41.5826284322265,100.617371567773,92.05));
#15026=CARTESIAN_POINT('',(-45.1181623381593,97.0818376618407,117.05));
#15027=CARTESIAN_POINT('',(-45.1181623381593,97.0818376618407,117.05));
#15028=CARTESIAN_POINT('',(-41.5826284322265,100.617371567773,117.05));
#15029=CARTESIAN_POINT('',(-45.1181623381593,97.0818376618407,117.05));
#15030=CARTESIAN_POINT('',(-45.1181623381593,97.0818376618407,107.95));
#15031=CARTESIAN_POINT('',(-45.1181623381593,97.0818376618407,107.95));
#15032=CARTESIAN_POINT('',(-41.5826284322265,100.617371567773,107.95));
#15033=CARTESIAN_POINT('',(-41.5826284322265,100.617371567773,117.05));
#15034=CARTESIAN_POINT('',(-45.1181623381593,97.0818376618407,67.05));
#15035=CARTESIAN_POINT('',(-45.1181623381593,97.0818376618407,67.05));
#15036=CARTESIAN_POINT('',(-41.5826284322265,100.617371567773,67.05));
#15037=CARTESIAN_POINT('',(-45.1181623381593,97.0818376618407,67.05));
#15038=CARTESIAN_POINT('',(-45.1181623381593,97.0818376618407,57.95));
#15039=CARTESIAN_POINT('',(-45.1181623381593,97.0818376618407,57.95));
#15040=CARTESIAN_POINT('',(-41.5826284322265,100.617371567773,57.95));
#15041=CARTESIAN_POINT('',(-41.5826284322265,100.617371567773,67.05));
#15042=CARTESIAN_POINT('',(-45.1181623381593,97.0818376618407,42.05));
#15043=CARTESIAN_POINT('',(-45.1181623381593,97.0818376618407,42.05));
#15044=CARTESIAN_POINT('',(-41.5826284322265,100.617371567773,42.05));
#15045=CARTESIAN_POINT('',(-45.1181623381593,97.0818376618407,42.05));
#15046=CARTESIAN_POINT('',(-45.1181623381593,97.0818376618407,32.95));
#15047=CARTESIAN_POINT('',(-45.1181623381593,97.0818376618407,32.95));
#15048=CARTESIAN_POINT('',(-41.5826284322265,100.617371567773,32.95));
#15049=CARTESIAN_POINT('',(-41.5826284322265,100.617371567773,42.05));
#15050=CARTESIAN_POINT('',(-45.1181623381593,97.0818376618407,17.05));
#15051=CARTESIAN_POINT('',(-45.1181623381593,97.0818376618407,17.05));
#15052=CARTESIAN_POINT('',(-41.5826284322265,100.617371567773,17.05));
#15053=CARTESIAN_POINT('',(-45.1181623381593,97.0818376618407,17.05));
#15054=CARTESIAN_POINT('',(-45.1181623381593,97.0818376618407,7.95));
#15055=CARTESIAN_POINT('',(-45.1181623381593,97.0818376618407,7.95));
#15056=CARTESIAN_POINT('',(-41.5826284322265,100.617371567773,7.95));
#15057=CARTESIAN_POINT('',(-41.5826284322265,100.617371567773,17.05));
#15058=CARTESIAN_POINT('',(-41.2,101.,0.));
#15059=CARTESIAN_POINT('',(-45.5,96.7,0.));
#15060=CARTESIAN_POINT('',(-45.5,96.7,25.));
#15061=CARTESIAN_POINT('',(-45.5,96.7,125.));
#15062=CARTESIAN_POINT('',(-41.2,101.,125.));
#15063=CARTESIAN_POINT('',(-45.5,96.7,25.));
#15064=CARTESIAN_POINT('',(-45.5,44.5,97.5));
#15065=CARTESIAN_POINT('',(-45.5,44.5,97.5));
#15066=CARTESIAN_POINT('',(-45.5,44.5,77.5));
#15067=CARTESIAN_POINT('',(-45.5,44.5,97.5));
#15068=CARTESIAN_POINT('',(-45.5,44.5,102.5));
#15069=CARTESIAN_POINT('',(-45.5,44.5,102.5));
#15070=CARTESIAN_POINT('',(-45.5,44.5,122.5));
#15071=CARTESIAN_POINT('',(-45.5,44.5,122.5));
#15072=CARTESIAN_POINT('',(-45.5,44.5,122.5));
#15073=CARTESIAN_POINT('',(-45.5,96.7,125.));
#15074=CARTESIAN_POINT('',(-45.5,96.7,0.));
#15075=CARTESIAN_POINT('',(-45.5,44.5,2.5));
#15076=CARTESIAN_POINT('',(-45.5,44.5,2.5));
#15077=CARTESIAN_POINT('',(-45.5,44.5,22.5));
#15078=CARTESIAN_POINT('',(-45.5,44.5,22.5));
#15079=CARTESIAN_POINT('',(-45.5,44.5,22.5));
#15080=CARTESIAN_POINT('',(-45.5,44.5,27.5));
#15081=CARTESIAN_POINT('',(-45.5,44.5,27.5));
#15082=CARTESIAN_POINT('',(-45.5,44.5,47.5));
#15083=CARTESIAN_POINT('',(-45.5,44.5,47.5));
#15084=CARTESIAN_POINT('',(-45.5,44.5,47.5));
#15085=CARTESIAN_POINT('',(-45.5,44.5,52.5));
#15086=CARTESIAN_POINT('',(-45.5,44.5,52.5));
#15087=CARTESIAN_POINT('',(-45.5,44.5,72.5));
#15088=CARTESIAN_POINT('',(-45.5,44.5,72.5));
#15089=CARTESIAN_POINT('',(-45.5,44.5,72.5));
#15090=CARTESIAN_POINT('',(-45.5,44.5,77.5));
#15091=CARTESIAN_POINT('',(-40.5,-3.15000000000003,0.));
#15092=CARTESIAN_POINT('',(-40.5,-3.15000000000003,125.));
#15093=CARTESIAN_POINT('',(21.3,101.,12.5));
#15094=CARTESIAN_POINT('',(21.3,100.,12.5));
#15095=CARTESIAN_POINT('',(21.3,100.,7.5));
#15096=CARTESIAN_POINT('',(21.3,99.8,12.5));
#15097=CARTESIAN_POINT('',(21.3,99.8,12.5));
#15098=CARTESIAN_POINT('',(21.3,99.8,7.5));
#15099=CARTESIAN_POINT('',(26.3,99.8,12.5));
#15100=CARTESIAN_POINT('',(21.3,101.,37.5));
#15101=CARTESIAN_POINT('',(21.3,100.,37.5));
#15102=CARTESIAN_POINT('',(21.3,100.,32.5));
#15103=CARTESIAN_POINT('',(21.3,99.8,37.5));
#15104=CARTESIAN_POINT('',(21.3,99.8,37.5));
#15105=CARTESIAN_POINT('',(21.3,99.8,32.5));
#15106=CARTESIAN_POINT('',(26.3,99.8,37.5));
#15107=CARTESIAN_POINT('',(21.3,101.,62.5));
#15108=CARTESIAN_POINT('',(21.3,100.,62.5));
#15109=CARTESIAN_POINT('',(21.3,100.,57.5));
#15110=CARTESIAN_POINT('',(21.3,99.8,62.5));
#15111=CARTESIAN_POINT('',(21.3,99.8,62.5));
#15112=CARTESIAN_POINT('',(21.3,99.8,57.5));
#15113=CARTESIAN_POINT('',(26.3,99.8,62.5));
#15114=CARTESIAN_POINT('',(21.3,101.,112.5));
#15115=CARTESIAN_POINT('',(21.3,100.,112.5));
#15116=CARTESIAN_POINT('',(21.3,100.,107.5));
#15117=CARTESIAN_POINT('',(21.3,99.8,112.5));
#15118=CARTESIAN_POINT('',(21.3,99.8,112.5));
#15119=CARTESIAN_POINT('',(21.3,99.8,107.5));
#15120=CARTESIAN_POINT('',(26.3,99.8,112.5));
#15121=CARTESIAN_POINT('',(21.3,101.,87.5));
#15122=CARTESIAN_POINT('',(21.3,100.,87.5));
#15123=CARTESIAN_POINT('',(21.3,100.,82.5));
#15124=CARTESIAN_POINT('',(21.3,99.8,87.5));
#15125=CARTESIAN_POINT('',(21.3,99.8,87.5));
#15126=CARTESIAN_POINT('',(21.3,99.8,82.5));
#15127=CARTESIAN_POINT('',(26.3,99.8,87.5));
#15128=CARTESIAN_POINT('',(-21.3,99.8,12.5));
#15129=CARTESIAN_POINT('',(-21.3,99.8,12.5));
#15130=CARTESIAN_POINT('',(-21.3,99.8,17.5));
#15131=CARTESIAN_POINT('',(-21.3,101.,12.5));
#15132=CARTESIAN_POINT('',(-21.3,100.,12.5));
#15133=CARTESIAN_POINT('',(-21.3,100.,17.5));
#15134=CARTESIAN_POINT('',(-21.3,100.,12.5));
#15135=CARTESIAN_POINT('',(-21.3,99.8,37.5));
#15136=CARTESIAN_POINT('',(-21.3,99.8,37.5));
#15137=CARTESIAN_POINT('',(-21.3,99.8,42.5));
#15138=CARTESIAN_POINT('',(-21.3,101.,37.5));
#15139=CARTESIAN_POINT('',(-21.3,100.,37.5));
#15140=CARTESIAN_POINT('',(-21.3,100.,42.5));
#15141=CARTESIAN_POINT('',(-21.3,100.,37.5));
#15142=CARTESIAN_POINT('',(-21.3,99.8,62.5));
#15143=CARTESIAN_POINT('',(-21.3,99.8,62.5));
#15144=CARTESIAN_POINT('',(-21.3,99.8,67.5));
#15145=CARTESIAN_POINT('',(-21.3,101.,62.5));
#15146=CARTESIAN_POINT('',(-21.3,100.,62.5));
#15147=CARTESIAN_POINT('',(-21.3,100.,67.5));
#15148=CARTESIAN_POINT('',(-21.3,100.,62.5));
#15149=CARTESIAN_POINT('',(-21.3,99.8,112.5));
#15150=CARTESIAN_POINT('',(-21.3,99.8,112.5));
#15151=CARTESIAN_POINT('',(-21.3,99.8,117.5));
#15152=CARTESIAN_POINT('',(-21.3,101.,112.5));
#15153=CARTESIAN_POINT('',(-21.3,100.,112.5));
#15154=CARTESIAN_POINT('',(-21.3,100.,117.5));
#15155=CARTESIAN_POINT('',(-21.3,100.,112.5));
#15156=CARTESIAN_POINT('',(-21.3,99.8,87.5));
#15157=CARTESIAN_POINT('',(-21.3,99.8,87.5));
#15158=CARTESIAN_POINT('',(-21.3,99.8,92.5));
#15159=CARTESIAN_POINT('',(-21.3,101.,87.5));
#15160=CARTESIAN_POINT('',(-21.3,100.,87.5));
#15161=CARTESIAN_POINT('',(-21.3,100.,92.5));
#15162=CARTESIAN_POINT('',(-21.3,100.,87.5));
#15163=CARTESIAN_POINT('',(-6.92820323027551,100.5,23.8));
#15164=CARTESIAN_POINT('',(-6.92820323027551,100.5,1.2));
#15165=CARTESIAN_POINT('',(-6.49519054281128,100.24999997501,1.2));
#15166=CARTESIAN_POINT('',(-6.92820323027551,100.5,23.8));
#15167=CARTESIAN_POINT('',(-6.49519054281128,100.24999997501,23.8));
#15168=CARTESIAN_POINT('',(-6.49519054281128,100.24999997501,23.8));
#15169=CARTESIAN_POINT('',(6.92820323027551,100.5,23.8));
#15170=CARTESIAN_POINT('',(6.92820323027551,100.5,1.2));
#15171=CARTESIAN_POINT('',(6.49519052838329,100.25,1.2));
#15172=CARTESIAN_POINT('',(6.49519052838329,100.25,23.8));
#15173=CARTESIAN_POINT('',(6.49519052838329,100.25,23.8));
#15174=CARTESIAN_POINT('',(6.92820323027551,100.5,23.8));
#15175=CARTESIAN_POINT('',(1.99493199737333E-14,96.5,23.8));
#15176=CARTESIAN_POINT('',(1.99493199737333E-14,96.5,1.2));
#15177=CARTESIAN_POINT('',(6.67044960697431,93.0714285714286,1.2));
#15178=CARTESIAN_POINT('',(6.67044960697431,93.0714285714286,23.8));
#15179=CARTESIAN_POINT('',(6.67044960697431,93.0714285714286,23.8));
#15180=CARTESIAN_POINT('',(1.99493199737333E-14,96.5,23.8));
#15181=CARTESIAN_POINT('',(6.22575296650932,93.3000000000001,23.8));
#15182=CARTESIAN_POINT('',(6.22575296650932,93.3000000000001,1.2));
#15183=CARTESIAN_POINT('',(6.22575296650935,92.8,1.2));
#15184=CARTESIAN_POINT('',(6.22575296650935,92.8,23.8));
#15185=CARTESIAN_POINT('',(6.22575296650935,92.8,23.8));
#15186=CARTESIAN_POINT('',(6.22575296650932,93.3000000000001,23.8));
#15187=CARTESIAN_POINT('',(-6.22575296650935,92.8,23.8));
#15188=CARTESIAN_POINT('',(4.75,92.8,16.75));
#15189=CARTESIAN_POINT('',(4.75,92.8,16.75));
#15190=CARTESIAN_POINT('',(-4.75,92.8,16.75));
#15191=CARTESIAN_POINT('',(-4.75,92.8,16.75));
#15192=CARTESIAN_POINT('',(-4.75,92.8,8.25));
#15193=CARTESIAN_POINT('',(4.75,92.8,8.25));
#15194=CARTESIAN_POINT('',(4.75,92.8,8.25));
#15195=CARTESIAN_POINT('',(4.75,92.8,16.75));
#15196=CARTESIAN_POINT('',(-6.22575296650935,92.8,1.2));
#15197=CARTESIAN_POINT('',(-6.22575296650935,92.8,1.2));
#15198=CARTESIAN_POINT('',(-6.22575296650935,92.8,23.8));
#15199=CARTESIAN_POINT('',(-6.22575296650935,92.8,23.8));
#15200=CARTESIAN_POINT('',(-6.22575296650935,92.8,23.8));
#15201=CARTESIAN_POINT('',(-6.22575296650932,93.3000000000001,23.8));
#15202=CARTESIAN_POINT('',(-6.22575296650932,93.3000000000001,1.2));
#15203=CARTESIAN_POINT('',(-6.67044960697429,93.0714285714286,1.2));
#15204=CARTESIAN_POINT('',(-6.67044960697429,93.0714285714286,23.8));
#15205=CARTESIAN_POINT('',(-6.67044960697429,93.0714285714286,23.8));
#15206=CARTESIAN_POINT('',(-6.22575296650932,93.3000000000001,23.8));
#15207=CARTESIAN_POINT('',(-2.42861286636753E-14,96.5,23.8));
#15208=CARTESIAN_POINT('',(-2.42861286636753E-14,96.5,1.2));
#15209=CARTESIAN_POINT('',(-2.42861286636753E-14,96.5,23.8));
#15210=CARTESIAN_POINT('',(-6.92820323027551,100.5,23.8));
#15211=CARTESIAN_POINT('',(-6.92820323027551,100.5,1.2));
#15212=CARTESIAN_POINT('',(-6.92820323027551,100.5,48.8));
#15213=CARTESIAN_POINT('',(-6.92820323027551,100.5,26.2));
#15214=CARTESIAN_POINT('',(-6.49519054281128,100.24999997501,26.2));
#15215=CARTESIAN_POINT('',(-6.92820323027551,100.5,48.8));
#15216=CARTESIAN_POINT('',(-6.49519054281128,100.24999997501,48.8));
#15217=CARTESIAN_POINT('',(-6.49519054281128,100.24999997501,48.8));
#15218=CARTESIAN_POINT('',(6.92820323027551,100.5,48.8));
#15219=CARTESIAN_POINT('',(6.92820323027551,100.5,26.2));
#15220=CARTESIAN_POINT('',(6.49519052838329,100.25,26.2));
#15221=CARTESIAN_POINT('',(6.49519052838329,100.25,48.8));
#15222=CARTESIAN_POINT('',(6.49519052838329,100.25,48.8));
#15223=CARTESIAN_POINT('',(6.92820323027551,100.5,48.8));
#15224=CARTESIAN_POINT('',(1.99493199737333E-14,96.5,48.8));
#15225=CARTESIAN_POINT('',(1.99493199737333E-14,96.5,26.2));
#15226=CARTESIAN_POINT('',(6.67044960697431,93.0714285714286,26.2));
#15227=CARTESIAN_POINT('',(6.67044960697431,93.0714285714286,48.8));
#15228=CARTESIAN_POINT('',(6.67044960697431,93.0714285714286,48.8));
#15229=CARTESIAN_POINT('',(1.99493199737333E-14,96.5,48.8));
#15230=CARTESIAN_POINT('',(6.22575296650932,93.3000000000001,48.8));
#15231=CARTESIAN_POINT('',(6.22575296650932,93.3000000000001,26.2));
#15232=CARTESIAN_POINT('',(6.22575296650935,92.8,26.2));
#15233=CARTESIAN_POINT('',(6.22575296650935,92.8,48.8));
#15234=CARTESIAN_POINT('',(6.22575296650935,92.8,48.8));
#15235=CARTESIAN_POINT('',(6.22575296650932,93.3000000000001,48.8));
#15236=CARTESIAN_POINT('',(-6.22575296650935,92.8,48.8));
#15237=CARTESIAN_POINT('',(4.75,92.8,41.75));
#15238=CARTESIAN_POINT('',(4.75,92.8,41.75));
#15239=CARTESIAN_POINT('',(-4.75,92.8,41.75));
#15240=CARTESIAN_POINT('',(-4.75,92.8,41.75));
#15241=CARTESIAN_POINT('',(-4.75,92.8,33.25));
#15242=CARTESIAN_POINT('',(4.75,92.8,33.25));
#15243=CARTESIAN_POINT('',(4.75,92.8,33.25));
#15244=CARTESIAN_POINT('',(4.75,92.8,41.75));
#15245=CARTESIAN_POINT('',(-6.22575296650935,92.8,26.2));
#15246=CARTESIAN_POINT('',(-6.22575296650935,92.8,26.2));
#15247=CARTESIAN_POINT('',(-6.22575296650935,92.8,48.8));
#15248=CARTESIAN_POINT('',(-6.22575296650935,92.8,48.8));
#15249=CARTESIAN_POINT('',(-6.22575296650935,92.8,48.8));
#15250=CARTESIAN_POINT('',(-6.22575296650932,93.3000000000001,48.8));
#15251=CARTESIAN_POINT('',(-6.22575296650932,93.3000000000001,26.2));
#15252=CARTESIAN_POINT('',(-6.67044960697429,93.0714285714286,26.2));
#15253=CARTESIAN_POINT('',(-6.67044960697429,93.0714285714286,48.8));
#15254=CARTESIAN_POINT('',(-6.67044960697429,93.0714285714286,48.8));
#15255=CARTESIAN_POINT('',(-6.22575296650932,93.3000000000001,48.8));
#15256=CARTESIAN_POINT('',(-2.42861286636753E-14,96.5,48.8));
#15257=CARTESIAN_POINT('',(-2.42861286636753E-14,96.5,26.2));
#15258=CARTESIAN_POINT('',(-2.42861286636753E-14,96.5,48.8));
#15259=CARTESIAN_POINT('',(-6.92820323027551,100.5,48.8));
#15260=CARTESIAN_POINT('',(-6.92820323027551,100.5,26.2));
#15261=CARTESIAN_POINT('',(-6.92820323027551,100.5,73.8));
#15262=CARTESIAN_POINT('',(-6.92820323027551,100.5,51.2));
#15263=CARTESIAN_POINT('',(-6.49519054281128,100.24999997501,51.2));
#15264=CARTESIAN_POINT('',(-6.92820323027551,100.5,73.8));
#15265=CARTESIAN_POINT('',(-6.49519054281128,100.24999997501,73.8));
#15266=CARTESIAN_POINT('',(-6.49519054281128,100.24999997501,73.8));
#15267=CARTESIAN_POINT('',(6.92820323027551,100.5,73.8));
#15268=CARTESIAN_POINT('',(6.92820323027551,100.5,51.2));
#15269=CARTESIAN_POINT('',(6.49519052838329,100.25,51.2));
#15270=CARTESIAN_POINT('',(6.49519052838329,100.25,73.8));
#15271=CARTESIAN_POINT('',(6.49519052838329,100.25,73.8));
#15272=CARTESIAN_POINT('',(6.92820323027551,100.5,73.8));
#15273=CARTESIAN_POINT('',(1.99493199737333E-14,96.5,73.8));
#15274=CARTESIAN_POINT('',(1.99493199737333E-14,96.5,51.2));
#15275=CARTESIAN_POINT('',(6.67044960697431,93.0714285714286,51.2));
#15276=CARTESIAN_POINT('',(6.67044960697431,93.0714285714286,73.8));
#15277=CARTESIAN_POINT('',(6.67044960697431,93.0714285714286,73.8));
#15278=CARTESIAN_POINT('',(1.99493199737333E-14,96.5,73.8));
#15279=CARTESIAN_POINT('',(6.22575296650932,93.3000000000001,73.8));
#15280=CARTESIAN_POINT('',(6.22575296650932,93.3000000000001,51.2));
#15281=CARTESIAN_POINT('',(6.22575296650935,92.8,51.2));
#15282=CARTESIAN_POINT('',(6.22575296650935,92.8,73.8));
#15283=CARTESIAN_POINT('',(6.22575296650935,92.8,73.8));
#15284=CARTESIAN_POINT('',(6.22575296650932,93.3000000000001,73.8));
#15285=CARTESIAN_POINT('',(-6.22575296650935,92.8,73.8));
#15286=CARTESIAN_POINT('',(4.75,92.8,66.75));
#15287=CARTESIAN_POINT('',(4.75,92.8,66.75));
#15288=CARTESIAN_POINT('',(-4.75,92.8,66.75));
#15289=CARTESIAN_POINT('',(-4.75,92.8,66.75));
#15290=CARTESIAN_POINT('',(-4.75,92.8,58.25));
#15291=CARTESIAN_POINT('',(4.75,92.8,58.25));
#15292=CARTESIAN_POINT('',(4.75,92.8,58.25));
#15293=CARTESIAN_POINT('',(4.75,92.8,66.75));
#15294=CARTESIAN_POINT('',(-6.22575296650935,92.8,51.2));
#15295=CARTESIAN_POINT('',(-6.22575296650935,92.8,51.2));
#15296=CARTESIAN_POINT('',(-6.22575296650935,92.8,73.8));
#15297=CARTESIAN_POINT('',(-6.22575296650935,92.8,73.8));
#15298=CARTESIAN_POINT('',(-6.22575296650935,92.8,73.8));
#15299=CARTESIAN_POINT('',(-6.22575296650932,93.3000000000001,73.8));
#15300=CARTESIAN_POINT('',(-6.22575296650932,93.3000000000001,51.2));
#15301=CARTESIAN_POINT('',(-6.67044960697429,93.0714285714286,51.2));
#15302=CARTESIAN_POINT('',(-6.67044960697429,93.0714285714286,73.8));
#15303=CARTESIAN_POINT('',(-6.67044960697429,93.0714285714286,73.8));
#15304=CARTESIAN_POINT('',(-6.22575296650932,93.3000000000001,73.8));
#15305=CARTESIAN_POINT('',(-2.42861286636753E-14,96.5,73.8));
#15306=CARTESIAN_POINT('',(-2.42861286636753E-14,96.5,51.2));
#15307=CARTESIAN_POINT('',(-2.42861286636753E-14,96.5,73.8));
#15308=CARTESIAN_POINT('',(-6.92820323027551,100.5,73.8));
#15309=CARTESIAN_POINT('',(-6.92820323027551,100.5,51.2));
#15310=CARTESIAN_POINT('',(-6.92820323027551,100.5,123.8));
#15311=CARTESIAN_POINT('',(-6.92820323027551,100.5,101.2));
#15312=CARTESIAN_POINT('',(-6.49519054281128,100.24999997501,101.2));
#15313=CARTESIAN_POINT('',(-6.92820323027551,100.5,123.8));
#15314=CARTESIAN_POINT('',(-6.49519054281128,100.24999997501,123.8));
#15315=CARTESIAN_POINT('',(-6.49519054281128,100.24999997501,123.8));
#15316=CARTESIAN_POINT('',(6.92820323027551,100.5,123.8));
#15317=CARTESIAN_POINT('',(6.92820323027551,100.5,101.2));
#15318=CARTESIAN_POINT('',(6.49519052838329,100.25,101.2));
#15319=CARTESIAN_POINT('',(6.49519052838329,100.25,123.8));
#15320=CARTESIAN_POINT('',(6.49519052838329,100.25,123.8));
#15321=CARTESIAN_POINT('',(6.92820323027551,100.5,123.8));
#15322=CARTESIAN_POINT('',(1.99493199737333E-14,96.5,123.8));
#15323=CARTESIAN_POINT('',(1.99493199737333E-14,96.5,101.2));
#15324=CARTESIAN_POINT('',(6.67044960697431,93.0714285714286,101.2));
#15325=CARTESIAN_POINT('',(6.67044960697431,93.0714285714286,123.8));
#15326=CARTESIAN_POINT('',(6.67044960697431,93.0714285714286,123.8));
#15327=CARTESIAN_POINT('',(1.99493199737333E-14,96.5,123.8));
#15328=CARTESIAN_POINT('',(6.22575296650932,93.3000000000001,123.8));
#15329=CARTESIAN_POINT('',(6.22575296650932,93.3000000000001,101.2));
#15330=CARTESIAN_POINT('',(6.22575296650935,92.8,101.2));
#15331=CARTESIAN_POINT('',(6.22575296650935,92.8,123.8));
#15332=CARTESIAN_POINT('',(6.22575296650935,92.8,123.8));
#15333=CARTESIAN_POINT('',(6.22575296650932,93.3000000000001,123.8));
#15334=CARTESIAN_POINT('',(-6.22575296650935,92.8,123.8));
#15335=CARTESIAN_POINT('',(4.75,92.8,116.75));
#15336=CARTESIAN_POINT('',(4.75,92.8,116.75));
#15337=CARTESIAN_POINT('',(-4.75,92.8,116.75));
#15338=CARTESIAN_POINT('',(-4.75,92.8,116.75));
#15339=CARTESIAN_POINT('',(-4.75,92.8,108.25));
#15340=CARTESIAN_POINT('',(4.75,92.8,108.25));
#15341=CARTESIAN_POINT('',(4.75,92.8,108.25));
#15342=CARTESIAN_POINT('',(4.75,92.8,116.75));
#15343=CARTESIAN_POINT('',(-6.22575296650935,92.8,101.2));
#15344=CARTESIAN_POINT('',(-6.22575296650935,92.8,101.2));
#15345=CARTESIAN_POINT('',(-6.22575296650935,92.8,123.8));
#15346=CARTESIAN_POINT('',(-6.22575296650935,92.8,123.8));
#15347=CARTESIAN_POINT('',(-6.22575296650935,92.8,123.8));
#15348=CARTESIAN_POINT('',(-6.22575296650932,93.3000000000001,123.8));
#15349=CARTESIAN_POINT('',(-6.22575296650932,93.3000000000001,101.2));
#15350=CARTESIAN_POINT('',(-6.67044960697429,93.0714285714286,101.2));
#15351=CARTESIAN_POINT('',(-6.67044960697429,93.0714285714286,123.8));
#15352=CARTESIAN_POINT('',(-6.67044960697429,93.0714285714286,123.8));
#15353=CARTESIAN_POINT('',(-6.22575296650932,93.3000000000001,123.8));
#15354=CARTESIAN_POINT('',(-2.42861286636753E-14,96.5,123.8));
#15355=CARTESIAN_POINT('',(-2.42861286636753E-14,96.5,101.2));
#15356=CARTESIAN_POINT('',(-2.42861286636753E-14,96.5,123.8));
#15357=CARTESIAN_POINT('',(-6.92820323027551,100.5,123.8));
#15358=CARTESIAN_POINT('',(-6.92820323027551,100.5,101.2));
#15359=CARTESIAN_POINT('',(-6.92820323027551,100.5,98.8));
#15360=CARTESIAN_POINT('',(-6.92820323027551,100.5,76.2));
#15361=CARTESIAN_POINT('',(-6.49519054281128,100.24999997501,76.2));
#15362=CARTESIAN_POINT('',(-6.92820323027551,100.5,98.8));
#15363=CARTESIAN_POINT('',(-6.49519054281128,100.24999997501,98.8));
#15364=CARTESIAN_POINT('',(-6.49519054281128,100.24999997501,98.8));
#15365=CARTESIAN_POINT('',(6.92820323027551,100.5,98.8));
#15366=CARTESIAN_POINT('',(6.92820323027551,100.5,76.2));
#15367=CARTESIAN_POINT('',(6.49519052838329,100.25,76.2));
#15368=CARTESIAN_POINT('',(6.49519052838329,100.25,98.8));
#15369=CARTESIAN_POINT('',(6.49519052838329,100.25,98.8));
#15370=CARTESIAN_POINT('',(6.92820323027551,100.5,98.8));
#15371=CARTESIAN_POINT('',(1.99493199737333E-14,96.5,98.8));
#15372=CARTESIAN_POINT('',(1.99493199737333E-14,96.5,76.2));
#15373=CARTESIAN_POINT('',(6.67044960697431,93.0714285714286,76.2));
#15374=CARTESIAN_POINT('',(6.67044960697431,93.0714285714286,98.8));
#15375=CARTESIAN_POINT('',(6.67044960697431,93.0714285714286,98.8));
#15376=CARTESIAN_POINT('',(1.99493199737333E-14,96.5,98.8));
#15377=CARTESIAN_POINT('',(6.22575296650932,93.3000000000001,98.8));
#15378=CARTESIAN_POINT('',(6.22575296650932,93.3000000000001,76.2));
#15379=CARTESIAN_POINT('',(6.22575296650935,92.8,76.2));
#15380=CARTESIAN_POINT('',(6.22575296650935,92.8,98.8));
#15381=CARTESIAN_POINT('',(6.22575296650935,92.8,98.8));
#15382=CARTESIAN_POINT('',(6.22575296650932,93.3000000000001,98.8));
#15383=CARTESIAN_POINT('',(-6.22575296650935,92.8,98.8));
#15384=CARTESIAN_POINT('',(4.75,92.8,91.75));
#15385=CARTESIAN_POINT('',(4.75,92.8,91.75));
#15386=CARTESIAN_POINT('',(-4.75,92.8,91.75));
#15387=CARTESIAN_POINT('',(-4.75,92.8,91.75));
#15388=CARTESIAN_POINT('',(-4.75,92.8,83.25));
#15389=CARTESIAN_POINT('',(4.75,92.8,83.25));
#15390=CARTESIAN_POINT('',(4.75,92.8,83.25));
#15391=CARTESIAN_POINT('',(4.75,92.8,91.75));
#15392=CARTESIAN_POINT('',(-6.22575296650935,92.8,76.2));
#15393=CARTESIAN_POINT('',(-6.22575296650935,92.8,76.2));
#15394=CARTESIAN_POINT('',(-6.22575296650935,92.8,98.8));
#15395=CARTESIAN_POINT('',(-6.22575296650935,92.8,98.8));
#15396=CARTESIAN_POINT('',(-6.22575296650935,92.8,98.8));
#15397=CARTESIAN_POINT('',(-6.22575296650932,93.3000000000001,98.8));
#15398=CARTESIAN_POINT('',(-6.22575296650932,93.3000000000001,76.2));
#15399=CARTESIAN_POINT('',(-6.67044960697429,93.0714285714286,76.2));
#15400=CARTESIAN_POINT('',(-6.67044960697429,93.0714285714286,98.8));
#15401=CARTESIAN_POINT('',(-6.67044960697429,93.0714285714286,98.8));
#15402=CARTESIAN_POINT('',(-6.22575296650932,93.3000000000001,98.8));
#15403=CARTESIAN_POINT('',(-2.42861286636753E-14,96.5,98.8));
#15404=CARTESIAN_POINT('',(-2.42861286636753E-14,96.5,76.2));
#15405=CARTESIAN_POINT('',(-2.42861286636753E-14,96.5,98.8));
#15406=CARTESIAN_POINT('',(-6.92820323027551,100.5,98.8));
#15407=CARTESIAN_POINT('',(-6.92820323027551,100.5,76.2));
#15408=CARTESIAN_POINT('',(-4.75,92.8,16.75));
#15409=CARTESIAN_POINT('',(-4.75,92.8,8.25));
#15410=CARTESIAN_POINT('',(-4.75,87.8,8.25));
#15411=CARTESIAN_POINT('',(-4.75,92.8,16.75));
#15412=CARTESIAN_POINT('',(-4.75,87.8,16.75));
#15413=CARTESIAN_POINT('',(-4.75,87.8,16.75));
#15414=CARTESIAN_POINT('',(-4.75,87.8,16.75));
#15415=CARTESIAN_POINT('',(-4.75,87.8,8.25));
#15416=CARTESIAN_POINT('',(4.75,87.8,8.25));
#15417=CARTESIAN_POINT('',(-4.75,87.8,16.75));
#15418=CARTESIAN_POINT('',(4.75,87.8,16.75));
#15419=CARTESIAN_POINT('',(4.75,87.8,16.75));
#15420=CARTESIAN_POINT('',(4.75,87.8,16.75));
#15421=CARTESIAN_POINT('',(4.75,87.8,8.25));
#15422=CARTESIAN_POINT('',(4.75,87.8,16.75));
#15423=CARTESIAN_POINT('',(0.,0.,16.75));
#15424=CARTESIAN_POINT('',(0.,0.,8.25));
#15425=CARTESIAN_POINT('',(-4.75,92.8,41.75));
#15426=CARTESIAN_POINT('',(-4.75,92.8,33.25));
#15427=CARTESIAN_POINT('',(-4.75,87.8,33.25));
#15428=CARTESIAN_POINT('',(-4.75,92.8,41.75));
#15429=CARTESIAN_POINT('',(-4.75,87.8,41.75));
#15430=CARTESIAN_POINT('',(-4.75,87.8,41.75));
#15431=CARTESIAN_POINT('',(-4.75,87.8,41.75));
#15432=CARTESIAN_POINT('',(-4.75,87.8,33.25));
#15433=CARTESIAN_POINT('',(4.75,87.8,33.25));
#15434=CARTESIAN_POINT('',(-4.75,87.8,41.75));
#15435=CARTESIAN_POINT('',(4.75,87.8,41.75));
#15436=CARTESIAN_POINT('',(4.75,87.8,41.75));
#15437=CARTESIAN_POINT('',(4.75,87.8,41.75));
#15438=CARTESIAN_POINT('',(4.75,87.8,33.25));
#15439=CARTESIAN_POINT('',(4.75,87.8,41.75));
#15440=CARTESIAN_POINT('',(0.,0.,41.75));
#15441=CARTESIAN_POINT('',(0.,0.,33.25));
#15442=CARTESIAN_POINT('',(-4.75,92.8,66.75));
#15443=CARTESIAN_POINT('',(-4.75,92.8,58.25));
#15444=CARTESIAN_POINT('',(-4.75,87.8,58.25));
#15445=CARTESIAN_POINT('',(-4.75,92.8,66.75));
#15446=CARTESIAN_POINT('',(-4.75,87.8,66.75));
#15447=CARTESIAN_POINT('',(-4.75,87.8,66.75));
#15448=CARTESIAN_POINT('',(-4.75,87.8,66.75));
#15449=CARTESIAN_POINT('',(-4.75,87.8,58.25));
#15450=CARTESIAN_POINT('',(4.75,87.8,58.25));
#15451=CARTESIAN_POINT('',(-4.75,87.8,66.75));
#15452=CARTESIAN_POINT('',(4.75,87.8,66.75));
#15453=CARTESIAN_POINT('',(4.75,87.8,66.75));
#15454=CARTESIAN_POINT('',(4.75,87.8,66.75));
#15455=CARTESIAN_POINT('',(4.75,87.8,58.25));
#15456=CARTESIAN_POINT('',(4.75,87.8,66.75));
#15457=CARTESIAN_POINT('',(0.,0.,66.75));
#15458=CARTESIAN_POINT('',(0.,0.,58.25));
#15459=CARTESIAN_POINT('',(-4.75,92.8,91.75));
#15460=CARTESIAN_POINT('',(-4.75,92.8,83.25));
#15461=CARTESIAN_POINT('',(-4.75,87.8,83.25));
#15462=CARTESIAN_POINT('',(-4.75,92.8,91.75));
#15463=CARTESIAN_POINT('',(-4.75,87.8,91.75));
#15464=CARTESIAN_POINT('',(-4.75,87.8,91.75));
#15465=CARTESIAN_POINT('',(-4.75,87.8,91.75));
#15466=CARTESIAN_POINT('',(-4.75,87.8,83.25));
#15467=CARTESIAN_POINT('',(4.75,87.8,83.25));
#15468=CARTESIAN_POINT('',(-4.75,87.8,91.75));
#15469=CARTESIAN_POINT('',(4.75,87.8,91.75));
#15470=CARTESIAN_POINT('',(4.75,87.8,91.75));
#15471=CARTESIAN_POINT('',(4.75,87.8,91.75));
#15472=CARTESIAN_POINT('',(4.75,87.8,83.25));
#15473=CARTESIAN_POINT('',(4.75,87.8,91.75));
#15474=CARTESIAN_POINT('',(0.,0.,91.75));
#15475=CARTESIAN_POINT('',(0.,0.,83.25));
#15476=CARTESIAN_POINT('',(-4.75,92.8,116.75));
#15477=CARTESIAN_POINT('',(-4.75,92.8,108.25));
#15478=CARTESIAN_POINT('',(-4.75,87.8,108.25));
#15479=CARTESIAN_POINT('',(-4.75,92.8,116.75));
#15480=CARTESIAN_POINT('',(-4.75,87.8,116.75));
#15481=CARTESIAN_POINT('',(-4.75,87.8,116.75));
#15482=CARTESIAN_POINT('',(-4.75,87.8,116.75));
#15483=CARTESIAN_POINT('',(-4.75,87.8,108.25));
#15484=CARTESIAN_POINT('',(4.75,87.8,108.25));
#15485=CARTESIAN_POINT('',(-4.75,87.8,116.75));
#15486=CARTESIAN_POINT('',(4.75,87.8,116.75));
#15487=CARTESIAN_POINT('',(4.75,87.8,116.75));
#15488=CARTESIAN_POINT('',(4.75,87.8,116.75));
#15489=CARTESIAN_POINT('',(4.75,87.8,108.25));
#15490=CARTESIAN_POINT('',(4.75,87.8,116.75));
#15491=CARTESIAN_POINT('',(0.,0.,116.75));
#15492=CARTESIAN_POINT('',(0.,0.,108.25));
#15493=CARTESIAN_POINT('',(37.,43.,22.5));
#15494=CARTESIAN_POINT('',(37.,43.,2.5));
#15495=CARTESIAN_POINT('',(37.,43.,2.5));
#15496=CARTESIAN_POINT('',(34.5,43.,2.5));
#15497=CARTESIAN_POINT('',(37.,43.,22.5));
#15498=CARTESIAN_POINT('',(37.,43.,22.5));
#15499=CARTESIAN_POINT('',(37.,43.,22.5));
#15500=CARTESIAN_POINT('',(34.5,43.,22.5));
#15501=CARTESIAN_POINT('',(34.5,43.,22.5));
#15502=CARTESIAN_POINT('',(34.5,43.,22.5));
#15503=CARTESIAN_POINT('',(34.5,43.,2.5));
#15504=CARTESIAN_POINT('',(34.5,34.5,2.5));
#15505=CARTESIAN_POINT('',(34.5,43.,22.5));
#15506=CARTESIAN_POINT('',(34.5,34.5,22.5));
#15507=CARTESIAN_POINT('',(34.5,34.5,22.5));
#15508=CARTESIAN_POINT('',(34.5,34.5,22.5));
#15509=CARTESIAN_POINT('',(34.5,34.5,2.5));
#15510=CARTESIAN_POINT('',(34.5,34.5,22.5));
#15511=CARTESIAN_POINT('',(45.5,44.5,22.5));
#15512=CARTESIAN_POINT('',(45.5,44.5,2.5));
#15513=CARTESIAN_POINT('',(43.5,43.,2.5));
#15514=CARTESIAN_POINT('',(45.5,44.5,22.5));
#15515=CARTESIAN_POINT('',(43.5,43.,22.5));
#15516=CARTESIAN_POINT('',(43.5,43.,22.5));
#15517=CARTESIAN_POINT('',(43.5,43.,22.5));
#15518=CARTESIAN_POINT('',(43.5,43.,2.5));
#15519=CARTESIAN_POINT('',(41.5,43.,2.5));
#15520=CARTESIAN_POINT('',(43.5,43.,22.5));
#15521=CARTESIAN_POINT('',(41.5,43.,22.5));
#15522=CARTESIAN_POINT('',(41.5,43.,22.5));
#15523=CARTESIAN_POINT('',(41.5,43.,22.5));
#15524=CARTESIAN_POINT('',(41.5,43.,2.5));
#15525=CARTESIAN_POINT('',(39.5,41.,2.5));
#15526=CARTESIAN_POINT('',(41.5,43.,22.5));
#15527=CARTESIAN_POINT('',(39.5,41.,22.5));
#15528=CARTESIAN_POINT('',(39.5,41.,22.5));
#15529=CARTESIAN_POINT('',(39.5,41.,22.5));
#15530=CARTESIAN_POINT('',(39.5,41.,2.5));
#15531=CARTESIAN_POINT('',(39.,41.,2.5));
#15532=CARTESIAN_POINT('',(39.5,41.,22.5));
#15533=CARTESIAN_POINT('',(39.,41.,22.5));
#15534=CARTESIAN_POINT('',(39.,41.,22.5));
#15535=CARTESIAN_POINT('',(39.,41.,22.5));
#15536=CARTESIAN_POINT('',(39.,41.,2.5));
#15537=CARTESIAN_POINT('',(39.,41.,22.5));
#15538=CARTESIAN_POINT('',(0.,0.,22.5));
#15539=CARTESIAN_POINT('',(0.,0.,2.5));
#15540=CARTESIAN_POINT('',(37.,43.,47.5));
#15541=CARTESIAN_POINT('',(37.,43.,27.5));
#15542=CARTESIAN_POINT('',(37.,43.,27.5));
#15543=CARTESIAN_POINT('',(34.5,43.,27.5));
#15544=CARTESIAN_POINT('',(37.,43.,47.5));
#15545=CARTESIAN_POINT('',(37.,43.,47.5));
#15546=CARTESIAN_POINT('',(37.,43.,47.5));
#15547=CARTESIAN_POINT('',(34.5,43.,47.5));
#15548=CARTESIAN_POINT('',(34.5,43.,47.5));
#15549=CARTESIAN_POINT('',(34.5,43.,47.5));
#15550=CARTESIAN_POINT('',(34.5,43.,27.5));
#15551=CARTESIAN_POINT('',(34.5,34.5,27.5));
#15552=CARTESIAN_POINT('',(34.5,43.,47.5));
#15553=CARTESIAN_POINT('',(34.5,34.5,47.5));
#15554=CARTESIAN_POINT('',(34.5,34.5,47.5));
#15555=CARTESIAN_POINT('',(34.5,34.5,47.5));
#15556=CARTESIAN_POINT('',(34.5,34.5,27.5));
#15557=CARTESIAN_POINT('',(34.5,34.5,47.5));
#15558=CARTESIAN_POINT('',(45.5,44.5,47.5));
#15559=CARTESIAN_POINT('',(45.5,44.5,27.5));
#15560=CARTESIAN_POINT('',(43.5,43.,27.5));
#15561=CARTESIAN_POINT('',(45.5,44.5,47.5));
#15562=CARTESIAN_POINT('',(43.5,43.,47.5));
#15563=CARTESIAN_POINT('',(43.5,43.,47.5));
#15564=CARTESIAN_POINT('',(43.5,43.,47.5));
#15565=CARTESIAN_POINT('',(43.5,43.,27.5));
#15566=CARTESIAN_POINT('',(41.5,43.,27.5));
#15567=CARTESIAN_POINT('',(43.5,43.,47.5));
#15568=CARTESIAN_POINT('',(41.5,43.,47.5));
#15569=CARTESIAN_POINT('',(41.5,43.,47.5));
#15570=CARTESIAN_POINT('',(41.5,43.,47.5));
#15571=CARTESIAN_POINT('',(41.5,43.,27.5));
#15572=CARTESIAN_POINT('',(39.5,41.,27.5));
#15573=CARTESIAN_POINT('',(41.5,43.,47.5));
#15574=CARTESIAN_POINT('',(39.5,41.,47.5));
#15575=CARTESIAN_POINT('',(39.5,41.,47.5));
#15576=CARTESIAN_POINT('',(39.5,41.,47.5));
#15577=CARTESIAN_POINT('',(39.5,41.,27.5));
#15578=CARTESIAN_POINT('',(39.,41.,27.5));
#15579=CARTESIAN_POINT('',(39.5,41.,47.5));
#15580=CARTESIAN_POINT('',(39.,41.,47.5));
#15581=CARTESIAN_POINT('',(39.,41.,47.5));
#15582=CARTESIAN_POINT('',(39.,41.,47.5));
#15583=CARTESIAN_POINT('',(39.,41.,27.5));
#15584=CARTESIAN_POINT('',(39.,41.,47.5));
#15585=CARTESIAN_POINT('',(0.,0.,47.5));
#15586=CARTESIAN_POINT('',(0.,0.,27.5));
#15587=CARTESIAN_POINT('',(37.,43.,72.5));
#15588=CARTESIAN_POINT('',(37.,43.,52.5));
#15589=CARTESIAN_POINT('',(37.,43.,52.5));
#15590=CARTESIAN_POINT('',(34.5,43.,52.5));
#15591=CARTESIAN_POINT('',(37.,43.,72.5));
#15592=CARTESIAN_POINT('',(37.,43.,72.5));
#15593=CARTESIAN_POINT('',(37.,43.,72.5));
#15594=CARTESIAN_POINT('',(34.5,43.,72.5));
#15595=CARTESIAN_POINT('',(34.5,43.,72.5));
#15596=CARTESIAN_POINT('',(34.5,43.,72.5));
#15597=CARTESIAN_POINT('',(34.5,43.,52.5));
#15598=CARTESIAN_POINT('',(34.5,34.5,52.5));
#15599=CARTESIAN_POINT('',(34.5,43.,72.5));
#15600=CARTESIAN_POINT('',(34.5,34.5,72.5));
#15601=CARTESIAN_POINT('',(34.5,34.5,72.5));
#15602=CARTESIAN_POINT('',(34.5,34.5,72.5));
#15603=CARTESIAN_POINT('',(34.5,34.5,52.5));
#15604=CARTESIAN_POINT('',(34.5,34.5,72.5));
#15605=CARTESIAN_POINT('',(45.5,44.5,72.5));
#15606=CARTESIAN_POINT('',(45.5,44.5,52.5));
#15607=CARTESIAN_POINT('',(43.5,43.,52.5));
#15608=CARTESIAN_POINT('',(45.5,44.5,72.5));
#15609=CARTESIAN_POINT('',(43.5,43.,72.5));
#15610=CARTESIAN_POINT('',(43.5,43.,72.5));
#15611=CARTESIAN_POINT('',(43.5,43.,72.5));
#15612=CARTESIAN_POINT('',(43.5,43.,52.5));
#15613=CARTESIAN_POINT('',(41.5,43.,52.5));
#15614=CARTESIAN_POINT('',(43.5,43.,72.5));
#15615=CARTESIAN_POINT('',(41.5,43.,72.5));
#15616=CARTESIAN_POINT('',(41.5,43.,72.5));
#15617=CARTESIAN_POINT('',(41.5,43.,72.5));
#15618=CARTESIAN_POINT('',(41.5,43.,52.5));
#15619=CARTESIAN_POINT('',(39.5,41.,52.5));
#15620=CARTESIAN_POINT('',(41.5,43.,72.5));
#15621=CARTESIAN_POINT('',(39.5,41.,72.5));
#15622=CARTESIAN_POINT('',(39.5,41.,72.5));
#15623=CARTESIAN_POINT('',(39.5,41.,72.5));
#15624=CARTESIAN_POINT('',(39.5,41.,52.5));
#15625=CARTESIAN_POINT('',(39.,41.,52.5));
#15626=CARTESIAN_POINT('',(39.5,41.,72.5));
#15627=CARTESIAN_POINT('',(39.,41.,72.5));
#15628=CARTESIAN_POINT('',(39.,41.,72.5));
#15629=CARTESIAN_POINT('',(39.,41.,72.5));
#15630=CARTESIAN_POINT('',(39.,41.,52.5));
#15631=CARTESIAN_POINT('',(39.,41.,72.5));
#15632=CARTESIAN_POINT('',(0.,0.,72.5));
#15633=CARTESIAN_POINT('',(0.,0.,52.5));
#15634=CARTESIAN_POINT('',(37.,43.,122.5));
#15635=CARTESIAN_POINT('',(37.,43.,102.5));
#15636=CARTESIAN_POINT('',(37.,43.,102.5));
#15637=CARTESIAN_POINT('',(34.5,43.,102.5));
#15638=CARTESIAN_POINT('',(37.,43.,122.5));
#15639=CARTESIAN_POINT('',(37.,43.,122.5));
#15640=CARTESIAN_POINT('',(37.,43.,122.5));
#15641=CARTESIAN_POINT('',(34.5,43.,122.5));
#15642=CARTESIAN_POINT('',(34.5,43.,122.5));
#15643=CARTESIAN_POINT('',(34.5,43.,122.5));
#15644=CARTESIAN_POINT('',(34.5,43.,102.5));
#15645=CARTESIAN_POINT('',(34.5,34.5,102.5));
#15646=CARTESIAN_POINT('',(34.5,43.,122.5));
#15647=CARTESIAN_POINT('',(34.5,34.5,122.5));
#15648=CARTESIAN_POINT('',(34.5,34.5,122.5));
#15649=CARTESIAN_POINT('',(34.5,34.5,122.5));
#15650=CARTESIAN_POINT('',(34.5,34.5,102.5));
#15651=CARTESIAN_POINT('',(34.5,34.5,122.5));
#15652=CARTESIAN_POINT('',(45.5,44.5,122.5));
#15653=CARTESIAN_POINT('',(45.5,44.5,102.5));
#15654=CARTESIAN_POINT('',(43.5,43.,102.5));
#15655=CARTESIAN_POINT('',(45.5,44.5,122.5));
#15656=CARTESIAN_POINT('',(43.5,43.,122.5));
#15657=CARTESIAN_POINT('',(43.5,43.,122.5));
#15658=CARTESIAN_POINT('',(43.5,43.,122.5));
#15659=CARTESIAN_POINT('',(43.5,43.,102.5));
#15660=CARTESIAN_POINT('',(41.5,43.,102.5));
#15661=CARTESIAN_POINT('',(43.5,43.,122.5));
#15662=CARTESIAN_POINT('',(41.5,43.,122.5));
#15663=CARTESIAN_POINT('',(41.5,43.,122.5));
#15664=CARTESIAN_POINT('',(41.5,43.,122.5));
#15665=CARTESIAN_POINT('',(41.5,43.,102.5));
#15666=CARTESIAN_POINT('',(39.5,41.,102.5));
#15667=CARTESIAN_POINT('',(41.5,43.,122.5));
#15668=CARTESIAN_POINT('',(39.5,41.,122.5));
#15669=CARTESIAN_POINT('',(39.5,41.,122.5));
#15670=CARTESIAN_POINT('',(39.5,41.,122.5));
#15671=CARTESIAN_POINT('',(39.5,41.,102.5));
#15672=CARTESIAN_POINT('',(39.,41.,102.5));
#15673=CARTESIAN_POINT('',(39.5,41.,122.5));
#15674=CARTESIAN_POINT('',(39.,41.,122.5));
#15675=CARTESIAN_POINT('',(39.,41.,122.5));
#15676=CARTESIAN_POINT('',(39.,41.,122.5));
#15677=CARTESIAN_POINT('',(39.,41.,102.5));
#15678=CARTESIAN_POINT('',(39.,41.,122.5));
#15679=CARTESIAN_POINT('',(0.,0.,122.5));
#15680=CARTESIAN_POINT('',(0.,0.,102.5));
#15681=CARTESIAN_POINT('',(37.,43.,97.5));
#15682=CARTESIAN_POINT('',(37.,43.,77.5));
#15683=CARTESIAN_POINT('',(37.,43.,77.5));
#15684=CARTESIAN_POINT('',(34.5,43.,77.5));
#15685=CARTESIAN_POINT('',(37.,43.,97.5));
#15686=CARTESIAN_POINT('',(37.,43.,97.5));
#15687=CARTESIAN_POINT('',(37.,43.,97.5));
#15688=CARTESIAN_POINT('',(34.5,43.,97.5));
#15689=CARTESIAN_POINT('',(34.5,43.,97.5));
#15690=CARTESIAN_POINT('',(34.5,43.,97.5));
#15691=CARTESIAN_POINT('',(34.5,43.,77.5));
#15692=CARTESIAN_POINT('',(34.5,34.5,77.5));
#15693=CARTESIAN_POINT('',(34.5,43.,97.5));
#15694=CARTESIAN_POINT('',(34.5,34.5,97.5));
#15695=CARTESIAN_POINT('',(34.5,34.5,97.5));
#15696=CARTESIAN_POINT('',(34.5,34.5,97.5));
#15697=CARTESIAN_POINT('',(34.5,34.5,77.5));
#15698=CARTESIAN_POINT('',(34.5,34.5,97.5));
#15699=CARTESIAN_POINT('',(45.5,44.5,97.5));
#15700=CARTESIAN_POINT('',(45.5,44.5,77.5));
#15701=CARTESIAN_POINT('',(43.5,43.,77.5));
#15702=CARTESIAN_POINT('',(45.5,44.5,97.5));
#15703=CARTESIAN_POINT('',(43.5,43.,97.5));
#15704=CARTESIAN_POINT('',(43.5,43.,97.5));
#15705=CARTESIAN_POINT('',(43.5,43.,97.5));
#15706=CARTESIAN_POINT('',(43.5,43.,77.5));
#15707=CARTESIAN_POINT('',(41.5,43.,77.5));
#15708=CARTESIAN_POINT('',(43.5,43.,97.5));
#15709=CARTESIAN_POINT('',(41.5,43.,97.5));
#15710=CARTESIAN_POINT('',(41.5,43.,97.5));
#15711=CARTESIAN_POINT('',(41.5,43.,97.5));
#15712=CARTESIAN_POINT('',(41.5,43.,77.5));
#15713=CARTESIAN_POINT('',(39.5,41.,77.5));
#15714=CARTESIAN_POINT('',(41.5,43.,97.5));
#15715=CARTESIAN_POINT('',(39.5,41.,97.5));
#15716=CARTESIAN_POINT('',(39.5,41.,97.5));
#15717=CARTESIAN_POINT('',(39.5,41.,97.5));
#15718=CARTESIAN_POINT('',(39.5,41.,77.5));
#15719=CARTESIAN_POINT('',(39.,41.,77.5));
#15720=CARTESIAN_POINT('',(39.5,41.,97.5));
#15721=CARTESIAN_POINT('',(39.,41.,97.5));
#15722=CARTESIAN_POINT('',(39.,41.,97.5));
#15723=CARTESIAN_POINT('',(39.,41.,97.5));
#15724=CARTESIAN_POINT('',(39.,41.,77.5));
#15725=CARTESIAN_POINT('',(39.,41.,97.5));
#15726=CARTESIAN_POINT('',(0.,0.,97.5));
#15727=CARTESIAN_POINT('',(0.,0.,77.5));
#15728=CARTESIAN_POINT('',(-43.5,43.,22.5));
#15729=CARTESIAN_POINT('',(-43.5,43.,2.5));
#15730=CARTESIAN_POINT('',(-43.5,43.,2.5));
#15731=CARTESIAN_POINT('',(-43.5,43.,22.5));
#15732=CARTESIAN_POINT('',(-43.5,43.,22.5));
#15733=CARTESIAN_POINT('',(-43.5,43.,22.5));
#15734=CARTESIAN_POINT('',(-45.5,34.5,22.5));
#15735=CARTESIAN_POINT('',(-45.5,34.5,2.5));
#15736=CARTESIAN_POINT('',(-34.5,34.5,2.5));
#15737=CARTESIAN_POINT('',(-45.5,34.5,22.5));
#15738=CARTESIAN_POINT('',(-34.5,34.5,22.5));
#15739=CARTESIAN_POINT('',(-34.5,34.5,22.5));
#15740=CARTESIAN_POINT('',(-34.5,34.5,22.5));
#15741=CARTESIAN_POINT('',(-34.5,34.5,2.5));
#15742=CARTESIAN_POINT('',(-34.5,43.,2.5));
#15743=CARTESIAN_POINT('',(-34.5,34.5,22.5));
#15744=CARTESIAN_POINT('',(-34.5,43.,22.5));
#15745=CARTESIAN_POINT('',(-34.5,43.,22.5));
#15746=CARTESIAN_POINT('',(-34.5,43.,22.5));
#15747=CARTESIAN_POINT('',(-34.5,43.,2.5));
#15748=CARTESIAN_POINT('',(-37.,43.,2.5));
#15749=CARTESIAN_POINT('',(-34.5,43.,22.5));
#15750=CARTESIAN_POINT('',(-37.,43.,22.5));
#15751=CARTESIAN_POINT('',(-37.,43.,22.5));
#15752=CARTESIAN_POINT('',(-37.,43.,22.5));
#15753=CARTESIAN_POINT('',(-37.,43.,2.5));
#15754=CARTESIAN_POINT('',(-39.,41.,2.5));
#15755=CARTESIAN_POINT('',(-37.,43.,22.5));
#15756=CARTESIAN_POINT('',(-39.,41.,22.5));
#15757=CARTESIAN_POINT('',(-39.,41.,22.5));
#15758=CARTESIAN_POINT('',(-39.,41.,22.5));
#15759=CARTESIAN_POINT('',(-39.,41.,2.5));
#15760=CARTESIAN_POINT('',(-39.5,41.,2.5));
#15761=CARTESIAN_POINT('',(-39.,41.,22.5));
#15762=CARTESIAN_POINT('',(-39.5,41.,22.5));
#15763=CARTESIAN_POINT('',(-39.5,41.,22.5));
#15764=CARTESIAN_POINT('',(-39.5,41.,22.5));
#15765=CARTESIAN_POINT('',(-39.5,41.,2.5));
#15766=CARTESIAN_POINT('',(-41.5,43.,2.5));
#15767=CARTESIAN_POINT('',(-39.5,41.,22.5));
#15768=CARTESIAN_POINT('',(-41.5,43.,22.5));
#15769=CARTESIAN_POINT('',(-41.5,43.,22.5));
#15770=CARTESIAN_POINT('',(-41.5,43.,22.5));
#15771=CARTESIAN_POINT('',(-41.5,43.,2.5));
#15772=CARTESIAN_POINT('',(-41.5,43.,22.5));
#15773=CARTESIAN_POINT('',(0.,0.,22.5));
#15774=CARTESIAN_POINT('',(0.,0.,2.5));
#15775=CARTESIAN_POINT('',(-43.5,43.,47.5));
#15776=CARTESIAN_POINT('',(-43.5,43.,27.5));
#15777=CARTESIAN_POINT('',(-43.5,43.,27.5));
#15778=CARTESIAN_POINT('',(-43.5,43.,47.5));
#15779=CARTESIAN_POINT('',(-43.5,43.,47.5));
#15780=CARTESIAN_POINT('',(-43.5,43.,47.5));
#15781=CARTESIAN_POINT('',(-45.5,34.5,47.5));
#15782=CARTESIAN_POINT('',(-45.5,34.5,27.5));
#15783=CARTESIAN_POINT('',(-34.5,34.5,27.5));
#15784=CARTESIAN_POINT('',(-45.5,34.5,47.5));
#15785=CARTESIAN_POINT('',(-34.5,34.5,47.5));
#15786=CARTESIAN_POINT('',(-34.5,34.5,47.5));
#15787=CARTESIAN_POINT('',(-34.5,34.5,47.5));
#15788=CARTESIAN_POINT('',(-34.5,34.5,27.5));
#15789=CARTESIAN_POINT('',(-34.5,43.,27.5));
#15790=CARTESIAN_POINT('',(-34.5,34.5,47.5));
#15791=CARTESIAN_POINT('',(-34.5,43.,47.5));
#15792=CARTESIAN_POINT('',(-34.5,43.,47.5));
#15793=CARTESIAN_POINT('',(-34.5,43.,47.5));
#15794=CARTESIAN_POINT('',(-34.5,43.,27.5));
#15795=CARTESIAN_POINT('',(-37.,43.,27.5));
#15796=CARTESIAN_POINT('',(-34.5,43.,47.5));
#15797=CARTESIAN_POINT('',(-37.,43.,47.5));
#15798=CARTESIAN_POINT('',(-37.,43.,47.5));
#15799=CARTESIAN_POINT('',(-37.,43.,47.5));
#15800=CARTESIAN_POINT('',(-37.,43.,27.5));
#15801=CARTESIAN_POINT('',(-39.,41.,27.5));
#15802=CARTESIAN_POINT('',(-37.,43.,47.5));
#15803=CARTESIAN_POINT('',(-39.,41.,47.5));
#15804=CARTESIAN_POINT('',(-39.,41.,47.5));
#15805=CARTESIAN_POINT('',(-39.,41.,47.5));
#15806=CARTESIAN_POINT('',(-39.,41.,27.5));
#15807=CARTESIAN_POINT('',(-39.5,41.,27.5));
#15808=CARTESIAN_POINT('',(-39.,41.,47.5));
#15809=CARTESIAN_POINT('',(-39.5,41.,47.5));
#15810=CARTESIAN_POINT('',(-39.5,41.,47.5));
#15811=CARTESIAN_POINT('',(-39.5,41.,47.5));
#15812=CARTESIAN_POINT('',(-39.5,41.,27.5));
#15813=CARTESIAN_POINT('',(-41.5,43.,27.5));
#15814=CARTESIAN_POINT('',(-39.5,41.,47.5));
#15815=CARTESIAN_POINT('',(-41.5,43.,47.5));
#15816=CARTESIAN_POINT('',(-41.5,43.,47.5));
#15817=CARTESIAN_POINT('',(-41.5,43.,47.5));
#15818=CARTESIAN_POINT('',(-41.5,43.,27.5));
#15819=CARTESIAN_POINT('',(-41.5,43.,47.5));
#15820=CARTESIAN_POINT('',(0.,0.,47.5));
#15821=CARTESIAN_POINT('',(0.,0.,27.5));
#15822=CARTESIAN_POINT('',(-43.5,43.,72.5));
#15823=CARTESIAN_POINT('',(-43.5,43.,52.5));
#15824=CARTESIAN_POINT('',(-43.5,43.,52.5));
#15825=CARTESIAN_POINT('',(-43.5,43.,72.5));
#15826=CARTESIAN_POINT('',(-43.5,43.,72.5));
#15827=CARTESIAN_POINT('',(-43.5,43.,72.5));
#15828=CARTESIAN_POINT('',(-45.5,34.5,72.5));
#15829=CARTESIAN_POINT('',(-45.5,34.5,52.5));
#15830=CARTESIAN_POINT('',(-34.5,34.5,52.5));
#15831=CARTESIAN_POINT('',(-45.5,34.5,72.5));
#15832=CARTESIAN_POINT('',(-34.5,34.5,72.5));
#15833=CARTESIAN_POINT('',(-34.5,34.5,72.5));
#15834=CARTESIAN_POINT('',(-34.5,34.5,72.5));
#15835=CARTESIAN_POINT('',(-34.5,34.5,52.5));
#15836=CARTESIAN_POINT('',(-34.5,43.,52.5));
#15837=CARTESIAN_POINT('',(-34.5,34.5,72.5));
#15838=CARTESIAN_POINT('',(-34.5,43.,72.5));
#15839=CARTESIAN_POINT('',(-34.5,43.,72.5));
#15840=CARTESIAN_POINT('',(-34.5,43.,72.5));
#15841=CARTESIAN_POINT('',(-34.5,43.,52.5));
#15842=CARTESIAN_POINT('',(-37.,43.,52.5));
#15843=CARTESIAN_POINT('',(-34.5,43.,72.5));
#15844=CARTESIAN_POINT('',(-37.,43.,72.5));
#15845=CARTESIAN_POINT('',(-37.,43.,72.5));
#15846=CARTESIAN_POINT('',(-37.,43.,72.5));
#15847=CARTESIAN_POINT('',(-37.,43.,52.5));
#15848=CARTESIAN_POINT('',(-39.,41.,52.5));
#15849=CARTESIAN_POINT('',(-37.,43.,72.5));
#15850=CARTESIAN_POINT('',(-39.,41.,72.5));
#15851=CARTESIAN_POINT('',(-39.,41.,72.5));
#15852=CARTESIAN_POINT('',(-39.,41.,72.5));
#15853=CARTESIAN_POINT('',(-39.,41.,52.5));
#15854=CARTESIAN_POINT('',(-39.5,41.,52.5));
#15855=CARTESIAN_POINT('',(-39.,41.,72.5));
#15856=CARTESIAN_POINT('',(-39.5,41.,72.5));
#15857=CARTESIAN_POINT('',(-39.5,41.,72.5));
#15858=CARTESIAN_POINT('',(-39.5,41.,72.5));
#15859=CARTESIAN_POINT('',(-39.5,41.,52.5));
#15860=CARTESIAN_POINT('',(-41.5,43.,52.5));
#15861=CARTESIAN_POINT('',(-39.5,41.,72.5));
#15862=CARTESIAN_POINT('',(-41.5,43.,72.5));
#15863=CARTESIAN_POINT('',(-41.5,43.,72.5));
#15864=CARTESIAN_POINT('',(-41.5,43.,72.5));
#15865=CARTESIAN_POINT('',(-41.5,43.,52.5));
#15866=CARTESIAN_POINT('',(-41.5,43.,72.5));
#15867=CARTESIAN_POINT('',(0.,0.,72.5));
#15868=CARTESIAN_POINT('',(0.,0.,52.5));
#15869=CARTESIAN_POINT('',(-43.5,43.,122.5));
#15870=CARTESIAN_POINT('',(-43.5,43.,102.5));
#15871=CARTESIAN_POINT('',(-43.5,43.,102.5));
#15872=CARTESIAN_POINT('',(-43.5,43.,122.5));
#15873=CARTESIAN_POINT('',(-43.5,43.,122.5));
#15874=CARTESIAN_POINT('',(-43.5,43.,122.5));
#15875=CARTESIAN_POINT('',(-45.5,34.5,122.5));
#15876=CARTESIAN_POINT('',(-45.5,34.5,102.5));
#15877=CARTESIAN_POINT('',(-34.5,34.5,102.5));
#15878=CARTESIAN_POINT('',(-45.5,34.5,122.5));
#15879=CARTESIAN_POINT('',(-34.5,34.5,122.5));
#15880=CARTESIAN_POINT('',(-34.5,34.5,122.5));
#15881=CARTESIAN_POINT('',(-34.5,34.5,122.5));
#15882=CARTESIAN_POINT('',(-34.5,34.5,102.5));
#15883=CARTESIAN_POINT('',(-34.5,43.,102.5));
#15884=CARTESIAN_POINT('',(-34.5,34.5,122.5));
#15885=CARTESIAN_POINT('',(-34.5,43.,122.5));
#15886=CARTESIAN_POINT('',(-34.5,43.,122.5));
#15887=CARTESIAN_POINT('',(-34.5,43.,122.5));
#15888=CARTESIAN_POINT('',(-34.5,43.,102.5));
#15889=CARTESIAN_POINT('',(-37.,43.,102.5));
#15890=CARTESIAN_POINT('',(-34.5,43.,122.5));
#15891=CARTESIAN_POINT('',(-37.,43.,122.5));
#15892=CARTESIAN_POINT('',(-37.,43.,122.5));
#15893=CARTESIAN_POINT('',(-37.,43.,122.5));
#15894=CARTESIAN_POINT('',(-37.,43.,102.5));
#15895=CARTESIAN_POINT('',(-39.,41.,102.5));
#15896=CARTESIAN_POINT('',(-37.,43.,122.5));
#15897=CARTESIAN_POINT('',(-39.,41.,122.5));
#15898=CARTESIAN_POINT('',(-39.,41.,122.5));
#15899=CARTESIAN_POINT('',(-39.,41.,122.5));
#15900=CARTESIAN_POINT('',(-39.,41.,102.5));
#15901=CARTESIAN_POINT('',(-39.5,41.,102.5));
#15902=CARTESIAN_POINT('',(-39.,41.,122.5));
#15903=CARTESIAN_POINT('',(-39.5,41.,122.5));
#15904=CARTESIAN_POINT('',(-39.5,41.,122.5));
#15905=CARTESIAN_POINT('',(-39.5,41.,122.5));
#15906=CARTESIAN_POINT('',(-39.5,41.,102.5));
#15907=CARTESIAN_POINT('',(-41.5,43.,102.5));
#15908=CARTESIAN_POINT('',(-39.5,41.,122.5));
#15909=CARTESIAN_POINT('',(-41.5,43.,122.5));
#15910=CARTESIAN_POINT('',(-41.5,43.,122.5));
#15911=CARTESIAN_POINT('',(-41.5,43.,122.5));
#15912=CARTESIAN_POINT('',(-41.5,43.,102.5));
#15913=CARTESIAN_POINT('',(-41.5,43.,122.5));
#15914=CARTESIAN_POINT('',(0.,0.,122.5));
#15915=CARTESIAN_POINT('',(0.,0.,102.5));
#15916=CARTESIAN_POINT('',(-43.5,43.,97.5));
#15917=CARTESIAN_POINT('',(-43.5,43.,77.5));
#15918=CARTESIAN_POINT('',(-43.5,43.,77.5));
#15919=CARTESIAN_POINT('',(-43.5,43.,97.5));
#15920=CARTESIAN_POINT('',(-43.5,43.,97.5));
#15921=CARTESIAN_POINT('',(-43.5,43.,97.5));
#15922=CARTESIAN_POINT('',(-45.5,34.5,97.5));
#15923=CARTESIAN_POINT('',(-45.5,34.5,77.5));
#15924=CARTESIAN_POINT('',(-34.5,34.5,77.5));
#15925=CARTESIAN_POINT('',(-45.5,34.5,97.5));
#15926=CARTESIAN_POINT('',(-34.5,34.5,97.5));
#15927=CARTESIAN_POINT('',(-34.5,34.5,97.5));
#15928=CARTESIAN_POINT('',(-34.5,34.5,97.5));
#15929=CARTESIAN_POINT('',(-34.5,34.5,77.5));
#15930=CARTESIAN_POINT('',(-34.5,43.,77.5));
#15931=CARTESIAN_POINT('',(-34.5,34.5,97.5));
#15932=CARTESIAN_POINT('',(-34.5,43.,97.5));
#15933=CARTESIAN_POINT('',(-34.5,43.,97.5));
#15934=CARTESIAN_POINT('',(-34.5,43.,97.5));
#15935=CARTESIAN_POINT('',(-34.5,43.,77.5));
#15936=CARTESIAN_POINT('',(-37.,43.,77.5));
#15937=CARTESIAN_POINT('',(-34.5,43.,97.5));
#15938=CARTESIAN_POINT('',(-37.,43.,97.5));
#15939=CARTESIAN_POINT('',(-37.,43.,97.5));
#15940=CARTESIAN_POINT('',(-37.,43.,97.5));
#15941=CARTESIAN_POINT('',(-37.,43.,77.5));
#15942=CARTESIAN_POINT('',(-39.,41.,77.5));
#15943=CARTESIAN_POINT('',(-37.,43.,97.5));
#15944=CARTESIAN_POINT('',(-39.,41.,97.5));
#15945=CARTESIAN_POINT('',(-39.,41.,97.5));
#15946=CARTESIAN_POINT('',(-39.,41.,97.5));
#15947=CARTESIAN_POINT('',(-39.,41.,77.5));
#15948=CARTESIAN_POINT('',(-39.5,41.,77.5));
#15949=CARTESIAN_POINT('',(-39.,41.,97.5));
#15950=CARTESIAN_POINT('',(-39.5,41.,97.5));
#15951=CARTESIAN_POINT('',(-39.5,41.,97.5));
#15952=CARTESIAN_POINT('',(-39.5,41.,97.5));
#15953=CARTESIAN_POINT('',(-39.5,41.,77.5));
#15954=CARTESIAN_POINT('',(-41.5,43.,77.5));
#15955=CARTESIAN_POINT('',(-39.5,41.,97.5));
#15956=CARTESIAN_POINT('',(-41.5,43.,97.5));
#15957=CARTESIAN_POINT('',(-41.5,43.,97.5));
#15958=CARTESIAN_POINT('',(-41.5,43.,97.5));
#15959=CARTESIAN_POINT('',(-41.5,43.,77.5));
#15960=CARTESIAN_POINT('',(-41.5,43.,97.5));
#15961=CARTESIAN_POINT('',(0.,0.,97.5));
#15962=CARTESIAN_POINT('',(0.,0.,77.5));
#15963=CARTESIAN_POINT('',(47.8390435201305,34.5,23.5));
#15964=CARTESIAN_POINT('',(47.8390435201305,34.5,23.5));
#15965=CARTESIAN_POINT('',(34.5,29.644985205091,23.5));
#15966=CARTESIAN_POINT('',(34.5,29.644985205091,23.5));
#15967=CARTESIAN_POINT('',(34.5,29.644985205091,1.5));
#15968=CARTESIAN_POINT('',(47.8390435201305,34.5,1.5));
#15969=CARTESIAN_POINT('',(0.,0.,23.5));
#15970=CARTESIAN_POINT('',(34.5,17.,23.5));
#15971=CARTESIAN_POINT('',(34.5,17.,23.5));
#15972=CARTESIAN_POINT('',(34.5,29.644985205091,23.5));
#15973=CARTESIAN_POINT('',(0.,0.,1.5));
#15974=CARTESIAN_POINT('',(34.5,29.644985205091,1.5));
#15975=CARTESIAN_POINT('',(34.5,17.,1.5));
#15976=CARTESIAN_POINT('',(34.5,17.,1.5));
#15977=CARTESIAN_POINT('',(34.5,29.644985205091,23.5));
#15978=CARTESIAN_POINT('',(34.5,17.,23.5));
#15979=CARTESIAN_POINT('',(34.5,17.,23.5));
#15980=CARTESIAN_POINT('',(47.8390435201305,34.5,48.5));
#15981=CARTESIAN_POINT('',(47.8390435201305,34.5,48.5));
#15982=CARTESIAN_POINT('',(34.5,29.644985205091,48.5));
#15983=CARTESIAN_POINT('',(34.5,29.644985205091,48.5));
#15984=CARTESIAN_POINT('',(34.5,29.644985205091,26.5));
#15985=CARTESIAN_POINT('',(47.8390435201305,34.5,26.5));
#15986=CARTESIAN_POINT('',(0.,0.,48.5));
#15987=CARTESIAN_POINT('',(34.5,17.,48.5));
#15988=CARTESIAN_POINT('',(34.5,17.,48.5));
#15989=CARTESIAN_POINT('',(34.5,29.644985205091,48.5));
#15990=CARTESIAN_POINT('',(0.,0.,26.5));
#15991=CARTESIAN_POINT('',(34.5,29.644985205091,26.5));
#15992=CARTESIAN_POINT('',(34.5,17.,26.5));
#15993=CARTESIAN_POINT('',(34.5,17.,26.5));
#15994=CARTESIAN_POINT('',(34.5,29.644985205091,48.5));
#15995=CARTESIAN_POINT('',(34.5,17.,48.5));
#15996=CARTESIAN_POINT('',(34.5,17.,48.5));
#15997=CARTESIAN_POINT('',(47.8390435201305,34.5,73.5));
#15998=CARTESIAN_POINT('',(47.8390435201305,34.5,73.5));
#15999=CARTESIAN_POINT('',(34.5,29.644985205091,73.5));
#16000=CARTESIAN_POINT('',(34.5,29.644985205091,73.5));
#16001=CARTESIAN_POINT('',(34.5,29.644985205091,51.5));
#16002=CARTESIAN_POINT('',(47.8390435201305,34.5,51.5));
#16003=CARTESIAN_POINT('',(0.,0.,73.5));
#16004=CARTESIAN_POINT('',(34.5,17.,73.5));
#16005=CARTESIAN_POINT('',(34.5,17.,73.5));
#16006=CARTESIAN_POINT('',(34.5,29.644985205091,73.5));
#16007=CARTESIAN_POINT('',(0.,0.,51.5));
#16008=CARTESIAN_POINT('',(34.5,29.644985205091,51.5));
#16009=CARTESIAN_POINT('',(34.5,17.,51.5));
#16010=CARTESIAN_POINT('',(34.5,17.,51.5));
#16011=CARTESIAN_POINT('',(34.5,29.644985205091,73.5));
#16012=CARTESIAN_POINT('',(34.5,17.,73.5));
#16013=CARTESIAN_POINT('',(34.5,17.,73.5));
#16014=CARTESIAN_POINT('',(47.8390435201305,34.5,123.5));
#16015=CARTESIAN_POINT('',(47.8390435201305,34.5,123.5));
#16016=CARTESIAN_POINT('',(34.5,29.644985205091,123.5));
#16017=CARTESIAN_POINT('',(34.5,29.644985205091,123.5));
#16018=CARTESIAN_POINT('',(34.5,29.644985205091,101.5));
#16019=CARTESIAN_POINT('',(47.8390435201305,34.5,101.5));
#16020=CARTESIAN_POINT('',(0.,0.,123.5));
#16021=CARTESIAN_POINT('',(34.5,17.,123.5));
#16022=CARTESIAN_POINT('',(34.5,17.,123.5));
#16023=CARTESIAN_POINT('',(34.5,29.644985205091,123.5));
#16024=CARTESIAN_POINT('',(0.,0.,101.5));
#16025=CARTESIAN_POINT('',(34.5,29.644985205091,101.5));
#16026=CARTESIAN_POINT('',(34.5,17.,101.5));
#16027=CARTESIAN_POINT('',(34.5,17.,101.5));
#16028=CARTESIAN_POINT('',(34.5,29.644985205091,123.5));
#16029=CARTESIAN_POINT('',(34.5,17.,123.5));
#16030=CARTESIAN_POINT('',(34.5,17.,123.5));
#16031=CARTESIAN_POINT('',(47.8390435201305,34.5,98.5));
#16032=CARTESIAN_POINT('',(47.8390435201305,34.5,98.5));
#16033=CARTESIAN_POINT('',(34.5,29.644985205091,98.5));
#16034=CARTESIAN_POINT('',(34.5,29.644985205091,98.5));
#16035=CARTESIAN_POINT('',(34.5,29.644985205091,76.5));
#16036=CARTESIAN_POINT('',(47.8390435201305,34.5,76.5));
#16037=CARTESIAN_POINT('',(0.,0.,98.5));
#16038=CARTESIAN_POINT('',(34.5,17.,98.5));
#16039=CARTESIAN_POINT('',(34.5,17.,98.5));
#16040=CARTESIAN_POINT('',(34.5,29.644985205091,98.5));
#16041=CARTESIAN_POINT('',(0.,0.,76.5));
#16042=CARTESIAN_POINT('',(34.5,29.644985205091,76.5));
#16043=CARTESIAN_POINT('',(34.5,17.,76.5));
#16044=CARTESIAN_POINT('',(34.5,17.,76.5));
#16045=CARTESIAN_POINT('',(34.5,29.644985205091,98.5));
#16046=CARTESIAN_POINT('',(34.5,17.,98.5));
#16047=CARTESIAN_POINT('',(34.5,17.,98.5));
#16048=CARTESIAN_POINT('',(-34.5,29.144985205091,23.5));
#16049=CARTESIAN_POINT('',(-34.5,29.144985205091,1.5));
#16050=CARTESIAN_POINT('',(-34.5,29.144985205091,1.5));
#16051=CARTESIAN_POINT('',(-34.5,29.144985205091,23.5));
#16052=CARTESIAN_POINT('',(-34.5,29.144985205091,23.5));
#16053=CARTESIAN_POINT('',(-34.5,29.144985205091,23.5));
#16054=CARTESIAN_POINT('',(0.,0.,23.5));
#16055=CARTESIAN_POINT('',(-34.5,17.,23.5));
#16056=CARTESIAN_POINT('',(-34.5,17.,23.5));
#16057=CARTESIAN_POINT('',(-53.5,8.14015449505503,23.5));
#16058=CARTESIAN_POINT('',(0.,0.,1.5));
#16059=CARTESIAN_POINT('',(-53.5,8.14015449505503,1.5));
#16060=CARTESIAN_POINT('',(-34.5,17.,1.5));
#16061=CARTESIAN_POINT('',(-34.5,17.,1.5));
#16062=CARTESIAN_POINT('',(-53.5,8.14015449505503,23.5));
#16063=CARTESIAN_POINT('',(-34.5,17.,23.5));
#16064=CARTESIAN_POINT('',(-34.5,17.,23.5));
#16065=CARTESIAN_POINT('',(-34.5,29.144985205091,48.5));
#16066=CARTESIAN_POINT('',(-34.5,29.144985205091,26.5));
#16067=CARTESIAN_POINT('',(-34.5,29.144985205091,26.5));
#16068=CARTESIAN_POINT('',(-34.5,29.144985205091,48.5));
#16069=CARTESIAN_POINT('',(-34.5,29.144985205091,48.5));
#16070=CARTESIAN_POINT('',(-34.5,29.144985205091,48.5));
#16071=CARTESIAN_POINT('',(0.,0.,48.5));
#16072=CARTESIAN_POINT('',(-34.5,17.,48.5));
#16073=CARTESIAN_POINT('',(-34.5,17.,48.5));
#16074=CARTESIAN_POINT('',(-53.5,8.14015449505503,48.5));
#16075=CARTESIAN_POINT('',(0.,0.,26.5));
#16076=CARTESIAN_POINT('',(-53.5,8.14015449505503,26.5));
#16077=CARTESIAN_POINT('',(-34.5,17.,26.5));
#16078=CARTESIAN_POINT('',(-34.5,17.,26.5));
#16079=CARTESIAN_POINT('',(-53.5,8.14015449505503,48.5));
#16080=CARTESIAN_POINT('',(-34.5,17.,48.5));
#16081=CARTESIAN_POINT('',(-34.5,17.,48.5));
#16082=CARTESIAN_POINT('',(-34.5,29.144985205091,73.5));
#16083=CARTESIAN_POINT('',(-34.5,29.144985205091,51.5));
#16084=CARTESIAN_POINT('',(-34.5,29.144985205091,51.5));
#16085=CARTESIAN_POINT('',(-34.5,29.144985205091,73.5));
#16086=CARTESIAN_POINT('',(-34.5,29.144985205091,73.5));
#16087=CARTESIAN_POINT('',(-34.5,29.144985205091,73.5));
#16088=CARTESIAN_POINT('',(0.,0.,73.5));
#16089=CARTESIAN_POINT('',(-34.5,17.,73.5));
#16090=CARTESIAN_POINT('',(-34.5,17.,73.5));
#16091=CARTESIAN_POINT('',(-53.5,8.14015449505503,73.5));
#16092=CARTESIAN_POINT('',(0.,0.,51.5));
#16093=CARTESIAN_POINT('',(-53.5,8.14015449505503,51.5));
#16094=CARTESIAN_POINT('',(-34.5,17.,51.5));
#16095=CARTESIAN_POINT('',(-34.5,17.,51.5));
#16096=CARTESIAN_POINT('',(-53.5,8.14015449505503,73.5));
#16097=CARTESIAN_POINT('',(-34.5,17.,73.5));
#16098=CARTESIAN_POINT('',(-34.5,17.,73.5));
#16099=CARTESIAN_POINT('',(-34.5,29.144985205091,123.5));
#16100=CARTESIAN_POINT('',(-34.5,29.144985205091,101.5));
#16101=CARTESIAN_POINT('',(-34.5,29.144985205091,101.5));
#16102=CARTESIAN_POINT('',(-34.5,29.144985205091,123.5));
#16103=CARTESIAN_POINT('',(-34.5,29.144985205091,123.5));
#16104=CARTESIAN_POINT('',(-34.5,29.144985205091,123.5));
#16105=CARTESIAN_POINT('',(0.,0.,123.5));
#16106=CARTESIAN_POINT('',(-34.5,17.,123.5));
#16107=CARTESIAN_POINT('',(-34.5,17.,123.5));
#16108=CARTESIAN_POINT('',(-53.5,8.14015449505503,123.5));
#16109=CARTESIAN_POINT('',(0.,0.,101.5));
#16110=CARTESIAN_POINT('',(-53.5,8.14015449505503,101.5));
#16111=CARTESIAN_POINT('',(-34.5,17.,101.5));
#16112=CARTESIAN_POINT('',(-34.5,17.,101.5));
#16113=CARTESIAN_POINT('',(-53.5,8.14015449505503,123.5));
#16114=CARTESIAN_POINT('',(-34.5,17.,123.5));
#16115=CARTESIAN_POINT('',(-34.5,17.,123.5));
#16116=CARTESIAN_POINT('',(-34.5,29.144985205091,98.5));
#16117=CARTESIAN_POINT('',(-34.5,29.144985205091,76.5));
#16118=CARTESIAN_POINT('',(-34.5,29.144985205091,76.5));
#16119=CARTESIAN_POINT('',(-34.5,29.144985205091,98.5));
#16120=CARTESIAN_POINT('',(-34.5,29.144985205091,98.5));
#16121=CARTESIAN_POINT('',(-34.5,29.144985205091,98.5));
#16122=CARTESIAN_POINT('',(0.,0.,98.5));
#16123=CARTESIAN_POINT('',(-34.5,17.,98.5));
#16124=CARTESIAN_POINT('',(-34.5,17.,98.5));
#16125=CARTESIAN_POINT('',(-53.5,8.14015449505503,98.5));
#16126=CARTESIAN_POINT('',(0.,0.,76.5));
#16127=CARTESIAN_POINT('',(-53.5,8.14015449505503,76.5));
#16128=CARTESIAN_POINT('',(-34.5,17.,76.5));
#16129=CARTESIAN_POINT('',(-34.5,17.,76.5));
#16130=CARTESIAN_POINT('',(-53.5,8.14015449505503,98.5));
#16131=CARTESIAN_POINT('',(-34.5,17.,98.5));
#16132=CARTESIAN_POINT('',(-34.5,17.,98.5));
#16133=CARTESIAN_POINT('',(44.3403448788541,96.3040202025355,17.55));
#16134=CARTESIAN_POINT('',(40.8048109729213,99.8395541084683,17.55));
#16135=CARTESIAN_POINT('',(40.8048109729213,99.8395541084683,17.55));
#16136=CARTESIAN_POINT('',(40.7341002948027,99.7688434303496,17.55));
#16137=CARTESIAN_POINT('',(44.3403448788541,96.3040202025355,17.55));
#16138=CARTESIAN_POINT('',(44.3403448788541,96.3040202025355,17.55));
#16139=CARTESIAN_POINT('',(44.3403448788541,96.3040202025355,17.55));
#16140=CARTESIAN_POINT('',(44.2696342007354,96.2333095244169,17.55));
#16141=CARTESIAN_POINT('',(44.2696342007354,96.2333095244169,17.55));
#16142=CARTESIAN_POINT('',(44.2696342007354,96.2333095244169,17.15));
#16143=CARTESIAN_POINT('',(40.7341002948027,99.7688434303496,17.15));
#16144=CARTESIAN_POINT('',(40.4512575823281,99.486000717875,17.15));
#16145=CARTESIAN_POINT('',(44.2696342007354,96.2333095244169,17.15));
#16146=CARTESIAN_POINT('',(43.9867914882608,95.9504668119422,17.15));
#16147=CARTESIAN_POINT('',(43.9867914882608,95.9504668119422,17.15));
#16148=CARTESIAN_POINT('',(43.9867914882608,95.9504668119422,17.15));
#16149=CARTESIAN_POINT('',(40.451257582328,99.486000717875,17.15));
#16150=CARTESIAN_POINT('',(40.451257582328,99.486000717875,15.));
#16151=CARTESIAN_POINT('',(43.9867914882608,95.9504668119422,17.15));
#16152=CARTESIAN_POINT('',(43.9867914882608,95.9504668119422,15.));
#16153=CARTESIAN_POINT('',(43.9867914882608,95.9504668119422,15.));
#16154=CARTESIAN_POINT('',(43.9867914882608,95.9504668119422,15.));
#16155=CARTESIAN_POINT('',(40.451257582328,99.486000717875,15.));
#16156=CARTESIAN_POINT('',(39.6734401230228,98.7081832585698,15.));
#16157=CARTESIAN_POINT('',(43.9867914882608,95.9504668119422,15.));
#16158=CARTESIAN_POINT('',(43.2089740289556,95.172649352637,15.));
#16159=CARTESIAN_POINT('',(43.2089740289556,95.172649352637,15.));
#16160=CARTESIAN_POINT('',(43.2089740289556,95.172649352637,15.));
#16161=CARTESIAN_POINT('',(39.6734401230228,98.7081832585698,15.));
#16162=CARTESIAN_POINT('',(39.6734401230228,98.7081832585698,10.));
#16163=CARTESIAN_POINT('',(43.2089740289556,95.172649352637,15.));
#16164=CARTESIAN_POINT('',(43.2089740289556,95.172649352637,10.));
#16165=CARTESIAN_POINT('',(43.2089740289556,95.172649352637,10.));
#16166=CARTESIAN_POINT('',(43.2089740289556,95.172649352637,10.));
#16167=CARTESIAN_POINT('',(39.6734401230228,98.7081832585698,10.));
#16168=CARTESIAN_POINT('',(40.451257582328,99.486000717875,10.));
#16169=CARTESIAN_POINT('',(43.2089740289556,95.172649352637,10.));
#16170=CARTESIAN_POINT('',(43.9867914882608,95.9504668119422,10.));
#16171=CARTESIAN_POINT('',(43.9867914882608,95.9504668119422,10.));
#16172=CARTESIAN_POINT('',(43.9867914882608,95.9504668119422,10.));
#16173=CARTESIAN_POINT('',(40.451257582328,99.486000717875,10.));
#16174=CARTESIAN_POINT('',(40.451257582328,99.486000717875,7.85));
#16175=CARTESIAN_POINT('',(43.9867914882608,95.9504668119422,10.));
#16176=CARTESIAN_POINT('',(43.9867914882608,95.9504668119422,7.85));
#16177=CARTESIAN_POINT('',(43.9867914882608,95.9504668119422,7.85));
#16178=CARTESIAN_POINT('',(44.2696342007354,96.2333095244169,7.85));
#16179=CARTESIAN_POINT('',(40.7341002948027,99.7688434303496,7.85));
#16180=CARTESIAN_POINT('',(40.7341002948027,99.7688434303496,7.45));
#16181=CARTESIAN_POINT('',(44.2696342007354,96.2333095244169,7.85));
#16182=CARTESIAN_POINT('',(44.2696342007354,96.2333095244169,7.45));
#16183=CARTESIAN_POINT('',(44.2696342007354,96.2333095244169,7.45));
#16184=CARTESIAN_POINT('',(44.2696342007354,96.2333095244169,7.45));
#16185=CARTESIAN_POINT('',(40.7341002948027,99.7688434303496,7.45));
#16186=CARTESIAN_POINT('',(40.8048109729213,99.8395541084683,7.45));
#16187=CARTESIAN_POINT('',(44.2696342007354,96.2333095244169,7.45));
#16188=CARTESIAN_POINT('',(44.3403448788541,96.3040202025355,7.45));
#16189=CARTESIAN_POINT('',(44.3403448788541,96.3040202025355,7.45));
#16190=CARTESIAN_POINT('',(44.3403448788541,96.3040202025355,7.85));
#16191=CARTESIAN_POINT('',(40.8048109729213,99.8395541084683,7.85));
#16192=CARTESIAN_POINT('',(41.0876536853959,100.122396820943,7.85));
#16193=CARTESIAN_POINT('',(44.3403448788541,96.3040202025355,7.85));
#16194=CARTESIAN_POINT('',(44.6231875913287,96.5868629150101,7.85));
#16195=CARTESIAN_POINT('',(44.6231875913287,96.5868629150101,7.85));
#16196=CARTESIAN_POINT('',(44.6231875913287,96.5868629150101,7.85));
#16197=CARTESIAN_POINT('',(41.0876536853959,100.122396820943,7.85));
#16198=CARTESIAN_POINT('',(41.0876536853959,100.122396820943,7.95));
#16199=CARTESIAN_POINT('',(44.6231875913287,96.5868629150101,7.85));
#16200=CARTESIAN_POINT('',(44.6231875913287,96.5868629150101,7.95));
#16201=CARTESIAN_POINT('',(44.6231875913287,96.5868629150101,7.95));
#16202=CARTESIAN_POINT('',(44.6231875913287,96.5868629150101,7.95));
#16203=CARTESIAN_POINT('',(41.0876536853959,100.122396820943,7.95));
#16204=CARTESIAN_POINT('',(44.6231875913287,96.5868629150101,7.95));
#16205=CARTESIAN_POINT('',(45.1181623381593,97.0818376618407,17.05));
#16206=CARTESIAN_POINT('',(41.5826284322265,100.617371567773,17.05));
#16207=CARTESIAN_POINT('',(41.0876536853959,100.122396820943,17.05));
#16208=CARTESIAN_POINT('',(45.1181623381593,97.0818376618407,17.05));
#16209=CARTESIAN_POINT('',(44.6231875913287,96.5868629150101,17.05));
#16210=CARTESIAN_POINT('',(44.6231875913287,96.5868629150101,17.05));
#16211=CARTESIAN_POINT('',(44.6231875913287,96.5868629150101,17.05));
#16212=CARTESIAN_POINT('',(41.0876536853959,100.122396820943,17.05));
#16213=CARTESIAN_POINT('',(41.0876536853959,100.122396820943,17.15));
#16214=CARTESIAN_POINT('',(44.6231875913287,96.5868629150101,17.05));
#16215=CARTESIAN_POINT('',(44.6231875913287,96.5868629150101,17.15));
#16216=CARTESIAN_POINT('',(44.6231875913287,96.5868629150101,17.15));
#16217=CARTESIAN_POINT('',(44.3403448788541,96.3040202025355,17.15));
#16218=CARTESIAN_POINT('',(40.8048109729213,99.8395541084683,17.15));
#16219=CARTESIAN_POINT('',(44.3403448788541,96.3040202025355,17.15));
#16220=CARTESIAN_POINT('',(44.2696342007354,96.2333095244169,17.15));
#16221=CARTESIAN_POINT('',(40.7341002948027,99.7688434303496,17.15));
#16222=CARTESIAN_POINT('',(44.3403448788541,96.3040202025355,42.55));
#16223=CARTESIAN_POINT('',(40.8048109729213,99.8395541084683,42.55));
#16224=CARTESIAN_POINT('',(40.8048109729213,99.8395541084683,42.55));
#16225=CARTESIAN_POINT('',(40.7341002948027,99.7688434303496,42.55));
#16226=CARTESIAN_POINT('',(44.3403448788541,96.3040202025355,42.55));
#16227=CARTESIAN_POINT('',(44.3403448788541,96.3040202025355,42.55));
#16228=CARTESIAN_POINT('',(44.3403448788541,96.3040202025355,42.55));
#16229=CARTESIAN_POINT('',(44.2696342007354,96.2333095244169,42.55));
#16230=CARTESIAN_POINT('',(44.2696342007354,96.2333095244169,42.55));
#16231=CARTESIAN_POINT('',(44.2696342007354,96.2333095244169,42.15));
#16232=CARTESIAN_POINT('',(40.7341002948027,99.7688434303496,42.15));
#16233=CARTESIAN_POINT('',(40.4512575823281,99.486000717875,42.15));
#16234=CARTESIAN_POINT('',(44.2696342007354,96.2333095244169,42.15));
#16235=CARTESIAN_POINT('',(43.9867914882608,95.9504668119422,42.15));
#16236=CARTESIAN_POINT('',(43.9867914882608,95.9504668119422,42.15));
#16237=CARTESIAN_POINT('',(43.9867914882608,95.9504668119422,42.15));
#16238=CARTESIAN_POINT('',(40.451257582328,99.486000717875,42.15));
#16239=CARTESIAN_POINT('',(40.451257582328,99.486000717875,40.));
#16240=CARTESIAN_POINT('',(43.9867914882608,95.9504668119422,42.15));
#16241=CARTESIAN_POINT('',(43.9867914882608,95.9504668119422,40.));
#16242=CARTESIAN_POINT('',(43.9867914882608,95.9504668119422,40.));
#16243=CARTESIAN_POINT('',(43.9867914882608,95.9504668119422,40.));
#16244=CARTESIAN_POINT('',(40.451257582328,99.486000717875,40.));
#16245=CARTESIAN_POINT('',(39.6734401230228,98.7081832585698,40.));
#16246=CARTESIAN_POINT('',(43.9867914882608,95.9504668119422,40.));
#16247=CARTESIAN_POINT('',(43.2089740289556,95.172649352637,40.));
#16248=CARTESIAN_POINT('',(43.2089740289556,95.172649352637,40.));
#16249=CARTESIAN_POINT('',(43.2089740289556,95.172649352637,40.));
#16250=CARTESIAN_POINT('',(39.6734401230228,98.7081832585698,40.));
#16251=CARTESIAN_POINT('',(39.6734401230228,98.7081832585698,35.));
#16252=CARTESIAN_POINT('',(43.2089740289556,95.172649352637,40.));
#16253=CARTESIAN_POINT('',(43.2089740289556,95.172649352637,35.));
#16254=CARTESIAN_POINT('',(43.2089740289556,95.172649352637,35.));
#16255=CARTESIAN_POINT('',(43.2089740289556,95.172649352637,35.));
#16256=CARTESIAN_POINT('',(39.6734401230228,98.7081832585698,35.));
#16257=CARTESIAN_POINT('',(40.451257582328,99.486000717875,35.));
#16258=CARTESIAN_POINT('',(43.2089740289556,95.172649352637,35.));
#16259=CARTESIAN_POINT('',(43.9867914882608,95.9504668119422,35.));
#16260=CARTESIAN_POINT('',(43.9867914882608,95.9504668119422,35.));
#16261=CARTESIAN_POINT('',(43.9867914882608,95.9504668119422,35.));
#16262=CARTESIAN_POINT('',(40.451257582328,99.486000717875,35.));
#16263=CARTESIAN_POINT('',(40.451257582328,99.486000717875,32.85));
#16264=CARTESIAN_POINT('',(43.9867914882608,95.9504668119422,35.));
#16265=CARTESIAN_POINT('',(43.9867914882608,95.9504668119422,32.85));
#16266=CARTESIAN_POINT('',(43.9867914882608,95.9504668119422,32.85));
#16267=CARTESIAN_POINT('',(44.2696342007354,96.2333095244169,32.85));
#16268=CARTESIAN_POINT('',(40.7341002948027,99.7688434303496,32.85));
#16269=CARTESIAN_POINT('',(40.7341002948027,99.7688434303496,32.45));
#16270=CARTESIAN_POINT('',(44.2696342007354,96.2333095244169,32.85));
#16271=CARTESIAN_POINT('',(44.2696342007354,96.2333095244169,32.45));
#16272=CARTESIAN_POINT('',(44.2696342007354,96.2333095244169,32.45));
#16273=CARTESIAN_POINT('',(44.2696342007354,96.2333095244169,32.45));
#16274=CARTESIAN_POINT('',(40.7341002948027,99.7688434303496,32.45));
#16275=CARTESIAN_POINT('',(40.8048109729213,99.8395541084683,32.45));
#16276=CARTESIAN_POINT('',(44.2696342007354,96.2333095244169,32.45));
#16277=CARTESIAN_POINT('',(44.3403448788541,96.3040202025355,32.45));
#16278=CARTESIAN_POINT('',(44.3403448788541,96.3040202025355,32.45));
#16279=CARTESIAN_POINT('',(44.3403448788541,96.3040202025355,32.85));
#16280=CARTESIAN_POINT('',(40.8048109729213,99.8395541084683,32.85));
#16281=CARTESIAN_POINT('',(41.0876536853959,100.122396820943,32.85));
#16282=CARTESIAN_POINT('',(44.3403448788541,96.3040202025355,32.85));
#16283=CARTESIAN_POINT('',(44.6231875913287,96.5868629150101,32.85));
#16284=CARTESIAN_POINT('',(44.6231875913287,96.5868629150101,32.85));
#16285=CARTESIAN_POINT('',(44.6231875913287,96.5868629150101,32.85));
#16286=CARTESIAN_POINT('',(41.0876536853959,100.122396820943,32.85));
#16287=CARTESIAN_POINT('',(41.0876536853959,100.122396820943,32.95));
#16288=CARTESIAN_POINT('',(44.6231875913287,96.5868629150101,32.85));
#16289=CARTESIAN_POINT('',(44.6231875913287,96.5868629150101,32.95));
#16290=CARTESIAN_POINT('',(44.6231875913287,96.5868629150101,32.95));
#16291=CARTESIAN_POINT('',(44.6231875913287,96.5868629150101,32.95));
#16292=CARTESIAN_POINT('',(41.0876536853959,100.122396820943,32.95));
#16293=CARTESIAN_POINT('',(44.6231875913287,96.5868629150101,32.95));
#16294=CARTESIAN_POINT('',(45.1181623381593,97.0818376618407,42.05));
#16295=CARTESIAN_POINT('',(41.5826284322265,100.617371567773,42.05));
#16296=CARTESIAN_POINT('',(41.0876536853959,100.122396820943,42.05));
#16297=CARTESIAN_POINT('',(45.1181623381593,97.0818376618407,42.05));
#16298=CARTESIAN_POINT('',(44.6231875913287,96.5868629150101,42.05));
#16299=CARTESIAN_POINT('',(44.6231875913287,96.5868629150101,42.05));
#16300=CARTESIAN_POINT('',(44.6231875913287,96.5868629150101,42.05));
#16301=CARTESIAN_POINT('',(41.0876536853959,100.122396820943,42.05));
#16302=CARTESIAN_POINT('',(41.0876536853959,100.122396820943,42.15));
#16303=CARTESIAN_POINT('',(44.6231875913287,96.5868629150101,42.05));
#16304=CARTESIAN_POINT('',(44.6231875913287,96.5868629150101,42.15));
#16305=CARTESIAN_POINT('',(44.6231875913287,96.5868629150101,42.15));
#16306=CARTESIAN_POINT('',(44.3403448788541,96.3040202025355,42.15));
#16307=CARTESIAN_POINT('',(40.8048109729213,99.8395541084683,42.15));
#16308=CARTESIAN_POINT('',(44.3403448788541,96.3040202025355,42.15));
#16309=CARTESIAN_POINT('',(44.2696342007354,96.2333095244169,42.15));
#16310=CARTESIAN_POINT('',(40.7341002948027,99.7688434303496,42.15));
#16311=CARTESIAN_POINT('',(44.3403448788541,96.3040202025355,67.55));
#16312=CARTESIAN_POINT('',(40.8048109729213,99.8395541084683,67.55));
#16313=CARTESIAN_POINT('',(40.8048109729213,99.8395541084683,67.55));
#16314=CARTESIAN_POINT('',(40.7341002948027,99.7688434303496,67.55));
#16315=CARTESIAN_POINT('',(44.3403448788541,96.3040202025355,67.55));
#16316=CARTESIAN_POINT('',(44.3403448788541,96.3040202025355,67.55));
#16317=CARTESIAN_POINT('',(44.3403448788541,96.3040202025355,67.55));
#16318=CARTESIAN_POINT('',(44.2696342007354,96.2333095244169,67.55));
#16319=CARTESIAN_POINT('',(44.2696342007354,96.2333095244169,67.55));
#16320=CARTESIAN_POINT('',(44.2696342007354,96.2333095244169,67.15));
#16321=CARTESIAN_POINT('',(40.7341002948027,99.7688434303496,67.15));
#16322=CARTESIAN_POINT('',(40.4512575823281,99.486000717875,67.15));
#16323=CARTESIAN_POINT('',(44.2696342007354,96.2333095244169,67.15));
#16324=CARTESIAN_POINT('',(43.9867914882608,95.9504668119422,67.15));
#16325=CARTESIAN_POINT('',(43.9867914882608,95.9504668119422,67.15));
#16326=CARTESIAN_POINT('',(43.9867914882608,95.9504668119422,67.15));
#16327=CARTESIAN_POINT('',(40.451257582328,99.486000717875,67.15));
#16328=CARTESIAN_POINT('',(40.451257582328,99.486000717875,65.));
#16329=CARTESIAN_POINT('',(43.9867914882608,95.9504668119422,67.15));
#16330=CARTESIAN_POINT('',(43.9867914882608,95.9504668119422,65.));
#16331=CARTESIAN_POINT('',(43.9867914882608,95.9504668119422,65.));
#16332=CARTESIAN_POINT('',(43.9867914882608,95.9504668119422,65.));
#16333=CARTESIAN_POINT('',(40.451257582328,99.486000717875,65.));
#16334=CARTESIAN_POINT('',(39.6734401230228,98.7081832585698,65.));
#16335=CARTESIAN_POINT('',(43.9867914882608,95.9504668119422,65.));
#16336=CARTESIAN_POINT('',(43.2089740289556,95.172649352637,65.));
#16337=CARTESIAN_POINT('',(43.2089740289556,95.172649352637,65.));
#16338=CARTESIAN_POINT('',(43.2089740289556,95.172649352637,65.));
#16339=CARTESIAN_POINT('',(39.6734401230228,98.7081832585698,65.));
#16340=CARTESIAN_POINT('',(39.6734401230228,98.7081832585698,60.));
#16341=CARTESIAN_POINT('',(43.2089740289556,95.172649352637,65.));
#16342=CARTESIAN_POINT('',(43.2089740289556,95.172649352637,60.));
#16343=CARTESIAN_POINT('',(43.2089740289556,95.172649352637,60.));
#16344=CARTESIAN_POINT('',(43.2089740289556,95.172649352637,60.));
#16345=CARTESIAN_POINT('',(39.6734401230228,98.7081832585698,60.));
#16346=CARTESIAN_POINT('',(40.451257582328,99.486000717875,60.));
#16347=CARTESIAN_POINT('',(43.2089740289556,95.172649352637,60.));
#16348=CARTESIAN_POINT('',(43.9867914882608,95.9504668119422,60.));
#16349=CARTESIAN_POINT('',(43.9867914882608,95.9504668119422,60.));
#16350=CARTESIAN_POINT('',(43.9867914882608,95.9504668119422,60.));
#16351=CARTESIAN_POINT('',(40.451257582328,99.486000717875,60.));
#16352=CARTESIAN_POINT('',(40.451257582328,99.486000717875,57.85));
#16353=CARTESIAN_POINT('',(43.9867914882608,95.9504668119422,60.));
#16354=CARTESIAN_POINT('',(43.9867914882608,95.9504668119422,57.85));
#16355=CARTESIAN_POINT('',(43.9867914882608,95.9504668119422,57.85));
#16356=CARTESIAN_POINT('',(44.2696342007354,96.2333095244169,57.85));
#16357=CARTESIAN_POINT('',(40.7341002948027,99.7688434303496,57.85));
#16358=CARTESIAN_POINT('',(40.7341002948027,99.7688434303496,57.45));
#16359=CARTESIAN_POINT('',(44.2696342007354,96.2333095244169,57.85));
#16360=CARTESIAN_POINT('',(44.2696342007354,96.2333095244169,57.45));
#16361=CARTESIAN_POINT('',(44.2696342007354,96.2333095244169,57.45));
#16362=CARTESIAN_POINT('',(44.2696342007354,96.2333095244169,57.45));
#16363=CARTESIAN_POINT('',(40.7341002948027,99.7688434303496,57.45));
#16364=CARTESIAN_POINT('',(40.8048109729213,99.8395541084683,57.45));
#16365=CARTESIAN_POINT('',(44.2696342007354,96.2333095244169,57.45));
#16366=CARTESIAN_POINT('',(44.3403448788541,96.3040202025355,57.45));
#16367=CARTESIAN_POINT('',(44.3403448788541,96.3040202025355,57.45));
#16368=CARTESIAN_POINT('',(44.340344878854,96.3040202025355,57.85));
#16369=CARTESIAN_POINT('',(40.8048109729213,99.8395541084682,57.85));
#16370=CARTESIAN_POINT('',(41.0876536853959,100.122396820943,57.85));
#16371=CARTESIAN_POINT('',(44.340344878854,96.3040202025355,57.85));
#16372=CARTESIAN_POINT('',(44.6231875913287,96.5868629150101,57.85));
#16373=CARTESIAN_POINT('',(44.6231875913287,96.5868629150101,57.85));
#16374=CARTESIAN_POINT('',(44.6231875913287,96.5868629150101,57.85));
#16375=CARTESIAN_POINT('',(41.0876536853959,100.122396820943,57.85));
#16376=CARTESIAN_POINT('',(41.0876536853959,100.122396820943,57.95));
#16377=CARTESIAN_POINT('',(44.6231875913287,96.5868629150101,57.85));
#16378=CARTESIAN_POINT('',(44.6231875913287,96.5868629150101,57.95));
#16379=CARTESIAN_POINT('',(44.6231875913287,96.5868629150101,57.95));
#16380=CARTESIAN_POINT('',(44.6231875913287,96.5868629150101,57.95));
#16381=CARTESIAN_POINT('',(41.0876536853959,100.122396820943,57.95));
#16382=CARTESIAN_POINT('',(44.6231875913287,96.5868629150101,57.95));
#16383=CARTESIAN_POINT('',(45.1181623381593,97.0818376618407,67.05));
#16384=CARTESIAN_POINT('',(41.5826284322265,100.617371567773,67.05));
#16385=CARTESIAN_POINT('',(41.0876536853959,100.122396820943,67.05));
#16386=CARTESIAN_POINT('',(45.1181623381593,97.0818376618407,67.05));
#16387=CARTESIAN_POINT('',(44.6231875913287,96.5868629150101,67.05));
#16388=CARTESIAN_POINT('',(44.6231875913287,96.5868629150101,67.05));
#16389=CARTESIAN_POINT('',(44.6231875913287,96.5868629150101,67.05));
#16390=CARTESIAN_POINT('',(41.0876536853959,100.122396820943,67.05));
#16391=CARTESIAN_POINT('',(41.0876536853959,100.122396820943,67.15));
#16392=CARTESIAN_POINT('',(44.6231875913287,96.5868629150101,67.05));
#16393=CARTESIAN_POINT('',(44.6231875913287,96.5868629150101,67.15));
#16394=CARTESIAN_POINT('',(44.6231875913287,96.5868629150101,67.15));
#16395=CARTESIAN_POINT('',(44.340344878854,96.3040202025355,67.15));
#16396=CARTESIAN_POINT('',(40.8048109729213,99.8395541084682,67.15));
#16397=CARTESIAN_POINT('',(44.340344878854,96.3040202025355,67.15));
#16398=CARTESIAN_POINT('',(44.2696342007354,96.2333095244169,67.15));
#16399=CARTESIAN_POINT('',(40.7341002948027,99.7688434303496,67.15));
#16400=CARTESIAN_POINT('',(44.3403448788541,96.3040202025355,117.55));
#16401=CARTESIAN_POINT('',(40.8048109729213,99.8395541084683,117.55));
#16402=CARTESIAN_POINT('',(40.8048109729213,99.8395541084683,117.55));
#16403=CARTESIAN_POINT('',(40.7341002948027,99.7688434303496,117.55));
#16404=CARTESIAN_POINT('',(44.3403448788541,96.3040202025355,117.55));
#16405=CARTESIAN_POINT('',(44.3403448788541,96.3040202025355,117.55));
#16406=CARTESIAN_POINT('',(44.3403448788541,96.3040202025355,117.55));
#16407=CARTESIAN_POINT('',(44.2696342007354,96.2333095244169,117.55));
#16408=CARTESIAN_POINT('',(44.2696342007354,96.2333095244169,117.55));
#16409=CARTESIAN_POINT('',(44.2696342007354,96.2333095244169,117.15));
#16410=CARTESIAN_POINT('',(40.7341002948027,99.7688434303496,117.15));
#16411=CARTESIAN_POINT('',(40.4512575823281,99.486000717875,117.15));
#16412=CARTESIAN_POINT('',(44.2696342007354,96.2333095244169,117.15));
#16413=CARTESIAN_POINT('',(43.9867914882608,95.9504668119422,117.15));
#16414=CARTESIAN_POINT('',(43.9867914882608,95.9504668119422,117.15));
#16415=CARTESIAN_POINT('',(43.9867914882608,95.9504668119422,117.15));
#16416=CARTESIAN_POINT('',(40.451257582328,99.486000717875,117.15));
#16417=CARTESIAN_POINT('',(40.451257582328,99.486000717875,115.));
#16418=CARTESIAN_POINT('',(43.9867914882608,95.9504668119422,117.15));
#16419=CARTESIAN_POINT('',(43.9867914882608,95.9504668119422,115.));
#16420=CARTESIAN_POINT('',(43.9867914882608,95.9504668119422,115.));
#16421=CARTESIAN_POINT('',(43.9867914882608,95.9504668119422,115.));
#16422=CARTESIAN_POINT('',(40.451257582328,99.486000717875,115.));
#16423=CARTESIAN_POINT('',(39.6734401230228,98.7081832585698,115.));
#16424=CARTESIAN_POINT('',(43.9867914882608,95.9504668119422,115.));
#16425=CARTESIAN_POINT('',(43.2089740289556,95.172649352637,115.));
#16426=CARTESIAN_POINT('',(43.2089740289556,95.172649352637,115.));
#16427=CARTESIAN_POINT('',(43.2089740289556,95.172649352637,115.));
#16428=CARTESIAN_POINT('',(39.6734401230228,98.7081832585698,115.));
#16429=CARTESIAN_POINT('',(39.6734401230228,98.7081832585698,110.));
#16430=CARTESIAN_POINT('',(43.2089740289556,95.172649352637,115.));
#16431=CARTESIAN_POINT('',(43.2089740289556,95.172649352637,110.));
#16432=CARTESIAN_POINT('',(43.2089740289556,95.172649352637,110.));
#16433=CARTESIAN_POINT('',(43.2089740289556,95.172649352637,110.));
#16434=CARTESIAN_POINT('',(39.6734401230228,98.7081832585698,110.));
#16435=CARTESIAN_POINT('',(40.451257582328,99.486000717875,110.));
#16436=CARTESIAN_POINT('',(43.2089740289556,95.172649352637,110.));
#16437=CARTESIAN_POINT('',(43.9867914882608,95.9504668119422,110.));
#16438=CARTESIAN_POINT('',(43.9867914882608,95.9504668119422,110.));
#16439=CARTESIAN_POINT('',(43.9867914882608,95.9504668119422,110.));
#16440=CARTESIAN_POINT('',(40.451257582328,99.486000717875,110.));
#16441=CARTESIAN_POINT('',(40.451257582328,99.486000717875,107.85));
#16442=CARTESIAN_POINT('',(43.9867914882608,95.9504668119422,110.));
#16443=CARTESIAN_POINT('',(43.9867914882608,95.9504668119422,107.85));
#16444=CARTESIAN_POINT('',(43.9867914882608,95.9504668119422,107.85));
#16445=CARTESIAN_POINT('',(44.2696342007354,96.2333095244169,107.85));
#16446=CARTESIAN_POINT('',(40.7341002948027,99.7688434303496,107.85));
#16447=CARTESIAN_POINT('',(40.7341002948027,99.7688434303496,107.45));
#16448=CARTESIAN_POINT('',(44.2696342007354,96.2333095244169,107.85));
#16449=CARTESIAN_POINT('',(44.2696342007354,96.2333095244169,107.45));
#16450=CARTESIAN_POINT('',(44.2696342007354,96.2333095244169,107.45));
#16451=CARTESIAN_POINT('',(44.2696342007354,96.2333095244169,107.45));
#16452=CARTESIAN_POINT('',(40.7341002948027,99.7688434303496,107.45));
#16453=CARTESIAN_POINT('',(40.8048109729213,99.8395541084683,107.45));
#16454=CARTESIAN_POINT('',(44.2696342007354,96.2333095244169,107.45));
#16455=CARTESIAN_POINT('',(44.3403448788541,96.3040202025355,107.45));
#16456=CARTESIAN_POINT('',(44.3403448788541,96.3040202025355,107.45));
#16457=CARTESIAN_POINT('',(44.340344878854,96.3040202025355,107.85));
#16458=CARTESIAN_POINT('',(40.8048109729213,99.8395541084682,107.85));
#16459=CARTESIAN_POINT('',(41.0876536853959,100.122396820943,107.85));
#16460=CARTESIAN_POINT('',(44.340344878854,96.3040202025355,107.85));
#16461=CARTESIAN_POINT('',(44.6231875913287,96.5868629150101,107.85));
#16462=CARTESIAN_POINT('',(44.6231875913287,96.5868629150101,107.85));
#16463=CARTESIAN_POINT('',(44.6231875913287,96.5868629150101,107.85));
#16464=CARTESIAN_POINT('',(41.0876536853959,100.122396820943,107.85));
#16465=CARTESIAN_POINT('',(41.0876536853959,100.122396820943,107.95));
#16466=CARTESIAN_POINT('',(44.6231875913287,96.5868629150101,107.85));
#16467=CARTESIAN_POINT('',(44.6231875913287,96.5868629150101,107.95));
#16468=CARTESIAN_POINT('',(44.6231875913287,96.5868629150101,107.95));
#16469=CARTESIAN_POINT('',(44.6231875913287,96.5868629150101,107.95));
#16470=CARTESIAN_POINT('',(41.0876536853959,100.122396820943,107.95));
#16471=CARTESIAN_POINT('',(44.6231875913287,96.5868629150101,107.95));
#16472=CARTESIAN_POINT('',(45.1181623381593,97.0818376618407,117.05));
#16473=CARTESIAN_POINT('',(41.5826284322265,100.617371567773,117.05));
#16474=CARTESIAN_POINT('',(41.0876536853959,100.122396820943,117.05));
#16475=CARTESIAN_POINT('',(45.1181623381593,97.0818376618407,117.05));
#16476=CARTESIAN_POINT('',(44.6231875913287,96.5868629150101,117.05));
#16477=CARTESIAN_POINT('',(44.6231875913287,96.5868629150101,117.05));
#16478=CARTESIAN_POINT('',(44.6231875913287,96.5868629150101,117.05));
#16479=CARTESIAN_POINT('',(41.0876536853959,100.122396820943,117.05));
#16480=CARTESIAN_POINT('',(41.0876536853959,100.122396820943,117.15));
#16481=CARTESIAN_POINT('',(44.6231875913287,96.5868629150101,117.05));
#16482=CARTESIAN_POINT('',(44.6231875913287,96.5868629150101,117.15));
#16483=CARTESIAN_POINT('',(44.6231875913287,96.5868629150101,117.15));
#16484=CARTESIAN_POINT('',(44.340344878854,96.3040202025355,117.15));
#16485=CARTESIAN_POINT('',(40.8048109729213,99.8395541084682,117.15));
#16486=CARTESIAN_POINT('',(44.340344878854,96.3040202025355,117.15));
#16487=CARTESIAN_POINT('',(44.2696342007354,96.2333095244169,117.15));
#16488=CARTESIAN_POINT('',(40.7341002948027,99.7688434303496,117.15));
#16489=CARTESIAN_POINT('',(44.3403448788541,96.3040202025355,92.55));
#16490=CARTESIAN_POINT('',(40.8048109729213,99.8395541084683,92.55));
#16491=CARTESIAN_POINT('',(40.8048109729213,99.8395541084683,92.55));
#16492=CARTESIAN_POINT('',(40.7341002948027,99.7688434303496,92.55));
#16493=CARTESIAN_POINT('',(44.3403448788541,96.3040202025355,92.55));
#16494=CARTESIAN_POINT('',(44.3403448788541,96.3040202025355,92.55));
#16495=CARTESIAN_POINT('',(44.3403448788541,96.3040202025355,92.55));
#16496=CARTESIAN_POINT('',(44.2696342007354,96.2333095244169,92.55));
#16497=CARTESIAN_POINT('',(44.2696342007354,96.2333095244169,92.55));
#16498=CARTESIAN_POINT('',(44.2696342007354,96.2333095244169,92.15));
#16499=CARTESIAN_POINT('',(40.7341002948027,99.7688434303496,92.15));
#16500=CARTESIAN_POINT('',(40.4512575823281,99.486000717875,92.15));
#16501=CARTESIAN_POINT('',(44.2696342007354,96.2333095244169,92.15));
#16502=CARTESIAN_POINT('',(43.9867914882608,95.9504668119422,92.15));
#16503=CARTESIAN_POINT('',(43.9867914882608,95.9504668119422,92.15));
#16504=CARTESIAN_POINT('',(43.9867914882608,95.9504668119422,92.15));
#16505=CARTESIAN_POINT('',(40.451257582328,99.486000717875,92.15));
#16506=CARTESIAN_POINT('',(40.451257582328,99.486000717875,90.));
#16507=CARTESIAN_POINT('',(43.9867914882608,95.9504668119422,92.15));
#16508=CARTESIAN_POINT('',(43.9867914882608,95.9504668119422,90.));
#16509=CARTESIAN_POINT('',(43.9867914882608,95.9504668119422,90.));
#16510=CARTESIAN_POINT('',(43.9867914882608,95.9504668119422,90.));
#16511=CARTESIAN_POINT('',(40.451257582328,99.486000717875,90.));
#16512=CARTESIAN_POINT('',(39.6734401230228,98.7081832585698,90.));
#16513=CARTESIAN_POINT('',(43.9867914882608,95.9504668119422,90.));
#16514=CARTESIAN_POINT('',(43.2089740289556,95.172649352637,90.));
#16515=CARTESIAN_POINT('',(43.2089740289556,95.172649352637,90.));
#16516=CARTESIAN_POINT('',(43.2089740289556,95.172649352637,90.));
#16517=CARTESIAN_POINT('',(39.6734401230228,98.7081832585698,90.));
#16518=CARTESIAN_POINT('',(39.6734401230228,98.7081832585698,85.));
#16519=CARTESIAN_POINT('',(43.2089740289556,95.172649352637,90.));
#16520=CARTESIAN_POINT('',(43.2089740289556,95.172649352637,85.));
#16521=CARTESIAN_POINT('',(43.2089740289556,95.172649352637,85.));
#16522=CARTESIAN_POINT('',(43.2089740289556,95.172649352637,85.));
#16523=CARTESIAN_POINT('',(39.6734401230228,98.7081832585698,85.));
#16524=CARTESIAN_POINT('',(40.451257582328,99.486000717875,85.));
#16525=CARTESIAN_POINT('',(43.2089740289556,95.172649352637,85.));
#16526=CARTESIAN_POINT('',(43.9867914882608,95.9504668119422,85.));
#16527=CARTESIAN_POINT('',(43.9867914882608,95.9504668119422,85.));
#16528=CARTESIAN_POINT('',(43.9867914882608,95.9504668119422,85.));
#16529=CARTESIAN_POINT('',(40.451257582328,99.486000717875,85.));
#16530=CARTESIAN_POINT('',(40.451257582328,99.486000717875,82.85));
#16531=CARTESIAN_POINT('',(43.9867914882608,95.9504668119422,85.));
#16532=CARTESIAN_POINT('',(43.9867914882608,95.9504668119422,82.85));
#16533=CARTESIAN_POINT('',(43.9867914882608,95.9504668119422,82.85));
#16534=CARTESIAN_POINT('',(44.2696342007354,96.2333095244169,82.85));
#16535=CARTESIAN_POINT('',(40.7341002948027,99.7688434303496,82.85));
#16536=CARTESIAN_POINT('',(40.7341002948027,99.7688434303496,82.45));
#16537=CARTESIAN_POINT('',(44.2696342007354,96.2333095244169,82.85));
#16538=CARTESIAN_POINT('',(44.2696342007354,96.2333095244169,82.45));
#16539=CARTESIAN_POINT('',(44.2696342007354,96.2333095244169,82.45));
#16540=CARTESIAN_POINT('',(44.2696342007354,96.2333095244169,82.45));
#16541=CARTESIAN_POINT('',(40.7341002948027,99.7688434303496,82.45));
#16542=CARTESIAN_POINT('',(40.8048109729213,99.8395541084683,82.45));
#16543=CARTESIAN_POINT('',(44.2696342007354,96.2333095244169,82.45));
#16544=CARTESIAN_POINT('',(44.3403448788541,96.3040202025355,82.45));
#16545=CARTESIAN_POINT('',(44.3403448788541,96.3040202025355,82.45));
#16546=CARTESIAN_POINT('',(44.340344878854,96.3040202025355,82.85));
#16547=CARTESIAN_POINT('',(40.8048109729213,99.8395541084682,82.85));
#16548=CARTESIAN_POINT('',(41.0876536853959,100.122396820943,82.85));
#16549=CARTESIAN_POINT('',(44.340344878854,96.3040202025355,82.85));
#16550=CARTESIAN_POINT('',(44.6231875913287,96.5868629150101,82.85));
#16551=CARTESIAN_POINT('',(44.6231875913287,96.5868629150101,82.85));
#16552=CARTESIAN_POINT('',(44.6231875913287,96.5868629150101,82.85));
#16553=CARTESIAN_POINT('',(41.0876536853959,100.122396820943,82.85));
#16554=CARTESIAN_POINT('',(41.0876536853959,100.122396820943,82.95));
#16555=CARTESIAN_POINT('',(44.6231875913287,96.5868629150101,82.85));
#16556=CARTESIAN_POINT('',(44.6231875913287,96.5868629150101,82.95));
#16557=CARTESIAN_POINT('',(44.6231875913287,96.5868629150101,82.95));
#16558=CARTESIAN_POINT('',(44.6231875913287,96.5868629150101,82.95));
#16559=CARTESIAN_POINT('',(41.0876536853959,100.122396820943,82.95));
#16560=CARTESIAN_POINT('',(44.6231875913287,96.5868629150101,82.95));
#16561=CARTESIAN_POINT('',(45.1181623381593,97.0818376618407,92.05));
#16562=CARTESIAN_POINT('',(41.5826284322265,100.617371567773,92.05));
#16563=CARTESIAN_POINT('',(41.0876536853959,100.122396820943,92.05));
#16564=CARTESIAN_POINT('',(45.1181623381593,97.0818376618407,92.05));
#16565=CARTESIAN_POINT('',(44.6231875913287,96.5868629150101,92.05));
#16566=CARTESIAN_POINT('',(44.6231875913287,96.5868629150101,92.05));
#16567=CARTESIAN_POINT('',(44.6231875913287,96.5868629150101,92.05));
#16568=CARTESIAN_POINT('',(41.0876536853959,100.122396820943,92.05));
#16569=CARTESIAN_POINT('',(41.0876536853959,100.122396820943,92.15));
#16570=CARTESIAN_POINT('',(44.6231875913287,96.5868629150101,92.05));
#16571=CARTESIAN_POINT('',(44.6231875913287,96.5868629150101,92.15));
#16572=CARTESIAN_POINT('',(44.6231875913287,96.5868629150101,92.15));
#16573=CARTESIAN_POINT('',(44.340344878854,96.3040202025355,92.15));
#16574=CARTESIAN_POINT('',(40.8048109729213,99.8395541084682,92.15));
#16575=CARTESIAN_POINT('',(44.340344878854,96.3040202025355,92.15));
#16576=CARTESIAN_POINT('',(44.2696342007354,96.2333095244169,92.15));
#16577=CARTESIAN_POINT('',(40.7341002948027,99.7688434303496,92.15));
#16578=CARTESIAN_POINT('',(-44.2696342007354,96.2333095244169,17.15));
#16579=CARTESIAN_POINT('',(-40.7341002948027,99.7688434303496,17.15));
#16580=CARTESIAN_POINT('',(-40.4512575823281,99.486000717875,17.15));
#16581=CARTESIAN_POINT('',(-40.7341002948027,99.7688434303496,17.55));
#16582=CARTESIAN_POINT('',(-43.9867914882608,95.9504668119422,17.15));
#16583=CARTESIAN_POINT('',(-43.9867914882608,95.9504668119422,17.15));
#16584=CARTESIAN_POINT('',(-44.2696342007354,96.2333095244169,17.15));
#16585=CARTESIAN_POINT('',(-44.2696342007354,96.2333095244169,17.55));
#16586=CARTESIAN_POINT('',(-44.2696342007354,96.2333095244169,17.55));
#16587=CARTESIAN_POINT('',(-44.2696342007354,96.2333095244169,17.55));
#16588=CARTESIAN_POINT('',(-40.7341002948027,99.7688434303496,17.55));
#16589=CARTESIAN_POINT('',(-40.8048109729213,99.8395541084683,17.55));
#16590=CARTESIAN_POINT('',(-44.2696342007354,96.2333095244169,17.55));
#16591=CARTESIAN_POINT('',(-44.3403448788541,96.3040202025355,17.55));
#16592=CARTESIAN_POINT('',(-44.3403448788541,96.3040202025355,17.55));
#16593=CARTESIAN_POINT('',(-44.3403448788541,96.3040202025355,17.15));
#16594=CARTESIAN_POINT('',(-40.8048109729213,99.8395541084683,17.15));
#16595=CARTESIAN_POINT('',(-41.087653685396,100.122396820943,17.15));
#16596=CARTESIAN_POINT('',(-44.3403448788541,96.3040202025355,17.15));
#16597=CARTESIAN_POINT('',(-44.6231875913287,96.5868629150101,17.15));
#16598=CARTESIAN_POINT('',(-44.6231875913287,96.5868629150101,17.15));
#16599=CARTESIAN_POINT('',(-44.6231875913287,96.5868629150101,17.15));
#16600=CARTESIAN_POINT('',(-41.087653685396,100.122396820943,17.15));
#16601=CARTESIAN_POINT('',(-41.087653685396,100.122396820943,17.05));
#16602=CARTESIAN_POINT('',(-44.6231875913287,96.5868629150101,17.15));
#16603=CARTESIAN_POINT('',(-44.6231875913287,96.5868629150101,17.05));
#16604=CARTESIAN_POINT('',(-44.6231875913287,96.5868629150101,17.05));
#16605=CARTESIAN_POINT('',(-44.6231875913287,96.5868629150101,17.05));
#16606=CARTESIAN_POINT('',(-41.087653685396,100.122396820943,17.05));
#16607=CARTESIAN_POINT('',(-44.6231875913287,96.5868629150101,17.05));
#16608=CARTESIAN_POINT('',(-45.1181623381593,97.0818376618407,7.95));
#16609=CARTESIAN_POINT('',(-41.5826284322265,100.617371567773,7.95));
#16610=CARTESIAN_POINT('',(-41.087653685396,100.122396820943,7.95));
#16611=CARTESIAN_POINT('',(-45.1181623381593,97.0818376618407,7.95));
#16612=CARTESIAN_POINT('',(-44.6231875913287,96.5868629150101,7.95));
#16613=CARTESIAN_POINT('',(-44.6231875913287,96.5868629150101,7.95));
#16614=CARTESIAN_POINT('',(-44.6231875913287,96.5868629150101,7.95));
#16615=CARTESIAN_POINT('',(-41.087653685396,100.122396820943,7.95));
#16616=CARTESIAN_POINT('',(-41.087653685396,100.122396820943,7.85));
#16617=CARTESIAN_POINT('',(-44.6231875913287,96.5868629150101,7.95));
#16618=CARTESIAN_POINT('',(-44.6231875913287,96.5868629150101,7.85));
#16619=CARTESIAN_POINT('',(-44.6231875913287,96.5868629150101,7.85));
#16620=CARTESIAN_POINT('',(-44.3403448788541,96.3040202025355,7.85));
#16621=CARTESIAN_POINT('',(-40.8048109729213,99.8395541084683,7.85));
#16622=CARTESIAN_POINT('',(-40.8048109729213,99.8395541084683,7.45));
#16623=CARTESIAN_POINT('',(-44.3403448788541,96.3040202025355,7.85));
#16624=CARTESIAN_POINT('',(-44.3403448788541,96.3040202025355,7.45));
#16625=CARTESIAN_POINT('',(-44.3403448788541,96.3040202025355,7.45));
#16626=CARTESIAN_POINT('',(-44.3403448788541,96.3040202025355,7.45));
#16627=CARTESIAN_POINT('',(-40.8048109729213,99.8395541084683,7.45));
#16628=CARTESIAN_POINT('',(-40.7341002948027,99.7688434303496,7.45));
#16629=CARTESIAN_POINT('',(-44.3403448788541,96.3040202025355,7.45));
#16630=CARTESIAN_POINT('',(-44.2696342007354,96.2333095244169,7.45));
#16631=CARTESIAN_POINT('',(-44.2696342007354,96.2333095244169,7.45));
#16632=CARTESIAN_POINT('',(-44.2696342007354,96.2333095244169,7.85));
#16633=CARTESIAN_POINT('',(-40.7341002948027,99.7688434303496,7.85));
#16634=CARTESIAN_POINT('',(-40.4512575823281,99.486000717875,7.85));
#16635=CARTESIAN_POINT('',(-44.2696342007354,96.2333095244169,7.85));
#16636=CARTESIAN_POINT('',(-43.9867914882608,95.9504668119422,7.85));
#16637=CARTESIAN_POINT('',(-43.9867914882608,95.9504668119422,7.85));
#16638=CARTESIAN_POINT('',(-43.9867914882608,95.9504668119422,7.85));
#16639=CARTESIAN_POINT('',(-40.4512575823281,99.486000717875,7.85));
#16640=CARTESIAN_POINT('',(-40.4512575823281,99.486000717875,10.));
#16641=CARTESIAN_POINT('',(-43.9867914882608,95.9504668119422,7.85));
#16642=CARTESIAN_POINT('',(-43.9867914882608,95.9504668119422,10.));
#16643=CARTESIAN_POINT('',(-43.9867914882608,95.9504668119422,10.));
#16644=CARTESIAN_POINT('',(-43.9867914882608,95.9504668119422,10.));
#16645=CARTESIAN_POINT('',(-40.4512575823281,99.486000717875,10.));
#16646=CARTESIAN_POINT('',(-39.6734401230229,98.7081832585698,10.));
#16647=CARTESIAN_POINT('',(-43.9867914882608,95.9504668119422,10.));
#16648=CARTESIAN_POINT('',(-43.2089740289556,95.172649352637,10.));
#16649=CARTESIAN_POINT('',(-43.2089740289556,95.172649352637,10.));
#16650=CARTESIAN_POINT('',(-43.2089740289556,95.172649352637,10.));
#16651=CARTESIAN_POINT('',(-39.6734401230229,98.7081832585698,10.));
#16652=CARTESIAN_POINT('',(-39.6734401230229,98.7081832585698,15.));
#16653=CARTESIAN_POINT('',(-43.2089740289556,95.172649352637,10.));
#16654=CARTESIAN_POINT('',(-43.2089740289556,95.172649352637,15.));
#16655=CARTESIAN_POINT('',(-43.2089740289556,95.172649352637,15.));
#16656=CARTESIAN_POINT('',(-43.2089740289556,95.172649352637,15.));
#16657=CARTESIAN_POINT('',(-39.6734401230229,98.7081832585698,15.));
#16658=CARTESIAN_POINT('',(-40.4512575823281,99.486000717875,15.));
#16659=CARTESIAN_POINT('',(-43.2089740289556,95.172649352637,15.));
#16660=CARTESIAN_POINT('',(-43.9867914882608,95.9504668119422,15.));
#16661=CARTESIAN_POINT('',(-43.9867914882608,95.9504668119422,15.));
#16662=CARTESIAN_POINT('',(-43.9867914882608,95.9504668119422,15.));
#16663=CARTESIAN_POINT('',(-40.4512575823281,99.486000717875,15.));
#16664=CARTESIAN_POINT('',(-43.9867914882608,95.9504668119422,15.));
#16665=CARTESIAN_POINT('',(-44.2696342007354,96.2333095244169,17.15));
#16666=CARTESIAN_POINT('',(-40.7341002948027,99.7688434303496,17.15));
#16667=CARTESIAN_POINT('',(-44.2696342007354,96.2333095244169,42.15));
#16668=CARTESIAN_POINT('',(-40.7341002948027,99.7688434303496,42.15));
#16669=CARTESIAN_POINT('',(-40.4512575823281,99.486000717875,42.15));
#16670=CARTESIAN_POINT('',(-40.7341002948027,99.7688434303496,42.55));
#16671=CARTESIAN_POINT('',(-43.9867914882608,95.9504668119422,42.15));
#16672=CARTESIAN_POINT('',(-43.9867914882608,95.9504668119422,42.15));
#16673=CARTESIAN_POINT('',(-44.2696342007354,96.2333095244169,42.15));
#16674=CARTESIAN_POINT('',(-44.2696342007354,96.2333095244169,42.55));
#16675=CARTESIAN_POINT('',(-44.2696342007354,96.2333095244169,42.55));
#16676=CARTESIAN_POINT('',(-44.2696342007354,96.2333095244169,42.55));
#16677=CARTESIAN_POINT('',(-40.7341002948027,99.7688434303496,42.55));
#16678=CARTESIAN_POINT('',(-40.8048109729213,99.8395541084683,42.55));
#16679=CARTESIAN_POINT('',(-44.2696342007354,96.2333095244169,42.55));
#16680=CARTESIAN_POINT('',(-44.3403448788541,96.3040202025355,42.55));
#16681=CARTESIAN_POINT('',(-44.3403448788541,96.3040202025355,42.55));
#16682=CARTESIAN_POINT('',(-44.3403448788541,96.3040202025355,42.15));
#16683=CARTESIAN_POINT('',(-40.8048109729213,99.8395541084683,42.15));
#16684=CARTESIAN_POINT('',(-41.087653685396,100.122396820943,42.15));
#16685=CARTESIAN_POINT('',(-44.3403448788541,96.3040202025355,42.15));
#16686=CARTESIAN_POINT('',(-44.6231875913287,96.5868629150101,42.15));
#16687=CARTESIAN_POINT('',(-44.6231875913287,96.5868629150101,42.15));
#16688=CARTESIAN_POINT('',(-44.6231875913287,96.5868629150101,42.15));
#16689=CARTESIAN_POINT('',(-41.087653685396,100.122396820943,42.15));
#16690=CARTESIAN_POINT('',(-41.087653685396,100.122396820943,42.05));
#16691=CARTESIAN_POINT('',(-44.6231875913287,96.5868629150101,42.15));
#16692=CARTESIAN_POINT('',(-44.6231875913287,96.5868629150101,42.05));
#16693=CARTESIAN_POINT('',(-44.6231875913287,96.5868629150101,42.05));
#16694=CARTESIAN_POINT('',(-44.6231875913287,96.5868629150101,42.05));
#16695=CARTESIAN_POINT('',(-41.087653685396,100.122396820943,42.05));
#16696=CARTESIAN_POINT('',(-44.6231875913287,96.5868629150101,42.05));
#16697=CARTESIAN_POINT('',(-45.1181623381593,97.0818376618407,32.95));
#16698=CARTESIAN_POINT('',(-41.5826284322265,100.617371567773,32.95));
#16699=CARTESIAN_POINT('',(-41.087653685396,100.122396820943,32.95));
#16700=CARTESIAN_POINT('',(-45.1181623381593,97.0818376618407,32.95));
#16701=CARTESIAN_POINT('',(-44.6231875913287,96.5868629150101,32.95));
#16702=CARTESIAN_POINT('',(-44.6231875913287,96.5868629150101,32.95));
#16703=CARTESIAN_POINT('',(-44.6231875913287,96.5868629150101,32.95));
#16704=CARTESIAN_POINT('',(-41.087653685396,100.122396820943,32.95));
#16705=CARTESIAN_POINT('',(-41.087653685396,100.122396820943,32.85));
#16706=CARTESIAN_POINT('',(-44.6231875913287,96.5868629150101,32.95));
#16707=CARTESIAN_POINT('',(-44.6231875913287,96.5868629150101,32.85));
#16708=CARTESIAN_POINT('',(-44.6231875913287,96.5868629150101,32.85));
#16709=CARTESIAN_POINT('',(-44.3403448788541,96.3040202025355,32.85));
#16710=CARTESIAN_POINT('',(-40.8048109729213,99.8395541084683,32.85));
#16711=CARTESIAN_POINT('',(-40.8048109729213,99.8395541084683,32.45));
#16712=CARTESIAN_POINT('',(-44.3403448788541,96.3040202025355,32.85));
#16713=CARTESIAN_POINT('',(-44.3403448788541,96.3040202025355,32.45));
#16714=CARTESIAN_POINT('',(-44.3403448788541,96.3040202025355,32.45));
#16715=CARTESIAN_POINT('',(-44.3403448788541,96.3040202025355,32.45));
#16716=CARTESIAN_POINT('',(-40.8048109729213,99.8395541084683,32.45));
#16717=CARTESIAN_POINT('',(-40.7341002948027,99.7688434303496,32.45));
#16718=CARTESIAN_POINT('',(-44.3403448788541,96.3040202025355,32.45));
#16719=CARTESIAN_POINT('',(-44.2696342007354,96.2333095244169,32.45));
#16720=CARTESIAN_POINT('',(-44.2696342007354,96.2333095244169,32.45));
#16721=CARTESIAN_POINT('',(-44.2696342007354,96.2333095244169,32.85));
#16722=CARTESIAN_POINT('',(-40.7341002948027,99.7688434303496,32.85));
#16723=CARTESIAN_POINT('',(-40.4512575823281,99.486000717875,32.85));
#16724=CARTESIAN_POINT('',(-44.2696342007354,96.2333095244169,32.85));
#16725=CARTESIAN_POINT('',(-43.9867914882608,95.9504668119422,32.85));
#16726=CARTESIAN_POINT('',(-43.9867914882608,95.9504668119422,32.85));
#16727=CARTESIAN_POINT('',(-43.9867914882608,95.9504668119422,32.85));
#16728=CARTESIAN_POINT('',(-40.4512575823281,99.486000717875,32.85));
#16729=CARTESIAN_POINT('',(-40.4512575823281,99.486000717875,35.));
#16730=CARTESIAN_POINT('',(-43.9867914882608,95.9504668119422,32.85));
#16731=CARTESIAN_POINT('',(-43.9867914882608,95.9504668119422,35.));
#16732=CARTESIAN_POINT('',(-43.9867914882608,95.9504668119422,35.));
#16733=CARTESIAN_POINT('',(-43.9867914882608,95.9504668119422,35.));
#16734=CARTESIAN_POINT('',(-40.4512575823281,99.486000717875,35.));
#16735=CARTESIAN_POINT('',(-39.6734401230229,98.7081832585698,35.));
#16736=CARTESIAN_POINT('',(-43.9867914882608,95.9504668119422,35.));
#16737=CARTESIAN_POINT('',(-43.2089740289556,95.172649352637,35.));
#16738=CARTESIAN_POINT('',(-43.2089740289556,95.172649352637,35.));
#16739=CARTESIAN_POINT('',(-43.2089740289556,95.172649352637,35.));
#16740=CARTESIAN_POINT('',(-39.6734401230229,98.7081832585698,35.));
#16741=CARTESIAN_POINT('',(-39.6734401230229,98.7081832585698,40.));
#16742=CARTESIAN_POINT('',(-43.2089740289556,95.172649352637,35.));
#16743=CARTESIAN_POINT('',(-43.2089740289556,95.172649352637,40.));
#16744=CARTESIAN_POINT('',(-43.2089740289556,95.172649352637,40.));
#16745=CARTESIAN_POINT('',(-43.2089740289556,95.172649352637,40.));
#16746=CARTESIAN_POINT('',(-39.6734401230229,98.7081832585698,40.));
#16747=CARTESIAN_POINT('',(-40.4512575823281,99.486000717875,40.));
#16748=CARTESIAN_POINT('',(-43.2089740289556,95.172649352637,40.));
#16749=CARTESIAN_POINT('',(-43.9867914882608,95.9504668119422,40.));
#16750=CARTESIAN_POINT('',(-43.9867914882608,95.9504668119422,40.));
#16751=CARTESIAN_POINT('',(-43.9867914882608,95.9504668119422,40.));
#16752=CARTESIAN_POINT('',(-40.4512575823281,99.486000717875,40.));
#16753=CARTESIAN_POINT('',(-43.9867914882608,95.9504668119422,40.));
#16754=CARTESIAN_POINT('',(-44.2696342007354,96.2333095244169,42.15));
#16755=CARTESIAN_POINT('',(-40.7341002948027,99.7688434303496,42.15));
#16756=CARTESIAN_POINT('',(-44.2696342007354,96.2333095244169,67.15));
#16757=CARTESIAN_POINT('',(-40.7341002948027,99.7688434303496,67.15));
#16758=CARTESIAN_POINT('',(-40.4512575823281,99.486000717875,67.15));
#16759=CARTESIAN_POINT('',(-40.7341002948027,99.7688434303496,67.55));
#16760=CARTESIAN_POINT('',(-43.9867914882608,95.9504668119422,67.15));
#16761=CARTESIAN_POINT('',(-43.9867914882608,95.9504668119422,67.15));
#16762=CARTESIAN_POINT('',(-44.2696342007354,96.2333095244169,67.15));
#16763=CARTESIAN_POINT('',(-44.2696342007354,96.2333095244169,67.55));
#16764=CARTESIAN_POINT('',(-44.2696342007354,96.2333095244169,67.55));
#16765=CARTESIAN_POINT('',(-44.2696342007354,96.2333095244169,67.55));
#16766=CARTESIAN_POINT('',(-40.7341002948027,99.7688434303496,67.55));
#16767=CARTESIAN_POINT('',(-40.8048109729213,99.8395541084683,67.55));
#16768=CARTESIAN_POINT('',(-44.2696342007354,96.2333095244169,67.55));
#16769=CARTESIAN_POINT('',(-44.3403448788541,96.3040202025355,67.55));
#16770=CARTESIAN_POINT('',(-44.3403448788541,96.3040202025355,67.55));
#16771=CARTESIAN_POINT('',(-44.3403448788541,96.3040202025355,67.15));
#16772=CARTESIAN_POINT('',(-40.8048109729213,99.8395541084682,67.15));
#16773=CARTESIAN_POINT('',(-41.087653685396,100.122396820943,67.15));
#16774=CARTESIAN_POINT('',(-44.3403448788541,96.3040202025355,67.15));
#16775=CARTESIAN_POINT('',(-44.6231875913287,96.5868629150101,67.15));
#16776=CARTESIAN_POINT('',(-44.6231875913287,96.5868629150101,67.15));
#16777=CARTESIAN_POINT('',(-44.6231875913287,96.5868629150101,67.15));
#16778=CARTESIAN_POINT('',(-41.087653685396,100.122396820943,67.15));
#16779=CARTESIAN_POINT('',(-41.087653685396,100.122396820943,67.05));
#16780=CARTESIAN_POINT('',(-44.6231875913287,96.5868629150101,67.15));
#16781=CARTESIAN_POINT('',(-44.6231875913287,96.5868629150101,67.05));
#16782=CARTESIAN_POINT('',(-44.6231875913287,96.5868629150101,67.05));
#16783=CARTESIAN_POINT('',(-44.6231875913287,96.5868629150101,67.05));
#16784=CARTESIAN_POINT('',(-41.087653685396,100.122396820943,67.05));
#16785=CARTESIAN_POINT('',(-44.6231875913287,96.5868629150101,67.05));
#16786=CARTESIAN_POINT('',(-45.1181623381593,97.0818376618407,57.95));
#16787=CARTESIAN_POINT('',(-41.5826284322265,100.617371567773,57.95));
#16788=CARTESIAN_POINT('',(-41.087653685396,100.122396820943,57.95));
#16789=CARTESIAN_POINT('',(-45.1181623381593,97.0818376618407,57.95));
#16790=CARTESIAN_POINT('',(-44.6231875913287,96.5868629150101,57.95));
#16791=CARTESIAN_POINT('',(-44.6231875913287,96.5868629150101,57.95));
#16792=CARTESIAN_POINT('',(-44.6231875913287,96.5868629150101,57.95));
#16793=CARTESIAN_POINT('',(-41.087653685396,100.122396820943,57.95));
#16794=CARTESIAN_POINT('',(-41.087653685396,100.122396820943,57.85));
#16795=CARTESIAN_POINT('',(-44.6231875913287,96.5868629150101,57.95));
#16796=CARTESIAN_POINT('',(-44.6231875913287,96.5868629150101,57.85));
#16797=CARTESIAN_POINT('',(-44.6231875913287,96.5868629150101,57.85));
#16798=CARTESIAN_POINT('',(-44.3403448788541,96.3040202025355,57.85));
#16799=CARTESIAN_POINT('',(-40.8048109729213,99.8395541084682,57.85));
#16800=CARTESIAN_POINT('',(-40.8048109729213,99.8395541084683,57.45));
#16801=CARTESIAN_POINT('',(-44.3403448788541,96.3040202025355,57.85));
#16802=CARTESIAN_POINT('',(-44.3403448788541,96.3040202025355,57.45));
#16803=CARTESIAN_POINT('',(-44.3403448788541,96.3040202025355,57.45));
#16804=CARTESIAN_POINT('',(-44.3403448788541,96.3040202025355,57.45));
#16805=CARTESIAN_POINT('',(-40.8048109729213,99.8395541084683,57.45));
#16806=CARTESIAN_POINT('',(-40.7341002948027,99.7688434303496,57.45));
#16807=CARTESIAN_POINT('',(-44.3403448788541,96.3040202025355,57.45));
#16808=CARTESIAN_POINT('',(-44.2696342007354,96.2333095244169,57.45));
#16809=CARTESIAN_POINT('',(-44.2696342007354,96.2333095244169,57.45));
#16810=CARTESIAN_POINT('',(-44.2696342007354,96.2333095244169,57.85));
#16811=CARTESIAN_POINT('',(-40.7341002948027,99.7688434303496,57.85));
#16812=CARTESIAN_POINT('',(-40.4512575823281,99.486000717875,57.85));
#16813=CARTESIAN_POINT('',(-44.2696342007354,96.2333095244169,57.85));
#16814=CARTESIAN_POINT('',(-43.9867914882608,95.9504668119422,57.85));
#16815=CARTESIAN_POINT('',(-43.9867914882608,95.9504668119422,57.85));
#16816=CARTESIAN_POINT('',(-43.9867914882608,95.9504668119422,57.85));
#16817=CARTESIAN_POINT('',(-40.4512575823281,99.486000717875,57.85));
#16818=CARTESIAN_POINT('',(-40.4512575823281,99.486000717875,60.));
#16819=CARTESIAN_POINT('',(-43.9867914882608,95.9504668119422,57.85));
#16820=CARTESIAN_POINT('',(-43.9867914882608,95.9504668119422,60.));
#16821=CARTESIAN_POINT('',(-43.9867914882608,95.9504668119422,60.));
#16822=CARTESIAN_POINT('',(-43.9867914882608,95.9504668119422,60.));
#16823=CARTESIAN_POINT('',(-40.4512575823281,99.486000717875,60.));
#16824=CARTESIAN_POINT('',(-39.6734401230229,98.7081832585698,60.));
#16825=CARTESIAN_POINT('',(-43.9867914882608,95.9504668119422,60.));
#16826=CARTESIAN_POINT('',(-43.2089740289556,95.172649352637,60.));
#16827=CARTESIAN_POINT('',(-43.2089740289556,95.172649352637,60.));
#16828=CARTESIAN_POINT('',(-43.2089740289556,95.172649352637,60.));
#16829=CARTESIAN_POINT('',(-39.6734401230229,98.7081832585698,60.));
#16830=CARTESIAN_POINT('',(-39.6734401230229,98.7081832585698,65.));
#16831=CARTESIAN_POINT('',(-43.2089740289556,95.172649352637,60.));
#16832=CARTESIAN_POINT('',(-43.2089740289556,95.172649352637,65.));
#16833=CARTESIAN_POINT('',(-43.2089740289556,95.172649352637,65.));
#16834=CARTESIAN_POINT('',(-43.2089740289556,95.172649352637,65.));
#16835=CARTESIAN_POINT('',(-39.6734401230229,98.7081832585698,65.));
#16836=CARTESIAN_POINT('',(-40.4512575823281,99.486000717875,65.));
#16837=CARTESIAN_POINT('',(-43.2089740289556,95.172649352637,65.));
#16838=CARTESIAN_POINT('',(-43.9867914882608,95.9504668119422,65.));
#16839=CARTESIAN_POINT('',(-43.9867914882608,95.9504668119422,65.));
#16840=CARTESIAN_POINT('',(-43.9867914882608,95.9504668119422,65.));
#16841=CARTESIAN_POINT('',(-40.4512575823281,99.486000717875,65.));
#16842=CARTESIAN_POINT('',(-43.9867914882608,95.9504668119422,65.));
#16843=CARTESIAN_POINT('',(-44.2696342007354,96.2333095244169,67.15));
#16844=CARTESIAN_POINT('',(-40.7341002948027,99.7688434303496,67.15));
#16845=CARTESIAN_POINT('',(-44.2696342007354,96.2333095244169,117.15));
#16846=CARTESIAN_POINT('',(-40.7341002948027,99.7688434303496,117.15));
#16847=CARTESIAN_POINT('',(-40.4512575823281,99.486000717875,117.15));
#16848=CARTESIAN_POINT('',(-40.7341002948027,99.7688434303496,117.55));
#16849=CARTESIAN_POINT('',(-43.9867914882608,95.9504668119422,117.15));
#16850=CARTESIAN_POINT('',(-43.9867914882608,95.9504668119422,117.15));
#16851=CARTESIAN_POINT('',(-44.2696342007354,96.2333095244169,117.15));
#16852=CARTESIAN_POINT('',(-44.2696342007354,96.2333095244169,117.55));
#16853=CARTESIAN_POINT('',(-44.2696342007354,96.2333095244169,117.55));
#16854=CARTESIAN_POINT('',(-44.2696342007354,96.2333095244169,117.55));
#16855=CARTESIAN_POINT('',(-40.7341002948027,99.7688434303496,117.55));
#16856=CARTESIAN_POINT('',(-40.8048109729213,99.8395541084683,117.55));
#16857=CARTESIAN_POINT('',(-44.2696342007354,96.2333095244169,117.55));
#16858=CARTESIAN_POINT('',(-44.3403448788541,96.3040202025355,117.55));
#16859=CARTESIAN_POINT('',(-44.3403448788541,96.3040202025355,117.55));
#16860=CARTESIAN_POINT('',(-44.3403448788541,96.3040202025355,117.15));
#16861=CARTESIAN_POINT('',(-40.8048109729213,99.8395541084682,117.15));
#16862=CARTESIAN_POINT('',(-41.087653685396,100.122396820943,117.15));
#16863=CARTESIAN_POINT('',(-44.3403448788541,96.3040202025355,117.15));
#16864=CARTESIAN_POINT('',(-44.6231875913287,96.5868629150101,117.15));
#16865=CARTESIAN_POINT('',(-44.6231875913287,96.5868629150101,117.15));
#16866=CARTESIAN_POINT('',(-44.6231875913287,96.5868629150101,117.15));
#16867=CARTESIAN_POINT('',(-41.087653685396,100.122396820943,117.15));
#16868=CARTESIAN_POINT('',(-41.087653685396,100.122396820943,117.05));
#16869=CARTESIAN_POINT('',(-44.6231875913287,96.5868629150101,117.15));
#16870=CARTESIAN_POINT('',(-44.6231875913287,96.5868629150101,117.05));
#16871=CARTESIAN_POINT('',(-44.6231875913287,96.5868629150101,117.05));
#16872=CARTESIAN_POINT('',(-44.6231875913287,96.5868629150101,117.05));
#16873=CARTESIAN_POINT('',(-41.087653685396,100.122396820943,117.05));
#16874=CARTESIAN_POINT('',(-44.6231875913287,96.5868629150101,117.05));
#16875=CARTESIAN_POINT('',(-45.1181623381593,97.0818376618407,107.95));
#16876=CARTESIAN_POINT('',(-41.5826284322265,100.617371567773,107.95));
#16877=CARTESIAN_POINT('',(-41.087653685396,100.122396820943,107.95));
#16878=CARTESIAN_POINT('',(-45.1181623381593,97.0818376618407,107.95));
#16879=CARTESIAN_POINT('',(-44.6231875913287,96.5868629150101,107.95));
#16880=CARTESIAN_POINT('',(-44.6231875913287,96.5868629150101,107.95));
#16881=CARTESIAN_POINT('',(-44.6231875913287,96.5868629150101,107.95));
#16882=CARTESIAN_POINT('',(-41.087653685396,100.122396820943,107.95));
#16883=CARTESIAN_POINT('',(-41.087653685396,100.122396820943,107.85));
#16884=CARTESIAN_POINT('',(-44.6231875913287,96.5868629150101,107.95));
#16885=CARTESIAN_POINT('',(-44.6231875913287,96.5868629150101,107.85));
#16886=CARTESIAN_POINT('',(-44.6231875913287,96.5868629150101,107.85));
#16887=CARTESIAN_POINT('',(-44.3403448788541,96.3040202025355,107.85));
#16888=CARTESIAN_POINT('',(-40.8048109729213,99.8395541084682,107.85));
#16889=CARTESIAN_POINT('',(-40.8048109729213,99.8395541084683,107.45));
#16890=CARTESIAN_POINT('',(-44.3403448788541,96.3040202025355,107.85));
#16891=CARTESIAN_POINT('',(-44.3403448788541,96.3040202025355,107.45));
#16892=CARTESIAN_POINT('',(-44.3403448788541,96.3040202025355,107.45));
#16893=CARTESIAN_POINT('',(-44.3403448788541,96.3040202025355,107.45));
#16894=CARTESIAN_POINT('',(-40.8048109729213,99.8395541084683,107.45));
#16895=CARTESIAN_POINT('',(-40.7341002948027,99.7688434303496,107.45));
#16896=CARTESIAN_POINT('',(-44.3403448788541,96.3040202025355,107.45));
#16897=CARTESIAN_POINT('',(-44.2696342007354,96.2333095244169,107.45));
#16898=CARTESIAN_POINT('',(-44.2696342007354,96.2333095244169,107.45));
#16899=CARTESIAN_POINT('',(-44.2696342007354,96.2333095244169,107.85));
#16900=CARTESIAN_POINT('',(-40.7341002948027,99.7688434303496,107.85));
#16901=CARTESIAN_POINT('',(-40.4512575823281,99.486000717875,107.85));
#16902=CARTESIAN_POINT('',(-44.2696342007354,96.2333095244169,107.85));
#16903=CARTESIAN_POINT('',(-43.9867914882608,95.9504668119422,107.85));
#16904=CARTESIAN_POINT('',(-43.9867914882608,95.9504668119422,107.85));
#16905=CARTESIAN_POINT('',(-43.9867914882608,95.9504668119422,107.85));
#16906=CARTESIAN_POINT('',(-40.4512575823281,99.486000717875,107.85));
#16907=CARTESIAN_POINT('',(-40.4512575823281,99.486000717875,110.));
#16908=CARTESIAN_POINT('',(-43.9867914882608,95.9504668119422,107.85));
#16909=CARTESIAN_POINT('',(-43.9867914882608,95.9504668119422,110.));
#16910=CARTESIAN_POINT('',(-43.9867914882608,95.9504668119422,110.));
#16911=CARTESIAN_POINT('',(-43.9867914882608,95.9504668119422,110.));
#16912=CARTESIAN_POINT('',(-40.4512575823281,99.486000717875,110.));
#16913=CARTESIAN_POINT('',(-39.6734401230229,98.7081832585698,110.));
#16914=CARTESIAN_POINT('',(-43.9867914882608,95.9504668119422,110.));
#16915=CARTESIAN_POINT('',(-43.2089740289556,95.172649352637,110.));
#16916=CARTESIAN_POINT('',(-43.2089740289556,95.172649352637,110.));
#16917=CARTESIAN_POINT('',(-43.2089740289556,95.172649352637,110.));
#16918=CARTESIAN_POINT('',(-39.6734401230229,98.7081832585698,110.));
#16919=CARTESIAN_POINT('',(-39.6734401230229,98.7081832585698,115.));
#16920=CARTESIAN_POINT('',(-43.2089740289556,95.172649352637,110.));
#16921=CARTESIAN_POINT('',(-43.2089740289556,95.172649352637,115.));
#16922=CARTESIAN_POINT('',(-43.2089740289556,95.172649352637,115.));
#16923=CARTESIAN_POINT('',(-43.2089740289556,95.172649352637,115.));
#16924=CARTESIAN_POINT('',(-39.6734401230229,98.7081832585698,115.));
#16925=CARTESIAN_POINT('',(-40.4512575823281,99.486000717875,115.));
#16926=CARTESIAN_POINT('',(-43.2089740289556,95.172649352637,115.));
#16927=CARTESIAN_POINT('',(-43.9867914882608,95.9504668119422,115.));
#16928=CARTESIAN_POINT('',(-43.9867914882608,95.9504668119422,115.));
#16929=CARTESIAN_POINT('',(-43.9867914882608,95.9504668119422,115.));
#16930=CARTESIAN_POINT('',(-40.4512575823281,99.486000717875,115.));
#16931=CARTESIAN_POINT('',(-43.9867914882608,95.9504668119422,115.));
#16932=CARTESIAN_POINT('',(-44.2696342007354,96.2333095244169,117.15));
#16933=CARTESIAN_POINT('',(-40.7341002948027,99.7688434303496,117.15));
#16934=CARTESIAN_POINT('',(-44.2696342007354,96.2333095244169,92.15));
#16935=CARTESIAN_POINT('',(-40.7341002948027,99.7688434303496,92.15));
#16936=CARTESIAN_POINT('',(-40.4512575823281,99.486000717875,92.15));
#16937=CARTESIAN_POINT('',(-40.7341002948027,99.7688434303496,92.55));
#16938=CARTESIAN_POINT('',(-43.9867914882608,95.9504668119422,92.15));
#16939=CARTESIAN_POINT('',(-43.9867914882608,95.9504668119422,92.15));
#16940=CARTESIAN_POINT('',(-44.2696342007354,96.2333095244169,92.15));
#16941=CARTESIAN_POINT('',(-44.2696342007354,96.2333095244169,92.55));
#16942=CARTESIAN_POINT('',(-44.2696342007354,96.2333095244169,92.55));
#16943=CARTESIAN_POINT('',(-44.2696342007354,96.2333095244169,92.55));
#16944=CARTESIAN_POINT('',(-40.7341002948027,99.7688434303496,92.55));
#16945=CARTESIAN_POINT('',(-40.8048109729213,99.8395541084683,92.55));
#16946=CARTESIAN_POINT('',(-44.2696342007354,96.2333095244169,92.55));
#16947=CARTESIAN_POINT('',(-44.3403448788541,96.3040202025355,92.55));
#16948=CARTESIAN_POINT('',(-44.3403448788541,96.3040202025355,92.55));
#16949=CARTESIAN_POINT('',(-44.3403448788541,96.3040202025355,92.15));
#16950=CARTESIAN_POINT('',(-40.8048109729213,99.8395541084682,92.15));
#16951=CARTESIAN_POINT('',(-41.087653685396,100.122396820943,92.15));
#16952=CARTESIAN_POINT('',(-44.3403448788541,96.3040202025355,92.15));
#16953=CARTESIAN_POINT('',(-44.6231875913287,96.5868629150101,92.15));
#16954=CARTESIAN_POINT('',(-44.6231875913287,96.5868629150101,92.15));
#16955=CARTESIAN_POINT('',(-44.6231875913287,96.5868629150101,92.15));
#16956=CARTESIAN_POINT('',(-41.087653685396,100.122396820943,92.15));
#16957=CARTESIAN_POINT('',(-41.087653685396,100.122396820943,92.05));
#16958=CARTESIAN_POINT('',(-44.6231875913287,96.5868629150101,92.15));
#16959=CARTESIAN_POINT('',(-44.6231875913287,96.5868629150101,92.05));
#16960=CARTESIAN_POINT('',(-44.6231875913287,96.5868629150101,92.05));
#16961=CARTESIAN_POINT('',(-44.6231875913287,96.5868629150101,92.05));
#16962=CARTESIAN_POINT('',(-41.087653685396,100.122396820943,92.05));
#16963=CARTESIAN_POINT('',(-44.6231875913287,96.5868629150101,92.05));
#16964=CARTESIAN_POINT('',(-45.1181623381593,97.0818376618407,82.95));
#16965=CARTESIAN_POINT('',(-41.5826284322265,100.617371567773,82.95));
#16966=CARTESIAN_POINT('',(-41.087653685396,100.122396820943,82.95));
#16967=CARTESIAN_POINT('',(-45.1181623381593,97.0818376618407,82.95));
#16968=CARTESIAN_POINT('',(-44.6231875913287,96.5868629150101,82.95));
#16969=CARTESIAN_POINT('',(-44.6231875913287,96.5868629150101,82.95));
#16970=CARTESIAN_POINT('',(-44.6231875913287,96.5868629150101,82.95));
#16971=CARTESIAN_POINT('',(-41.087653685396,100.122396820943,82.95));
#16972=CARTESIAN_POINT('',(-41.087653685396,100.122396820943,82.85));
#16973=CARTESIAN_POINT('',(-44.6231875913287,96.5868629150101,82.95));
#16974=CARTESIAN_POINT('',(-44.6231875913287,96.5868629150101,82.85));
#16975=CARTESIAN_POINT('',(-44.6231875913287,96.5868629150101,82.85));
#16976=CARTESIAN_POINT('',(-44.3403448788541,96.3040202025355,82.85));
#16977=CARTESIAN_POINT('',(-40.8048109729213,99.8395541084682,82.85));
#16978=CARTESIAN_POINT('',(-40.8048109729213,99.8395541084683,82.45));
#16979=CARTESIAN_POINT('',(-44.3403448788541,96.3040202025355,82.85));
#16980=CARTESIAN_POINT('',(-44.3403448788541,96.3040202025355,82.45));
#16981=CARTESIAN_POINT('',(-44.3403448788541,96.3040202025355,82.45));
#16982=CARTESIAN_POINT('',(-44.3403448788541,96.3040202025355,82.45));
#16983=CARTESIAN_POINT('',(-40.8048109729213,99.8395541084683,82.45));
#16984=CARTESIAN_POINT('',(-40.7341002948027,99.7688434303496,82.45));
#16985=CARTESIAN_POINT('',(-44.3403448788541,96.3040202025355,82.45));
#16986=CARTESIAN_POINT('',(-44.2696342007354,96.2333095244169,82.45));
#16987=CARTESIAN_POINT('',(-44.2696342007354,96.2333095244169,82.45));
#16988=CARTESIAN_POINT('',(-44.2696342007354,96.2333095244169,82.85));
#16989=CARTESIAN_POINT('',(-40.7341002948027,99.7688434303496,82.85));
#16990=CARTESIAN_POINT('',(-40.4512575823281,99.486000717875,82.85));
#16991=CARTESIAN_POINT('',(-44.2696342007354,96.2333095244169,82.85));
#16992=CARTESIAN_POINT('',(-43.9867914882608,95.9504668119422,82.85));
#16993=CARTESIAN_POINT('',(-43.9867914882608,95.9504668119422,82.85));
#16994=CARTESIAN_POINT('',(-43.9867914882608,95.9504668119422,82.85));
#16995=CARTESIAN_POINT('',(-40.4512575823281,99.486000717875,82.85));
#16996=CARTESIAN_POINT('',(-40.4512575823281,99.486000717875,85.));
#16997=CARTESIAN_POINT('',(-43.9867914882608,95.9504668119422,82.85));
#16998=CARTESIAN_POINT('',(-43.9867914882608,95.9504668119422,85.));
#16999=CARTESIAN_POINT('',(-43.9867914882608,95.9504668119422,85.));
#17000=CARTESIAN_POINT('',(-43.9867914882608,95.9504668119422,85.));
#17001=CARTESIAN_POINT('',(-40.4512575823281,99.486000717875,85.));
#17002=CARTESIAN_POINT('',(-39.6734401230229,98.7081832585698,85.));
#17003=CARTESIAN_POINT('',(-43.9867914882608,95.9504668119422,85.));
#17004=CARTESIAN_POINT('',(-43.2089740289556,95.172649352637,85.));
#17005=CARTESIAN_POINT('',(-43.2089740289556,95.172649352637,85.));
#17006=CARTESIAN_POINT('',(-43.2089740289556,95.172649352637,85.));
#17007=CARTESIAN_POINT('',(-39.6734401230229,98.7081832585698,85.));
#17008=CARTESIAN_POINT('',(-39.6734401230229,98.7081832585698,90.));
#17009=CARTESIAN_POINT('',(-43.2089740289556,95.172649352637,85.));
#17010=CARTESIAN_POINT('',(-43.2089740289556,95.172649352637,90.));
#17011=CARTESIAN_POINT('',(-43.2089740289556,95.172649352637,90.));
#17012=CARTESIAN_POINT('',(-43.2089740289556,95.172649352637,90.));
#17013=CARTESIAN_POINT('',(-39.6734401230229,98.7081832585698,90.));
#17014=CARTESIAN_POINT('',(-40.4512575823281,99.486000717875,90.));
#17015=CARTESIAN_POINT('',(-43.2089740289556,95.172649352637,90.));
#17016=CARTESIAN_POINT('',(-43.9867914882608,95.9504668119422,90.));
#17017=CARTESIAN_POINT('',(-43.9867914882608,95.9504668119422,90.));
#17018=CARTESIAN_POINT('',(-43.9867914882608,95.9504668119422,90.));
#17019=CARTESIAN_POINT('',(-40.4512575823281,99.486000717875,90.));
#17020=CARTESIAN_POINT('',(-43.9867914882608,95.9504668119422,90.));
#17021=CARTESIAN_POINT('',(-44.2696342007354,96.2333095244169,92.15));
#17022=CARTESIAN_POINT('',(-40.7341002948027,99.7688434303496,92.15));
#17023=MECHANICAL_DESIGN_GEOMETRIC_PRESENTATION_REPRESENTATION('',(#8075,
#8076,#8077,#8078,#8079,#8080,#8081,#8082,#8083,#8084,#8085,#8086,#8087,
#8088,#8089,#8090,#8091,#8092,#8093,#8094,#8095,#8096,#8097,#8098,#8099,
#8100,#8101,#8102,#8103,#8104,#8105,#8106,#8107,#8108,#8109,#8110,#8111,
#8112,#8113,#8114,#8115,#8116,#8117,#8118,#8119,#8120,#8121,#8122,#8123,
#8124,#8125,#8126,#8127,#8128,#8129,#8130,#8131,#8132,#8133,#8134,#8135,
#8136,#8137,#8138,#8139,#8140,#8141,#8142,#8143,#8144,#8145,#8146,#8147,
#8148,#8149,#8150,#8151,#8152,#8153,#8154,#8155,#8156,#8157,#8158,#8159,
#8160,#8161,#8162,#8163,#8164,#8165,#8166,#8167,#8168,#8169,#8170,#8171,
#8172,#8173,#8174,#8175,#8176,#8177,#8178,#8179,#8180,#8181,#8182,#8183,
#8184,#8185,#8186,#8187,#8188,#8189,#8190,#8191,#8192,#8193,#8194,#8195,
#8196,#8197,#8198,#8199,#8200,#8201,#8202,#8203,#8204,#8205,#8206,#8207,
#8208,#8209,#8210,#8211,#8212,#8213,#8214,#8215,#8216,#8217,#8218,#8219,
#8220,#8221,#8222,#8223,#8224,#8225,#8226,#8227,#8228,#8229,#8230,#8231,
#8232,#8233,#8234,#8235,#8236,#8237,#8238,#8239,#8240,#8241,#8242,#8243,
#8244,#8245,#8246,#8247,#8248,#8249,#8250,#8251,#8252,#8253,#8254,#8255,
#8256,#8257,#8258,#8259,#8260,#8261,#8262,#8263,#8264,#8265,#8266,#8267,
#8268,#8269,#8270,#8271,#8272,#8273,#8274,#8275,#8276,#8277,#8278,#8279,
#8280,#8281,#8282,#8283,#8284,#8285,#8286,#8287,#8288,#8289,#8290,#8291,
#8292,#8293,#8294,#8295,#8296,#8297,#8298,#8299,#8300,#8301,#8302,#8303,
#8304,#8305,#8306,#8307,#8308,#8309,#8310,#8311,#8312,#8313,#8314,#8315,
#8316,#8317,#8318,#8319,#8320,#8321,#8322,#8323,#8324,#8325,#8326,#8327,
#8328,#8329,#8330,#8331,#8332,#8333,#8334,#8335,#8336,#8337,#8338,#8339,
#8340,#8341,#8342,#8343,#8344,#8345,#8346,#8347,#8348,#8349,#8350,#8351,
#8352,#8353,#8354,#8355,#8356,#8357,#8358,#8359,#8360,#8361,#8362,#8363,
#8364,#8365,#8366,#8367,#8368,#8369,#8370,#8371,#8372,#8373,#8374,#8375,
#8376,#8377,#8378,#8379,#8380,#8381,#8382,#8383,#8384,#8385,#8386,#8387,
#8388,#8389,#8390,#8391,#8392,#8393,#8394,#8395,#8396,#8397,#8398,#8399,
#8400,#8401,#8402,#8403,#8404,#8405,#8406,#8407,#8408,#8409,#8410,#8411,
#8412,#8413,#8414,#8415,#8416,#8417,#8418,#8419,#8420,#8421,#8422,#8423,
#8424,#8425,#8426,#8427,#8428,#8429,#8430,#8431,#8432,#8433,#8434,#8435,
#8436,#8437,#8438,#8439,#8440,#8441,#8442,#8443,#8444,#8445,#8446,#8447,
#8448,#8449,#8450,#8451,#8452,#8453,#8454,#8455,#8456,#8457,#8458,#8459,
#8460,#8461,#8462,#8463,#8464,#8465,#8466,#8467,#8468,#8469,#8470,#8471,
#8472,#8473,#8474,#8475,#8476,#8477,#8478,#8479,#8480,#8481,#8482,#8483,
#8484,#8485,#8486,#8487,#8488,#8489,#8490,#8491,#8492,#8493,#8494,#8495,
#8496,#8497,#8498,#8499,#8500,#8501,#8502,#8503,#8504,#8505,#8506,#8507,
#8508,#8509,#8510,#8511,#8512,#8513,#8514,#8515,#8516,#8517,#8518,#8519,
#8520,#8521,#8522),#17024);
#17024=(
GEOMETRIC_REPRESENTATION_CONTEXT(3)
GLOBAL_UNCERTAINTY_ASSIGNED_CONTEXT((#17025))
GLOBAL_UNIT_ASSIGNED_CONTEXT((#17028,#17027,#17026))
REPRESENTATION_CONTEXT('285-199','TOP_LEVEL_ASSEMBLY_PART')
);
#17025=UNCERTAINTY_MEASURE_WITH_UNIT(LENGTH_MEASURE(1.E-5),#17028,
'DISTANCE_ACCURACY_VALUE','Maximum Tolerance applied to model');
#17026=(
NAMED_UNIT(*)
SI_UNIT($,.STERADIAN.)
SOLID_ANGLE_UNIT()
);
#17027=(
NAMED_UNIT(*)
PLANE_ANGLE_UNIT()
SI_UNIT($,.RADIAN.)
);
#17028=(
LENGTH_UNIT()
NAMED_UNIT(*)
SI_UNIT(.MILLI.,.METRE.)
);
#17029=PRODUCT_DEFINITION_SHAPE('','',#17030);
#17030=PRODUCT_DEFINITION('','',#17032,#17031);
#17031=PRODUCT_DEFINITION_CONTEXT('',#17038,'design');
#17032=PRODUCT_DEFINITION_FORMATION_WITH_SPECIFIED_SOURCE('','',#17034,
 .NOT_KNOWN.);
#17033=PRODUCT_RELATED_PRODUCT_CATEGORY('','',(#17034));
#17034=PRODUCT('285-199','285-199','285-199',(#17036));
#17035=PRODUCT_CATEGORY('','');
#17036=PRODUCT_CONTEXT('',#17038,'mechanical');
#17037=APPLICATION_PROTOCOL_DEFINITION('international standard',
'automotive_design',2010,#17038);
#17038=APPLICATION_CONTEXT(
'core data for automotive mechanical design processes');
ENDSEC;
END-ISO-10303-21;
