ISO-10303-21;
HEADER;
/* Generated by software containing ST-Developer
 * from STEP Tools, Inc. (www.steptools.com) 
 */
/* OPTION: using custom renumber hook */

FILE_DESCRIPTION(
/* description */ ('STEP AP214'),
/* implementation_level */ '2;1');

FILE_NAME(
/* name */ '772-272',
/* time_stamp */ '2026-08-26T09:57:03+02:00',
/* author */ ('License CC BY-ND 4.0'),
/* organization */ ('CADENAS'),
/* preprocessor_version */ 'ST-DEVELOPER v20',
/* originating_system */ 'PARTsolutions',
/* authorisation */ '  ');

FILE_SCHEMA (('AUTOMOTIVE_DESIGN {1 0 10303 214 3 1 1}'));
ENDSEC;

DATA;
#10=PROPERTY_DEFINITION_REPRESENTATION(#14,#12);
#11=PROPERTY_DEFINITION_REPRESENTATION(#15,#13);
#12=REPRESENTATION('',(#16),#13078);
#13=REPRESENTATION('',(#17),#13078);
#14=PROPERTY_DEFINITION('pmi validation property','',#13083);
#15=PROPERTY_DEFINITION('pmi validation property','',#13083);
#16=VALUE_REPRESENTATION_ITEM('number of annotations',COUNT_MEASURE(0.));
#17=VALUE_REPRESENTATION_ITEM('number of views',COUNT_MEASURE(0.));
#18=SHAPE_REPRESENTATION_RELATIONSHIP('','',#8792,#19);
#19=ADVANCED_BREP_SHAPE_REPRESENTATION('',(#8790),#13078);
#20=ELLIPSE('',#8970,2.12132034355963,1.49999999999999);
#21=ELLIPSE('',#8972,2.12132034355965,1.5);
#22=CYLINDRICAL_SURFACE('',#8898,0.199999999999987);
#23=CYLINDRICAL_SURFACE('',#8907,0.50000000000001);
#24=CYLINDRICAL_SURFACE('',#8913,0.199999999999978);
#25=CYLINDRICAL_SURFACE('',#8916,0.5);
#26=CYLINDRICAL_SURFACE('',#8969,1.49999999999999);
#27=CYLINDRICAL_SURFACE('',#8971,1.5);
#28=CYLINDRICAL_SURFACE('',#8974,1.5);
#29=CYLINDRICAL_SURFACE('',#8977,1.5);
#30=CYLINDRICAL_SURFACE('',#8980,2.);
#31=CYLINDRICAL_SURFACE('',#8994,0.300000000000005);
#32=CYLINDRICAL_SURFACE('',#8997,0.299999999999979);
#33=CYLINDRICAL_SURFACE('',#8999,2.00000000000001);
#34=CYLINDRICAL_SURFACE('',#9000,2.00000000000001);
#35=CYLINDRICAL_SURFACE('',#9009,0.299999999999986);
#36=CYLINDRICAL_SURFACE('',#9011,0.299999999999988);
#37=CYLINDRICAL_SURFACE('',#9014,0.599999999999983);
#38=CYLINDRICAL_SURFACE('',#9016,0.599999999999999);
#39=CYLINDRICAL_SURFACE('',#9019,0.300000000000002);
#40=CYLINDRICAL_SURFACE('',#9021,0.300000000000002);
#41=CYLINDRICAL_SURFACE('',#9022,0.299999999999998);
#42=CYLINDRICAL_SURFACE('',#9025,2.);
#43=CYLINDRICAL_SURFACE('',#9027,2.);
#44=CYLINDRICAL_SURFACE('',#9028,0.199999999999996);
#45=CYLINDRICAL_SURFACE('',#9029,1.99999999999999);
#46=CYLINDRICAL_SURFACE('',#9031,2.);
#47=CYLINDRICAL_SURFACE('',#9032,0.200000000000001);
#48=CYLINDRICAL_SURFACE('',#9033,1.99999999999997);
#49=CYLINDRICAL_SURFACE('',#9035,2.);
#50=CYLINDRICAL_SURFACE('',#9036,0.2);
#51=CYLINDRICAL_SURFACE('',#9037,1.99999999999998);
#52=CYLINDRICAL_SURFACE('',#9039,1.99999999999999);
#53=CYLINDRICAL_SURFACE('',#9040,0.199999999999994);
#54=CYLINDRICAL_SURFACE('',#9041,2.);
#55=CYLINDRICAL_SURFACE('',#9043,2.00000000000001);
#56=CYLINDRICAL_SURFACE('',#9044,0.200000000000007);
#57=CYLINDRICAL_SURFACE('',#9045,1.99999999999996);
#58=CYLINDRICAL_SURFACE('',#9050,0.299999999999991);
#59=CYLINDRICAL_SURFACE('',#9053,0.300000000000002);
#60=CYLINDRICAL_SURFACE('',#9055,0.300000000000002);
#61=CYLINDRICAL_SURFACE('',#9058,1.);
#62=CYLINDRICAL_SURFACE('',#9060,1.00000000000001);
#63=CYLINDRICAL_SURFACE('',#9062,0.3);
#64=CYLINDRICAL_SURFACE('',#9064,0.299999999999986);
#65=CYLINDRICAL_SURFACE('',#9066,0.299999999999988);
#66=CYLINDRICAL_SURFACE('',#9068,0.300000000000009);
#67=CYLINDRICAL_SURFACE('',#9069,0.2);
#68=CYLINDRICAL_SURFACE('',#9070,0.299999999999998);
#69=CYLINDRICAL_SURFACE('',#9071,0.300000000000002);
#70=CYLINDRICAL_SURFACE('',#9073,0.3);
#71=CYLINDRICAL_SURFACE('',#9075,0.300000000000002);
#72=CYLINDRICAL_SURFACE('',#9077,1.);
#73=CYLINDRICAL_SURFACE('',#9079,1.);
#74=CYLINDRICAL_SURFACE('',#9087,0.300000000000002);
#75=CYLINDRICAL_SURFACE('',#9090,0.299999999999984);
#76=CYLINDRICAL_SURFACE('',#9097,2.);
#77=CYLINDRICAL_SURFACE('',#9098,1.49999999999999);
#78=CYLINDRICAL_SURFACE('',#9100,1.50000000000001);
#79=CYLINDRICAL_SURFACE('',#9116,1.99999999999996);
#80=CYLINDRICAL_SURFACE('',#9118,7.70000000000031);
#81=CYLINDRICAL_SURFACE('',#9120,2.00000000000004);
#82=CYLINDRICAL_SURFACE('',#9123,1.5);
#83=CYLINDRICAL_SURFACE('',#9126,1.49999999999999);
#84=CYLINDRICAL_SURFACE('',#9129,2.00000000000001);
#85=CYLINDRICAL_SURFACE('',#9131,1.99999999999999);
#86=CYLINDRICAL_SURFACE('',#9133,7.69999999999996);
#87=CYLINDRICAL_SURFACE('',#9135,2.);
#88=CYLINDRICAL_SURFACE('',#9138,7.70000000000001);
#89=CYLINDRICAL_SURFACE('',#9141,2.00000000000001);
#90=CYLINDRICAL_SURFACE('',#9143,7.7);
#91=CYLINDRICAL_SURFACE('',#9145,1.99999999999997);
#92=CYLINDRICAL_SURFACE('',#9149,1.99999999999998);
#93=CYLINDRICAL_SURFACE('',#9151,7.69999999999996);
#94=CYLINDRICAL_SURFACE('',#9154,2.00000000000004);
#95=CYLINDRICAL_SURFACE('',#9156,7.7);
#96=CYLINDRICAL_SURFACE('',#9164,6.);
#97=CYLINDRICAL_SURFACE('',#9167,6.);
#98=CYLINDRICAL_SURFACE('',#9170,6.);
#99=CYLINDRICAL_SURFACE('',#9173,6.);
#100=CYLINDRICAL_SURFACE('',#9176,6.);
#101=CYLINDRICAL_SURFACE('',#9179,0.499999999999997);
#102=CYLINDRICAL_SURFACE('',#9182,0.500000000000007);
#103=CYLINDRICAL_SURFACE('',#9185,0.499999999999994);
#104=CYLINDRICAL_SURFACE('',#9189,0.499999999999997);
#105=CYLINDRICAL_SURFACE('',#9192,0.500000000000007);
#106=CYLINDRICAL_SURFACE('',#9196,0.499999999999994);
#107=CYLINDRICAL_SURFACE('',#9203,0.500000000000007);
#108=CYLINDRICAL_SURFACE('',#9206,0.500000000000011);
#109=CYLINDRICAL_SURFACE('',#9211,0.500000000000007);
#110=CYLINDRICAL_SURFACE('',#9214,0.500000000000004);
#111=CYLINDRICAL_SURFACE('',#9217,0.5);
#112=CYLINDRICAL_SURFACE('',#9220,0.500000000000007);
#113=CYLINDRICAL_SURFACE('',#9224,0.5);
#114=CYLINDRICAL_SURFACE('',#9227,0.500000000000007);
#115=CYLINDRICAL_SURFACE('',#9230,0.5);
#116=CYLINDRICAL_SURFACE('',#9235,0.5);
#117=CYLINDRICAL_SURFACE('',#9239,0.500000000000007);
#118=CYLINDRICAL_SURFACE('',#9242,0.500000000000007);
#119=CYLINDRICAL_SURFACE('',#9246,0.5);
#120=CYLINDRICAL_SURFACE('',#9249,0.500000000000002);
#121=CYLINDRICAL_SURFACE('',#9253,0.5);
#122=CYLINDRICAL_SURFACE('',#9256,0.5);
#123=CYLINDRICAL_SURFACE('',#9260,0.500000000000007);
#124=CYLINDRICAL_SURFACE('',#9263,0.500000000000007);
#125=CYLINDRICAL_SURFACE('',#9266,0.499999999999995);
#126=CYLINDRICAL_SURFACE('',#9270,0.500000000000004);
#127=CYLINDRICAL_SURFACE('',#9273,0.500000000000007);
#128=CYLINDRICAL_SURFACE('',#9276,0.499999999999999);
#129=CYLINDRICAL_SURFACE('',#9279,0.5);
#130=CYLINDRICAL_SURFACE('',#9291,0.499999999999994);
#131=CYLINDRICAL_SURFACE('',#9293,0.499999999999903);
#132=CYLINDRICAL_SURFACE('',#9294,0.50000000000001);
#133=CYLINDRICAL_SURFACE('',#9302,0.199999999999978);
#134=CYLINDRICAL_SURFACE('',#9304,0.5);
#135=CYLINDRICAL_SURFACE('',#9307,0.199999999999987);
#136=CYLINDRICAL_SURFACE('',#9310,0.499999999999984);
#137=CYLINDRICAL_SURFACE('',#9312,0.500000000000014);
#138=CIRCLE('',#8798,0.199999999999978);
#139=CIRCLE('',#8799,0.5);
#140=CIRCLE('',#8800,0.199999999999987);
#141=CIRCLE('',#8801,0.499999999999984);
#142=CIRCLE('',#8802,0.500000000000014);
#143=CIRCLE('',#8803,0.499999999999994);
#144=CIRCLE('',#8804,0.499999999999903);
#145=CIRCLE('',#8805,0.50000000000001);
#146=CIRCLE('',#8807,0.50000000000001);
#147=CIRCLE('',#8808,0.199999999999987);
#148=CIRCLE('',#8809,0.5);
#149=CIRCLE('',#8810,0.199999999999978);
#150=CIRCLE('',#8812,0.5);
#151=CIRCLE('',#8813,0.500000000000007);
#152=CIRCLE('',#8814,0.5);
#153=CIRCLE('',#8815,0.5);
#154=CIRCLE('',#8816,0.500000000000002);
#155=CIRCLE('',#8817,0.5);
#156=CIRCLE('',#8818,0.500000000000007);
#157=CIRCLE('',#8819,0.500000000000007);
#158=CIRCLE('',#8820,0.500000000000004);
#159=CIRCLE('',#8821,0.500000000000007);
#160=CIRCLE('',#8822,0.500000000000011);
#161=CIRCLE('',#8823,0.500000000000007);
#162=CIRCLE('',#8824,2.);
#163=CIRCLE('',#8825,2.);
#164=CIRCLE('',#8826,0.199999999999996);
#165=CIRCLE('',#8827,1.99999999999999);
#166=CIRCLE('',#8828,2.);
#167=CIRCLE('',#8829,0.200000000000001);
#168=CIRCLE('',#8830,1.99999999999997);
#169=CIRCLE('',#8831,2.);
#170=CIRCLE('',#8832,0.2);
#171=CIRCLE('',#8833,1.99999999999998);
#172=CIRCLE('',#8834,1.99999999999999);
#173=CIRCLE('',#8835,0.199999999999994);
#174=CIRCLE('',#8836,2.);
#175=CIRCLE('',#8837,2.00000000000001);
#176=CIRCLE('',#8838,0.200000000000007);
#177=CIRCLE('',#8839,1.99999999999996);
#178=CIRCLE('',#8840,2.00000000000001);
#179=CIRCLE('',#8841,0.2);
#180=CIRCLE('',#8842,2.00000000000001);
#181=CIRCLE('',#8843,0.299999999999979);
#182=CIRCLE('',#8844,0.299999999999991);
#183=CIRCLE('',#8845,0.300000000000009);
#184=CIRCLE('',#8846,0.299999999999998);
#185=CIRCLE('',#8847,0.299999999999998);
#186=CIRCLE('',#8848,0.300000000000005);
#187=CIRCLE('',#8849,0.300000000000002);
#188=CIRCLE('',#8850,1.5);
#189=CIRCLE('',#8851,1.49999999999999);
#190=CIRCLE('',#8852,0.299999999999984);
#191=CIRCLE('',#8853,1.);
#192=CIRCLE('',#8854,1.00000000000001);
#193=CIRCLE('',#8855,0.3);
#194=CIRCLE('',#8856,0.599999999999983);
#195=CIRCLE('',#8857,0.599999999999999);
#196=CIRCLE('',#8858,0.300000000000002);
#197=CIRCLE('',#8859,1.);
#198=CIRCLE('',#8860,1.);
#199=CIRCLE('',#8861,0.300000000000002);
#200=CIRCLE('',#8862,0.300000000000002);
#201=CIRCLE('',#8863,0.300000000000002);
#202=CIRCLE('',#8864,0.300000000000002);
#203=CIRCLE('',#8865,0.3);
#204=CIRCLE('',#8866,0.300000000000002);
#205=CIRCLE('',#8867,0.299999999999986);
#206=CIRCLE('',#8868,0.299999999999988);
#207=CIRCLE('',#8869,0.299999999999986);
#208=CIRCLE('',#8870,0.299999999999988);
#209=CIRCLE('',#8871,0.499999999999997);
#210=CIRCLE('',#8872,0.499999999999994);
#211=CIRCLE('',#8873,0.500000000000007);
#212=CIRCLE('',#8874,0.499999999999997);
#213=CIRCLE('',#8875,0.499999999999994);
#214=CIRCLE('',#8876,0.500000000000007);
#215=CIRCLE('',#8877,0.5);
#216=CIRCLE('',#8878,0.5);
#217=CIRCLE('',#8879,0.500000000000007);
#218=CIRCLE('',#8880,0.5);
#219=CIRCLE('',#8881,0.500000000000007);
#220=CIRCLE('',#8882,0.500000000000007);
#221=CIRCLE('',#8883,0.5);
#222=CIRCLE('',#8884,0.499999999999999);
#223=CIRCLE('',#8885,0.500000000000007);
#224=CIRCLE('',#8886,0.500000000000004);
#225=CIRCLE('',#8887,0.499999999999995);
#226=CIRCLE('',#8889,0.199999999999978);
#227=CIRCLE('',#8890,0.5);
#228=CIRCLE('',#8891,0.199999999999987);
#229=CIRCLE('',#8892,0.50000000000001);
#230=CIRCLE('',#8908,0.50000000000001);
#231=CIRCLE('',#8914,0.199999999999978);
#232=CIRCLE('',#8917,0.5);
#233=CIRCLE('',#8923,0.300000000000002);
#234=CIRCLE('',#8924,0.3);
#235=CIRCLE('',#8925,0.300000000000002);
#236=CIRCLE('',#8926,0.300000000000002);
#237=CIRCLE('',#8927,0.300000000000002);
#238=CIRCLE('',#8928,0.300000000000002);
#239=CIRCLE('',#8929,0.299999999999988);
#240=CIRCLE('',#8930,0.299999999999986);
#241=CIRCLE('',#8931,0.299999999999988);
#242=CIRCLE('',#8932,0.299999999999986);
#243=CIRCLE('',#8933,0.300000000000005);
#244=CIRCLE('',#8934,0.299999999999998);
#245=CIRCLE('',#8935,0.299999999999998);
#246=CIRCLE('',#8936,0.299999999999979);
#247=CIRCLE('',#8937,0.300000000000009);
#248=CIRCLE('',#8938,0.299999999999991);
#249=CIRCLE('',#8939,2.00000000000001);
#250=CIRCLE('',#8940,0.2);
#251=CIRCLE('',#8941,2.00000000000001);
#252=CIRCLE('',#8942,1.99999999999996);
#253=CIRCLE('',#8943,0.200000000000007);
#254=CIRCLE('',#8944,2.00000000000001);
#255=CIRCLE('',#8945,2.);
#256=CIRCLE('',#8946,0.199999999999994);
#257=CIRCLE('',#8947,1.99999999999999);
#258=CIRCLE('',#8948,1.99999999999998);
#259=CIRCLE('',#8949,0.2);
#260=CIRCLE('',#8950,2.);
#261=CIRCLE('',#8951,1.99999999999997);
#262=CIRCLE('',#8952,0.200000000000001);
#263=CIRCLE('',#8953,2.);
#264=CIRCLE('',#8954,1.99999999999999);
#265=CIRCLE('',#8955,0.199999999999996);
#266=CIRCLE('',#8956,2.);
#267=CIRCLE('',#8957,2.);
#268=CIRCLE('',#8958,0.300000000000002);
#269=CIRCLE('',#8959,1.);
#270=CIRCLE('',#8960,1.);
#271=CIRCLE('',#8961,0.300000000000002);
#272=CIRCLE('',#8962,0.599999999999999);
#273=CIRCLE('',#8963,0.599999999999983);
#274=CIRCLE('',#8964,0.3);
#275=CIRCLE('',#8965,1.00000000000001);
#276=CIRCLE('',#8966,1.);
#277=CIRCLE('',#8967,0.299999999999984);
#278=CIRCLE('',#8975,1.5);
#279=CIRCLE('',#8976,1.5);
#280=CIRCLE('',#8978,1.5);
#281=CIRCLE('',#8979,1.5);
#282=CIRCLE('',#8981,2.);
#283=CIRCLE('',#8982,2.);
#284=CIRCLE('',#8984,1.99999999999999);
#285=CIRCLE('',#8985,1.99999999999996);
#286=CIRCLE('',#8986,7.70000000000031);
#287=CIRCLE('',#8987,2.00000000000004);
#288=CIRCLE('',#8988,1.5);
#289=CIRCLE('',#8989,1.49999999999999);
#290=CIRCLE('',#8990,2.00000000000001);
#291=CIRCLE('',#8991,7.69999999999996);
#292=CIRCLE('',#8993,2.);
#293=CIRCLE('',#9086,2.);
#294=CIRCLE('',#9099,1.49999999999999);
#295=CIRCLE('',#9101,1.50000000000001);
#296=CIRCLE('',#9104,1.99999999999999);
#297=CIRCLE('',#9105,7.69999999999996);
#298=CIRCLE('',#9106,1.99999999999998);
#299=CIRCLE('',#9107,7.69999999999996);
#300=CIRCLE('',#9108,2.00000000000004);
#301=CIRCLE('',#9109,7.7);
#302=CIRCLE('',#9110,2.);
#303=CIRCLE('',#9111,7.70000000000001);
#304=CIRCLE('',#9112,2.00000000000001);
#305=CIRCLE('',#9113,7.7);
#306=CIRCLE('',#9114,1.99999999999997);
#307=CIRCLE('',#9117,1.99999999999996);
#308=CIRCLE('',#9119,7.70000000000031);
#309=CIRCLE('',#9121,2.00000000000004);
#310=CIRCLE('',#9124,1.5);
#311=CIRCLE('',#9127,1.49999999999999);
#312=CIRCLE('',#9130,2.00000000000001);
#313=CIRCLE('',#9132,1.99999999999999);
#314=CIRCLE('',#9134,7.69999999999996);
#315=CIRCLE('',#9136,2.);
#316=CIRCLE('',#9139,7.70000000000001);
#317=CIRCLE('',#9142,2.00000000000001);
#318=CIRCLE('',#9144,7.7);
#319=CIRCLE('',#9146,1.99999999999997);
#320=CIRCLE('',#9150,1.99999999999998);
#321=CIRCLE('',#9152,7.69999999999996);
#322=CIRCLE('',#9155,2.00000000000004);
#323=CIRCLE('',#9157,7.7);
#324=CIRCLE('',#9159,6.);
#325=CIRCLE('',#9160,6.);
#326=CIRCLE('',#9161,6.);
#327=CIRCLE('',#9162,6.);
#328=CIRCLE('',#9163,6.);
#329=CIRCLE('',#9165,6.);
#330=CIRCLE('',#9168,6.);
#331=CIRCLE('',#9171,6.);
#332=CIRCLE('',#9174,6.);
#333=CIRCLE('',#9177,6.);
#334=CIRCLE('',#9180,0.499999999999997);
#335=CIRCLE('',#9183,0.500000000000007);
#336=CIRCLE('',#9186,0.499999999999994);
#337=CIRCLE('',#9190,0.499999999999997);
#338=CIRCLE('',#9193,0.500000000000007);
#339=CIRCLE('',#9197,0.499999999999994);
#340=CIRCLE('',#9204,0.500000000000007);
#341=CIRCLE('',#9207,0.500000000000011);
#342=CIRCLE('',#9212,0.500000000000007);
#343=CIRCLE('',#9215,0.500000000000004);
#344=CIRCLE('',#9218,0.5);
#345=CIRCLE('',#9221,0.500000000000007);
#346=CIRCLE('',#9225,0.5);
#347=CIRCLE('',#9228,0.500000000000007);
#348=CIRCLE('',#9231,0.5);
#349=CIRCLE('',#9236,0.5);
#350=CIRCLE('',#9240,0.500000000000007);
#351=CIRCLE('',#9243,0.500000000000007);
#352=CIRCLE('',#9247,0.5);
#353=CIRCLE('',#9250,0.500000000000002);
#354=CIRCLE('',#9254,0.5);
#355=CIRCLE('',#9257,0.5);
#356=CIRCLE('',#9261,0.500000000000007);
#357=CIRCLE('',#9264,0.500000000000007);
#358=CIRCLE('',#9267,0.499999999999995);
#359=CIRCLE('',#9271,0.500000000000004);
#360=CIRCLE('',#9274,0.500000000000007);
#361=CIRCLE('',#9277,0.499999999999999);
#362=CIRCLE('',#9280,0.5);
#363=CIRCLE('',#9286,0.499999999999903);
#364=CIRCLE('',#9287,0.499999999999994);
#365=CIRCLE('',#9288,0.500000000000014);
#366=CIRCLE('',#9289,0.499999999999984);
#367=CIRCLE('',#9290,0.199999999999987);
#368=ORIENTED_EDGE('',*,*,#2242,.F.);
#369=ORIENTED_EDGE('',*,*,#2243,.T.);
#370=ORIENTED_EDGE('',*,*,#2244,.F.);
#371=ORIENTED_EDGE('',*,*,#2245,.F.);
#372=ORIENTED_EDGE('',*,*,#2246,.F.);
#373=ORIENTED_EDGE('',*,*,#2247,.F.);
#374=ORIENTED_EDGE('',*,*,#2248,.T.);
#375=ORIENTED_EDGE('',*,*,#2249,.T.);
#376=ORIENTED_EDGE('',*,*,#2250,.T.);
#377=ORIENTED_EDGE('',*,*,#2251,.T.);
#378=ORIENTED_EDGE('',*,*,#2252,.T.);
#379=ORIENTED_EDGE('',*,*,#2253,.T.);
#380=ORIENTED_EDGE('',*,*,#2254,.F.);
#381=ORIENTED_EDGE('',*,*,#2255,.F.);
#382=ORIENTED_EDGE('',*,*,#2256,.T.);
#383=ORIENTED_EDGE('',*,*,#2257,.T.);
#384=ORIENTED_EDGE('',*,*,#2258,.T.);
#385=ORIENTED_EDGE('',*,*,#2259,.T.);
#386=ORIENTED_EDGE('',*,*,#2260,.T.);
#387=ORIENTED_EDGE('',*,*,#2261,.T.);
#388=ORIENTED_EDGE('',*,*,#2262,.T.);
#389=ORIENTED_EDGE('',*,*,#2263,.T.);
#390=ORIENTED_EDGE('',*,*,#2264,.T.);
#391=ORIENTED_EDGE('',*,*,#2265,.T.);
#392=ORIENTED_EDGE('',*,*,#2266,.F.);
#393=ORIENTED_EDGE('',*,*,#2267,.T.);
#394=ORIENTED_EDGE('',*,*,#2268,.F.);
#395=ORIENTED_EDGE('',*,*,#2269,.T.);
#396=ORIENTED_EDGE('',*,*,#2270,.T.);
#397=ORIENTED_EDGE('',*,*,#2271,.T.);
#398=ORIENTED_EDGE('',*,*,#2272,.T.);
#399=ORIENTED_EDGE('',*,*,#2273,.T.);
#400=ORIENTED_EDGE('',*,*,#2274,.T.);
#401=ORIENTED_EDGE('',*,*,#2275,.T.);
#402=ORIENTED_EDGE('',*,*,#2276,.T.);
#403=ORIENTED_EDGE('',*,*,#2277,.T.);
#404=ORIENTED_EDGE('',*,*,#2278,.T.);
#405=ORIENTED_EDGE('',*,*,#2279,.T.);
#406=ORIENTED_EDGE('',*,*,#2280,.T.);
#407=ORIENTED_EDGE('',*,*,#2281,.T.);
#408=ORIENTED_EDGE('',*,*,#2282,.T.);
#409=ORIENTED_EDGE('',*,*,#2283,.T.);
#410=ORIENTED_EDGE('',*,*,#2284,.T.);
#411=ORIENTED_EDGE('',*,*,#2247,.T.);
#412=ORIENTED_EDGE('',*,*,#2285,.T.);
#413=ORIENTED_EDGE('',*,*,#2245,.T.);
#414=ORIENTED_EDGE('',*,*,#2286,.F.);
#415=ORIENTED_EDGE('',*,*,#2255,.T.);
#416=ORIENTED_EDGE('',*,*,#2287,.F.);
#417=ORIENTED_EDGE('',*,*,#2288,.F.);
#418=ORIENTED_EDGE('',*,*,#2257,.F.);
#419=ORIENTED_EDGE('',*,*,#2289,.T.);
#420=ORIENTED_EDGE('',*,*,#2243,.F.);
#421=ORIENTED_EDGE('',*,*,#2290,.F.);
#422=ORIENTED_EDGE('',*,*,#2253,.F.);
#423=ORIENTED_EDGE('',*,*,#2291,.T.);
#424=ORIENTED_EDGE('',*,*,#2292,.F.);
#425=ORIENTED_EDGE('',*,*,#2293,.F.);
#426=ORIENTED_EDGE('',*,*,#2294,.F.);
#427=ORIENTED_EDGE('',*,*,#2295,.F.);
#428=ORIENTED_EDGE('',*,*,#2296,.F.);
#429=ORIENTED_EDGE('',*,*,#2297,.F.);
#430=ORIENTED_EDGE('',*,*,#2298,.F.);
#431=ORIENTED_EDGE('',*,*,#2299,.T.);
#432=ORIENTED_EDGE('',*,*,#2300,.F.);
#433=ORIENTED_EDGE('',*,*,#2301,.F.);
#434=ORIENTED_EDGE('',*,*,#2302,.F.);
#435=ORIENTED_EDGE('',*,*,#2303,.F.);
#436=ORIENTED_EDGE('',*,*,#2304,.F.);
#437=ORIENTED_EDGE('',*,*,#2305,.T.);
#438=ORIENTED_EDGE('',*,*,#2306,.F.);
#439=ORIENTED_EDGE('',*,*,#2307,.T.);
#440=ORIENTED_EDGE('',*,*,#2308,.F.);
#441=ORIENTED_EDGE('',*,*,#2309,.F.);
#442=ORIENTED_EDGE('',*,*,#2310,.F.);
#443=ORIENTED_EDGE('',*,*,#2311,.F.);
#444=ORIENTED_EDGE('',*,*,#2312,.F.);
#445=ORIENTED_EDGE('',*,*,#2313,.F.);
#446=ORIENTED_EDGE('',*,*,#2314,.F.);
#447=ORIENTED_EDGE('',*,*,#2315,.T.);
#448=ORIENTED_EDGE('',*,*,#2316,.T.);
#449=ORIENTED_EDGE('',*,*,#2317,.F.);
#450=ORIENTED_EDGE('',*,*,#2318,.F.);
#451=ORIENTED_EDGE('',*,*,#2319,.F.);
#452=ORIENTED_EDGE('',*,*,#2320,.F.);
#453=ORIENTED_EDGE('',*,*,#2321,.F.);
#454=ORIENTED_EDGE('',*,*,#2322,.F.);
#455=ORIENTED_EDGE('',*,*,#2323,.F.);
#456=ORIENTED_EDGE('',*,*,#2324,.F.);
#457=ORIENTED_EDGE('',*,*,#2325,.F.);
#458=ORIENTED_EDGE('',*,*,#2326,.F.);
#459=ORIENTED_EDGE('',*,*,#2327,.F.);
#460=ORIENTED_EDGE('',*,*,#2328,.F.);
#461=ORIENTED_EDGE('',*,*,#2329,.F.);
#462=ORIENTED_EDGE('',*,*,#2330,.F.);
#463=ORIENTED_EDGE('',*,*,#2331,.F.);
#464=ORIENTED_EDGE('',*,*,#2332,.F.);
#465=ORIENTED_EDGE('',*,*,#2333,.F.);
#466=ORIENTED_EDGE('',*,*,#2334,.F.);
#467=ORIENTED_EDGE('',*,*,#2335,.F.);
#468=ORIENTED_EDGE('',*,*,#2336,.F.);
#469=ORIENTED_EDGE('',*,*,#2337,.F.);
#470=ORIENTED_EDGE('',*,*,#2338,.F.);
#471=ORIENTED_EDGE('',*,*,#2339,.F.);
#472=ORIENTED_EDGE('',*,*,#2340,.F.);
#473=ORIENTED_EDGE('',*,*,#2341,.F.);
#474=ORIENTED_EDGE('',*,*,#2342,.F.);
#475=ORIENTED_EDGE('',*,*,#2343,.F.);
#476=ORIENTED_EDGE('',*,*,#2344,.F.);
#477=ORIENTED_EDGE('',*,*,#2345,.F.);
#478=ORIENTED_EDGE('',*,*,#2346,.F.);
#479=ORIENTED_EDGE('',*,*,#2347,.F.);
#480=ORIENTED_EDGE('',*,*,#2348,.F.);
#481=ORIENTED_EDGE('',*,*,#2349,.F.);
#482=ORIENTED_EDGE('',*,*,#2350,.T.);
#483=ORIENTED_EDGE('',*,*,#2351,.T.);
#484=ORIENTED_EDGE('',*,*,#2352,.T.);
#485=ORIENTED_EDGE('',*,*,#2353,.F.);
#486=ORIENTED_EDGE('',*,*,#2354,.T.);
#487=ORIENTED_EDGE('',*,*,#2355,.F.);
#488=ORIENTED_EDGE('',*,*,#2356,.T.);
#489=ORIENTED_EDGE('',*,*,#2357,.F.);
#490=ORIENTED_EDGE('',*,*,#2358,.T.);
#491=ORIENTED_EDGE('',*,*,#2359,.F.);
#492=ORIENTED_EDGE('',*,*,#2360,.T.);
#493=ORIENTED_EDGE('',*,*,#2361,.F.);
#494=ORIENTED_EDGE('',*,*,#2362,.T.);
#495=ORIENTED_EDGE('',*,*,#2363,.F.);
#496=ORIENTED_EDGE('',*,*,#2364,.T.);
#497=ORIENTED_EDGE('',*,*,#2365,.F.);
#498=ORIENTED_EDGE('',*,*,#2366,.T.);
#499=ORIENTED_EDGE('',*,*,#2367,.F.);
#500=ORIENTED_EDGE('',*,*,#2368,.T.);
#501=ORIENTED_EDGE('',*,*,#2369,.F.);
#502=ORIENTED_EDGE('',*,*,#2370,.T.);
#503=ORIENTED_EDGE('',*,*,#2371,.F.);
#504=ORIENTED_EDGE('',*,*,#2372,.T.);
#505=ORIENTED_EDGE('',*,*,#2373,.F.);
#506=ORIENTED_EDGE('',*,*,#2374,.T.);
#507=ORIENTED_EDGE('',*,*,#2375,.T.);
#508=ORIENTED_EDGE('',*,*,#2376,.T.);
#509=ORIENTED_EDGE('',*,*,#2377,.T.);
#510=ORIENTED_EDGE('',*,*,#2378,.T.);
#511=ORIENTED_EDGE('',*,*,#2379,.F.);
#512=ORIENTED_EDGE('',*,*,#2380,.T.);
#513=ORIENTED_EDGE('',*,*,#2381,.F.);
#514=ORIENTED_EDGE('',*,*,#2382,.T.);
#515=ORIENTED_EDGE('',*,*,#2383,.T.);
#516=ORIENTED_EDGE('',*,*,#2384,.T.);
#517=ORIENTED_EDGE('',*,*,#2385,.F.);
#518=ORIENTED_EDGE('',*,*,#2386,.T.);
#519=ORIENTED_EDGE('',*,*,#2387,.T.);
#520=ORIENTED_EDGE('',*,*,#2388,.T.);
#521=ORIENTED_EDGE('',*,*,#2389,.T.);
#522=ORIENTED_EDGE('',*,*,#2390,.T.);
#523=ORIENTED_EDGE('',*,*,#2391,.T.);
#524=ORIENTED_EDGE('',*,*,#2392,.T.);
#525=ORIENTED_EDGE('',*,*,#2393,.F.);
#526=ORIENTED_EDGE('',*,*,#2394,.T.);
#527=ORIENTED_EDGE('',*,*,#2395,.T.);
#528=ORIENTED_EDGE('',*,*,#2396,.T.);
#529=ORIENTED_EDGE('',*,*,#2397,.T.);
#530=ORIENTED_EDGE('',*,*,#2398,.T.);
#531=ORIENTED_EDGE('',*,*,#2399,.T.);
#532=ORIENTED_EDGE('',*,*,#2400,.T.);
#533=ORIENTED_EDGE('',*,*,#2401,.T.);
#534=ORIENTED_EDGE('',*,*,#2402,.T.);
#535=ORIENTED_EDGE('',*,*,#2403,.T.);
#536=ORIENTED_EDGE('',*,*,#2404,.T.);
#537=ORIENTED_EDGE('',*,*,#2405,.T.);
#538=ORIENTED_EDGE('',*,*,#2406,.T.);
#539=ORIENTED_EDGE('',*,*,#2407,.T.);
#540=ORIENTED_EDGE('',*,*,#2408,.T.);
#541=ORIENTED_EDGE('',*,*,#2409,.T.);
#542=ORIENTED_EDGE('',*,*,#2410,.T.);
#543=ORIENTED_EDGE('',*,*,#2411,.T.);
#544=ORIENTED_EDGE('',*,*,#2412,.T.);
#545=ORIENTED_EDGE('',*,*,#2413,.T.);
#546=ORIENTED_EDGE('',*,*,#2414,.T.);
#547=ORIENTED_EDGE('',*,*,#2415,.T.);
#548=ORIENTED_EDGE('',*,*,#2416,.T.);
#549=ORIENTED_EDGE('',*,*,#2417,.T.);
#550=ORIENTED_EDGE('',*,*,#2418,.T.);
#551=ORIENTED_EDGE('',*,*,#2419,.T.);
#552=ORIENTED_EDGE('',*,*,#2420,.T.);
#553=ORIENTED_EDGE('',*,*,#2421,.T.);
#554=ORIENTED_EDGE('',*,*,#2422,.T.);
#555=ORIENTED_EDGE('',*,*,#2423,.T.);
#556=ORIENTED_EDGE('',*,*,#2424,.T.);
#557=ORIENTED_EDGE('',*,*,#2425,.T.);
#558=ORIENTED_EDGE('',*,*,#2426,.T.);
#559=ORIENTED_EDGE('',*,*,#2427,.T.);
#560=ORIENTED_EDGE('',*,*,#2428,.T.);
#561=ORIENTED_EDGE('',*,*,#2429,.T.);
#562=ORIENTED_EDGE('',*,*,#2430,.T.);
#563=ORIENTED_EDGE('',*,*,#2431,.T.);
#564=ORIENTED_EDGE('',*,*,#2432,.T.);
#565=ORIENTED_EDGE('',*,*,#2433,.T.);
#566=ORIENTED_EDGE('',*,*,#2434,.T.);
#567=ORIENTED_EDGE('',*,*,#2435,.T.);
#568=ORIENTED_EDGE('',*,*,#2436,.T.);
#569=ORIENTED_EDGE('',*,*,#2437,.T.);
#570=ORIENTED_EDGE('',*,*,#2438,.T.);
#571=ORIENTED_EDGE('',*,*,#2439,.T.);
#572=ORIENTED_EDGE('',*,*,#2440,.T.);
#573=ORIENTED_EDGE('',*,*,#2441,.F.);
#574=ORIENTED_EDGE('',*,*,#2442,.T.);
#575=ORIENTED_EDGE('',*,*,#2443,.F.);
#576=ORIENTED_EDGE('',*,*,#2444,.T.);
#577=ORIENTED_EDGE('',*,*,#2445,.T.);
#578=ORIENTED_EDGE('',*,*,#2446,.T.);
#579=ORIENTED_EDGE('',*,*,#2447,.T.);
#580=ORIENTED_EDGE('',*,*,#2448,.F.);
#581=ORIENTED_EDGE('',*,*,#2449,.T.);
#582=ORIENTED_EDGE('',*,*,#2450,.F.);
#583=ORIENTED_EDGE('',*,*,#2451,.T.);
#584=ORIENTED_EDGE('',*,*,#2452,.T.);
#585=ORIENTED_EDGE('',*,*,#2453,.T.);
#586=ORIENTED_EDGE('',*,*,#2454,.T.);
#587=ORIENTED_EDGE('',*,*,#2455,.T.);
#588=ORIENTED_EDGE('',*,*,#2456,.F.);
#589=ORIENTED_EDGE('',*,*,#2457,.F.);
#590=ORIENTED_EDGE('',*,*,#2458,.F.);
#591=ORIENTED_EDGE('',*,*,#2459,.F.);
#592=ORIENTED_EDGE('',*,*,#2460,.F.);
#593=ORIENTED_EDGE('',*,*,#2461,.F.);
#594=ORIENTED_EDGE('',*,*,#2462,.F.);
#595=ORIENTED_EDGE('',*,*,#2463,.F.);
#596=ORIENTED_EDGE('',*,*,#2464,.F.);
#597=ORIENTED_EDGE('',*,*,#2465,.F.);
#598=ORIENTED_EDGE('',*,*,#2466,.F.);
#599=ORIENTED_EDGE('',*,*,#2467,.F.);
#600=ORIENTED_EDGE('',*,*,#2468,.F.);
#601=ORIENTED_EDGE('',*,*,#2469,.F.);
#602=ORIENTED_EDGE('',*,*,#2470,.F.);
#603=ORIENTED_EDGE('',*,*,#2471,.F.);
#604=ORIENTED_EDGE('',*,*,#2472,.F.);
#605=ORIENTED_EDGE('',*,*,#2473,.F.);
#606=ORIENTED_EDGE('',*,*,#2474,.F.);
#607=ORIENTED_EDGE('',*,*,#2475,.F.);
#608=ORIENTED_EDGE('',*,*,#2476,.F.);
#609=ORIENTED_EDGE('',*,*,#2477,.F.);
#610=ORIENTED_EDGE('',*,*,#2478,.F.);
#611=ORIENTED_EDGE('',*,*,#2479,.F.);
#612=ORIENTED_EDGE('',*,*,#2480,.F.);
#613=ORIENTED_EDGE('',*,*,#2481,.F.);
#614=ORIENTED_EDGE('',*,*,#2482,.F.);
#615=ORIENTED_EDGE('',*,*,#2483,.F.);
#616=ORIENTED_EDGE('',*,*,#2484,.F.);
#617=ORIENTED_EDGE('',*,*,#2485,.F.);
#618=ORIENTED_EDGE('',*,*,#2486,.F.);
#619=ORIENTED_EDGE('',*,*,#2487,.F.);
#620=ORIENTED_EDGE('',*,*,#2488,.F.);
#621=ORIENTED_EDGE('',*,*,#2489,.F.);
#622=ORIENTED_EDGE('',*,*,#2490,.F.);
#623=ORIENTED_EDGE('',*,*,#2491,.F.);
#624=ORIENTED_EDGE('',*,*,#2492,.F.);
#625=ORIENTED_EDGE('',*,*,#2493,.F.);
#626=ORIENTED_EDGE('',*,*,#2494,.F.);
#627=ORIENTED_EDGE('',*,*,#2495,.F.);
#628=ORIENTED_EDGE('',*,*,#2496,.F.);
#629=ORIENTED_EDGE('',*,*,#2497,.T.);
#630=ORIENTED_EDGE('',*,*,#2498,.T.);
#631=ORIENTED_EDGE('',*,*,#2499,.T.);
#632=ORIENTED_EDGE('',*,*,#2500,.T.);
#633=ORIENTED_EDGE('',*,*,#2501,.T.);
#634=ORIENTED_EDGE('',*,*,#2502,.T.);
#635=ORIENTED_EDGE('',*,*,#2503,.T.);
#636=ORIENTED_EDGE('',*,*,#2504,.T.);
#637=ORIENTED_EDGE('',*,*,#2505,.F.);
#638=ORIENTED_EDGE('',*,*,#2506,.T.);
#639=ORIENTED_EDGE('',*,*,#2507,.T.);
#640=ORIENTED_EDGE('',*,*,#2508,.F.);
#641=ORIENTED_EDGE('',*,*,#2509,.T.);
#642=ORIENTED_EDGE('',*,*,#2510,.F.);
#643=ORIENTED_EDGE('',*,*,#2511,.T.);
#644=ORIENTED_EDGE('',*,*,#2512,.F.);
#645=ORIENTED_EDGE('',*,*,#2513,.F.);
#646=ORIENTED_EDGE('',*,*,#2514,.F.);
#647=ORIENTED_EDGE('',*,*,#2515,.F.);
#648=ORIENTED_EDGE('',*,*,#2516,.F.);
#649=ORIENTED_EDGE('',*,*,#2517,.T.);
#650=ORIENTED_EDGE('',*,*,#2518,.T.);
#651=ORIENTED_EDGE('',*,*,#2519,.T.);
#652=ORIENTED_EDGE('',*,*,#2520,.T.);
#653=ORIENTED_EDGE('',*,*,#2521,.T.);
#654=ORIENTED_EDGE('',*,*,#2522,.T.);
#655=ORIENTED_EDGE('',*,*,#2523,.T.);
#656=ORIENTED_EDGE('',*,*,#2524,.F.);
#657=ORIENTED_EDGE('',*,*,#2251,.F.);
#658=ORIENTED_EDGE('',*,*,#2525,.T.);
#659=ORIENTED_EDGE('',*,*,#2526,.T.);
#660=ORIENTED_EDGE('',*,*,#2527,.F.);
#661=ORIENTED_EDGE('',*,*,#2311,.T.);
#662=ORIENTED_EDGE('',*,*,#2528,.F.);
#663=ORIENTED_EDGE('',*,*,#2262,.F.);
#664=ORIENTED_EDGE('',*,*,#2529,.T.);
#665=ORIENTED_EDGE('',*,*,#2528,.T.);
#666=ORIENTED_EDGE('',*,*,#2310,.T.);
#667=ORIENTED_EDGE('',*,*,#2530,.F.);
#668=ORIENTED_EDGE('',*,*,#2263,.F.);
#669=ORIENTED_EDGE('',*,*,#2530,.T.);
#670=ORIENTED_EDGE('',*,*,#2309,.T.);
#671=ORIENTED_EDGE('',*,*,#2531,.F.);
#672=ORIENTED_EDGE('',*,*,#2264,.F.);
#673=ORIENTED_EDGE('',*,*,#2304,.T.);
#674=ORIENTED_EDGE('',*,*,#2532,.F.);
#675=ORIENTED_EDGE('',*,*,#2269,.F.);
#676=ORIENTED_EDGE('',*,*,#2533,.T.);
#677=ORIENTED_EDGE('',*,*,#2532,.T.);
#678=ORIENTED_EDGE('',*,*,#2303,.T.);
#679=ORIENTED_EDGE('',*,*,#2534,.F.);
#680=ORIENTED_EDGE('',*,*,#2270,.F.);
#681=ORIENTED_EDGE('',*,*,#2534,.T.);
#682=ORIENTED_EDGE('',*,*,#2302,.T.);
#683=ORIENTED_EDGE('',*,*,#2535,.F.);
#684=ORIENTED_EDGE('',*,*,#2271,.F.);
#685=ORIENTED_EDGE('',*,*,#2535,.T.);
#686=ORIENTED_EDGE('',*,*,#2301,.T.);
#687=ORIENTED_EDGE('',*,*,#2536,.F.);
#688=ORIENTED_EDGE('',*,*,#2272,.F.);
#689=ORIENTED_EDGE('',*,*,#2537,.T.);
#690=ORIENTED_EDGE('',*,*,#2538,.T.);
#691=ORIENTED_EDGE('',*,*,#2539,.F.);
#692=ORIENTED_EDGE('',*,*,#2540,.F.);
#693=ORIENTED_EDGE('',*,*,#2541,.F.);
#694=ORIENTED_EDGE('',*,*,#2500,.F.);
#695=ORIENTED_EDGE('',*,*,#2542,.F.);
#696=ORIENTED_EDGE('',*,*,#2543,.F.);
#697=ORIENTED_EDGE('',*,*,#2544,.F.);
#698=ORIENTED_EDGE('',*,*,#2545,.F.);
#699=ORIENTED_EDGE('',*,*,#2525,.F.);
#700=ORIENTED_EDGE('',*,*,#2250,.F.);
#701=ORIENTED_EDGE('',*,*,#2546,.T.);
#702=ORIENTED_EDGE('',*,*,#2547,.T.);
#703=ORIENTED_EDGE('',*,*,#2497,.F.);
#704=ORIENTED_EDGE('',*,*,#2548,.F.);
#705=ORIENTED_EDGE('',*,*,#2495,.T.);
#706=ORIENTED_EDGE('',*,*,#2549,.T.);
#707=ORIENTED_EDGE('',*,*,#2550,.F.);
#708=ORIENTED_EDGE('',*,*,#2551,.F.);
#709=ORIENTED_EDGE('',*,*,#2550,.T.);
#710=ORIENTED_EDGE('',*,*,#2552,.T.);
#711=ORIENTED_EDGE('',*,*,#2537,.F.);
#712=ORIENTED_EDGE('',*,*,#2553,.F.);
#713=ORIENTED_EDGE('',*,*,#2554,.T.);
#714=ORIENTED_EDGE('',*,*,#2539,.T.);
#715=ORIENTED_EDGE('',*,*,#2555,.T.);
#716=ORIENTED_EDGE('',*,*,#2546,.F.);
#717=ORIENTED_EDGE('',*,*,#2556,.F.);
#718=ORIENTED_EDGE('',*,*,#2542,.T.);
#719=ORIENTED_EDGE('',*,*,#2526,.F.);
#720=ORIENTED_EDGE('',*,*,#2545,.T.);
#721=ORIENTED_EDGE('',*,*,#2557,.T.);
#722=ORIENTED_EDGE('',*,*,#2558,.F.);
#723=ORIENTED_EDGE('',*,*,#2499,.F.);
#724=ORIENTED_EDGE('',*,*,#2559,.T.);
#725=ORIENTED_EDGE('',*,*,#2560,.T.);
#726=ORIENTED_EDGE('',*,*,#2554,.F.);
#727=ORIENTED_EDGE('',*,*,#2559,.F.);
#728=ORIENTED_EDGE('',*,*,#2527,.T.);
#729=ORIENTED_EDGE('',*,*,#2558,.T.);
#730=ORIENTED_EDGE('',*,*,#2561,.F.);
#731=ORIENTED_EDGE('',*,*,#2501,.F.);
#732=ORIENTED_EDGE('',*,*,#2541,.T.);
#733=ORIENTED_EDGE('',*,*,#2562,.T.);
#734=ORIENTED_EDGE('',*,*,#2563,.F.);
#735=ORIENTED_EDGE('',*,*,#2502,.F.);
#736=ORIENTED_EDGE('',*,*,#2563,.T.);
#737=ORIENTED_EDGE('',*,*,#2564,.T.);
#738=ORIENTED_EDGE('',*,*,#2565,.F.);
#739=ORIENTED_EDGE('',*,*,#2503,.F.);
#740=ORIENTED_EDGE('',*,*,#2565,.T.);
#741=ORIENTED_EDGE('',*,*,#2566,.T.);
#742=ORIENTED_EDGE('',*,*,#2567,.F.);
#743=ORIENTED_EDGE('',*,*,#2507,.F.);
#744=ORIENTED_EDGE('',*,*,#2568,.T.);
#745=ORIENTED_EDGE('',*,*,#2569,.T.);
#746=ORIENTED_EDGE('',*,*,#2570,.F.);
#747=ORIENTED_EDGE('',*,*,#2571,.F.);
#748=ORIENTED_EDGE('',*,*,#2508,.T.);
#749=ORIENTED_EDGE('',*,*,#2570,.T.);
#750=ORIENTED_EDGE('',*,*,#2572,.F.);
#751=ORIENTED_EDGE('',*,*,#2509,.F.);
#752=ORIENTED_EDGE('',*,*,#2571,.T.);
#753=ORIENTED_EDGE('',*,*,#2573,.T.);
#754=ORIENTED_EDGE('',*,*,#2574,.F.);
#755=ORIENTED_EDGE('',*,*,#2575,.F.);
#756=ORIENTED_EDGE('',*,*,#2510,.T.);
#757=ORIENTED_EDGE('',*,*,#2574,.T.);
#758=ORIENTED_EDGE('',*,*,#2576,.F.);
#759=ORIENTED_EDGE('',*,*,#2519,.F.);
#760=ORIENTED_EDGE('',*,*,#2577,.T.);
#761=ORIENTED_EDGE('',*,*,#2578,.T.);
#762=ORIENTED_EDGE('',*,*,#2579,.F.);
#763=ORIENTED_EDGE('',*,*,#2520,.F.);
#764=ORIENTED_EDGE('',*,*,#2579,.T.);
#765=ORIENTED_EDGE('',*,*,#2580,.T.);
#766=ORIENTED_EDGE('',*,*,#2581,.F.);
#767=ORIENTED_EDGE('',*,*,#2521,.F.);
#768=ORIENTED_EDGE('',*,*,#2581,.T.);
#769=ORIENTED_EDGE('',*,*,#2582,.T.);
#770=ORIENTED_EDGE('',*,*,#2583,.F.);
#771=ORIENTED_EDGE('',*,*,#2584,.F.);
#772=ORIENTED_EDGE('',*,*,#2585,.T.);
#773=ORIENTED_EDGE('',*,*,#2586,.T.);
#774=ORIENTED_EDGE('',*,*,#2587,.F.);
#775=ORIENTED_EDGE('',*,*,#2588,.F.);
#776=ORIENTED_EDGE('',*,*,#2589,.F.);
#777=ORIENTED_EDGE('',*,*,#2590,.F.);
#778=ORIENTED_EDGE('',*,*,#2591,.T.);
#779=ORIENTED_EDGE('',*,*,#2592,.F.);
#780=ORIENTED_EDGE('',*,*,#2593,.T.);
#781=ORIENTED_EDGE('',*,*,#2594,.F.);
#782=ORIENTED_EDGE('',*,*,#2595,.F.);
#783=ORIENTED_EDGE('',*,*,#2596,.F.);
#784=ORIENTED_EDGE('',*,*,#2597,.F.);
#785=ORIENTED_EDGE('',*,*,#2598,.F.);
#786=ORIENTED_EDGE('',*,*,#2599,.F.);
#787=ORIENTED_EDGE('',*,*,#2600,.F.);
#788=ORIENTED_EDGE('',*,*,#2601,.F.);
#789=ORIENTED_EDGE('',*,*,#2602,.F.);
#790=ORIENTED_EDGE('',*,*,#2603,.F.);
#791=ORIENTED_EDGE('',*,*,#2604,.F.);
#792=ORIENTED_EDGE('',*,*,#2605,.F.);
#793=ORIENTED_EDGE('',*,*,#2606,.T.);
#794=ORIENTED_EDGE('',*,*,#2607,.F.);
#795=ORIENTED_EDGE('',*,*,#2608,.T.);
#796=ORIENTED_EDGE('',*,*,#2609,.F.);
#797=ORIENTED_EDGE('',*,*,#2610,.F.);
#798=ORIENTED_EDGE('',*,*,#2611,.F.);
#799=ORIENTED_EDGE('',*,*,#2612,.F.);
#800=ORIENTED_EDGE('',*,*,#2613,.F.);
#801=ORIENTED_EDGE('',*,*,#2614,.T.);
#802=ORIENTED_EDGE('',*,*,#2615,.F.);
#803=ORIENTED_EDGE('',*,*,#2616,.F.);
#804=ORIENTED_EDGE('',*,*,#2617,.F.);
#805=ORIENTED_EDGE('',*,*,#2618,.F.);
#806=ORIENTED_EDGE('',*,*,#2619,.F.);
#807=ORIENTED_EDGE('',*,*,#2620,.F.);
#808=ORIENTED_EDGE('',*,*,#2621,.F.);
#809=ORIENTED_EDGE('',*,*,#2622,.T.);
#810=ORIENTED_EDGE('',*,*,#2623,.F.);
#811=ORIENTED_EDGE('',*,*,#2624,.F.);
#812=ORIENTED_EDGE('',*,*,#2625,.F.);
#813=ORIENTED_EDGE('',*,*,#2626,.T.);
#814=ORIENTED_EDGE('',*,*,#2627,.F.);
#815=ORIENTED_EDGE('',*,*,#2628,.T.);
#816=ORIENTED_EDGE('',*,*,#2629,.F.);
#817=ORIENTED_EDGE('',*,*,#2630,.F.);
#818=ORIENTED_EDGE('',*,*,#2631,.F.);
#819=ORIENTED_EDGE('',*,*,#2632,.F.);
#820=ORIENTED_EDGE('',*,*,#2633,.F.);
#821=ORIENTED_EDGE('',*,*,#2634,.T.);
#822=ORIENTED_EDGE('',*,*,#2635,.F.);
#823=ORIENTED_EDGE('',*,*,#2636,.T.);
#824=ORIENTED_EDGE('',*,*,#2637,.F.);
#825=ORIENTED_EDGE('',*,*,#2638,.T.);
#826=ORIENTED_EDGE('',*,*,#2639,.F.);
#827=ORIENTED_EDGE('',*,*,#2640,.T.);
#828=ORIENTED_EDGE('',*,*,#2641,.F.);
#829=ORIENTED_EDGE('',*,*,#2642,.T.);
#830=ORIENTED_EDGE('',*,*,#2643,.F.);
#831=ORIENTED_EDGE('',*,*,#2644,.T.);
#832=ORIENTED_EDGE('',*,*,#2645,.F.);
#833=ORIENTED_EDGE('',*,*,#2646,.T.);
#834=ORIENTED_EDGE('',*,*,#2647,.F.);
#835=ORIENTED_EDGE('',*,*,#2648,.T.);
#836=ORIENTED_EDGE('',*,*,#2649,.F.);
#837=ORIENTED_EDGE('',*,*,#2650,.T.);
#838=ORIENTED_EDGE('',*,*,#2651,.F.);
#839=ORIENTED_EDGE('',*,*,#2652,.T.);
#840=ORIENTED_EDGE('',*,*,#2653,.F.);
#841=ORIENTED_EDGE('',*,*,#2654,.T.);
#842=ORIENTED_EDGE('',*,*,#2655,.F.);
#843=ORIENTED_EDGE('',*,*,#2656,.F.);
#844=ORIENTED_EDGE('',*,*,#2657,.F.);
#845=ORIENTED_EDGE('',*,*,#2658,.F.);
#846=ORIENTED_EDGE('',*,*,#2659,.F.);
#847=ORIENTED_EDGE('',*,*,#2660,.F.);
#848=ORIENTED_EDGE('',*,*,#2661,.F.);
#849=ORIENTED_EDGE('',*,*,#2662,.F.);
#850=ORIENTED_EDGE('',*,*,#2663,.F.);
#851=ORIENTED_EDGE('',*,*,#2664,.F.);
#852=ORIENTED_EDGE('',*,*,#2665,.F.);
#853=ORIENTED_EDGE('',*,*,#2666,.F.);
#854=ORIENTED_EDGE('',*,*,#2667,.F.);
#855=ORIENTED_EDGE('',*,*,#2668,.F.);
#856=ORIENTED_EDGE('',*,*,#2669,.F.);
#857=ORIENTED_EDGE('',*,*,#2670,.F.);
#858=ORIENTED_EDGE('',*,*,#2671,.F.);
#859=ORIENTED_EDGE('',*,*,#2672,.F.);
#860=ORIENTED_EDGE('',*,*,#2673,.F.);
#861=ORIENTED_EDGE('',*,*,#2674,.F.);
#862=ORIENTED_EDGE('',*,*,#2675,.F.);
#863=ORIENTED_EDGE('',*,*,#2676,.F.);
#864=ORIENTED_EDGE('',*,*,#2677,.F.);
#865=ORIENTED_EDGE('',*,*,#2678,.F.);
#866=ORIENTED_EDGE('',*,*,#2679,.F.);
#867=ORIENTED_EDGE('',*,*,#2680,.F.);
#868=ORIENTED_EDGE('',*,*,#2681,.F.);
#869=ORIENTED_EDGE('',*,*,#2682,.F.);
#870=ORIENTED_EDGE('',*,*,#2683,.F.);
#871=ORIENTED_EDGE('',*,*,#2684,.F.);
#872=ORIENTED_EDGE('',*,*,#2685,.F.);
#873=ORIENTED_EDGE('',*,*,#2686,.F.);
#874=ORIENTED_EDGE('',*,*,#2687,.F.);
#875=ORIENTED_EDGE('',*,*,#2688,.F.);
#876=ORIENTED_EDGE('',*,*,#2689,.F.);
#877=ORIENTED_EDGE('',*,*,#2690,.F.);
#878=ORIENTED_EDGE('',*,*,#2691,.F.);
#879=ORIENTED_EDGE('',*,*,#2692,.F.);
#880=ORIENTED_EDGE('',*,*,#2693,.T.);
#881=ORIENTED_EDGE('',*,*,#2694,.F.);
#882=ORIENTED_EDGE('',*,*,#2695,.F.);
#883=ORIENTED_EDGE('',*,*,#2696,.F.);
#884=ORIENTED_EDGE('',*,*,#2697,.F.);
#885=ORIENTED_EDGE('',*,*,#2405,.F.);
#886=ORIENTED_EDGE('',*,*,#2698,.T.);
#887=ORIENTED_EDGE('',*,*,#2699,.F.);
#888=ORIENTED_EDGE('',*,*,#2698,.F.);
#889=ORIENTED_EDGE('',*,*,#2404,.F.);
#890=ORIENTED_EDGE('',*,*,#2700,.T.);
#891=ORIENTED_EDGE('',*,*,#2701,.F.);
#892=ORIENTED_EDGE('',*,*,#2702,.F.);
#893=ORIENTED_EDGE('',*,*,#2402,.F.);
#894=ORIENTED_EDGE('',*,*,#2703,.T.);
#895=ORIENTED_EDGE('',*,*,#2704,.F.);
#896=ORIENTED_EDGE('',*,*,#2705,.F.);
#897=ORIENTED_EDGE('',*,*,#2706,.F.);
#898=ORIENTED_EDGE('',*,*,#2707,.T.);
#899=ORIENTED_EDGE('',*,*,#2705,.T.);
#900=ORIENTED_EDGE('',*,*,#2708,.T.);
#901=ORIENTED_EDGE('',*,*,#2709,.F.);
#902=ORIENTED_EDGE('',*,*,#2710,.T.);
#903=ORIENTED_EDGE('',*,*,#2657,.T.);
#904=ORIENTED_EDGE('',*,*,#2711,.T.);
#905=ORIENTED_EDGE('',*,*,#2707,.F.);
#906=ORIENTED_EDGE('',*,*,#2712,.T.);
#907=ORIENTED_EDGE('',*,*,#2696,.T.);
#908=ORIENTED_EDGE('',*,*,#2713,.T.);
#909=ORIENTED_EDGE('',*,*,#2693,.F.);
#910=ORIENTED_EDGE('',*,*,#2714,.T.);
#911=ORIENTED_EDGE('',*,*,#2586,.F.);
#912=ORIENTED_EDGE('',*,*,#2715,.T.);
#913=ORIENTED_EDGE('',*,*,#2716,.T.);
#914=ORIENTED_EDGE('',*,*,#2717,.F.);
#915=ORIENTED_EDGE('',*,*,#2718,.T.);
#916=ORIENTED_EDGE('',*,*,#2719,.F.);
#917=ORIENTED_EDGE('',*,*,#2720,.T.);
#918=ORIENTED_EDGE('',*,*,#2721,.T.);
#919=ORIENTED_EDGE('',*,*,#2722,.T.);
#920=ORIENTED_EDGE('',*,*,#2723,.T.);
#921=ORIENTED_EDGE('',*,*,#2724,.T.);
#922=ORIENTED_EDGE('',*,*,#2725,.F.);
#923=ORIENTED_EDGE('',*,*,#2726,.T.);
#924=ORIENTED_EDGE('',*,*,#2727,.F.);
#925=ORIENTED_EDGE('',*,*,#2700,.F.);
#926=ORIENTED_EDGE('',*,*,#2403,.F.);
#927=ORIENTED_EDGE('',*,*,#2702,.T.);
#928=ORIENTED_EDGE('',*,*,#2728,.T.);
#929=ORIENTED_EDGE('',*,*,#2729,.T.);
#930=ORIENTED_EDGE('',*,*,#2658,.T.);
#931=ORIENTED_EDGE('',*,*,#2712,.F.);
#932=ORIENTED_EDGE('',*,*,#2706,.T.);
#933=ORIENTED_EDGE('',*,*,#2710,.F.);
#934=ORIENTED_EDGE('',*,*,#2730,.F.);
#935=ORIENTED_EDGE('',*,*,#2395,.F.);
#936=ORIENTED_EDGE('',*,*,#2731,.T.);
#937=ORIENTED_EDGE('',*,*,#2612,.T.);
#938=ORIENTED_EDGE('',*,*,#2732,.F.);
#939=ORIENTED_EDGE('',*,*,#2624,.T.);
#940=ORIENTED_EDGE('',*,*,#2733,.F.);
#941=ORIENTED_EDGE('',*,*,#2351,.F.);
#942=ORIENTED_EDGE('',*,*,#2734,.F.);
#943=ORIENTED_EDGE('',*,*,#2377,.F.);
#944=ORIENTED_EDGE('',*,*,#2735,.T.);
#945=ORIENTED_EDGE('',*,*,#2630,.T.);
#946=ORIENTED_EDGE('',*,*,#2736,.F.);
#947=ORIENTED_EDGE('',*,*,#2617,.T.);
#948=ORIENTED_EDGE('',*,*,#2737,.F.);
#949=ORIENTED_EDGE('',*,*,#2383,.F.);
#950=ORIENTED_EDGE('',*,*,#2738,.F.);
#951=ORIENTED_EDGE('',*,*,#2388,.F.);
#952=ORIENTED_EDGE('',*,*,#2739,.T.);
#953=ORIENTED_EDGE('',*,*,#2619,.T.);
#954=ORIENTED_EDGE('',*,*,#2379,.T.);
#955=ORIENTED_EDGE('',*,*,#2740,.T.);
#956=ORIENTED_EDGE('',*,*,#2628,.F.);
#957=ORIENTED_EDGE('',*,*,#2741,.F.);
#958=ORIENTED_EDGE('',*,*,#2626,.F.);
#959=ORIENTED_EDGE('',*,*,#2742,.T.);
#960=ORIENTED_EDGE('',*,*,#2381,.T.);
#961=ORIENTED_EDGE('',*,*,#2743,.T.);
#962=ORIENTED_EDGE('',*,*,#2744,.F.);
#963=ORIENTED_EDGE('',*,*,#2610,.T.);
#964=ORIENTED_EDGE('',*,*,#2745,.F.);
#965=ORIENTED_EDGE('',*,*,#2390,.F.);
#966=ORIENTED_EDGE('',*,*,#2746,.F.);
#967=ORIENTED_EDGE('',*,*,#2396,.F.);
#968=ORIENTED_EDGE('',*,*,#2747,.T.);
#969=ORIENTED_EDGE('',*,*,#2664,.T.);
#970=ORIENTED_EDGE('',*,*,#2748,.F.);
#971=ORIENTED_EDGE('',*,*,#2688,.T.);
#972=ORIENTED_EDGE('',*,*,#2749,.F.);
#973=ORIENTED_EDGE('',*,*,#2410,.F.);
#974=ORIENTED_EDGE('',*,*,#2750,.F.);
#975=ORIENTED_EDGE('',*,*,#2445,.F.);
#976=ORIENTED_EDGE('',*,*,#2751,.T.);
#977=ORIENTED_EDGE('',*,*,#2600,.T.);
#978=ORIENTED_EDGE('',*,*,#2752,.F.);
#979=ORIENTED_EDGE('',*,*,#2679,.T.);
#980=ORIENTED_EDGE('',*,*,#2753,.F.);
#981=ORIENTED_EDGE('',*,*,#2419,.F.);
#982=ORIENTED_EDGE('',*,*,#2754,.F.);
#983=ORIENTED_EDGE('',*,*,#2425,.F.);
#984=ORIENTED_EDGE('',*,*,#2755,.T.);
#985=ORIENTED_EDGE('',*,*,#2673,.T.);
#986=ORIENTED_EDGE('',*,*,#2756,.F.);
#987=ORIENTED_EDGE('',*,*,#2588,.T.);
#988=ORIENTED_EDGE('',*,*,#2757,.F.);
#989=ORIENTED_EDGE('',*,*,#2435,.F.);
#990=ORIENTED_EDGE('',*,*,#2758,.T.);
#991=ORIENTED_EDGE('',*,*,#2615,.T.);
#992=ORIENTED_EDGE('',*,*,#2759,.F.);
#993=ORIENTED_EDGE('',*,*,#2392,.F.);
#994=ORIENTED_EDGE('',*,*,#2604,.T.);
#995=ORIENTED_EDGE('',*,*,#2760,.F.);
#996=ORIENTED_EDGE('',*,*,#2452,.F.);
#997=ORIENTED_EDGE('',*,*,#2761,.T.);
#998=ORIENTED_EDGE('',*,*,#2603,.T.);
#999=ORIENTED_EDGE('',*,*,#2762,.F.);
#1000=ORIENTED_EDGE('',*,*,#2453,.F.);
#1001=ORIENTED_EDGE('',*,*,#2760,.T.);
#1002=ORIENTED_EDGE('',*,*,#2602,.T.);
#1003=ORIENTED_EDGE('',*,*,#2763,.F.);
#1004=ORIENTED_EDGE('',*,*,#2454,.F.);
#1005=ORIENTED_EDGE('',*,*,#2762,.T.);
#1006=ORIENTED_EDGE('',*,*,#2601,.T.);
#1007=ORIENTED_EDGE('',*,*,#2751,.F.);
#1008=ORIENTED_EDGE('',*,*,#2455,.F.);
#1009=ORIENTED_EDGE('',*,*,#2763,.T.);
#1010=ORIENTED_EDGE('',*,*,#2678,.T.);
#1011=ORIENTED_EDGE('',*,*,#2764,.F.);
#1012=ORIENTED_EDGE('',*,*,#2420,.F.);
#1013=ORIENTED_EDGE('',*,*,#2753,.T.);
#1014=ORIENTED_EDGE('',*,*,#2677,.T.);
#1015=ORIENTED_EDGE('',*,*,#2765,.F.);
#1016=ORIENTED_EDGE('',*,*,#2421,.F.);
#1017=ORIENTED_EDGE('',*,*,#2764,.T.);
#1018=ORIENTED_EDGE('',*,*,#2676,.T.);
#1019=ORIENTED_EDGE('',*,*,#2766,.F.);
#1020=ORIENTED_EDGE('',*,*,#2422,.F.);
#1021=ORIENTED_EDGE('',*,*,#2765,.T.);
#1022=ORIENTED_EDGE('',*,*,#2675,.T.);
#1023=ORIENTED_EDGE('',*,*,#2767,.F.);
#1024=ORIENTED_EDGE('',*,*,#2423,.F.);
#1025=ORIENTED_EDGE('',*,*,#2766,.T.);
#1026=ORIENTED_EDGE('',*,*,#2674,.T.);
#1027=ORIENTED_EDGE('',*,*,#2755,.F.);
#1028=ORIENTED_EDGE('',*,*,#2424,.F.);
#1029=ORIENTED_EDGE('',*,*,#2767,.T.);
#1030=ORIENTED_EDGE('',*,*,#2598,.T.);
#1031=ORIENTED_EDGE('',*,*,#2768,.F.);
#1032=ORIENTED_EDGE('',*,*,#2436,.F.);
#1033=ORIENTED_EDGE('',*,*,#2757,.T.);
#1034=ORIENTED_EDGE('',*,*,#2597,.T.);
#1035=ORIENTED_EDGE('',*,*,#2769,.F.);
#1036=ORIENTED_EDGE('',*,*,#2437,.F.);
#1037=ORIENTED_EDGE('',*,*,#2768,.T.);
#1038=ORIENTED_EDGE('',*,*,#2596,.T.);
#1039=ORIENTED_EDGE('',*,*,#2770,.F.);
#1040=ORIENTED_EDGE('',*,*,#2438,.F.);
#1041=ORIENTED_EDGE('',*,*,#2769,.T.);
#1042=ORIENTED_EDGE('',*,*,#2595,.T.);
#1043=ORIENTED_EDGE('',*,*,#2771,.F.);
#1044=ORIENTED_EDGE('',*,*,#2439,.F.);
#1045=ORIENTED_EDGE('',*,*,#2770,.T.);
#1046=ORIENTED_EDGE('',*,*,#2614,.F.);
#1047=ORIENTED_EDGE('',*,*,#2772,.F.);
#1048=ORIENTED_EDGE('',*,*,#2393,.T.);
#1049=ORIENTED_EDGE('',*,*,#2759,.T.);
#1050=ORIENTED_EDGE('',*,*,#2613,.T.);
#1051=ORIENTED_EDGE('',*,*,#2731,.F.);
#1052=ORIENTED_EDGE('',*,*,#2394,.F.);
#1053=ORIENTED_EDGE('',*,*,#2772,.T.);
#1054=ORIENTED_EDGE('',*,*,#2655,.T.);
#1055=ORIENTED_EDGE('',*,*,#2773,.F.);
#1056=ORIENTED_EDGE('',*,*,#2352,.F.);
#1057=ORIENTED_EDGE('',*,*,#2733,.T.);
#1058=ORIENTED_EDGE('',*,*,#2654,.F.);
#1059=ORIENTED_EDGE('',*,*,#2774,.F.);
#1060=ORIENTED_EDGE('',*,*,#2353,.T.);
#1061=ORIENTED_EDGE('',*,*,#2773,.T.);
#1062=ORIENTED_EDGE('',*,*,#2653,.T.);
#1063=ORIENTED_EDGE('',*,*,#2775,.F.);
#1064=ORIENTED_EDGE('',*,*,#2354,.F.);
#1065=ORIENTED_EDGE('',*,*,#2774,.T.);
#1066=ORIENTED_EDGE('',*,*,#2652,.F.);
#1067=ORIENTED_EDGE('',*,*,#2776,.F.);
#1068=ORIENTED_EDGE('',*,*,#2355,.T.);
#1069=ORIENTED_EDGE('',*,*,#2775,.T.);
#1070=ORIENTED_EDGE('',*,*,#2651,.T.);
#1071=ORIENTED_EDGE('',*,*,#2777,.F.);
#1072=ORIENTED_EDGE('',*,*,#2356,.F.);
#1073=ORIENTED_EDGE('',*,*,#2776,.T.);
#1074=ORIENTED_EDGE('',*,*,#2650,.F.);
#1075=ORIENTED_EDGE('',*,*,#2778,.F.);
#1076=ORIENTED_EDGE('',*,*,#2357,.T.);
#1077=ORIENTED_EDGE('',*,*,#2777,.T.);
#1078=ORIENTED_EDGE('',*,*,#2649,.T.);
#1079=ORIENTED_EDGE('',*,*,#2779,.F.);
#1080=ORIENTED_EDGE('',*,*,#2358,.F.);
#1081=ORIENTED_EDGE('',*,*,#2778,.T.);
#1082=ORIENTED_EDGE('',*,*,#2648,.F.);
#1083=ORIENTED_EDGE('',*,*,#2780,.F.);
#1084=ORIENTED_EDGE('',*,*,#2359,.T.);
#1085=ORIENTED_EDGE('',*,*,#2779,.T.);
#1086=ORIENTED_EDGE('',*,*,#2647,.T.);
#1087=ORIENTED_EDGE('',*,*,#2781,.F.);
#1088=ORIENTED_EDGE('',*,*,#2360,.F.);
#1089=ORIENTED_EDGE('',*,*,#2780,.T.);
#1090=ORIENTED_EDGE('',*,*,#2646,.F.);
#1091=ORIENTED_EDGE('',*,*,#2782,.F.);
#1092=ORIENTED_EDGE('',*,*,#2361,.T.);
#1093=ORIENTED_EDGE('',*,*,#2781,.T.);
#1094=ORIENTED_EDGE('',*,*,#2645,.T.);
#1095=ORIENTED_EDGE('',*,*,#2783,.F.);
#1096=ORIENTED_EDGE('',*,*,#2362,.F.);
#1097=ORIENTED_EDGE('',*,*,#2782,.T.);
#1098=ORIENTED_EDGE('',*,*,#2644,.F.);
#1099=ORIENTED_EDGE('',*,*,#2784,.F.);
#1100=ORIENTED_EDGE('',*,*,#2363,.T.);
#1101=ORIENTED_EDGE('',*,*,#2783,.T.);
#1102=ORIENTED_EDGE('',*,*,#2643,.T.);
#1103=ORIENTED_EDGE('',*,*,#2785,.F.);
#1104=ORIENTED_EDGE('',*,*,#2364,.F.);
#1105=ORIENTED_EDGE('',*,*,#2784,.T.);
#1106=ORIENTED_EDGE('',*,*,#2642,.F.);
#1107=ORIENTED_EDGE('',*,*,#2786,.F.);
#1108=ORIENTED_EDGE('',*,*,#2365,.T.);
#1109=ORIENTED_EDGE('',*,*,#2785,.T.);
#1110=ORIENTED_EDGE('',*,*,#2641,.T.);
#1111=ORIENTED_EDGE('',*,*,#2787,.F.);
#1112=ORIENTED_EDGE('',*,*,#2366,.F.);
#1113=ORIENTED_EDGE('',*,*,#2786,.T.);
#1114=ORIENTED_EDGE('',*,*,#2640,.F.);
#1115=ORIENTED_EDGE('',*,*,#2788,.F.);
#1116=ORIENTED_EDGE('',*,*,#2367,.T.);
#1117=ORIENTED_EDGE('',*,*,#2787,.T.);
#1118=ORIENTED_EDGE('',*,*,#2639,.T.);
#1119=ORIENTED_EDGE('',*,*,#2789,.F.);
#1120=ORIENTED_EDGE('',*,*,#2368,.F.);
#1121=ORIENTED_EDGE('',*,*,#2788,.T.);
#1122=ORIENTED_EDGE('',*,*,#2638,.F.);
#1123=ORIENTED_EDGE('',*,*,#2790,.F.);
#1124=ORIENTED_EDGE('',*,*,#2369,.T.);
#1125=ORIENTED_EDGE('',*,*,#2789,.T.);
#1126=ORIENTED_EDGE('',*,*,#2637,.T.);
#1127=ORIENTED_EDGE('',*,*,#2791,.F.);
#1128=ORIENTED_EDGE('',*,*,#2370,.F.);
#1129=ORIENTED_EDGE('',*,*,#2790,.T.);
#1130=ORIENTED_EDGE('',*,*,#2636,.F.);
#1131=ORIENTED_EDGE('',*,*,#2792,.F.);
#1132=ORIENTED_EDGE('',*,*,#2371,.T.);
#1133=ORIENTED_EDGE('',*,*,#2791,.T.);
#1134=ORIENTED_EDGE('',*,*,#2635,.T.);
#1135=ORIENTED_EDGE('',*,*,#2793,.F.);
#1136=ORIENTED_EDGE('',*,*,#2372,.F.);
#1137=ORIENTED_EDGE('',*,*,#2792,.T.);
#1138=ORIENTED_EDGE('',*,*,#2634,.F.);
#1139=ORIENTED_EDGE('',*,*,#2794,.F.);
#1140=ORIENTED_EDGE('',*,*,#2373,.T.);
#1141=ORIENTED_EDGE('',*,*,#2793,.T.);
#1142=ORIENTED_EDGE('',*,*,#2633,.T.);
#1143=ORIENTED_EDGE('',*,*,#2795,.F.);
#1144=ORIENTED_EDGE('',*,*,#2374,.F.);
#1145=ORIENTED_EDGE('',*,*,#2794,.T.);
#1146=ORIENTED_EDGE('',*,*,#2632,.T.);
#1147=ORIENTED_EDGE('',*,*,#2796,.F.);
#1148=ORIENTED_EDGE('',*,*,#2375,.F.);
#1149=ORIENTED_EDGE('',*,*,#2795,.T.);
#1150=ORIENTED_EDGE('',*,*,#2631,.T.);
#1151=ORIENTED_EDGE('',*,*,#2735,.F.);
#1152=ORIENTED_EDGE('',*,*,#2376,.F.);
#1153=ORIENTED_EDGE('',*,*,#2796,.T.);
#1154=ORIENTED_EDGE('',*,*,#2623,.T.);
#1155=ORIENTED_EDGE('',*,*,#2797,.F.);
#1156=ORIENTED_EDGE('',*,*,#2384,.F.);
#1157=ORIENTED_EDGE('',*,*,#2737,.T.);
#1158=ORIENTED_EDGE('',*,*,#2622,.F.);
#1159=ORIENTED_EDGE('',*,*,#2798,.F.);
#1160=ORIENTED_EDGE('',*,*,#2385,.T.);
#1161=ORIENTED_EDGE('',*,*,#2797,.T.);
#1162=ORIENTED_EDGE('',*,*,#2621,.T.);
#1163=ORIENTED_EDGE('',*,*,#2799,.F.);
#1164=ORIENTED_EDGE('',*,*,#2386,.F.);
#1165=ORIENTED_EDGE('',*,*,#2798,.T.);
#1166=ORIENTED_EDGE('',*,*,#2680,.T.);
#1167=ORIENTED_EDGE('',*,*,#2752,.T.);
#1168=ORIENTED_EDGE('',*,*,#2418,.F.);
#1169=ORIENTED_EDGE('',*,*,#2800,.T.);
#1170=ORIENTED_EDGE('',*,*,#2446,.F.);
#1171=ORIENTED_EDGE('',*,*,#2750,.T.);
#1172=ORIENTED_EDGE('',*,*,#2599,.T.);
#1173=ORIENTED_EDGE('',*,*,#2801,.F.);
#1174=ORIENTED_EDGE('',*,*,#2440,.F.);
#1175=ORIENTED_EDGE('',*,*,#2771,.T.);
#1176=ORIENTED_EDGE('',*,*,#2594,.T.);
#1177=ORIENTED_EDGE('',*,*,#2802,.F.);
#1178=ORIENTED_EDGE('',*,*,#2589,.T.);
#1179=ORIENTED_EDGE('',*,*,#2756,.T.);
#1180=ORIENTED_EDGE('',*,*,#2434,.F.);
#1181=ORIENTED_EDGE('',*,*,#2803,.T.);
#1182=ORIENTED_EDGE('',*,*,#2426,.F.);
#1183=ORIENTED_EDGE('',*,*,#2754,.T.);
#1184=ORIENTED_EDGE('',*,*,#2672,.T.);
#1185=ORIENTED_EDGE('',*,*,#2804,.F.);
#1186=ORIENTED_EDGE('',*,*,#2686,.T.);
#1187=ORIENTED_EDGE('',*,*,#2805,.F.);
#1188=ORIENTED_EDGE('',*,*,#2412,.F.);
#1189=ORIENTED_EDGE('',*,*,#2806,.T.);
#1190=ORIENTED_EDGE('',*,*,#2685,.T.);
#1191=ORIENTED_EDGE('',*,*,#2807,.F.);
#1192=ORIENTED_EDGE('',*,*,#2413,.F.);
#1193=ORIENTED_EDGE('',*,*,#2805,.T.);
#1194=ORIENTED_EDGE('',*,*,#2684,.T.);
#1195=ORIENTED_EDGE('',*,*,#2808,.F.);
#1196=ORIENTED_EDGE('',*,*,#2414,.F.);
#1197=ORIENTED_EDGE('',*,*,#2807,.T.);
#1198=ORIENTED_EDGE('',*,*,#2683,.T.);
#1199=ORIENTED_EDGE('',*,*,#2809,.F.);
#1200=ORIENTED_EDGE('',*,*,#2415,.F.);
#1201=ORIENTED_EDGE('',*,*,#2808,.T.);
#1202=ORIENTED_EDGE('',*,*,#2682,.T.);
#1203=ORIENTED_EDGE('',*,*,#2810,.F.);
#1204=ORIENTED_EDGE('',*,*,#2416,.F.);
#1205=ORIENTED_EDGE('',*,*,#2809,.T.);
#1206=ORIENTED_EDGE('',*,*,#2681,.T.);
#1207=ORIENTED_EDGE('',*,*,#2800,.F.);
#1208=ORIENTED_EDGE('',*,*,#2417,.F.);
#1209=ORIENTED_EDGE('',*,*,#2810,.T.);
#1210=ORIENTED_EDGE('',*,*,#2609,.T.);
#1211=ORIENTED_EDGE('',*,*,#2811,.F.);
#1212=ORIENTED_EDGE('',*,*,#2447,.F.);
#1213=ORIENTED_EDGE('',*,*,#2801,.T.);
#1214=ORIENTED_EDGE('',*,*,#2608,.F.);
#1215=ORIENTED_EDGE('',*,*,#2812,.F.);
#1216=ORIENTED_EDGE('',*,*,#2448,.T.);
#1217=ORIENTED_EDGE('',*,*,#2811,.T.);
#1218=ORIENTED_EDGE('',*,*,#2607,.T.);
#1219=ORIENTED_EDGE('',*,*,#2813,.F.);
#1220=ORIENTED_EDGE('',*,*,#2449,.F.);
#1221=ORIENTED_EDGE('',*,*,#2812,.T.);
#1222=ORIENTED_EDGE('',*,*,#2606,.F.);
#1223=ORIENTED_EDGE('',*,*,#2814,.F.);
#1224=ORIENTED_EDGE('',*,*,#2450,.T.);
#1225=ORIENTED_EDGE('',*,*,#2813,.T.);
#1226=ORIENTED_EDGE('',*,*,#2761,.F.);
#1227=ORIENTED_EDGE('',*,*,#2451,.F.);
#1228=ORIENTED_EDGE('',*,*,#2814,.T.);
#1229=ORIENTED_EDGE('',*,*,#2605,.T.);
#1230=ORIENTED_EDGE('',*,*,#2620,.T.);
#1231=ORIENTED_EDGE('',*,*,#2739,.F.);
#1232=ORIENTED_EDGE('',*,*,#2387,.F.);
#1233=ORIENTED_EDGE('',*,*,#2799,.T.);
#1234=ORIENTED_EDGE('',*,*,#2627,.T.);
#1235=ORIENTED_EDGE('',*,*,#2743,.F.);
#1236=ORIENTED_EDGE('',*,*,#2380,.F.);
#1237=ORIENTED_EDGE('',*,*,#2741,.T.);
#1238=ORIENTED_EDGE('',*,*,#2616,.T.);
#1239=ORIENTED_EDGE('',*,*,#2758,.F.);
#1240=ORIENTED_EDGE('',*,*,#2391,.F.);
#1241=ORIENTED_EDGE('',*,*,#2745,.T.);
#1242=ORIENTED_EDGE('',*,*,#2593,.F.);
#1243=ORIENTED_EDGE('',*,*,#2815,.F.);
#1244=ORIENTED_EDGE('',*,*,#2441,.T.);
#1245=ORIENTED_EDGE('',*,*,#2802,.T.);
#1246=ORIENTED_EDGE('',*,*,#2592,.T.);
#1247=ORIENTED_EDGE('',*,*,#2816,.F.);
#1248=ORIENTED_EDGE('',*,*,#2442,.F.);
#1249=ORIENTED_EDGE('',*,*,#2815,.T.);
#1250=ORIENTED_EDGE('',*,*,#2591,.F.);
#1251=ORIENTED_EDGE('',*,*,#2817,.F.);
#1252=ORIENTED_EDGE('',*,*,#2443,.T.);
#1253=ORIENTED_EDGE('',*,*,#2816,.T.);
#1254=ORIENTED_EDGE('',*,*,#2590,.T.);
#1255=ORIENTED_EDGE('',*,*,#2803,.F.);
#1256=ORIENTED_EDGE('',*,*,#2444,.F.);
#1257=ORIENTED_EDGE('',*,*,#2817,.T.);
#1258=ORIENTED_EDGE('',*,*,#2671,.T.);
#1259=ORIENTED_EDGE('',*,*,#2818,.F.);
#1260=ORIENTED_EDGE('',*,*,#2427,.F.);
#1261=ORIENTED_EDGE('',*,*,#2804,.T.);
#1262=ORIENTED_EDGE('',*,*,#2670,.T.);
#1263=ORIENTED_EDGE('',*,*,#2819,.F.);
#1264=ORIENTED_EDGE('',*,*,#2428,.F.);
#1265=ORIENTED_EDGE('',*,*,#2818,.T.);
#1266=ORIENTED_EDGE('',*,*,#2669,.T.);
#1267=ORIENTED_EDGE('',*,*,#2820,.F.);
#1268=ORIENTED_EDGE('',*,*,#2429,.F.);
#1269=ORIENTED_EDGE('',*,*,#2819,.T.);
#1270=ORIENTED_EDGE('',*,*,#2668,.T.);
#1271=ORIENTED_EDGE('',*,*,#2821,.F.);
#1272=ORIENTED_EDGE('',*,*,#2430,.F.);
#1273=ORIENTED_EDGE('',*,*,#2820,.T.);
#1274=ORIENTED_EDGE('',*,*,#2667,.T.);
#1275=ORIENTED_EDGE('',*,*,#2822,.F.);
#1276=ORIENTED_EDGE('',*,*,#2431,.F.);
#1277=ORIENTED_EDGE('',*,*,#2821,.T.);
#1278=ORIENTED_EDGE('',*,*,#2666,.T.);
#1279=ORIENTED_EDGE('',*,*,#2823,.F.);
#1280=ORIENTED_EDGE('',*,*,#2432,.F.);
#1281=ORIENTED_EDGE('',*,*,#2822,.T.);
#1282=ORIENTED_EDGE('',*,*,#2665,.T.);
#1283=ORIENTED_EDGE('',*,*,#2747,.F.);
#1284=ORIENTED_EDGE('',*,*,#2433,.F.);
#1285=ORIENTED_EDGE('',*,*,#2823,.T.);
#1286=ORIENTED_EDGE('',*,*,#2687,.T.);
#1287=ORIENTED_EDGE('',*,*,#2806,.F.);
#1288=ORIENTED_EDGE('',*,*,#2411,.F.);
#1289=ORIENTED_EDGE('',*,*,#2749,.T.);
#1290=ORIENTED_EDGE('',*,*,#2697,.T.);
#1291=ORIENTED_EDGE('',*,*,#2714,.F.);
#1292=ORIENTED_EDGE('',*,*,#2692,.T.);
#1293=ORIENTED_EDGE('',*,*,#2824,.F.);
#1294=ORIENTED_EDGE('',*,*,#2406,.F.);
#1295=ORIENTED_EDGE('',*,*,#2825,.F.);
#1296=ORIENTED_EDGE('',*,*,#2826,.T.);
#1297=ORIENTED_EDGE('',*,*,#2703,.F.);
#1298=ORIENTED_EDGE('',*,*,#2401,.F.);
#1299=ORIENTED_EDGE('',*,*,#2827,.T.);
#1300=ORIENTED_EDGE('',*,*,#2828,.T.);
#1301=ORIENTED_EDGE('',*,*,#2728,.F.);
#1302=ORIENTED_EDGE('',*,*,#2709,.T.);
#1303=ORIENTED_EDGE('',*,*,#2829,.T.);
#1304=ORIENTED_EDGE('',*,*,#2660,.T.);
#1305=ORIENTED_EDGE('',*,*,#2830,.F.);
#1306=ORIENTED_EDGE('',*,*,#2827,.F.);
#1307=ORIENTED_EDGE('',*,*,#2400,.F.);
#1308=ORIENTED_EDGE('',*,*,#2661,.T.);
#1309=ORIENTED_EDGE('',*,*,#2829,.F.);
#1310=ORIENTED_EDGE('',*,*,#2399,.F.);
#1311=ORIENTED_EDGE('',*,*,#2831,.T.);
#1312=ORIENTED_EDGE('',*,*,#2662,.T.);
#1313=ORIENTED_EDGE('',*,*,#2831,.F.);
#1314=ORIENTED_EDGE('',*,*,#2398,.F.);
#1315=ORIENTED_EDGE('',*,*,#2832,.T.);
#1316=ORIENTED_EDGE('',*,*,#2690,.T.);
#1317=ORIENTED_EDGE('',*,*,#2833,.F.);
#1318=ORIENTED_EDGE('',*,*,#2408,.F.);
#1319=ORIENTED_EDGE('',*,*,#2834,.T.);
#1320=ORIENTED_EDGE('',*,*,#2691,.T.);
#1321=ORIENTED_EDGE('',*,*,#2834,.F.);
#1322=ORIENTED_EDGE('',*,*,#2407,.F.);
#1323=ORIENTED_EDGE('',*,*,#2824,.T.);
#1324=ORIENTED_EDGE('',*,*,#2689,.T.);
#1325=ORIENTED_EDGE('',*,*,#2748,.T.);
#1326=ORIENTED_EDGE('',*,*,#2409,.F.);
#1327=ORIENTED_EDGE('',*,*,#2833,.T.);
#1328=ORIENTED_EDGE('',*,*,#2397,.F.);
#1329=ORIENTED_EDGE('',*,*,#2746,.T.);
#1330=ORIENTED_EDGE('',*,*,#2663,.T.);
#1331=ORIENTED_EDGE('',*,*,#2832,.F.);
#1332=ORIENTED_EDGE('',*,*,#2389,.F.);
#1333=ORIENTED_EDGE('',*,*,#2730,.T.);
#1334=ORIENTED_EDGE('',*,*,#2611,.T.);
#1335=ORIENTED_EDGE('',*,*,#2744,.T.);
#1336=ORIENTED_EDGE('',*,*,#2625,.T.);
#1337=ORIENTED_EDGE('',*,*,#2732,.T.);
#1338=ORIENTED_EDGE('',*,*,#2350,.F.);
#1339=ORIENTED_EDGE('',*,*,#2742,.F.);
#1340=ORIENTED_EDGE('',*,*,#2378,.F.);
#1341=ORIENTED_EDGE('',*,*,#2734,.T.);
#1342=ORIENTED_EDGE('',*,*,#2629,.T.);
#1343=ORIENTED_EDGE('',*,*,#2740,.F.);
#1344=ORIENTED_EDGE('',*,*,#2618,.T.);
#1345=ORIENTED_EDGE('',*,*,#2736,.T.);
#1346=ORIENTED_EDGE('',*,*,#2382,.F.);
#1347=ORIENTED_EDGE('',*,*,#2738,.T.);
#1348=ORIENTED_EDGE('',*,*,#2828,.F.);
#1349=ORIENTED_EDGE('',*,*,#2830,.T.);
#1350=ORIENTED_EDGE('',*,*,#2659,.T.);
#1351=ORIENTED_EDGE('',*,*,#2729,.F.);
#1352=ORIENTED_EDGE('',*,*,#2699,.T.);
#1353=ORIENTED_EDGE('',*,*,#2835,.F.);
#1354=ORIENTED_EDGE('',*,*,#2836,.T.);
#1355=ORIENTED_EDGE('',*,*,#2694,.T.);
#1356=ORIENTED_EDGE('',*,*,#2701,.T.);
#1357=ORIENTED_EDGE('',*,*,#2826,.F.);
#1358=ORIENTED_EDGE('',*,*,#2837,.T.);
#1359=ORIENTED_EDGE('',*,*,#2587,.T.);
#1360=ORIENTED_EDGE('',*,*,#2727,.T.);
#1361=ORIENTED_EDGE('',*,*,#2838,.T.);
#1362=ORIENTED_EDGE('',*,*,#2839,.F.);
#1363=ORIENTED_EDGE('',*,*,#2835,.T.);
#1364=ORIENTED_EDGE('',*,*,#2840,.F.);
#1365=ORIENTED_EDGE('',*,*,#2584,.T.);
#1366=ORIENTED_EDGE('',*,*,#2837,.F.);
#1367=ORIENTED_EDGE('',*,*,#2825,.T.);
#1368=ORIENTED_EDGE('',*,*,#2708,.F.);
#1369=ORIENTED_EDGE('',*,*,#2704,.T.);
#1370=ORIENTED_EDGE('',*,*,#2711,.F.);
#1371=ORIENTED_EDGE('',*,*,#2656,.T.);
#1372=ORIENTED_EDGE('',*,*,#2713,.F.);
#1373=ORIENTED_EDGE('',*,*,#2695,.T.);
#1374=ORIENTED_EDGE('',*,*,#2836,.F.);
#1375=ORIENTED_EDGE('',*,*,#2839,.T.);
#1376=ORIENTED_EDGE('',*,*,#2841,.F.);
#1377=ORIENTED_EDGE('',*,*,#2842,.F.);
#1378=ORIENTED_EDGE('',*,*,#2843,.T.);
#1379=ORIENTED_EDGE('',*,*,#2844,.F.);
#1380=ORIENTED_EDGE('',*,*,#2845,.F.);
#1381=ORIENTED_EDGE('',*,*,#2846,.T.);
#1382=ORIENTED_EDGE('',*,*,#2847,.F.);
#1383=ORIENTED_EDGE('',*,*,#2848,.T.);
#1384=ORIENTED_EDGE('',*,*,#2849,.F.);
#1385=ORIENTED_EDGE('',*,*,#2850,.F.);
#1386=ORIENTED_EDGE('',*,*,#2851,.F.);
#1387=ORIENTED_EDGE('',*,*,#2852,.T.);
#1388=ORIENTED_EDGE('',*,*,#2853,.F.);
#1389=ORIENTED_EDGE('',*,*,#2854,.T.);
#1390=ORIENTED_EDGE('',*,*,#2855,.F.);
#1391=ORIENTED_EDGE('',*,*,#2716,.F.);
#1392=ORIENTED_EDGE('',*,*,#2856,.T.);
#1393=ORIENTED_EDGE('',*,*,#2857,.F.);
#1394=ORIENTED_EDGE('',*,*,#2858,.F.);
#1395=ORIENTED_EDGE('',*,*,#2859,.F.);
#1396=ORIENTED_EDGE('',*,*,#2717,.T.);
#1397=ORIENTED_EDGE('',*,*,#2858,.T.);
#1398=ORIENTED_EDGE('',*,*,#2860,.T.);
#1399=ORIENTED_EDGE('',*,*,#2718,.F.);
#1400=ORIENTED_EDGE('',*,*,#2859,.T.);
#1401=ORIENTED_EDGE('',*,*,#2861,.F.);
#1402=ORIENTED_EDGE('',*,*,#2862,.F.);
#1403=ORIENTED_EDGE('',*,*,#2863,.F.);
#1404=ORIENTED_EDGE('',*,*,#2719,.T.);
#1405=ORIENTED_EDGE('',*,*,#2862,.T.);
#1406=ORIENTED_EDGE('',*,*,#2864,.T.);
#1407=ORIENTED_EDGE('',*,*,#2720,.F.);
#1408=ORIENTED_EDGE('',*,*,#2863,.T.);
#1409=ORIENTED_EDGE('',*,*,#2865,.F.);
#1410=ORIENTED_EDGE('',*,*,#2866,.F.);
#1411=ORIENTED_EDGE('',*,*,#2721,.F.);
#1412=ORIENTED_EDGE('',*,*,#2866,.T.);
#1413=ORIENTED_EDGE('',*,*,#2867,.F.);
#1414=ORIENTED_EDGE('',*,*,#2868,.F.);
#1415=ORIENTED_EDGE('',*,*,#2722,.F.);
#1416=ORIENTED_EDGE('',*,*,#2868,.T.);
#1417=ORIENTED_EDGE('',*,*,#2869,.F.);
#1418=ORIENTED_EDGE('',*,*,#2870,.F.);
#1419=ORIENTED_EDGE('',*,*,#2723,.F.);
#1420=ORIENTED_EDGE('',*,*,#2870,.T.);
#1421=ORIENTED_EDGE('',*,*,#2871,.F.);
#1422=ORIENTED_EDGE('',*,*,#2872,.F.);
#1423=ORIENTED_EDGE('',*,*,#2724,.F.);
#1424=ORIENTED_EDGE('',*,*,#2872,.T.);
#1425=ORIENTED_EDGE('',*,*,#2873,.F.);
#1426=ORIENTED_EDGE('',*,*,#2874,.F.);
#1427=ORIENTED_EDGE('',*,*,#2875,.F.);
#1428=ORIENTED_EDGE('',*,*,#2725,.T.);
#1429=ORIENTED_EDGE('',*,*,#2874,.T.);
#1430=ORIENTED_EDGE('',*,*,#2876,.T.);
#1431=ORIENTED_EDGE('',*,*,#2715,.F.);
#1432=ORIENTED_EDGE('',*,*,#2585,.F.);
#1433=ORIENTED_EDGE('',*,*,#2840,.T.);
#1434=ORIENTED_EDGE('',*,*,#2877,.T.);
#1435=ORIENTED_EDGE('',*,*,#2878,.F.);
#1436=ORIENTED_EDGE('',*,*,#2856,.F.);
#1437=ORIENTED_EDGE('',*,*,#2726,.F.);
#1438=ORIENTED_EDGE('',*,*,#2875,.T.);
#1439=ORIENTED_EDGE('',*,*,#2879,.F.);
#1440=ORIENTED_EDGE('',*,*,#2880,.F.);
#1441=ORIENTED_EDGE('',*,*,#2841,.T.);
#1442=ORIENTED_EDGE('',*,*,#2838,.F.);
#1443=ORIENTED_EDGE('',*,*,#2848,.F.);
#1444=ORIENTED_EDGE('',*,*,#2881,.T.);
#1445=ORIENTED_EDGE('',*,*,#2882,.T.);
#1446=ORIENTED_EDGE('',*,*,#2883,.F.);
#1447=ORIENTED_EDGE('',*,*,#2884,.F.);
#1448=ORIENTED_EDGE('',*,*,#2849,.T.);
#1449=ORIENTED_EDGE('',*,*,#2883,.T.);
#1450=ORIENTED_EDGE('',*,*,#2885,.F.);
#1451=ORIENTED_EDGE('',*,*,#2886,.F.);
#1452=ORIENTED_EDGE('',*,*,#2850,.T.);
#1453=ORIENTED_EDGE('',*,*,#2884,.T.);
#1454=ORIENTED_EDGE('',*,*,#2887,.F.);
#1455=ORIENTED_EDGE('',*,*,#2888,.F.);
#1456=ORIENTED_EDGE('',*,*,#2851,.T.);
#1457=ORIENTED_EDGE('',*,*,#2886,.T.);
#1458=ORIENTED_EDGE('',*,*,#2889,.F.);
#1459=ORIENTED_EDGE('',*,*,#2852,.F.);
#1460=ORIENTED_EDGE('',*,*,#2888,.T.);
#1461=ORIENTED_EDGE('',*,*,#2890,.T.);
#1462=ORIENTED_EDGE('',*,*,#2891,.F.);
#1463=ORIENTED_EDGE('',*,*,#2892,.F.);
#1464=ORIENTED_EDGE('',*,*,#2853,.T.);
#1465=ORIENTED_EDGE('',*,*,#2891,.T.);
#1466=ORIENTED_EDGE('',*,*,#2893,.F.);
#1467=ORIENTED_EDGE('',*,*,#2854,.F.);
#1468=ORIENTED_EDGE('',*,*,#2892,.T.);
#1469=ORIENTED_EDGE('',*,*,#2894,.T.);
#1470=ORIENTED_EDGE('',*,*,#2895,.F.);
#1471=ORIENTED_EDGE('',*,*,#2877,.F.);
#1472=ORIENTED_EDGE('',*,*,#2855,.T.);
#1473=ORIENTED_EDGE('',*,*,#2895,.T.);
#1474=ORIENTED_EDGE('',*,*,#2896,.F.);
#1475=ORIENTED_EDGE('',*,*,#2897,.F.);
#1476=ORIENTED_EDGE('',*,*,#2842,.T.);
#1477=ORIENTED_EDGE('',*,*,#2880,.T.);
#1478=ORIENTED_EDGE('',*,*,#2898,.F.);
#1479=ORIENTED_EDGE('',*,*,#2843,.F.);
#1480=ORIENTED_EDGE('',*,*,#2897,.T.);
#1481=ORIENTED_EDGE('',*,*,#2899,.T.);
#1482=ORIENTED_EDGE('',*,*,#2900,.F.);
#1483=ORIENTED_EDGE('',*,*,#2901,.F.);
#1484=ORIENTED_EDGE('',*,*,#2844,.T.);
#1485=ORIENTED_EDGE('',*,*,#2900,.T.);
#1486=ORIENTED_EDGE('',*,*,#2902,.F.);
#1487=ORIENTED_EDGE('',*,*,#2903,.F.);
#1488=ORIENTED_EDGE('',*,*,#2845,.T.);
#1489=ORIENTED_EDGE('',*,*,#2901,.T.);
#1490=ORIENTED_EDGE('',*,*,#2904,.F.);
#1491=ORIENTED_EDGE('',*,*,#2846,.F.);
#1492=ORIENTED_EDGE('',*,*,#2903,.T.);
#1493=ORIENTED_EDGE('',*,*,#2905,.T.);
#1494=ORIENTED_EDGE('',*,*,#2906,.F.);
#1495=ORIENTED_EDGE('',*,*,#2881,.F.);
#1496=ORIENTED_EDGE('',*,*,#2847,.T.);
#1497=ORIENTED_EDGE('',*,*,#2906,.T.);
#1498=ORIENTED_EDGE('',*,*,#2907,.F.);
#1499=ORIENTED_EDGE('',*,*,#2908,.F.);
#1500=ORIENTED_EDGE('',*,*,#2909,.F.);
#1501=ORIENTED_EDGE('',*,*,#2910,.F.);
#1502=ORIENTED_EDGE('',*,*,#2911,.F.);
#1503=ORIENTED_EDGE('',*,*,#2912,.F.);
#1504=ORIENTED_EDGE('',*,*,#2882,.F.);
#1505=ORIENTED_EDGE('',*,*,#2907,.T.);
#1506=ORIENTED_EDGE('',*,*,#2905,.F.);
#1507=ORIENTED_EDGE('',*,*,#2904,.T.);
#1508=ORIENTED_EDGE('',*,*,#2902,.T.);
#1509=ORIENTED_EDGE('',*,*,#2899,.F.);
#1510=ORIENTED_EDGE('',*,*,#2898,.T.);
#1511=ORIENTED_EDGE('',*,*,#2879,.T.);
#1512=ORIENTED_EDGE('',*,*,#2876,.F.);
#1513=ORIENTED_EDGE('',*,*,#2873,.T.);
#1514=ORIENTED_EDGE('',*,*,#2871,.T.);
#1515=ORIENTED_EDGE('',*,*,#2869,.T.);
#1516=ORIENTED_EDGE('',*,*,#2867,.T.);
#1517=ORIENTED_EDGE('',*,*,#2865,.T.);
#1518=ORIENTED_EDGE('',*,*,#2864,.F.);
#1519=ORIENTED_EDGE('',*,*,#2861,.T.);
#1520=ORIENTED_EDGE('',*,*,#2860,.F.);
#1521=ORIENTED_EDGE('',*,*,#2857,.T.);
#1522=ORIENTED_EDGE('',*,*,#2878,.T.);
#1523=ORIENTED_EDGE('',*,*,#2896,.T.);
#1524=ORIENTED_EDGE('',*,*,#2894,.F.);
#1525=ORIENTED_EDGE('',*,*,#2893,.T.);
#1526=ORIENTED_EDGE('',*,*,#2890,.F.);
#1527=ORIENTED_EDGE('',*,*,#2889,.T.);
#1528=ORIENTED_EDGE('',*,*,#2887,.T.);
#1529=ORIENTED_EDGE('',*,*,#2885,.T.);
#1530=ORIENTED_EDGE('',*,*,#2913,.F.);
#1531=ORIENTED_EDGE('',*,*,#2912,.T.);
#1532=ORIENTED_EDGE('',*,*,#2913,.T.);
#1533=ORIENTED_EDGE('',*,*,#2914,.F.);
#1534=ORIENTED_EDGE('',*,*,#2911,.T.);
#1535=ORIENTED_EDGE('',*,*,#2914,.T.);
#1536=ORIENTED_EDGE('',*,*,#2915,.F.);
#1537=ORIENTED_EDGE('',*,*,#2910,.T.);
#1538=ORIENTED_EDGE('',*,*,#2915,.T.);
#1539=ORIENTED_EDGE('',*,*,#2916,.F.);
#1540=ORIENTED_EDGE('',*,*,#2909,.T.);
#1541=ORIENTED_EDGE('',*,*,#2916,.T.);
#1542=ORIENTED_EDGE('',*,*,#2917,.F.);
#1543=ORIENTED_EDGE('',*,*,#2908,.T.);
#1544=ORIENTED_EDGE('',*,*,#2917,.T.);
#1545=ORIENTED_EDGE('',*,*,#2457,.T.);
#1546=ORIENTED_EDGE('',*,*,#2918,.F.);
#1547=ORIENTED_EDGE('',*,*,#2919,.F.);
#1548=ORIENTED_EDGE('',*,*,#2920,.T.);
#1549=ORIENTED_EDGE('',*,*,#2456,.T.);
#1550=ORIENTED_EDGE('',*,*,#2921,.F.);
#1551=ORIENTED_EDGE('',*,*,#2922,.F.);
#1552=ORIENTED_EDGE('',*,*,#2918,.T.);
#1553=ORIENTED_EDGE('',*,*,#2469,.T.);
#1554=ORIENTED_EDGE('',*,*,#2923,.F.);
#1555=ORIENTED_EDGE('',*,*,#2924,.F.);
#1556=ORIENTED_EDGE('',*,*,#2921,.T.);
#1557=ORIENTED_EDGE('',*,*,#2468,.T.);
#1558=ORIENTED_EDGE('',*,*,#2925,.F.);
#1559=ORIENTED_EDGE('',*,*,#2926,.F.);
#1560=ORIENTED_EDGE('',*,*,#2923,.T.);
#1561=ORIENTED_EDGE('',*,*,#2467,.T.);
#1562=ORIENTED_EDGE('',*,*,#2927,.F.);
#1563=ORIENTED_EDGE('',*,*,#2928,.F.);
#1564=ORIENTED_EDGE('',*,*,#2925,.T.);
#1565=ORIENTED_EDGE('',*,*,#2466,.T.);
#1566=ORIENTED_EDGE('',*,*,#2929,.F.);
#1567=ORIENTED_EDGE('',*,*,#2930,.F.);
#1568=ORIENTED_EDGE('',*,*,#2927,.T.);
#1569=ORIENTED_EDGE('',*,*,#2465,.T.);
#1570=ORIENTED_EDGE('',*,*,#2931,.F.);
#1571=ORIENTED_EDGE('',*,*,#2932,.F.);
#1572=ORIENTED_EDGE('',*,*,#2929,.T.);
#1573=ORIENTED_EDGE('',*,*,#2464,.T.);
#1574=ORIENTED_EDGE('',*,*,#2933,.F.);
#1575=ORIENTED_EDGE('',*,*,#2934,.F.);
#1576=ORIENTED_EDGE('',*,*,#2931,.T.);
#1577=ORIENTED_EDGE('',*,*,#2463,.T.);
#1578=ORIENTED_EDGE('',*,*,#2935,.F.);
#1579=ORIENTED_EDGE('',*,*,#2936,.F.);
#1580=ORIENTED_EDGE('',*,*,#2933,.T.);
#1581=ORIENTED_EDGE('',*,*,#2462,.T.);
#1582=ORIENTED_EDGE('',*,*,#2937,.F.);
#1583=ORIENTED_EDGE('',*,*,#2938,.F.);
#1584=ORIENTED_EDGE('',*,*,#2935,.T.);
#1585=ORIENTED_EDGE('',*,*,#2461,.T.);
#1586=ORIENTED_EDGE('',*,*,#2939,.F.);
#1587=ORIENTED_EDGE('',*,*,#2940,.F.);
#1588=ORIENTED_EDGE('',*,*,#2937,.T.);
#1589=ORIENTED_EDGE('',*,*,#2460,.T.);
#1590=ORIENTED_EDGE('',*,*,#2941,.F.);
#1591=ORIENTED_EDGE('',*,*,#2942,.F.);
#1592=ORIENTED_EDGE('',*,*,#2939,.T.);
#1593=ORIENTED_EDGE('',*,*,#2459,.T.);
#1594=ORIENTED_EDGE('',*,*,#2943,.F.);
#1595=ORIENTED_EDGE('',*,*,#2944,.F.);
#1596=ORIENTED_EDGE('',*,*,#2941,.T.);
#1597=ORIENTED_EDGE('',*,*,#2458,.T.);
#1598=ORIENTED_EDGE('',*,*,#2920,.F.);
#1599=ORIENTED_EDGE('',*,*,#2945,.F.);
#1600=ORIENTED_EDGE('',*,*,#2943,.T.);
#1601=ORIENTED_EDGE('',*,*,#2946,.F.);
#1602=ORIENTED_EDGE('',*,*,#2947,.F.);
#1603=ORIENTED_EDGE('',*,*,#2948,.F.);
#1604=ORIENTED_EDGE('',*,*,#2949,.F.);
#1605=ORIENTED_EDGE('',*,*,#2919,.T.);
#1606=ORIENTED_EDGE('',*,*,#2922,.T.);
#1607=ORIENTED_EDGE('',*,*,#2924,.T.);
#1608=ORIENTED_EDGE('',*,*,#2926,.T.);
#1609=ORIENTED_EDGE('',*,*,#2928,.T.);
#1610=ORIENTED_EDGE('',*,*,#2930,.T.);
#1611=ORIENTED_EDGE('',*,*,#2932,.T.);
#1612=ORIENTED_EDGE('',*,*,#2934,.T.);
#1613=ORIENTED_EDGE('',*,*,#2936,.T.);
#1614=ORIENTED_EDGE('',*,*,#2938,.T.);
#1615=ORIENTED_EDGE('',*,*,#2940,.T.);
#1616=ORIENTED_EDGE('',*,*,#2942,.T.);
#1617=ORIENTED_EDGE('',*,*,#2944,.T.);
#1618=ORIENTED_EDGE('',*,*,#2945,.T.);
#1619=ORIENTED_EDGE('',*,*,#2339,.T.);
#1620=ORIENTED_EDGE('',*,*,#2950,.F.);
#1621=ORIENTED_EDGE('',*,*,#2951,.F.);
#1622=ORIENTED_EDGE('',*,*,#2952,.T.);
#1623=ORIENTED_EDGE('',*,*,#2338,.T.);
#1624=ORIENTED_EDGE('',*,*,#2953,.F.);
#1625=ORIENTED_EDGE('',*,*,#2954,.F.);
#1626=ORIENTED_EDGE('',*,*,#2950,.T.);
#1627=ORIENTED_EDGE('',*,*,#2349,.T.);
#1628=ORIENTED_EDGE('',*,*,#2955,.F.);
#1629=ORIENTED_EDGE('',*,*,#2956,.F.);
#1630=ORIENTED_EDGE('',*,*,#2953,.T.);
#1631=ORIENTED_EDGE('',*,*,#2348,.T.);
#1632=ORIENTED_EDGE('',*,*,#2957,.F.);
#1633=ORIENTED_EDGE('',*,*,#2958,.F.);
#1634=ORIENTED_EDGE('',*,*,#2955,.T.);
#1635=ORIENTED_EDGE('',*,*,#2347,.T.);
#1636=ORIENTED_EDGE('',*,*,#2959,.F.);
#1637=ORIENTED_EDGE('',*,*,#2960,.F.);
#1638=ORIENTED_EDGE('',*,*,#2957,.T.);
#1639=ORIENTED_EDGE('',*,*,#2346,.T.);
#1640=ORIENTED_EDGE('',*,*,#2961,.F.);
#1641=ORIENTED_EDGE('',*,*,#2962,.F.);
#1642=ORIENTED_EDGE('',*,*,#2959,.T.);
#1643=ORIENTED_EDGE('',*,*,#2345,.T.);
#1644=ORIENTED_EDGE('',*,*,#2963,.F.);
#1645=ORIENTED_EDGE('',*,*,#2964,.F.);
#1646=ORIENTED_EDGE('',*,*,#2961,.T.);
#1647=ORIENTED_EDGE('',*,*,#2344,.T.);
#1648=ORIENTED_EDGE('',*,*,#2965,.F.);
#1649=ORIENTED_EDGE('',*,*,#2966,.F.);
#1650=ORIENTED_EDGE('',*,*,#2963,.T.);
#1651=ORIENTED_EDGE('',*,*,#2343,.T.);
#1652=ORIENTED_EDGE('',*,*,#2967,.F.);
#1653=ORIENTED_EDGE('',*,*,#2968,.F.);
#1654=ORIENTED_EDGE('',*,*,#2965,.T.);
#1655=ORIENTED_EDGE('',*,*,#2342,.T.);
#1656=ORIENTED_EDGE('',*,*,#2969,.F.);
#1657=ORIENTED_EDGE('',*,*,#2970,.F.);
#1658=ORIENTED_EDGE('',*,*,#2967,.T.);
#1659=ORIENTED_EDGE('',*,*,#2341,.T.);
#1660=ORIENTED_EDGE('',*,*,#2971,.F.);
#1661=ORIENTED_EDGE('',*,*,#2972,.F.);
#1662=ORIENTED_EDGE('',*,*,#2969,.T.);
#1663=ORIENTED_EDGE('',*,*,#2340,.T.);
#1664=ORIENTED_EDGE('',*,*,#2952,.F.);
#1665=ORIENTED_EDGE('',*,*,#2973,.F.);
#1666=ORIENTED_EDGE('',*,*,#2971,.T.);
#1667=ORIENTED_EDGE('',*,*,#2974,.F.);
#1668=ORIENTED_EDGE('',*,*,#2975,.F.);
#1669=ORIENTED_EDGE('',*,*,#2976,.F.);
#1670=ORIENTED_EDGE('',*,*,#2977,.F.);
#1671=ORIENTED_EDGE('',*,*,#2951,.T.);
#1672=ORIENTED_EDGE('',*,*,#2954,.T.);
#1673=ORIENTED_EDGE('',*,*,#2956,.T.);
#1674=ORIENTED_EDGE('',*,*,#2958,.T.);
#1675=ORIENTED_EDGE('',*,*,#2960,.T.);
#1676=ORIENTED_EDGE('',*,*,#2962,.T.);
#1677=ORIENTED_EDGE('',*,*,#2964,.T.);
#1678=ORIENTED_EDGE('',*,*,#2966,.T.);
#1679=ORIENTED_EDGE('',*,*,#2968,.T.);
#1680=ORIENTED_EDGE('',*,*,#2970,.T.);
#1681=ORIENTED_EDGE('',*,*,#2972,.T.);
#1682=ORIENTED_EDGE('',*,*,#2973,.T.);
#1683=ORIENTED_EDGE('',*,*,#2471,.T.);
#1684=ORIENTED_EDGE('',*,*,#2978,.F.);
#1685=ORIENTED_EDGE('',*,*,#2979,.F.);
#1686=ORIENTED_EDGE('',*,*,#2980,.T.);
#1687=ORIENTED_EDGE('',*,*,#2470,.T.);
#1688=ORIENTED_EDGE('',*,*,#2981,.F.);
#1689=ORIENTED_EDGE('',*,*,#2982,.F.);
#1690=ORIENTED_EDGE('',*,*,#2978,.T.);
#1691=ORIENTED_EDGE('',*,*,#2480,.T.);
#1692=ORIENTED_EDGE('',*,*,#2983,.F.);
#1693=ORIENTED_EDGE('',*,*,#2984,.F.);
#1694=ORIENTED_EDGE('',*,*,#2981,.T.);
#1695=ORIENTED_EDGE('',*,*,#2479,.T.);
#1696=ORIENTED_EDGE('',*,*,#2985,.F.);
#1697=ORIENTED_EDGE('',*,*,#2986,.F.);
#1698=ORIENTED_EDGE('',*,*,#2983,.T.);
#1699=ORIENTED_EDGE('',*,*,#2478,.T.);
#1700=ORIENTED_EDGE('',*,*,#2987,.F.);
#1701=ORIENTED_EDGE('',*,*,#2988,.F.);
#1702=ORIENTED_EDGE('',*,*,#2985,.T.);
#1703=ORIENTED_EDGE('',*,*,#2477,.T.);
#1704=ORIENTED_EDGE('',*,*,#2989,.F.);
#1705=ORIENTED_EDGE('',*,*,#2990,.F.);
#1706=ORIENTED_EDGE('',*,*,#2987,.T.);
#1707=ORIENTED_EDGE('',*,*,#2476,.T.);
#1708=ORIENTED_EDGE('',*,*,#2991,.F.);
#1709=ORIENTED_EDGE('',*,*,#2992,.F.);
#1710=ORIENTED_EDGE('',*,*,#2989,.T.);
#1711=ORIENTED_EDGE('',*,*,#2475,.T.);
#1712=ORIENTED_EDGE('',*,*,#2993,.F.);
#1713=ORIENTED_EDGE('',*,*,#2994,.F.);
#1714=ORIENTED_EDGE('',*,*,#2991,.T.);
#1715=ORIENTED_EDGE('',*,*,#2474,.T.);
#1716=ORIENTED_EDGE('',*,*,#2995,.F.);
#1717=ORIENTED_EDGE('',*,*,#2996,.F.);
#1718=ORIENTED_EDGE('',*,*,#2993,.T.);
#1719=ORIENTED_EDGE('',*,*,#2473,.T.);
#1720=ORIENTED_EDGE('',*,*,#2997,.F.);
#1721=ORIENTED_EDGE('',*,*,#2998,.F.);
#1722=ORIENTED_EDGE('',*,*,#2995,.T.);
#1723=ORIENTED_EDGE('',*,*,#2472,.T.);
#1724=ORIENTED_EDGE('',*,*,#2980,.F.);
#1725=ORIENTED_EDGE('',*,*,#2999,.F.);
#1726=ORIENTED_EDGE('',*,*,#2997,.T.);
#1727=ORIENTED_EDGE('',*,*,#3000,.F.);
#1728=ORIENTED_EDGE('',*,*,#3001,.F.);
#1729=ORIENTED_EDGE('',*,*,#3002,.F.);
#1730=ORIENTED_EDGE('',*,*,#3003,.F.);
#1731=ORIENTED_EDGE('',*,*,#2979,.T.);
#1732=ORIENTED_EDGE('',*,*,#2982,.T.);
#1733=ORIENTED_EDGE('',*,*,#2984,.T.);
#1734=ORIENTED_EDGE('',*,*,#2986,.T.);
#1735=ORIENTED_EDGE('',*,*,#2988,.T.);
#1736=ORIENTED_EDGE('',*,*,#2990,.T.);
#1737=ORIENTED_EDGE('',*,*,#2992,.T.);
#1738=ORIENTED_EDGE('',*,*,#2994,.T.);
#1739=ORIENTED_EDGE('',*,*,#2996,.T.);
#1740=ORIENTED_EDGE('',*,*,#2998,.T.);
#1741=ORIENTED_EDGE('',*,*,#2999,.T.);
#1742=ORIENTED_EDGE('',*,*,#2319,.T.);
#1743=ORIENTED_EDGE('',*,*,#3004,.F.);
#1744=ORIENTED_EDGE('',*,*,#3005,.F.);
#1745=ORIENTED_EDGE('',*,*,#3006,.T.);
#1746=ORIENTED_EDGE('',*,*,#2318,.T.);
#1747=ORIENTED_EDGE('',*,*,#3007,.F.);
#1748=ORIENTED_EDGE('',*,*,#3008,.F.);
#1749=ORIENTED_EDGE('',*,*,#3004,.T.);
#1750=ORIENTED_EDGE('',*,*,#2337,.T.);
#1751=ORIENTED_EDGE('',*,*,#3009,.F.);
#1752=ORIENTED_EDGE('',*,*,#3010,.F.);
#1753=ORIENTED_EDGE('',*,*,#3007,.T.);
#1754=ORIENTED_EDGE('',*,*,#2336,.T.);
#1755=ORIENTED_EDGE('',*,*,#3011,.F.);
#1756=ORIENTED_EDGE('',*,*,#3012,.F.);
#1757=ORIENTED_EDGE('',*,*,#3009,.T.);
#1758=ORIENTED_EDGE('',*,*,#2335,.T.);
#1759=ORIENTED_EDGE('',*,*,#3013,.F.);
#1760=ORIENTED_EDGE('',*,*,#3014,.F.);
#1761=ORIENTED_EDGE('',*,*,#3011,.T.);
#1762=ORIENTED_EDGE('',*,*,#2334,.T.);
#1763=ORIENTED_EDGE('',*,*,#3015,.F.);
#1764=ORIENTED_EDGE('',*,*,#3016,.F.);
#1765=ORIENTED_EDGE('',*,*,#3013,.T.);
#1766=ORIENTED_EDGE('',*,*,#2333,.T.);
#1767=ORIENTED_EDGE('',*,*,#3017,.F.);
#1768=ORIENTED_EDGE('',*,*,#3018,.F.);
#1769=ORIENTED_EDGE('',*,*,#3015,.T.);
#1770=ORIENTED_EDGE('',*,*,#2332,.T.);
#1771=ORIENTED_EDGE('',*,*,#3019,.F.);
#1772=ORIENTED_EDGE('',*,*,#3020,.F.);
#1773=ORIENTED_EDGE('',*,*,#3017,.T.);
#1774=ORIENTED_EDGE('',*,*,#2331,.T.);
#1775=ORIENTED_EDGE('',*,*,#3021,.F.);
#1776=ORIENTED_EDGE('',*,*,#3022,.F.);
#1777=ORIENTED_EDGE('',*,*,#3019,.T.);
#1778=ORIENTED_EDGE('',*,*,#2330,.T.);
#1779=ORIENTED_EDGE('',*,*,#3023,.F.);
#1780=ORIENTED_EDGE('',*,*,#3024,.F.);
#1781=ORIENTED_EDGE('',*,*,#3021,.T.);
#1782=ORIENTED_EDGE('',*,*,#2329,.T.);
#1783=ORIENTED_EDGE('',*,*,#3025,.F.);
#1784=ORIENTED_EDGE('',*,*,#3026,.F.);
#1785=ORIENTED_EDGE('',*,*,#3023,.T.);
#1786=ORIENTED_EDGE('',*,*,#2328,.T.);
#1787=ORIENTED_EDGE('',*,*,#3027,.F.);
#1788=ORIENTED_EDGE('',*,*,#3028,.F.);
#1789=ORIENTED_EDGE('',*,*,#3025,.T.);
#1790=ORIENTED_EDGE('',*,*,#2327,.T.);
#1791=ORIENTED_EDGE('',*,*,#3029,.F.);
#1792=ORIENTED_EDGE('',*,*,#3030,.F.);
#1793=ORIENTED_EDGE('',*,*,#3027,.T.);
#1794=ORIENTED_EDGE('',*,*,#2326,.T.);
#1795=ORIENTED_EDGE('',*,*,#3031,.F.);
#1796=ORIENTED_EDGE('',*,*,#3032,.F.);
#1797=ORIENTED_EDGE('',*,*,#3029,.T.);
#1798=ORIENTED_EDGE('',*,*,#2325,.T.);
#1799=ORIENTED_EDGE('',*,*,#3033,.F.);
#1800=ORIENTED_EDGE('',*,*,#3034,.F.);
#1801=ORIENTED_EDGE('',*,*,#3031,.T.);
#1802=ORIENTED_EDGE('',*,*,#2324,.T.);
#1803=ORIENTED_EDGE('',*,*,#3035,.F.);
#1804=ORIENTED_EDGE('',*,*,#3036,.F.);
#1805=ORIENTED_EDGE('',*,*,#3033,.T.);
#1806=ORIENTED_EDGE('',*,*,#2323,.T.);
#1807=ORIENTED_EDGE('',*,*,#3037,.F.);
#1808=ORIENTED_EDGE('',*,*,#3038,.F.);
#1809=ORIENTED_EDGE('',*,*,#3035,.T.);
#1810=ORIENTED_EDGE('',*,*,#2322,.T.);
#1811=ORIENTED_EDGE('',*,*,#3039,.F.);
#1812=ORIENTED_EDGE('',*,*,#3040,.F.);
#1813=ORIENTED_EDGE('',*,*,#3037,.T.);
#1814=ORIENTED_EDGE('',*,*,#2321,.T.);
#1815=ORIENTED_EDGE('',*,*,#3041,.F.);
#1816=ORIENTED_EDGE('',*,*,#3042,.F.);
#1817=ORIENTED_EDGE('',*,*,#3039,.T.);
#1818=ORIENTED_EDGE('',*,*,#2320,.T.);
#1819=ORIENTED_EDGE('',*,*,#3006,.F.);
#1820=ORIENTED_EDGE('',*,*,#3043,.F.);
#1821=ORIENTED_EDGE('',*,*,#3041,.T.);
#1822=ORIENTED_EDGE('',*,*,#3044,.F.);
#1823=ORIENTED_EDGE('',*,*,#3045,.F.);
#1824=ORIENTED_EDGE('',*,*,#3046,.F.);
#1825=ORIENTED_EDGE('',*,*,#3047,.F.);
#1826=ORIENTED_EDGE('',*,*,#3005,.T.);
#1827=ORIENTED_EDGE('',*,*,#3008,.T.);
#1828=ORIENTED_EDGE('',*,*,#3010,.T.);
#1829=ORIENTED_EDGE('',*,*,#3012,.T.);
#1830=ORIENTED_EDGE('',*,*,#3014,.T.);
#1831=ORIENTED_EDGE('',*,*,#3016,.T.);
#1832=ORIENTED_EDGE('',*,*,#3018,.T.);
#1833=ORIENTED_EDGE('',*,*,#3020,.T.);
#1834=ORIENTED_EDGE('',*,*,#3022,.T.);
#1835=ORIENTED_EDGE('',*,*,#3024,.T.);
#1836=ORIENTED_EDGE('',*,*,#3026,.T.);
#1837=ORIENTED_EDGE('',*,*,#3028,.T.);
#1838=ORIENTED_EDGE('',*,*,#3030,.T.);
#1839=ORIENTED_EDGE('',*,*,#3032,.T.);
#1840=ORIENTED_EDGE('',*,*,#3034,.T.);
#1841=ORIENTED_EDGE('',*,*,#3036,.T.);
#1842=ORIENTED_EDGE('',*,*,#3038,.T.);
#1843=ORIENTED_EDGE('',*,*,#3040,.T.);
#1844=ORIENTED_EDGE('',*,*,#3042,.T.);
#1845=ORIENTED_EDGE('',*,*,#3043,.T.);
#1846=ORIENTED_EDGE('',*,*,#2482,.T.);
#1847=ORIENTED_EDGE('',*,*,#3048,.F.);
#1848=ORIENTED_EDGE('',*,*,#3049,.F.);
#1849=ORIENTED_EDGE('',*,*,#3050,.T.);
#1850=ORIENTED_EDGE('',*,*,#2481,.T.);
#1851=ORIENTED_EDGE('',*,*,#3051,.F.);
#1852=ORIENTED_EDGE('',*,*,#3052,.F.);
#1853=ORIENTED_EDGE('',*,*,#3048,.T.);
#1854=ORIENTED_EDGE('',*,*,#2494,.T.);
#1855=ORIENTED_EDGE('',*,*,#3053,.F.);
#1856=ORIENTED_EDGE('',*,*,#3054,.F.);
#1857=ORIENTED_EDGE('',*,*,#3051,.T.);
#1858=ORIENTED_EDGE('',*,*,#2493,.T.);
#1859=ORIENTED_EDGE('',*,*,#3055,.F.);
#1860=ORIENTED_EDGE('',*,*,#3056,.F.);
#1861=ORIENTED_EDGE('',*,*,#3053,.T.);
#1862=ORIENTED_EDGE('',*,*,#2492,.T.);
#1863=ORIENTED_EDGE('',*,*,#3057,.F.);
#1864=ORIENTED_EDGE('',*,*,#3058,.F.);
#1865=ORIENTED_EDGE('',*,*,#3055,.T.);
#1866=ORIENTED_EDGE('',*,*,#2491,.T.);
#1867=ORIENTED_EDGE('',*,*,#3059,.F.);
#1868=ORIENTED_EDGE('',*,*,#3060,.F.);
#1869=ORIENTED_EDGE('',*,*,#3057,.T.);
#1870=ORIENTED_EDGE('',*,*,#2490,.T.);
#1871=ORIENTED_EDGE('',*,*,#3061,.F.);
#1872=ORIENTED_EDGE('',*,*,#3062,.F.);
#1873=ORIENTED_EDGE('',*,*,#3059,.T.);
#1874=ORIENTED_EDGE('',*,*,#2489,.T.);
#1875=ORIENTED_EDGE('',*,*,#3063,.F.);
#1876=ORIENTED_EDGE('',*,*,#3064,.F.);
#1877=ORIENTED_EDGE('',*,*,#3061,.T.);
#1878=ORIENTED_EDGE('',*,*,#2488,.T.);
#1879=ORIENTED_EDGE('',*,*,#3065,.F.);
#1880=ORIENTED_EDGE('',*,*,#3066,.F.);
#1881=ORIENTED_EDGE('',*,*,#3063,.T.);
#1882=ORIENTED_EDGE('',*,*,#2487,.T.);
#1883=ORIENTED_EDGE('',*,*,#3067,.F.);
#1884=ORIENTED_EDGE('',*,*,#3068,.F.);
#1885=ORIENTED_EDGE('',*,*,#3065,.T.);
#1886=ORIENTED_EDGE('',*,*,#2486,.T.);
#1887=ORIENTED_EDGE('',*,*,#3069,.F.);
#1888=ORIENTED_EDGE('',*,*,#3070,.F.);
#1889=ORIENTED_EDGE('',*,*,#3067,.T.);
#1890=ORIENTED_EDGE('',*,*,#2485,.T.);
#1891=ORIENTED_EDGE('',*,*,#3071,.F.);
#1892=ORIENTED_EDGE('',*,*,#3072,.F.);
#1893=ORIENTED_EDGE('',*,*,#3069,.T.);
#1894=ORIENTED_EDGE('',*,*,#2484,.T.);
#1895=ORIENTED_EDGE('',*,*,#3073,.F.);
#1896=ORIENTED_EDGE('',*,*,#3074,.F.);
#1897=ORIENTED_EDGE('',*,*,#3071,.T.);
#1898=ORIENTED_EDGE('',*,*,#2483,.T.);
#1899=ORIENTED_EDGE('',*,*,#3050,.F.);
#1900=ORIENTED_EDGE('',*,*,#3075,.F.);
#1901=ORIENTED_EDGE('',*,*,#3073,.T.);
#1902=ORIENTED_EDGE('',*,*,#3076,.F.);
#1903=ORIENTED_EDGE('',*,*,#3077,.F.);
#1904=ORIENTED_EDGE('',*,*,#3078,.F.);
#1905=ORIENTED_EDGE('',*,*,#3079,.F.);
#1906=ORIENTED_EDGE('',*,*,#3049,.T.);
#1907=ORIENTED_EDGE('',*,*,#3052,.T.);
#1908=ORIENTED_EDGE('',*,*,#3054,.T.);
#1909=ORIENTED_EDGE('',*,*,#3056,.T.);
#1910=ORIENTED_EDGE('',*,*,#3058,.T.);
#1911=ORIENTED_EDGE('',*,*,#3060,.T.);
#1912=ORIENTED_EDGE('',*,*,#3062,.T.);
#1913=ORIENTED_EDGE('',*,*,#3064,.T.);
#1914=ORIENTED_EDGE('',*,*,#3066,.T.);
#1915=ORIENTED_EDGE('',*,*,#3068,.T.);
#1916=ORIENTED_EDGE('',*,*,#3070,.T.);
#1917=ORIENTED_EDGE('',*,*,#3072,.T.);
#1918=ORIENTED_EDGE('',*,*,#3074,.T.);
#1919=ORIENTED_EDGE('',*,*,#3075,.T.);
#1920=ORIENTED_EDGE('',*,*,#2498,.F.);
#1921=ORIENTED_EDGE('',*,*,#2547,.F.);
#1922=ORIENTED_EDGE('',*,*,#2555,.F.);
#1923=ORIENTED_EDGE('',*,*,#2538,.F.);
#1924=ORIENTED_EDGE('',*,*,#2552,.F.);
#1925=ORIENTED_EDGE('',*,*,#2549,.F.);
#1926=ORIENTED_EDGE('',*,*,#2562,.F.);
#1927=ORIENTED_EDGE('',*,*,#2540,.T.);
#1928=ORIENTED_EDGE('',*,*,#2560,.F.);
#1929=ORIENTED_EDGE('',*,*,#2561,.T.);
#1930=ORIENTED_EDGE('',*,*,#2557,.F.);
#1931=ORIENTED_EDGE('',*,*,#2544,.T.);
#1932=ORIENTED_EDGE('',*,*,#2249,.F.);
#1933=ORIENTED_EDGE('',*,*,#3080,.F.);
#1934=ORIENTED_EDGE('',*,*,#3081,.F.);
#1935=ORIENTED_EDGE('',*,*,#3082,.F.);
#1936=ORIENTED_EDGE('',*,*,#3083,.F.);
#1937=ORIENTED_EDGE('',*,*,#2582,.F.);
#1938=ORIENTED_EDGE('',*,*,#2580,.F.);
#1939=ORIENTED_EDGE('',*,*,#2578,.F.);
#1940=ORIENTED_EDGE('',*,*,#3084,.F.);
#1941=ORIENTED_EDGE('',*,*,#3085,.F.);
#1942=ORIENTED_EDGE('',*,*,#3086,.F.);
#1943=ORIENTED_EDGE('',*,*,#3087,.F.);
#1944=ORIENTED_EDGE('',*,*,#3088,.F.);
#1945=ORIENTED_EDGE('',*,*,#3089,.F.);
#1946=ORIENTED_EDGE('',*,*,#3090,.F.);
#1947=ORIENTED_EDGE('',*,*,#3091,.F.);
#1948=ORIENTED_EDGE('',*,*,#3092,.F.);
#1949=ORIENTED_EDGE('',*,*,#2576,.T.);
#1950=ORIENTED_EDGE('',*,*,#2573,.F.);
#1951=ORIENTED_EDGE('',*,*,#2572,.T.);
#1952=ORIENTED_EDGE('',*,*,#2569,.F.);
#1953=ORIENTED_EDGE('',*,*,#3093,.F.);
#1954=ORIENTED_EDGE('',*,*,#3094,.F.);
#1955=ORIENTED_EDGE('',*,*,#3095,.F.);
#1956=ORIENTED_EDGE('',*,*,#2566,.F.);
#1957=ORIENTED_EDGE('',*,*,#2564,.F.);
#1958=ORIENTED_EDGE('',*,*,#3082,.T.);
#1959=ORIENTED_EDGE('',*,*,#3096,.F.);
#1960=ORIENTED_EDGE('',*,*,#2282,.F.);
#1961=ORIENTED_EDGE('',*,*,#3097,.T.);
#1962=ORIENTED_EDGE('',*,*,#3081,.T.);
#1963=ORIENTED_EDGE('',*,*,#3098,.F.);
#1964=ORIENTED_EDGE('',*,*,#2283,.F.);
#1965=ORIENTED_EDGE('',*,*,#3096,.T.);
#1966=ORIENTED_EDGE('',*,*,#3080,.T.);
#1967=ORIENTED_EDGE('',*,*,#2248,.F.);
#1968=ORIENTED_EDGE('',*,*,#2284,.F.);
#1969=ORIENTED_EDGE('',*,*,#3098,.T.);
#1970=ORIENTED_EDGE('',*,*,#2289,.F.);
#1971=ORIENTED_EDGE('',*,*,#2256,.F.);
#1972=ORIENTED_EDGE('',*,*,#2286,.T.);
#1973=ORIENTED_EDGE('',*,*,#2244,.T.);
#1974=ORIENTED_EDGE('',*,*,#3099,.T.);
#1975=ORIENTED_EDGE('',*,*,#2287,.T.);
#1976=ORIENTED_EDGE('',*,*,#3100,.F.);
#1977=ORIENTED_EDGE('',*,*,#2259,.F.);
#1978=ORIENTED_EDGE('',*,*,#3100,.T.);
#1979=ORIENTED_EDGE('',*,*,#2313,.T.);
#1980=ORIENTED_EDGE('',*,*,#3101,.F.);
#1981=ORIENTED_EDGE('',*,*,#2260,.F.);
#1982=ORIENTED_EDGE('',*,*,#3101,.T.);
#1983=ORIENTED_EDGE('',*,*,#2312,.T.);
#1984=ORIENTED_EDGE('',*,*,#2529,.F.);
#1985=ORIENTED_EDGE('',*,*,#2261,.F.);
#1986=ORIENTED_EDGE('',*,*,#3102,.F.);
#1987=ORIENTED_EDGE('',*,*,#2504,.F.);
#1988=ORIENTED_EDGE('',*,*,#2567,.T.);
#1989=ORIENTED_EDGE('',*,*,#3095,.T.);
#1990=ORIENTED_EDGE('',*,*,#3103,.F.);
#1991=ORIENTED_EDGE('',*,*,#2505,.T.);
#1992=ORIENTED_EDGE('',*,*,#3102,.T.);
#1993=ORIENTED_EDGE('',*,*,#3094,.T.);
#1994=ORIENTED_EDGE('',*,*,#2506,.F.);
#1995=ORIENTED_EDGE('',*,*,#3103,.T.);
#1996=ORIENTED_EDGE('',*,*,#3093,.T.);
#1997=ORIENTED_EDGE('',*,*,#2568,.F.);
#1998=ORIENTED_EDGE('',*,*,#2531,.T.);
#1999=ORIENTED_EDGE('',*,*,#2308,.T.);
#2000=ORIENTED_EDGE('',*,*,#3104,.F.);
#2001=ORIENTED_EDGE('',*,*,#2265,.F.);
#2002=ORIENTED_EDGE('',*,*,#2307,.F.);
#2003=ORIENTED_EDGE('',*,*,#3105,.F.);
#2004=ORIENTED_EDGE('',*,*,#2266,.T.);
#2005=ORIENTED_EDGE('',*,*,#3104,.T.);
#2006=ORIENTED_EDGE('',*,*,#3105,.T.);
#2007=ORIENTED_EDGE('',*,*,#2306,.T.);
#2008=ORIENTED_EDGE('',*,*,#3106,.F.);
#2009=ORIENTED_EDGE('',*,*,#2267,.F.);
#2010=ORIENTED_EDGE('',*,*,#2305,.F.);
#2011=ORIENTED_EDGE('',*,*,#2533,.F.);
#2012=ORIENTED_EDGE('',*,*,#2268,.T.);
#2013=ORIENTED_EDGE('',*,*,#3106,.T.);
#2014=ORIENTED_EDGE('',*,*,#3107,.F.);
#2015=ORIENTED_EDGE('',*,*,#2511,.F.);
#2016=ORIENTED_EDGE('',*,*,#2575,.T.);
#2017=ORIENTED_EDGE('',*,*,#3092,.T.);
#2018=ORIENTED_EDGE('',*,*,#3108,.F.);
#2019=ORIENTED_EDGE('',*,*,#2512,.T.);
#2020=ORIENTED_EDGE('',*,*,#3107,.T.);
#2021=ORIENTED_EDGE('',*,*,#3091,.T.);
#2022=ORIENTED_EDGE('',*,*,#3109,.F.);
#2023=ORIENTED_EDGE('',*,*,#2513,.T.);
#2024=ORIENTED_EDGE('',*,*,#3108,.T.);
#2025=ORIENTED_EDGE('',*,*,#3090,.T.);
#2026=ORIENTED_EDGE('',*,*,#3110,.F.);
#2027=ORIENTED_EDGE('',*,*,#2514,.T.);
#2028=ORIENTED_EDGE('',*,*,#3109,.T.);
#2029=ORIENTED_EDGE('',*,*,#3089,.T.);
#2030=ORIENTED_EDGE('',*,*,#2536,.T.);
#2031=ORIENTED_EDGE('',*,*,#2300,.T.);
#2032=ORIENTED_EDGE('',*,*,#3111,.T.);
#2033=ORIENTED_EDGE('',*,*,#2515,.T.);
#2034=ORIENTED_EDGE('',*,*,#3110,.T.);
#2035=ORIENTED_EDGE('',*,*,#3088,.T.);
#2036=ORIENTED_EDGE('',*,*,#3112,.F.);
#2037=ORIENTED_EDGE('',*,*,#2273,.F.);
#2038=ORIENTED_EDGE('',*,*,#3087,.T.);
#2039=ORIENTED_EDGE('',*,*,#3113,.F.);
#2040=ORIENTED_EDGE('',*,*,#2274,.F.);
#2041=ORIENTED_EDGE('',*,*,#3112,.T.);
#2042=ORIENTED_EDGE('',*,*,#3086,.T.);
#2043=ORIENTED_EDGE('',*,*,#3114,.F.);
#2044=ORIENTED_EDGE('',*,*,#2275,.F.);
#2045=ORIENTED_EDGE('',*,*,#3113,.T.);
#2046=ORIENTED_EDGE('',*,*,#3085,.T.);
#2047=ORIENTED_EDGE('',*,*,#3115,.F.);
#2048=ORIENTED_EDGE('',*,*,#2276,.F.);
#2049=ORIENTED_EDGE('',*,*,#3114,.T.);
#2050=ORIENTED_EDGE('',*,*,#3116,.F.);
#2051=ORIENTED_EDGE('',*,*,#2297,.T.);
#2052=ORIENTED_EDGE('',*,*,#3117,.F.);
#2053=ORIENTED_EDGE('',*,*,#2277,.F.);
#2054=ORIENTED_EDGE('',*,*,#3115,.T.);
#2055=ORIENTED_EDGE('',*,*,#3084,.T.);
#2056=ORIENTED_EDGE('',*,*,#2577,.F.);
#2057=ORIENTED_EDGE('',*,*,#2518,.F.);
#2058=ORIENTED_EDGE('',*,*,#3117,.T.);
#2059=ORIENTED_EDGE('',*,*,#2296,.T.);
#2060=ORIENTED_EDGE('',*,*,#3118,.F.);
#2061=ORIENTED_EDGE('',*,*,#2278,.F.);
#2062=ORIENTED_EDGE('',*,*,#3118,.T.);
#2063=ORIENTED_EDGE('',*,*,#2295,.T.);
#2064=ORIENTED_EDGE('',*,*,#3119,.F.);
#2065=ORIENTED_EDGE('',*,*,#2279,.F.);
#2066=ORIENTED_EDGE('',*,*,#3119,.T.);
#2067=ORIENTED_EDGE('',*,*,#2294,.T.);
#2068=ORIENTED_EDGE('',*,*,#3120,.F.);
#2069=ORIENTED_EDGE('',*,*,#2280,.F.);
#2070=ORIENTED_EDGE('',*,*,#3120,.T.);
#2071=ORIENTED_EDGE('',*,*,#2293,.T.);
#2072=ORIENTED_EDGE('',*,*,#3121,.F.);
#2073=ORIENTED_EDGE('',*,*,#2522,.F.);
#2074=ORIENTED_EDGE('',*,*,#2583,.T.);
#2075=ORIENTED_EDGE('',*,*,#3083,.T.);
#2076=ORIENTED_EDGE('',*,*,#3097,.F.);
#2077=ORIENTED_EDGE('',*,*,#2281,.F.);
#2078=ORIENTED_EDGE('',*,*,#3122,.F.);
#2079=ORIENTED_EDGE('',*,*,#2298,.T.);
#2080=ORIENTED_EDGE('',*,*,#3116,.T.);
#2081=ORIENTED_EDGE('',*,*,#2517,.F.);
#2082=ORIENTED_EDGE('',*,*,#3123,.F.);
#2083=ORIENTED_EDGE('',*,*,#2523,.F.);
#2084=ORIENTED_EDGE('',*,*,#3121,.T.);
#2085=ORIENTED_EDGE('',*,*,#2292,.T.);
#2086=ORIENTED_EDGE('',*,*,#2524,.T.);
#2087=ORIENTED_EDGE('',*,*,#3123,.T.);
#2088=ORIENTED_EDGE('',*,*,#2291,.F.);
#2089=ORIENTED_EDGE('',*,*,#2252,.F.);
#2090=ORIENTED_EDGE('',*,*,#2299,.F.);
#2091=ORIENTED_EDGE('',*,*,#3122,.T.);
#2092=ORIENTED_EDGE('',*,*,#2516,.T.);
#2093=ORIENTED_EDGE('',*,*,#3111,.F.);
#2094=ORIENTED_EDGE('',*,*,#2946,.T.);
#2095=ORIENTED_EDGE('',*,*,#3124,.F.);
#2096=ORIENTED_EDGE('',*,*,#3125,.F.);
#2097=ORIENTED_EDGE('',*,*,#3126,.T.);
#2098=ORIENTED_EDGE('',*,*,#2949,.T.);
#2099=ORIENTED_EDGE('',*,*,#3127,.F.);
#2100=ORIENTED_EDGE('',*,*,#3128,.F.);
#2101=ORIENTED_EDGE('',*,*,#3124,.T.);
#2102=ORIENTED_EDGE('',*,*,#2948,.T.);
#2103=ORIENTED_EDGE('',*,*,#3129,.F.);
#2104=ORIENTED_EDGE('',*,*,#3130,.F.);
#2105=ORIENTED_EDGE('',*,*,#3127,.T.);
#2106=ORIENTED_EDGE('',*,*,#2947,.T.);
#2107=ORIENTED_EDGE('',*,*,#3126,.F.);
#2108=ORIENTED_EDGE('',*,*,#3131,.F.);
#2109=ORIENTED_EDGE('',*,*,#3129,.T.);
#2110=ORIENTED_EDGE('',*,*,#3125,.T.);
#2111=ORIENTED_EDGE('',*,*,#3128,.T.);
#2112=ORIENTED_EDGE('',*,*,#3130,.T.);
#2113=ORIENTED_EDGE('',*,*,#3131,.T.);
#2114=ORIENTED_EDGE('',*,*,#3076,.T.);
#2115=ORIENTED_EDGE('',*,*,#3132,.F.);
#2116=ORIENTED_EDGE('',*,*,#3133,.F.);
#2117=ORIENTED_EDGE('',*,*,#3134,.T.);
#2118=ORIENTED_EDGE('',*,*,#3079,.T.);
#2119=ORIENTED_EDGE('',*,*,#3135,.F.);
#2120=ORIENTED_EDGE('',*,*,#3136,.F.);
#2121=ORIENTED_EDGE('',*,*,#3132,.T.);
#2122=ORIENTED_EDGE('',*,*,#3078,.T.);
#2123=ORIENTED_EDGE('',*,*,#3137,.F.);
#2124=ORIENTED_EDGE('',*,*,#3138,.F.);
#2125=ORIENTED_EDGE('',*,*,#3135,.T.);
#2126=ORIENTED_EDGE('',*,*,#3077,.T.);
#2127=ORIENTED_EDGE('',*,*,#3134,.F.);
#2128=ORIENTED_EDGE('',*,*,#3139,.F.);
#2129=ORIENTED_EDGE('',*,*,#3137,.T.);
#2130=ORIENTED_EDGE('',*,*,#3133,.T.);
#2131=ORIENTED_EDGE('',*,*,#3136,.T.);
#2132=ORIENTED_EDGE('',*,*,#3138,.T.);
#2133=ORIENTED_EDGE('',*,*,#3139,.T.);
#2134=ORIENTED_EDGE('',*,*,#3044,.T.);
#2135=ORIENTED_EDGE('',*,*,#3140,.F.);
#2136=ORIENTED_EDGE('',*,*,#3141,.F.);
#2137=ORIENTED_EDGE('',*,*,#3142,.T.);
#2138=ORIENTED_EDGE('',*,*,#3047,.T.);
#2139=ORIENTED_EDGE('',*,*,#3143,.F.);
#2140=ORIENTED_EDGE('',*,*,#3144,.F.);
#2141=ORIENTED_EDGE('',*,*,#3140,.T.);
#2142=ORIENTED_EDGE('',*,*,#3046,.T.);
#2143=ORIENTED_EDGE('',*,*,#3145,.F.);
#2144=ORIENTED_EDGE('',*,*,#3146,.F.);
#2145=ORIENTED_EDGE('',*,*,#3143,.T.);
#2146=ORIENTED_EDGE('',*,*,#3045,.T.);
#2147=ORIENTED_EDGE('',*,*,#3142,.F.);
#2148=ORIENTED_EDGE('',*,*,#3147,.F.);
#2149=ORIENTED_EDGE('',*,*,#3145,.T.);
#2150=ORIENTED_EDGE('',*,*,#3141,.T.);
#2151=ORIENTED_EDGE('',*,*,#3144,.T.);
#2152=ORIENTED_EDGE('',*,*,#3146,.T.);
#2153=ORIENTED_EDGE('',*,*,#3147,.T.);
#2154=ORIENTED_EDGE('',*,*,#3000,.T.);
#2155=ORIENTED_EDGE('',*,*,#3148,.F.);
#2156=ORIENTED_EDGE('',*,*,#3149,.F.);
#2157=ORIENTED_EDGE('',*,*,#3150,.T.);
#2158=ORIENTED_EDGE('',*,*,#3003,.T.);
#2159=ORIENTED_EDGE('',*,*,#3151,.F.);
#2160=ORIENTED_EDGE('',*,*,#3152,.F.);
#2161=ORIENTED_EDGE('',*,*,#3148,.T.);
#2162=ORIENTED_EDGE('',*,*,#3002,.T.);
#2163=ORIENTED_EDGE('',*,*,#3153,.F.);
#2164=ORIENTED_EDGE('',*,*,#3154,.F.);
#2165=ORIENTED_EDGE('',*,*,#3151,.T.);
#2166=ORIENTED_EDGE('',*,*,#3001,.T.);
#2167=ORIENTED_EDGE('',*,*,#3150,.F.);
#2168=ORIENTED_EDGE('',*,*,#3155,.F.);
#2169=ORIENTED_EDGE('',*,*,#3153,.T.);
#2170=ORIENTED_EDGE('',*,*,#3149,.T.);
#2171=ORIENTED_EDGE('',*,*,#3152,.T.);
#2172=ORIENTED_EDGE('',*,*,#3154,.T.);
#2173=ORIENTED_EDGE('',*,*,#3155,.T.);
#2174=ORIENTED_EDGE('',*,*,#2974,.T.);
#2175=ORIENTED_EDGE('',*,*,#3156,.F.);
#2176=ORIENTED_EDGE('',*,*,#3157,.F.);
#2177=ORIENTED_EDGE('',*,*,#3158,.T.);
#2178=ORIENTED_EDGE('',*,*,#2977,.T.);
#2179=ORIENTED_EDGE('',*,*,#3159,.F.);
#2180=ORIENTED_EDGE('',*,*,#3160,.F.);
#2181=ORIENTED_EDGE('',*,*,#3156,.T.);
#2182=ORIENTED_EDGE('',*,*,#2976,.T.);
#2183=ORIENTED_EDGE('',*,*,#3161,.F.);
#2184=ORIENTED_EDGE('',*,*,#3162,.F.);
#2185=ORIENTED_EDGE('',*,*,#3159,.T.);
#2186=ORIENTED_EDGE('',*,*,#2975,.T.);
#2187=ORIENTED_EDGE('',*,*,#3158,.F.);
#2188=ORIENTED_EDGE('',*,*,#3163,.F.);
#2189=ORIENTED_EDGE('',*,*,#3161,.T.);
#2190=ORIENTED_EDGE('',*,*,#3157,.T.);
#2191=ORIENTED_EDGE('',*,*,#3160,.T.);
#2192=ORIENTED_EDGE('',*,*,#3162,.T.);
#2193=ORIENTED_EDGE('',*,*,#3163,.T.);
#2194=ORIENTED_EDGE('',*,*,#2496,.T.);
#2195=ORIENTED_EDGE('',*,*,#2551,.T.);
#2196=ORIENTED_EDGE('',*,*,#2553,.T.);
#2197=ORIENTED_EDGE('',*,*,#2543,.T.);
#2198=ORIENTED_EDGE('',*,*,#2556,.T.);
#2199=ORIENTED_EDGE('',*,*,#2548,.T.);
#2200=ORIENTED_EDGE('',*,*,#3164,.T.);
#2201=ORIENTED_EDGE('',*,*,#3165,.F.);
#2202=ORIENTED_EDGE('',*,*,#3166,.F.);
#2203=ORIENTED_EDGE('',*,*,#2317,.T.);
#2204=ORIENTED_EDGE('',*,*,#3167,.T.);
#2205=ORIENTED_EDGE('',*,*,#3168,.F.);
#2206=ORIENTED_EDGE('',*,*,#3169,.F.);
#2207=ORIENTED_EDGE('',*,*,#3165,.T.);
#2208=ORIENTED_EDGE('',*,*,#2258,.F.);
#2209=ORIENTED_EDGE('',*,*,#3170,.F.);
#2210=ORIENTED_EDGE('',*,*,#3171,.F.);
#2211=ORIENTED_EDGE('',*,*,#3168,.T.);
#2212=ORIENTED_EDGE('',*,*,#3172,.T.);
#2213=ORIENTED_EDGE('',*,*,#3173,.F.);
#2214=ORIENTED_EDGE('',*,*,#2288,.T.);
#2215=ORIENTED_EDGE('',*,*,#3099,.F.);
#2216=ORIENTED_EDGE('',*,*,#3174,.T.);
#2217=ORIENTED_EDGE('',*,*,#3175,.F.);
#2218=ORIENTED_EDGE('',*,*,#3176,.F.);
#2219=ORIENTED_EDGE('',*,*,#3170,.T.);
#2220=ORIENTED_EDGE('',*,*,#2254,.T.);
#2221=ORIENTED_EDGE('',*,*,#3173,.T.);
#2222=ORIENTED_EDGE('',*,*,#2285,.F.);
#2223=ORIENTED_EDGE('',*,*,#2246,.T.);
#2224=ORIENTED_EDGE('',*,*,#2290,.T.);
#2225=ORIENTED_EDGE('',*,*,#2242,.T.);
#2226=ORIENTED_EDGE('',*,*,#3177,.T.);
#2227=ORIENTED_EDGE('',*,*,#2315,.F.);
#2228=ORIENTED_EDGE('',*,*,#3178,.F.);
#2229=ORIENTED_EDGE('',*,*,#3175,.T.);
#2230=ORIENTED_EDGE('',*,*,#2314,.T.);
#2231=ORIENTED_EDGE('',*,*,#3166,.T.);
#2232=ORIENTED_EDGE('',*,*,#3169,.T.);
#2233=ORIENTED_EDGE('',*,*,#3171,.T.);
#2234=ORIENTED_EDGE('',*,*,#3176,.T.);
#2235=ORIENTED_EDGE('',*,*,#3178,.T.);
#2236=ORIENTED_EDGE('',*,*,#2316,.F.);
#2237=ORIENTED_EDGE('',*,*,#3177,.F.);
#2238=ORIENTED_EDGE('',*,*,#3174,.F.);
#2239=ORIENTED_EDGE('',*,*,#3172,.F.);
#2240=ORIENTED_EDGE('',*,*,#3167,.F.);
#2241=ORIENTED_EDGE('',*,*,#3164,.F.);
#2242=EDGE_CURVE('',#3179,#3180,#3805,.T.);
#2243=EDGE_CURVE('',#3179,#3181,#3806,.T.);
#2244=EDGE_CURVE('',#3182,#3181,#3807,.T.);
#2245=EDGE_CURVE('',#3180,#3182,#3808,.T.);
#2246=EDGE_CURVE('',#3183,#3184,#3809,.T.);
#2247=EDGE_CURVE('',#3185,#3183,#3810,.T.);
#2248=EDGE_CURVE('',#3185,#3186,#3811,.T.);
#2249=EDGE_CURVE('',#3186,#3187,#3812,.T.);
#2250=EDGE_CURVE('',#3187,#3188,#3813,.T.);
#2251=EDGE_CURVE('',#3188,#3189,#3814,.T.);
#2252=EDGE_CURVE('',#3189,#3190,#3815,.T.);
#2253=EDGE_CURVE('',#3190,#3184,#3816,.T.);
#2254=EDGE_CURVE('',#3191,#3192,#3817,.T.);
#2255=EDGE_CURVE('',#3193,#3191,#3818,.T.);
#2256=EDGE_CURVE('',#3193,#3194,#3819,.T.);
#2257=EDGE_CURVE('',#3194,#3192,#3820,.T.);
#2258=EDGE_CURVE('',#3191,#3195,#3821,.T.);
#2259=EDGE_CURVE('',#3195,#3196,#3822,.T.);
#2260=EDGE_CURVE('',#3196,#3197,#3823,.T.);
#2261=EDGE_CURVE('',#3197,#3198,#3824,.T.);
#2262=EDGE_CURVE('',#3198,#3199,#3825,.T.);
#2263=EDGE_CURVE('',#3199,#3200,#3826,.T.);
#2264=EDGE_CURVE('',#3200,#3201,#3827,.T.);
#2265=EDGE_CURVE('',#3201,#3202,#3828,.T.);
#2266=EDGE_CURVE('',#3203,#3202,#138,.T.);
#2267=EDGE_CURVE('',#3203,#3204,#3829,.T.);
#2268=EDGE_CURVE('',#3205,#3204,#139,.T.);
#2269=EDGE_CURVE('',#3205,#3206,#3830,.T.);
#2270=EDGE_CURVE('',#3206,#3207,#3831,.T.);
#2271=EDGE_CURVE('',#3207,#3208,#140,.T.);
#2272=EDGE_CURVE('',#3208,#3209,#3832,.T.);
#2273=EDGE_CURVE('',#3209,#3210,#3833,.T.);
#2274=EDGE_CURVE('',#3210,#3211,#141,.T.);
#2275=EDGE_CURVE('',#3211,#3212,#3834,.T.);
#2276=EDGE_CURVE('',#3212,#3213,#142,.T.);
#2277=EDGE_CURVE('',#3213,#3214,#3835,.T.);
#2278=EDGE_CURVE('',#3214,#3215,#3836,.T.);
#2279=EDGE_CURVE('',#3215,#3216,#3837,.T.);
#2280=EDGE_CURVE('',#3216,#3217,#3838,.T.);
#2281=EDGE_CURVE('',#3217,#3218,#3839,.T.);
#2282=EDGE_CURVE('',#3218,#3219,#143,.T.);
#2283=EDGE_CURVE('',#3219,#3220,#3840,.T.);
#2284=EDGE_CURVE('',#3220,#3185,#144,.T.);
#2285=EDGE_CURVE('',#3183,#3180,#3841,.T.);
#2286=EDGE_CURVE('',#3193,#3182,#145,.T.);
#2287=EDGE_CURVE('',#3221,#3222,#3842,.T.);
#2288=EDGE_CURVE('',#3192,#3221,#3843,.T.);
#2289=EDGE_CURVE('',#3194,#3181,#146,.T.);
#2290=EDGE_CURVE('',#3184,#3179,#3844,.T.);
#2291=EDGE_CURVE('',#3190,#3223,#3845,.T.);
#2292=EDGE_CURVE('',#3224,#3223,#3846,.T.);
#2293=EDGE_CURVE('',#3225,#3224,#3847,.T.);
#2294=EDGE_CURVE('',#3226,#3225,#3848,.T.);
#2295=EDGE_CURVE('',#3227,#3226,#3849,.T.);
#2296=EDGE_CURVE('',#3228,#3227,#3850,.T.);
#2297=EDGE_CURVE('',#3229,#3228,#3851,.T.);
#2298=EDGE_CURVE('',#3230,#3229,#3852,.T.);
#2299=EDGE_CURVE('',#3230,#3231,#3853,.T.);
#2300=EDGE_CURVE('',#3232,#3231,#3854,.T.);
#2301=EDGE_CURVE('',#3233,#3232,#3855,.T.);
#2302=EDGE_CURVE('',#3234,#3233,#147,.T.);
#2303=EDGE_CURVE('',#3235,#3234,#3856,.T.);
#2304=EDGE_CURVE('',#3236,#3235,#3857,.T.);
#2305=EDGE_CURVE('',#3236,#3237,#148,.T.);
#2306=EDGE_CURVE('',#3238,#3237,#3858,.T.);
#2307=EDGE_CURVE('',#3238,#3239,#149,.T.);
#2308=EDGE_CURVE('',#3240,#3239,#3859,.T.);
#2309=EDGE_CURVE('',#3241,#3240,#3860,.T.);
#2310=EDGE_CURVE('',#3242,#3241,#3861,.T.);
#2311=EDGE_CURVE('',#3243,#3242,#3862,.T.);
#2312=EDGE_CURVE('',#3244,#3243,#3863,.T.);
#2313=EDGE_CURVE('',#3222,#3244,#3864,.T.);
#2314=EDGE_CURVE('',#3245,#3246,#3865,.T.);
#2315=EDGE_CURVE('',#3245,#3247,#3866,.T.);
#2316=EDGE_CURVE('',#3247,#3248,#3867,.T.);
#2317=EDGE_CURVE('',#3246,#3248,#3868,.T.);
#2318=EDGE_CURVE('',#3249,#3250,#150,.T.);
#2319=EDGE_CURVE('',#3251,#3249,#3869,.T.);
#2320=EDGE_CURVE('',#3252,#3251,#151,.T.);
#2321=EDGE_CURVE('',#3253,#3252,#3870,.T.);
#2322=EDGE_CURVE('',#3254,#3253,#3871,.T.);
#2323=EDGE_CURVE('',#3255,#3254,#152,.T.);
#2324=EDGE_CURVE('',#3256,#3255,#3872,.T.);
#2325=EDGE_CURVE('',#3257,#3256,#153,.T.);
#2326=EDGE_CURVE('',#3258,#3257,#3873,.T.);
#2327=EDGE_CURVE('',#3259,#3258,#3874,.T.);
#2328=EDGE_CURVE('',#3260,#3259,#154,.T.);
#2329=EDGE_CURVE('',#3261,#3260,#3875,.T.);
#2330=EDGE_CURVE('',#3262,#3261,#155,.T.);
#2331=EDGE_CURVE('',#3263,#3262,#3876,.T.);
#2332=EDGE_CURVE('',#3264,#3263,#3877,.T.);
#2333=EDGE_CURVE('',#3265,#3264,#156,.T.);
#2334=EDGE_CURVE('',#3266,#3265,#3878,.T.);
#2335=EDGE_CURVE('',#3267,#3266,#157,.T.);
#2336=EDGE_CURVE('',#3268,#3267,#3879,.T.);
#2337=EDGE_CURVE('',#3250,#3268,#3880,.T.);
#2338=EDGE_CURVE('',#3269,#3270,#3881,.T.);
#2339=EDGE_CURVE('',#3271,#3269,#3882,.T.);
#2340=EDGE_CURVE('',#3272,#3271,#158,.T.);
#2341=EDGE_CURVE('',#3273,#3272,#3883,.T.);
#2342=EDGE_CURVE('',#3274,#3273,#159,.T.);
#2343=EDGE_CURVE('',#3275,#3274,#3884,.T.);
#2344=EDGE_CURVE('',#3276,#3275,#3885,.T.);
#2345=EDGE_CURVE('',#3277,#3276,#3886,.T.);
#2346=EDGE_CURVE('',#3278,#3277,#160,.T.);
#2347=EDGE_CURVE('',#3279,#3278,#3887,.T.);
#2348=EDGE_CURVE('',#3280,#3279,#161,.T.);
#2349=EDGE_CURVE('',#3270,#3280,#3888,.T.);
#2350=EDGE_CURVE('',#3281,#3282,#3889,.T.);
#2351=EDGE_CURVE('',#3282,#3283,#3890,.T.);
#2352=EDGE_CURVE('',#3283,#3284,#3891,.T.);
#2353=EDGE_CURVE('',#3285,#3284,#162,.T.);
#2354=EDGE_CURVE('',#3285,#3286,#3892,.T.);
#2355=EDGE_CURVE('',#3287,#3286,#163,.T.);
#2356=EDGE_CURVE('',#3287,#3288,#164,.T.);
#2357=EDGE_CURVE('',#3289,#3288,#165,.T.);
#2358=EDGE_CURVE('',#3289,#3290,#3893,.T.);
#2359=EDGE_CURVE('',#3291,#3290,#166,.T.);
#2360=EDGE_CURVE('',#3291,#3292,#167,.T.);
#2361=EDGE_CURVE('',#3293,#3292,#168,.T.);
#2362=EDGE_CURVE('',#3293,#3294,#3894,.T.);
#2363=EDGE_CURVE('',#3295,#3294,#169,.T.);
#2364=EDGE_CURVE('',#3295,#3296,#170,.T.);
#2365=EDGE_CURVE('',#3297,#3296,#171,.T.);
#2366=EDGE_CURVE('',#3297,#3298,#3895,.T.);
#2367=EDGE_CURVE('',#3299,#3298,#172,.T.);
#2368=EDGE_CURVE('',#3299,#3300,#173,.T.);
#2369=EDGE_CURVE('',#3301,#3300,#174,.T.);
#2370=EDGE_CURVE('',#3301,#3302,#3896,.T.);
#2371=EDGE_CURVE('',#3303,#3302,#175,.T.);
#2372=EDGE_CURVE('',#3303,#3304,#176,.T.);
#2373=EDGE_CURVE('',#3305,#3304,#177,.T.);
#2374=EDGE_CURVE('',#3305,#3306,#3897,.T.);
#2375=EDGE_CURVE('',#3306,#3307,#3898,.T.);
#2376=EDGE_CURVE('',#3307,#3308,#3899,.T.);
#2377=EDGE_CURVE('',#3308,#3309,#3900,.T.);
#2378=EDGE_CURVE('',#3309,#3310,#3901,.T.);
#2379=EDGE_CURVE('',#3311,#3310,#178,.T.);
#2380=EDGE_CURVE('',#3311,#3312,#179,.T.);
#2381=EDGE_CURVE('',#3281,#3312,#180,.T.);
#2382=EDGE_CURVE('',#3313,#3314,#3902,.T.);
#2383=EDGE_CURVE('',#3314,#3315,#181,.T.);
#2384=EDGE_CURVE('',#3315,#3316,#3903,.T.);
#2385=EDGE_CURVE('',#3317,#3316,#182,.T.);
#2386=EDGE_CURVE('',#3317,#3318,#3904,.T.);
#2387=EDGE_CURVE('',#3318,#3319,#183,.T.);
#2388=EDGE_CURVE('',#3319,#3313,#3905,.T.);
#2389=EDGE_CURVE('',#3320,#3321,#3906,.T.);
#2390=EDGE_CURVE('',#3321,#3322,#3907,.T.);
#2391=EDGE_CURVE('',#3322,#3323,#184,.T.);
#2392=EDGE_CURVE('',#3323,#3324,#3908,.T.);
#2393=EDGE_CURVE('',#3325,#3324,#185,.T.);
#2394=EDGE_CURVE('',#3325,#3326,#3909,.T.);
#2395=EDGE_CURVE('',#3326,#3320,#186,.T.);
#2396=EDGE_CURVE('',#3327,#3328,#3910,.T.);
#2397=EDGE_CURVE('',#3328,#3329,#3911,.T.);
#2398=EDGE_CURVE('',#3329,#3330,#3912,.T.);
#2399=EDGE_CURVE('',#3330,#3331,#187,.T.);
#2400=EDGE_CURVE('',#3331,#3332,#3913,.T.);
#2401=EDGE_CURVE('',#3332,#3333,#3914,.T.);
#2402=EDGE_CURVE('',#3333,#3334,#188,.T.);
#2403=EDGE_CURVE('',#3334,#3335,#3915,.T.);
#2404=EDGE_CURVE('',#3335,#3336,#189,.T.);
#2405=EDGE_CURVE('',#3336,#3337,#3916,.T.);
#2406=EDGE_CURVE('',#3337,#3338,#3917,.T.);
#2407=EDGE_CURVE('',#3338,#3339,#190,.T.);
#2408=EDGE_CURVE('',#3339,#3340,#3918,.T.);
#2409=EDGE_CURVE('',#3340,#3341,#3919,.T.);
#2410=EDGE_CURVE('',#3341,#3342,#3920,.T.);
#2411=EDGE_CURVE('',#3342,#3343,#3921,.T.);
#2412=EDGE_CURVE('',#3343,#3344,#3922,.T.);
#2413=EDGE_CURVE('',#3344,#3345,#191,.T.);
#2414=EDGE_CURVE('',#3345,#3346,#3923,.T.);
#2415=EDGE_CURVE('',#3346,#3347,#192,.T.);
#2416=EDGE_CURVE('',#3347,#3348,#3924,.T.);
#2417=EDGE_CURVE('',#3348,#3349,#193,.T.);
#2418=EDGE_CURVE('',#3349,#3350,#3925,.T.);
#2419=EDGE_CURVE('',#3350,#3351,#3926,.T.);
#2420=EDGE_CURVE('',#3351,#3352,#3927,.T.);
#2421=EDGE_CURVE('',#3352,#3353,#194,.T.);
#2422=EDGE_CURVE('',#3353,#3354,#3928,.T.);
#2423=EDGE_CURVE('',#3354,#3355,#195,.T.);
#2424=EDGE_CURVE('',#3355,#3356,#3929,.T.);
#2425=EDGE_CURVE('',#3356,#3357,#3930,.T.);
#2426=EDGE_CURVE('',#3357,#3358,#3931,.T.);
#2427=EDGE_CURVE('',#3358,#3359,#196,.T.);
#2428=EDGE_CURVE('',#3359,#3360,#3932,.T.);
#2429=EDGE_CURVE('',#3360,#3361,#197,.T.);
#2430=EDGE_CURVE('',#3361,#3362,#3933,.T.);
#2431=EDGE_CURVE('',#3362,#3363,#198,.T.);
#2432=EDGE_CURVE('',#3363,#3364,#3934,.T.);
#2433=EDGE_CURVE('',#3364,#3327,#3935,.T.);
#2434=EDGE_CURVE('',#3365,#3366,#199,.T.);
#2435=EDGE_CURVE('',#3366,#3367,#3936,.T.);
#2436=EDGE_CURVE('',#3367,#3368,#3937,.T.);
#2437=EDGE_CURVE('',#3368,#3369,#200,.T.);
#2438=EDGE_CURVE('',#3369,#3370,#3938,.T.);
#2439=EDGE_CURVE('',#3370,#3371,#201,.T.);
#2440=EDGE_CURVE('',#3371,#3372,#3939,.T.);
#2441=EDGE_CURVE('',#3373,#3372,#202,.T.);
#2442=EDGE_CURVE('',#3373,#3374,#3940,.T.);
#2443=EDGE_CURVE('',#3375,#3374,#203,.T.);
#2444=EDGE_CURVE('',#3375,#3365,#3941,.T.);
#2445=EDGE_CURVE('',#3376,#3377,#3942,.T.);
#2446=EDGE_CURVE('',#3377,#3378,#204,.T.);
#2447=EDGE_CURVE('',#3378,#3379,#3943,.T.);
#2448=EDGE_CURVE('',#3380,#3379,#205,.T.);
#2449=EDGE_CURVE('',#3380,#3381,#3944,.T.);
#2450=EDGE_CURVE('',#3382,#3381,#206,.T.);
#2451=EDGE_CURVE('',#3382,#3383,#3945,.T.);
#2452=EDGE_CURVE('',#3383,#3384,#207,.T.);
#2453=EDGE_CURVE('',#3384,#3385,#3946,.T.);
#2454=EDGE_CURVE('',#3385,#3386,#208,.T.);
#2455=EDGE_CURVE('',#3386,#3376,#3947,.T.);
#2456=EDGE_CURVE('',#3387,#3388,#3948,.T.);
#2457=EDGE_CURVE('',#3389,#3387,#209,.T.);
#2458=EDGE_CURVE('',#3390,#3389,#3949,.T.);
#2459=EDGE_CURVE('',#3391,#3390,#210,.T.);
#2460=EDGE_CURVE('',#3392,#3391,#3950,.T.);
#2461=EDGE_CURVE('',#3393,#3392,#3951,.T.);
#2462=EDGE_CURVE('',#3394,#3393,#211,.T.);
#2463=EDGE_CURVE('',#3395,#3394,#3952,.T.);
#2464=EDGE_CURVE('',#3396,#3395,#212,.T.);
#2465=EDGE_CURVE('',#3397,#3396,#3953,.T.);
#2466=EDGE_CURVE('',#3398,#3397,#3954,.T.);
#2467=EDGE_CURVE('',#3399,#3398,#213,.T.);
#2468=EDGE_CURVE('',#3400,#3399,#3955,.T.);
#2469=EDGE_CURVE('',#3388,#3400,#214,.T.);
#2470=EDGE_CURVE('',#3401,#3402,#3956,.T.);
#2471=EDGE_CURVE('',#3403,#3401,#215,.T.);
#2472=EDGE_CURVE('',#3404,#3403,#3957,.T.);
#2473=EDGE_CURVE('',#3405,#3404,#216,.T.);
#2474=EDGE_CURVE('',#3406,#3405,#3958,.T.);
#2475=EDGE_CURVE('',#3407,#3406,#217,.T.);
#2476=EDGE_CURVE('',#3408,#3407,#3959,.T.);
#2477=EDGE_CURVE('',#3409,#3408,#218,.T.);
#2478=EDGE_CURVE('',#3410,#3409,#3960,.T.);
#2479=EDGE_CURVE('',#3411,#3410,#3961,.T.);
#2480=EDGE_CURVE('',#3402,#3411,#219,.T.);
#2481=EDGE_CURVE('',#3412,#3413,#3962,.T.);
#2482=EDGE_CURVE('',#3414,#3412,#220,.T.);
#2483=EDGE_CURVE('',#3415,#3414,#3963,.T.);
#2484=EDGE_CURVE('',#3416,#3415,#3964,.T.);
#2485=EDGE_CURVE('',#3417,#3416,#221,.T.);
#2486=EDGE_CURVE('',#3418,#3417,#3965,.T.);
#2487=EDGE_CURVE('',#3419,#3418,#222,.T.);
#2488=EDGE_CURVE('',#3420,#3419,#3966,.T.);
#2489=EDGE_CURVE('',#3421,#3420,#223,.T.);
#2490=EDGE_CURVE('',#3422,#3421,#3967,.T.);
#2491=EDGE_CURVE('',#3423,#3422,#224,.T.);
#2492=EDGE_CURVE('',#3424,#3423,#3968,.T.);
#2493=EDGE_CURVE('',#3425,#3424,#3969,.T.);
#2494=EDGE_CURVE('',#3413,#3425,#225,.T.);
#2495=EDGE_CURVE('',#3426,#3427,#3970,.T.);
#2496=EDGE_CURVE('',#3428,#3426,#3971,.T.);
#2497=EDGE_CURVE('',#3428,#3429,#3972,.T.);
#2498=EDGE_CURVE('',#3429,#3427,#3973,.T.);
#2499=EDGE_CURVE('',#3430,#3431,#3974,.T.);
#2500=EDGE_CURVE('',#3431,#3432,#3975,.T.);
#2501=EDGE_CURVE('',#3432,#3433,#3976,.T.);
#2502=EDGE_CURVE('',#3433,#3434,#3977,.T.);
#2503=EDGE_CURVE('',#3434,#3435,#3978,.T.);
#2504=EDGE_CURVE('',#3435,#3436,#3979,.T.);
#2505=EDGE_CURVE('',#3437,#3436,#3980,.T.);
#2506=EDGE_CURVE('',#3437,#3438,#3981,.T.);
#2507=EDGE_CURVE('',#3438,#3439,#3982,.T.);
#2508=EDGE_CURVE('',#3440,#3439,#226,.T.);
#2509=EDGE_CURVE('',#3440,#3441,#3983,.T.);
#2510=EDGE_CURVE('',#3442,#3441,#227,.T.);
#2511=EDGE_CURVE('',#3442,#3443,#3984,.T.);
#2512=EDGE_CURVE('',#3444,#3443,#3985,.T.);
#2513=EDGE_CURVE('',#3445,#3444,#228,.T.);
#2514=EDGE_CURVE('',#3446,#3445,#3986,.T.);
#2515=EDGE_CURVE('',#3447,#3446,#3987,.T.);
#2516=EDGE_CURVE('',#3448,#3447,#3988,.T.);
#2517=EDGE_CURVE('',#3448,#3449,#3989,.T.);
#2518=EDGE_CURVE('',#3449,#3450,#3990,.T.);
#2519=EDGE_CURVE('',#3450,#3451,#3991,.T.);
#2520=EDGE_CURVE('',#3451,#3452,#3992,.T.);
#2521=EDGE_CURVE('',#3452,#3453,#3993,.T.);
#2522=EDGE_CURVE('',#3453,#3454,#3994,.T.);
#2523=EDGE_CURVE('',#3454,#3455,#3995,.T.);
#2524=EDGE_CURVE('',#3189,#3455,#3996,.T.);
#2525=EDGE_CURVE('',#3188,#3456,#3997,.T.);
#2526=EDGE_CURVE('',#3456,#3457,#3998,.T.);
#2527=EDGE_CURVE('',#3430,#3457,#229,.T.);
#2528=EDGE_CURVE('',#3199,#3242,#3999,.T.);
#2529=EDGE_CURVE('',#3198,#3243,#4000,.T.);
#2530=EDGE_CURVE('',#3200,#3241,#4001,.T.);
#2531=EDGE_CURVE('',#3201,#3240,#4002,.T.);
#2532=EDGE_CURVE('',#3206,#3235,#4003,.T.);
#2533=EDGE_CURVE('',#3205,#3236,#4004,.T.);
#2534=EDGE_CURVE('',#3207,#3234,#4005,.T.);
#2535=EDGE_CURVE('',#3208,#3233,#4006,.T.);
#2536=EDGE_CURVE('',#3209,#3232,#4007,.T.);
#2537=EDGE_CURVE('',#3458,#3459,#4008,.T.);
#2538=EDGE_CURVE('',#3459,#3460,#4009,.T.);
#2539=EDGE_CURVE('',#3461,#3460,#4010,.T.);
#2540=EDGE_CURVE('',#3462,#3461,#4011,.T.);
#2541=EDGE_CURVE('',#3432,#3462,#4012,.T.);
#2542=EDGE_CURVE('',#3463,#3431,#4013,.T.);
#2543=EDGE_CURVE('',#3458,#3463,#4014,.T.);
#2544=EDGE_CURVE('',#3464,#3187,#4015,.T.);
#2545=EDGE_CURVE('',#3456,#3464,#4016,.T.);
#2546=EDGE_CURVE('',#3465,#3466,#4017,.T.);
#2547=EDGE_CURVE('',#3466,#3429,#4018,.T.);
#2548=EDGE_CURVE('',#3465,#3428,#4019,.T.);
#2549=EDGE_CURVE('',#3427,#3467,#4020,.T.);
#2550=EDGE_CURVE('',#3468,#3467,#4021,.T.);
#2551=EDGE_CURVE('',#3426,#3468,#4022,.T.);
#2552=EDGE_CURVE('',#3467,#3459,#4023,.T.);
#2553=EDGE_CURVE('',#3468,#3458,#4024,.T.);
#2554=EDGE_CURVE('',#3431,#3461,#4025,.T.);
#2555=EDGE_CURVE('',#3460,#3466,#4026,.T.);
#2556=EDGE_CURVE('',#3463,#3465,#4027,.T.);
#2557=EDGE_CURVE('',#3464,#3469,#4028,.T.);
#2558=EDGE_CURVE('',#3457,#3469,#4029,.T.);
#2559=EDGE_CURVE('',#3430,#3470,#4030,.T.);
#2560=EDGE_CURVE('',#3470,#3461,#4031,.T.);
#2561=EDGE_CURVE('',#3470,#3469,#230,.T.);
#2562=EDGE_CURVE('',#3462,#3471,#4032,.T.);
#2563=EDGE_CURVE('',#3433,#3471,#4033,.T.);
#2564=EDGE_CURVE('',#3471,#3472,#4034,.T.);
#2565=EDGE_CURVE('',#3434,#3472,#4035,.T.);
#2566=EDGE_CURVE('',#3472,#3473,#4036,.T.);
#2567=EDGE_CURVE('',#3435,#3473,#4037,.T.);
#2568=EDGE_CURVE('',#3438,#3474,#4038,.T.);
#2569=EDGE_CURVE('',#3474,#3475,#4039,.T.);
#2570=EDGE_CURVE('',#3439,#3475,#4040,.T.);
#2571=EDGE_CURVE('',#3440,#3476,#4041,.T.);
#2572=EDGE_CURVE('',#3476,#3475,#231,.T.);
#2573=EDGE_CURVE('',#3476,#3477,#4042,.T.);
#2574=EDGE_CURVE('',#3441,#3477,#4043,.T.);
#2575=EDGE_CURVE('',#3442,#3478,#4044,.T.);
#2576=EDGE_CURVE('',#3478,#3477,#232,.T.);
#2577=EDGE_CURVE('',#3450,#3479,#4045,.T.);
#2578=EDGE_CURVE('',#3479,#3480,#4046,.T.);
#2579=EDGE_CURVE('',#3451,#3480,#4047,.T.);
#2580=EDGE_CURVE('',#3480,#3481,#4048,.T.);
#2581=EDGE_CURVE('',#3452,#3481,#4049,.T.);
#2582=EDGE_CURVE('',#3481,#3482,#4050,.T.);
#2583=EDGE_CURVE('',#3453,#3482,#4051,.T.);
#2584=EDGE_CURVE('',#3483,#3484,#4052,.T.);
#2585=EDGE_CURVE('',#3483,#3485,#4053,.T.);
#2586=EDGE_CURVE('',#3485,#3486,#4054,.T.);
#2587=EDGE_CURVE('',#3484,#3486,#4055,.T.);
#2588=EDGE_CURVE('',#3487,#3488,#4056,.T.);
#2589=EDGE_CURVE('',#3489,#3487,#233,.T.);
#2590=EDGE_CURVE('',#3490,#3489,#4057,.T.);
#2591=EDGE_CURVE('',#3490,#3491,#234,.T.);
#2592=EDGE_CURVE('',#3492,#3491,#4058,.T.);
#2593=EDGE_CURVE('',#3492,#3493,#235,.T.);
#2594=EDGE_CURVE('',#3494,#3493,#4059,.T.);
#2595=EDGE_CURVE('',#3495,#3494,#236,.T.);
#2596=EDGE_CURVE('',#3496,#3495,#4060,.T.);
#2597=EDGE_CURVE('',#3497,#3496,#237,.T.);
#2598=EDGE_CURVE('',#3488,#3497,#4061,.T.);
#2599=EDGE_CURVE('',#3498,#3499,#238,.T.);
#2600=EDGE_CURVE('',#3500,#3498,#4062,.T.);
#2601=EDGE_CURVE('',#3501,#3500,#4063,.T.);
#2602=EDGE_CURVE('',#3502,#3501,#239,.T.);
#2603=EDGE_CURVE('',#3503,#3502,#4064,.T.);
#2604=EDGE_CURVE('',#3504,#3503,#240,.T.);
#2605=EDGE_CURVE('',#3505,#3504,#4065,.T.);
#2606=EDGE_CURVE('',#3505,#3506,#241,.T.);
#2607=EDGE_CURVE('',#3507,#3506,#4066,.T.);
#2608=EDGE_CURVE('',#3507,#3508,#242,.T.);
#2609=EDGE_CURVE('',#3499,#3508,#4067,.T.);
#2610=EDGE_CURVE('',#3509,#3510,#4068,.T.);
#2611=EDGE_CURVE('',#3511,#3509,#4069,.T.);
#2612=EDGE_CURVE('',#3512,#3511,#243,.T.);
#2613=EDGE_CURVE('',#3513,#3512,#4070,.T.);
#2614=EDGE_CURVE('',#3513,#3514,#244,.T.);
#2615=EDGE_CURVE('',#3515,#3514,#4071,.T.);
#2616=EDGE_CURVE('',#3510,#3515,#245,.T.);
#2617=EDGE_CURVE('',#3516,#3517,#246,.T.);
#2618=EDGE_CURVE('',#3518,#3516,#4072,.T.);
#2619=EDGE_CURVE('',#3519,#3518,#4073,.T.);
#2620=EDGE_CURVE('',#3520,#3519,#247,.T.);
#2621=EDGE_CURVE('',#3521,#3520,#4074,.T.);
#2622=EDGE_CURVE('',#3521,#3522,#248,.T.);
#2623=EDGE_CURVE('',#3517,#3522,#4075,.T.);
#2624=EDGE_CURVE('',#3523,#3524,#4076,.T.);
#2625=EDGE_CURVE('',#3525,#3523,#4077,.T.);
#2626=EDGE_CURVE('',#3525,#3526,#249,.T.);
#2627=EDGE_CURVE('',#3527,#3526,#250,.T.);
#2628=EDGE_CURVE('',#3527,#3528,#251,.T.);
#2629=EDGE_CURVE('',#3529,#3528,#4078,.T.);
#2630=EDGE_CURVE('',#3530,#3529,#4079,.T.);
#2631=EDGE_CURVE('',#3531,#3530,#4080,.T.);
#2632=EDGE_CURVE('',#3532,#3531,#4081,.T.);
#2633=EDGE_CURVE('',#3533,#3532,#4082,.T.);
#2634=EDGE_CURVE('',#3533,#3534,#252,.T.);
#2635=EDGE_CURVE('',#3535,#3534,#253,.T.);
#2636=EDGE_CURVE('',#3535,#3536,#254,.T.);
#2637=EDGE_CURVE('',#3537,#3536,#4083,.T.);
#2638=EDGE_CURVE('',#3537,#3538,#255,.T.);
#2639=EDGE_CURVE('',#3539,#3538,#256,.T.);
#2640=EDGE_CURVE('',#3539,#3540,#257,.T.);
#2641=EDGE_CURVE('',#3541,#3540,#4084,.T.);
#2642=EDGE_CURVE('',#3541,#3542,#258,.T.);
#2643=EDGE_CURVE('',#3543,#3542,#259,.T.);
#2644=EDGE_CURVE('',#3543,#3544,#260,.T.);
#2645=EDGE_CURVE('',#3545,#3544,#4085,.T.);
#2646=EDGE_CURVE('',#3545,#3546,#261,.T.);
#2647=EDGE_CURVE('',#3547,#3546,#262,.T.);
#2648=EDGE_CURVE('',#3547,#3548,#263,.T.);
#2649=EDGE_CURVE('',#3549,#3548,#4086,.T.);
#2650=EDGE_CURVE('',#3549,#3550,#264,.T.);
#2651=EDGE_CURVE('',#3551,#3550,#265,.T.);
#2652=EDGE_CURVE('',#3551,#3552,#266,.T.);
#2653=EDGE_CURVE('',#3553,#3552,#4087,.T.);
#2654=EDGE_CURVE('',#3553,#3554,#267,.T.);
#2655=EDGE_CURVE('',#3524,#3554,#4088,.T.);
#2656=EDGE_CURVE('',#3555,#3556,#4089,.T.);
#2657=EDGE_CURVE('',#3557,#3555,#4090,.T.);
#2658=EDGE_CURVE('',#3558,#3557,#4091,.T.);
#2659=EDGE_CURVE('',#3559,#3558,#4092,.T.);
#2660=EDGE_CURVE('',#3560,#3559,#4093,.T.);
#2661=EDGE_CURVE('',#3561,#3560,#268,.T.);
#2662=EDGE_CURVE('',#3562,#3561,#4094,.T.);
#2663=EDGE_CURVE('',#3563,#3562,#4095,.T.);
#2664=EDGE_CURVE('',#3564,#3563,#4096,.T.);
#2665=EDGE_CURVE('',#3565,#3564,#4097,.T.);
#2666=EDGE_CURVE('',#3566,#3565,#4098,.T.);
#2667=EDGE_CURVE('',#3567,#3566,#269,.T.);
#2668=EDGE_CURVE('',#3568,#3567,#4099,.T.);
#2669=EDGE_CURVE('',#3569,#3568,#270,.T.);
#2670=EDGE_CURVE('',#3570,#3569,#4100,.T.);
#2671=EDGE_CURVE('',#3571,#3570,#271,.T.);
#2672=EDGE_CURVE('',#3572,#3571,#4101,.T.);
#2673=EDGE_CURVE('',#3573,#3572,#4102,.T.);
#2674=EDGE_CURVE('',#3574,#3573,#4103,.T.);
#2675=EDGE_CURVE('',#3575,#3574,#272,.T.);
#2676=EDGE_CURVE('',#3576,#3575,#4104,.T.);
#2677=EDGE_CURVE('',#3577,#3576,#273,.T.);
#2678=EDGE_CURVE('',#3578,#3577,#4105,.T.);
#2679=EDGE_CURVE('',#3579,#3578,#4106,.T.);
#2680=EDGE_CURVE('',#3580,#3579,#4107,.T.);
#2681=EDGE_CURVE('',#3581,#3580,#274,.T.);
#2682=EDGE_CURVE('',#3582,#3581,#4108,.T.);
#2683=EDGE_CURVE('',#3583,#3582,#275,.T.);
#2684=EDGE_CURVE('',#3584,#3583,#4109,.T.);
#2685=EDGE_CURVE('',#3585,#3584,#276,.T.);
#2686=EDGE_CURVE('',#3586,#3585,#4110,.T.);
#2687=EDGE_CURVE('',#3587,#3586,#4111,.T.);
#2688=EDGE_CURVE('',#3588,#3587,#4112,.T.);
#2689=EDGE_CURVE('',#3589,#3588,#4113,.T.);
#2690=EDGE_CURVE('',#3590,#3589,#4114,.T.);
#2691=EDGE_CURVE('',#3591,#3590,#277,.T.);
#2692=EDGE_CURVE('',#3592,#3591,#4115,.T.);
#2693=EDGE_CURVE('',#3592,#3556,#4116,.T.);
#2694=EDGE_CURVE('',#3593,#3594,#4117,.T.);
#2695=EDGE_CURVE('',#3595,#3593,#4118,.T.);
#2696=EDGE_CURVE('',#3596,#3595,#4119,.T.);
#2697=EDGE_CURVE('',#3337,#3596,#4120,.T.);
#2698=EDGE_CURVE('',#3336,#3594,#4121,.T.);
#2699=EDGE_CURVE('',#3594,#3597,#20,.T.);
#2700=EDGE_CURVE('',#3335,#3597,#4122,.T.);
#2701=EDGE_CURVE('',#3486,#3598,#21,.T.);
#2702=EDGE_CURVE('',#3334,#3486,#4123,.T.);
#2703=EDGE_CURVE('',#3333,#3598,#4124,.T.);
#2704=EDGE_CURVE('',#3599,#3600,#4125,.T.);
#2705=EDGE_CURVE('',#3601,#3599,#4126,.T.);
#2706=EDGE_CURVE('',#3602,#3601,#4127,.T.);
#2707=EDGE_CURVE('',#3602,#3600,#4128,.T.);
#2708=EDGE_CURVE('',#3599,#3603,#278,.F.);
#2709=EDGE_CURVE('',#3604,#3603,#4129,.T.);
#2710=EDGE_CURVE('',#3604,#3601,#279,.T.);
#2711=EDGE_CURVE('',#3555,#3600,#280,.F.);
#2712=EDGE_CURVE('',#3602,#3557,#281,.T.);
#2713=EDGE_CURVE('',#3595,#3556,#282,.F.);
#2714=EDGE_CURVE('',#3592,#3596,#283,.T.);
#2715=EDGE_CURVE('',#3485,#3605,#284,.T.);
#2716=EDGE_CURVE('',#3605,#3606,#4130,.T.);
#2717=EDGE_CURVE('',#3607,#3606,#285,.T.);
#2718=EDGE_CURVE('',#3607,#3608,#286,.T.);
#2719=EDGE_CURVE('',#3609,#3608,#287,.T.);
#2720=EDGE_CURVE('',#3609,#3610,#4131,.T.);
#2721=EDGE_CURVE('',#3610,#3611,#288,.T.);
#2722=EDGE_CURVE('',#3611,#3612,#4132,.T.);
#2723=EDGE_CURVE('',#3612,#3613,#289,.T.);
#2724=EDGE_CURVE('',#3613,#3614,#4133,.T.);
#2725=EDGE_CURVE('',#3615,#3614,#290,.T.);
#2726=EDGE_CURVE('',#3615,#3616,#291,.T.);
#2727=EDGE_CURVE('',#3597,#3616,#4134,.T.);
#2728=EDGE_CURVE('',#3604,#3617,#4135,.T.);
#2729=EDGE_CURVE('',#3617,#3558,#292,.T.);
#2730=EDGE_CURVE('',#3320,#3511,#4136,.T.);
#2731=EDGE_CURVE('',#3326,#3512,#4137,.T.);
#2732=EDGE_CURVE('',#3523,#3282,#4138,.T.);
#2733=EDGE_CURVE('',#3283,#3524,#4139,.T.);
#2734=EDGE_CURVE('',#3309,#3529,#4140,.T.);
#2735=EDGE_CURVE('',#3308,#3530,#4141,.T.);
#2736=EDGE_CURVE('',#3516,#3314,#4142,.F.);
#2737=EDGE_CURVE('',#3315,#3517,#4143,.T.);
#2738=EDGE_CURVE('',#3313,#3518,#4144,.T.);
#2739=EDGE_CURVE('',#3319,#3519,#4145,.T.);
#2740=EDGE_CURVE('',#3310,#3528,#4146,.T.);
#2741=EDGE_CURVE('',#3311,#3527,#4147,.T.);
#2742=EDGE_CURVE('',#3525,#3281,#4148,.F.);
#2743=EDGE_CURVE('',#3312,#3526,#4149,.T.);
#2744=EDGE_CURVE('',#3509,#3321,#4150,.T.);
#2745=EDGE_CURVE('',#3322,#3510,#4151,.T.);
#2746=EDGE_CURVE('',#3328,#3563,#4152,.T.);
#2747=EDGE_CURVE('',#3327,#3564,#4153,.T.);
#2748=EDGE_CURVE('',#3588,#3341,#4154,.T.);
#2749=EDGE_CURVE('',#3342,#3587,#4155,.T.);
#2750=EDGE_CURVE('',#3377,#3498,#4156,.T.);
#2751=EDGE_CURVE('',#3376,#3500,#4157,.T.);
#2752=EDGE_CURVE('',#3579,#3350,#4158,.T.);
#2753=EDGE_CURVE('',#3351,#3578,#4159,.T.);
#2754=EDGE_CURVE('',#3357,#3572,#4160,.T.);
#2755=EDGE_CURVE('',#3356,#3573,#4161,.T.);
#2756=EDGE_CURVE('',#3487,#3366,#4162,.F.);
#2757=EDGE_CURVE('',#3367,#3488,#4163,.T.);
#2758=EDGE_CURVE('',#3323,#3515,#4164,.T.);
#2759=EDGE_CURVE('',#3324,#3514,#4165,.T.);
#2760=EDGE_CURVE('',#3384,#3503,#4166,.T.);
#2761=EDGE_CURVE('',#3383,#3504,#4167,.T.);
#2762=EDGE_CURVE('',#3385,#3502,#4168,.T.);
#2763=EDGE_CURVE('',#3386,#3501,#4169,.T.);
#2764=EDGE_CURVE('',#3352,#3577,#4170,.T.);
#2765=EDGE_CURVE('',#3353,#3576,#4171,.T.);
#2766=EDGE_CURVE('',#3354,#3575,#4172,.T.);
#2767=EDGE_CURVE('',#3355,#3574,#4173,.T.);
#2768=EDGE_CURVE('',#3368,#3497,#4174,.T.);
#2769=EDGE_CURVE('',#3369,#3496,#4175,.T.);
#2770=EDGE_CURVE('',#3370,#3495,#4176,.T.);
#2771=EDGE_CURVE('',#3371,#3494,#4177,.T.);
#2772=EDGE_CURVE('',#3325,#3513,#4178,.T.);
#2773=EDGE_CURVE('',#3284,#3554,#4179,.T.);
#2774=EDGE_CURVE('',#3285,#3553,#4180,.T.);
#2775=EDGE_CURVE('',#3286,#3552,#4181,.T.);
#2776=EDGE_CURVE('',#3287,#3551,#4182,.T.);
#2777=EDGE_CURVE('',#3288,#3550,#4183,.T.);
#2778=EDGE_CURVE('',#3289,#3549,#4184,.T.);
#2779=EDGE_CURVE('',#3290,#3548,#4185,.T.);
#2780=EDGE_CURVE('',#3291,#3547,#4186,.T.);
#2781=EDGE_CURVE('',#3292,#3546,#4187,.T.);
#2782=EDGE_CURVE('',#3293,#3545,#4188,.T.);
#2783=EDGE_CURVE('',#3294,#3544,#4189,.T.);
#2784=EDGE_CURVE('',#3295,#3543,#4190,.T.);
#2785=EDGE_CURVE('',#3296,#3542,#4191,.T.);
#2786=EDGE_CURVE('',#3297,#3541,#4192,.T.);
#2787=EDGE_CURVE('',#3298,#3540,#4193,.T.);
#2788=EDGE_CURVE('',#3299,#3539,#4194,.T.);
#2789=EDGE_CURVE('',#3300,#3538,#4195,.T.);
#2790=EDGE_CURVE('',#3301,#3537,#4196,.T.);
#2791=EDGE_CURVE('',#3302,#3536,#4197,.T.);
#2792=EDGE_CURVE('',#3303,#3535,#4198,.T.);
#2793=EDGE_CURVE('',#3304,#3534,#4199,.T.);
#2794=EDGE_CURVE('',#3305,#3533,#4200,.T.);
#2795=EDGE_CURVE('',#3306,#3532,#4201,.T.);
#2796=EDGE_CURVE('',#3307,#3531,#4202,.T.);
#2797=EDGE_CURVE('',#3316,#3522,#4203,.T.);
#2798=EDGE_CURVE('',#3317,#3521,#4204,.T.);
#2799=EDGE_CURVE('',#3318,#3520,#4205,.T.);
#2800=EDGE_CURVE('',#3349,#3580,#4206,.T.);
#2801=EDGE_CURVE('',#3378,#3499,#4207,.T.);
#2802=EDGE_CURVE('',#3372,#3493,#4208,.T.);
#2803=EDGE_CURVE('',#3365,#3489,#4209,.T.);
#2804=EDGE_CURVE('',#3358,#3571,#4210,.T.);
#2805=EDGE_CURVE('',#3344,#3585,#4211,.T.);
#2806=EDGE_CURVE('',#3343,#3586,#4212,.T.);
#2807=EDGE_CURVE('',#3345,#3584,#4213,.T.);
#2808=EDGE_CURVE('',#3346,#3583,#4214,.T.);
#2809=EDGE_CURVE('',#3347,#3582,#4215,.T.);
#2810=EDGE_CURVE('',#3348,#3581,#4216,.T.);
#2811=EDGE_CURVE('',#3379,#3508,#4217,.T.);
#2812=EDGE_CURVE('',#3380,#3507,#4218,.T.);
#2813=EDGE_CURVE('',#3381,#3506,#4219,.T.);
#2814=EDGE_CURVE('',#3382,#3505,#4220,.T.);
#2815=EDGE_CURVE('',#3373,#3492,#4221,.T.);
#2816=EDGE_CURVE('',#3374,#3491,#4222,.T.);
#2817=EDGE_CURVE('',#3375,#3490,#4223,.T.);
#2818=EDGE_CURVE('',#3359,#3570,#4224,.T.);
#2819=EDGE_CURVE('',#3360,#3569,#4225,.T.);
#2820=EDGE_CURVE('',#3361,#3568,#4226,.T.);
#2821=EDGE_CURVE('',#3362,#3567,#4227,.T.);
#2822=EDGE_CURVE('',#3363,#3566,#4228,.T.);
#2823=EDGE_CURVE('',#3364,#3565,#4229,.T.);
#2824=EDGE_CURVE('',#3338,#3591,#4230,.T.);
#2825=EDGE_CURVE('',#3618,#3603,#4231,.T.);
#2826=EDGE_CURVE('',#3618,#3598,#4232,.T.);
#2827=EDGE_CURVE('',#3332,#3619,#4233,.T.);
#2828=EDGE_CURVE('',#3619,#3617,#4234,.T.);
#2829=EDGE_CURVE('',#3331,#3560,#4235,.T.);
#2830=EDGE_CURVE('',#3619,#3559,#293,.T.);
#2831=EDGE_CURVE('',#3330,#3561,#4236,.T.);
#2832=EDGE_CURVE('',#3329,#3562,#4237,.T.);
#2833=EDGE_CURVE('',#3340,#3589,#4238,.T.);
#2834=EDGE_CURVE('',#3339,#3590,#4239,.T.);
#2835=EDGE_CURVE('',#3620,#3597,#4240,.T.);
#2836=EDGE_CURVE('',#3620,#3593,#294,.T.);
#2837=EDGE_CURVE('',#3618,#3484,#295,.T.);
#2838=EDGE_CURVE('',#3616,#3621,#4241,.F.);
#2839=EDGE_CURVE('',#3620,#3621,#4242,.T.);
#2840=EDGE_CURVE('',#3483,#3622,#296,.T.);
#2841=EDGE_CURVE('',#3623,#3621,#297,.T.);
#2842=EDGE_CURVE('',#3624,#3623,#4243,.T.);
#2843=EDGE_CURVE('',#3624,#3625,#298,.T.);
#2844=EDGE_CURVE('',#3626,#3625,#299,.T.);
#2845=EDGE_CURVE('',#3627,#3626,#4244,.T.);
#2846=EDGE_CURVE('',#3627,#3628,#300,.T.);
#2847=EDGE_CURVE('',#3629,#3628,#301,.T.);
#2848=EDGE_CURVE('',#3629,#3630,#302,.T.);
#2849=EDGE_CURVE('',#3631,#3630,#4245,.T.);
#2850=EDGE_CURVE('',#3632,#3631,#303,.T.);
#2851=EDGE_CURVE('',#3633,#3632,#4246,.T.);
#2852=EDGE_CURVE('',#3633,#3634,#304,.T.);
#2853=EDGE_CURVE('',#3635,#3634,#305,.T.);
#2854=EDGE_CURVE('',#3635,#3636,#306,.T.);
#2855=EDGE_CURVE('',#3622,#3636,#4247,.T.);
#2856=EDGE_CURVE('',#3605,#3637,#4248,.T.);
#2857=EDGE_CURVE('',#3638,#3637,#4249,.T.);
#2858=EDGE_CURVE('',#3606,#3638,#4250,.T.);
#2859=EDGE_CURVE('',#3607,#3639,#4251,.T.);
#2860=EDGE_CURVE('',#3638,#3639,#307,.T.);
#2861=EDGE_CURVE('',#3640,#3639,#308,.T.);
#2862=EDGE_CURVE('',#3608,#3640,#4252,.T.);
#2863=EDGE_CURVE('',#3609,#3641,#4253,.T.);
#2864=EDGE_CURVE('',#3640,#3641,#309,.T.);
#2865=EDGE_CURVE('',#3642,#3641,#4254,.T.);
#2866=EDGE_CURVE('',#3610,#3642,#4255,.T.);
#2867=EDGE_CURVE('',#3643,#3642,#310,.T.);
#2868=EDGE_CURVE('',#3611,#3643,#4256,.T.);
#2869=EDGE_CURVE('',#3644,#3643,#4257,.T.);
#2870=EDGE_CURVE('',#3612,#3644,#4258,.T.);
#2871=EDGE_CURVE('',#3645,#3644,#311,.T.);
#2872=EDGE_CURVE('',#3613,#3645,#4259,.T.);
#2873=EDGE_CURVE('',#3646,#3645,#4260,.T.);
#2874=EDGE_CURVE('',#3614,#3646,#4261,.T.);
#2875=EDGE_CURVE('',#3615,#3647,#4262,.T.);
#2876=EDGE_CURVE('',#3646,#3647,#312,.T.);
#2877=EDGE_CURVE('',#3622,#3648,#4263,.T.);
#2878=EDGE_CURVE('',#3637,#3648,#313,.T.);
#2879=EDGE_CURVE('',#3649,#3647,#314,.T.);
#2880=EDGE_CURVE('',#3623,#3649,#4264,.T.);
#2881=EDGE_CURVE('',#3629,#3650,#4265,.T.);
#2882=EDGE_CURVE('',#3650,#3651,#315,.T.);
#2883=EDGE_CURVE('',#3630,#3651,#4266,.T.);
#2884=EDGE_CURVE('',#3631,#3652,#4267,.T.);
#2885=EDGE_CURVE('',#3652,#3651,#4268,.T.);
#2886=EDGE_CURVE('',#3632,#3653,#4269,.T.);
#2887=EDGE_CURVE('',#3653,#3652,#316,.T.);
#2888=EDGE_CURVE('',#3633,#3654,#4270,.T.);
#2889=EDGE_CURVE('',#3654,#3653,#4271,.T.);
#2890=EDGE_CURVE('',#3654,#3655,#317,.T.);
#2891=EDGE_CURVE('',#3634,#3655,#4272,.T.);
#2892=EDGE_CURVE('',#3635,#3656,#4273,.T.);
#2893=EDGE_CURVE('',#3656,#3655,#318,.T.);
#2894=EDGE_CURVE('',#3656,#3657,#319,.T.);
#2895=EDGE_CURVE('',#3636,#3657,#4274,.T.);
#2896=EDGE_CURVE('',#3648,#3657,#4275,.T.);
#2897=EDGE_CURVE('',#3624,#3658,#4276,.T.);
#2898=EDGE_CURVE('',#3658,#3649,#4277,.T.);
#2899=EDGE_CURVE('',#3658,#3659,#320,.T.);
#2900=EDGE_CURVE('',#3625,#3659,#4278,.T.);
#2901=EDGE_CURVE('',#3626,#3660,#4279,.T.);
#2902=EDGE_CURVE('',#3660,#3659,#321,.T.);
#2903=EDGE_CURVE('',#3627,#3661,#4280,.T.);
#2904=EDGE_CURVE('',#3661,#3660,#4281,.T.);
#2905=EDGE_CURVE('',#3661,#3662,#322,.T.);
#2906=EDGE_CURVE('',#3628,#3662,#4282,.T.);
#2907=EDGE_CURVE('',#3650,#3662,#323,.T.);
#2908=EDGE_CURVE('',#3663,#3663,#324,.T.);
#2909=EDGE_CURVE('',#3664,#3664,#325,.T.);
#2910=EDGE_CURVE('',#3665,#3665,#326,.T.);
#2911=EDGE_CURVE('',#3666,#3666,#327,.T.);
#2912=EDGE_CURVE('',#3667,#3667,#328,.T.);
#2913=EDGE_CURVE('',#3668,#3668,#329,.T.);
#2914=EDGE_CURVE('',#3669,#3669,#330,.T.);
#2915=EDGE_CURVE('',#3670,#3670,#331,.T.);
#2916=EDGE_CURVE('',#3671,#3671,#332,.T.);
#2917=EDGE_CURVE('',#3672,#3672,#333,.T.);
#2918=EDGE_CURVE('',#3673,#3387,#4283,.T.);
#2919=EDGE_CURVE('',#3674,#3673,#334,.T.);
#2920=EDGE_CURVE('',#3674,#3389,#4284,.T.);
#2921=EDGE_CURVE('',#3675,#3388,#4285,.T.);
#2922=EDGE_CURVE('',#3673,#3675,#4286,.T.);
#2923=EDGE_CURVE('',#3676,#3400,#4287,.T.);
#2924=EDGE_CURVE('',#3675,#3676,#335,.T.);
#2925=EDGE_CURVE('',#3677,#3399,#4288,.T.);
#2926=EDGE_CURVE('',#3676,#3677,#4289,.T.);
#2927=EDGE_CURVE('',#3678,#3398,#4290,.T.);
#2928=EDGE_CURVE('',#3677,#3678,#336,.T.);
#2929=EDGE_CURVE('',#3679,#3397,#4291,.T.);
#2930=EDGE_CURVE('',#3678,#3679,#4292,.T.);
#2931=EDGE_CURVE('',#3680,#3396,#4293,.T.);
#2932=EDGE_CURVE('',#3679,#3680,#4294,.T.);
#2933=EDGE_CURVE('',#3681,#3395,#4295,.T.);
#2934=EDGE_CURVE('',#3680,#3681,#337,.T.);
#2935=EDGE_CURVE('',#3682,#3394,#4296,.T.);
#2936=EDGE_CURVE('',#3681,#3682,#4297,.T.);
#2937=EDGE_CURVE('',#3683,#3393,#4298,.T.);
#2938=EDGE_CURVE('',#3682,#3683,#338,.T.);
#2939=EDGE_CURVE('',#3684,#3392,#4299,.T.);
#2940=EDGE_CURVE('',#3683,#3684,#4300,.T.);
#2941=EDGE_CURVE('',#3685,#3391,#4301,.T.);
#2942=EDGE_CURVE('',#3684,#3685,#4302,.T.);
#2943=EDGE_CURVE('',#3686,#3390,#4303,.T.);
#2944=EDGE_CURVE('',#3685,#3686,#339,.T.);
#2945=EDGE_CURVE('',#3686,#3674,#4304,.T.);
#2946=EDGE_CURVE('',#3687,#3688,#4305,.T.);
#2947=EDGE_CURVE('',#3689,#3687,#4306,.T.);
#2948=EDGE_CURVE('',#3690,#3689,#4307,.T.);
#2949=EDGE_CURVE('',#3688,#3690,#4308,.T.);
#2950=EDGE_CURVE('',#3691,#3269,#4309,.T.);
#2951=EDGE_CURVE('',#3692,#3691,#4310,.T.);
#2952=EDGE_CURVE('',#3692,#3271,#4311,.T.);
#2953=EDGE_CURVE('',#3693,#3270,#4312,.T.);
#2954=EDGE_CURVE('',#3691,#3693,#4313,.T.);
#2955=EDGE_CURVE('',#3694,#3280,#4314,.T.);
#2956=EDGE_CURVE('',#3693,#3694,#4315,.T.);
#2957=EDGE_CURVE('',#3695,#3279,#4316,.T.);
#2958=EDGE_CURVE('',#3694,#3695,#340,.T.);
#2959=EDGE_CURVE('',#3696,#3278,#4317,.T.);
#2960=EDGE_CURVE('',#3695,#3696,#4318,.T.);
#2961=EDGE_CURVE('',#3697,#3277,#4319,.T.);
#2962=EDGE_CURVE('',#3696,#3697,#341,.T.);
#2963=EDGE_CURVE('',#3698,#3276,#4320,.T.);
#2964=EDGE_CURVE('',#3697,#3698,#4321,.T.);
#2965=EDGE_CURVE('',#3699,#3275,#4322,.T.);
#2966=EDGE_CURVE('',#3698,#3699,#4323,.T.);
#2967=EDGE_CURVE('',#3700,#3274,#4324,.T.);
#2968=EDGE_CURVE('',#3699,#3700,#4325,.T.);
#2969=EDGE_CURVE('',#3701,#3273,#4326,.T.);
#2970=EDGE_CURVE('',#3700,#3701,#342,.T.);
#2971=EDGE_CURVE('',#3702,#3272,#4327,.T.);
#2972=EDGE_CURVE('',#3701,#3702,#4328,.T.);
#2973=EDGE_CURVE('',#3702,#3692,#343,.T.);
#2974=EDGE_CURVE('',#3703,#3704,#4329,.T.);
#2975=EDGE_CURVE('',#3705,#3703,#4330,.T.);
#2976=EDGE_CURVE('',#3706,#3705,#4331,.T.);
#2977=EDGE_CURVE('',#3704,#3706,#4332,.T.);
#2978=EDGE_CURVE('',#3707,#3401,#4333,.T.);
#2979=EDGE_CURVE('',#3708,#3707,#344,.T.);
#2980=EDGE_CURVE('',#3708,#3403,#4334,.T.);
#2981=EDGE_CURVE('',#3709,#3402,#4335,.T.);
#2982=EDGE_CURVE('',#3707,#3709,#4336,.T.);
#2983=EDGE_CURVE('',#3710,#3411,#4337,.T.);
#2984=EDGE_CURVE('',#3709,#3710,#345,.T.);
#2985=EDGE_CURVE('',#3711,#3410,#4338,.T.);
#2986=EDGE_CURVE('',#3710,#3711,#4339,.T.);
#2987=EDGE_CURVE('',#3712,#3409,#4340,.T.);
#2988=EDGE_CURVE('',#3711,#3712,#4341,.T.);
#2989=EDGE_CURVE('',#3713,#3408,#4342,.T.);
#2990=EDGE_CURVE('',#3712,#3713,#346,.T.);
#2991=EDGE_CURVE('',#3714,#3407,#4343,.T.);
#2992=EDGE_CURVE('',#3713,#3714,#4344,.T.);
#2993=EDGE_CURVE('',#3715,#3406,#4345,.T.);
#2994=EDGE_CURVE('',#3714,#3715,#347,.T.);
#2995=EDGE_CURVE('',#3716,#3405,#4346,.T.);
#2996=EDGE_CURVE('',#3715,#3716,#4347,.T.);
#2997=EDGE_CURVE('',#3717,#3404,#4348,.T.);
#2998=EDGE_CURVE('',#3716,#3717,#348,.T.);
#2999=EDGE_CURVE('',#3717,#3708,#4349,.T.);
#3000=EDGE_CURVE('',#3718,#3719,#4350,.T.);
#3001=EDGE_CURVE('',#3720,#3718,#4351,.T.);
#3002=EDGE_CURVE('',#3721,#3720,#4352,.T.);
#3003=EDGE_CURVE('',#3719,#3721,#4353,.T.);
#3004=EDGE_CURVE('',#3722,#3249,#4354,.T.);
#3005=EDGE_CURVE('',#3723,#3722,#4355,.T.);
#3006=EDGE_CURVE('',#3723,#3251,#4356,.T.);
#3007=EDGE_CURVE('',#3724,#3250,#4357,.T.);
#3008=EDGE_CURVE('',#3722,#3724,#349,.T.);
#3009=EDGE_CURVE('',#3725,#3268,#4358,.T.);
#3010=EDGE_CURVE('',#3724,#3725,#4359,.T.);
#3011=EDGE_CURVE('',#3726,#3267,#4360,.T.);
#3012=EDGE_CURVE('',#3725,#3726,#4361,.T.);
#3013=EDGE_CURVE('',#3727,#3266,#4362,.T.);
#3014=EDGE_CURVE('',#3726,#3727,#350,.T.);
#3015=EDGE_CURVE('',#3728,#3265,#4363,.T.);
#3016=EDGE_CURVE('',#3727,#3728,#4364,.T.);
#3017=EDGE_CURVE('',#3729,#3264,#4365,.T.);
#3018=EDGE_CURVE('',#3728,#3729,#351,.T.);
#3019=EDGE_CURVE('',#3730,#3263,#4366,.T.);
#3020=EDGE_CURVE('',#3729,#3730,#4367,.T.);
#3021=EDGE_CURVE('',#3731,#3262,#4368,.T.);
#3022=EDGE_CURVE('',#3730,#3731,#4369,.T.);
#3023=EDGE_CURVE('',#3732,#3261,#4370,.T.);
#3024=EDGE_CURVE('',#3731,#3732,#352,.T.);
#3025=EDGE_CURVE('',#3733,#3260,#4371,.T.);
#3026=EDGE_CURVE('',#3732,#3733,#4372,.T.);
#3027=EDGE_CURVE('',#3734,#3259,#4373,.T.);
#3028=EDGE_CURVE('',#3733,#3734,#353,.T.);
#3029=EDGE_CURVE('',#3735,#3258,#4374,.T.);
#3030=EDGE_CURVE('',#3734,#3735,#4375,.T.);
#3031=EDGE_CURVE('',#3736,#3257,#4376,.T.);
#3032=EDGE_CURVE('',#3735,#3736,#4377,.T.);
#3033=EDGE_CURVE('',#3737,#3256,#4378,.T.);
#3034=EDGE_CURVE('',#3736,#3737,#354,.T.);
#3035=EDGE_CURVE('',#3738,#3255,#4379,.T.);
#3036=EDGE_CURVE('',#3737,#3738,#4380,.T.);
#3037=EDGE_CURVE('',#3739,#3254,#4381,.T.);
#3038=EDGE_CURVE('',#3738,#3739,#355,.T.);
#3039=EDGE_CURVE('',#3740,#3253,#4382,.T.);
#3040=EDGE_CURVE('',#3739,#3740,#4383,.T.);
#3041=EDGE_CURVE('',#3741,#3252,#4384,.T.);
#3042=EDGE_CURVE('',#3740,#3741,#4385,.T.);
#3043=EDGE_CURVE('',#3741,#3723,#356,.T.);
#3044=EDGE_CURVE('',#3742,#3743,#4386,.T.);
#3045=EDGE_CURVE('',#3744,#3742,#4387,.T.);
#3046=EDGE_CURVE('',#3745,#3744,#4388,.T.);
#3047=EDGE_CURVE('',#3743,#3745,#4389,.T.);
#3048=EDGE_CURVE('',#3746,#3412,#4390,.T.);
#3049=EDGE_CURVE('',#3747,#3746,#357,.T.);
#3050=EDGE_CURVE('',#3747,#3414,#4391,.T.);
#3051=EDGE_CURVE('',#3748,#3413,#4392,.T.);
#3052=EDGE_CURVE('',#3746,#3748,#4393,.T.);
#3053=EDGE_CURVE('',#3749,#3425,#4394,.T.);
#3054=EDGE_CURVE('',#3748,#3749,#358,.T.);
#3055=EDGE_CURVE('',#3750,#3424,#4395,.T.);
#3056=EDGE_CURVE('',#3749,#3750,#4396,.T.);
#3057=EDGE_CURVE('',#3751,#3423,#4397,.T.);
#3058=EDGE_CURVE('',#3750,#3751,#4398,.T.);
#3059=EDGE_CURVE('',#3752,#3422,#4399,.T.);
#3060=EDGE_CURVE('',#3751,#3752,#359,.T.);
#3061=EDGE_CURVE('',#3753,#3421,#4400,.T.);
#3062=EDGE_CURVE('',#3752,#3753,#4401,.T.);
#3063=EDGE_CURVE('',#3754,#3420,#4402,.T.);
#3064=EDGE_CURVE('',#3753,#3754,#360,.T.);
#3065=EDGE_CURVE('',#3755,#3419,#4403,.T.);
#3066=EDGE_CURVE('',#3754,#3755,#4404,.T.);
#3067=EDGE_CURVE('',#3756,#3418,#4405,.T.);
#3068=EDGE_CURVE('',#3755,#3756,#361,.T.);
#3069=EDGE_CURVE('',#3757,#3417,#4406,.T.);
#3070=EDGE_CURVE('',#3756,#3757,#4407,.T.);
#3071=EDGE_CURVE('',#3758,#3416,#4408,.T.);
#3072=EDGE_CURVE('',#3757,#3758,#362,.T.);
#3073=EDGE_CURVE('',#3759,#3415,#4409,.T.);
#3074=EDGE_CURVE('',#3758,#3759,#4410,.T.);
#3075=EDGE_CURVE('',#3759,#3747,#4411,.T.);
#3076=EDGE_CURVE('',#3760,#3761,#4412,.T.);
#3077=EDGE_CURVE('',#3762,#3760,#4413,.T.);
#3078=EDGE_CURVE('',#3763,#3762,#4414,.T.);
#3079=EDGE_CURVE('',#3761,#3763,#4415,.T.);
#3080=EDGE_CURVE('',#3764,#3186,#363,.T.);
#3081=EDGE_CURVE('',#3765,#3764,#4416,.T.);
#3082=EDGE_CURVE('',#3766,#3765,#364,.T.);
#3083=EDGE_CURVE('',#3482,#3766,#4417,.T.);
#3084=EDGE_CURVE('',#3767,#3479,#4418,.T.);
#3085=EDGE_CURVE('',#3768,#3767,#365,.T.);
#3086=EDGE_CURVE('',#3769,#3768,#4419,.T.);
#3087=EDGE_CURVE('',#3770,#3769,#366,.T.);
#3088=EDGE_CURVE('',#3771,#3770,#4420,.T.);
#3089=EDGE_CURVE('',#3772,#3771,#4421,.T.);
#3090=EDGE_CURVE('',#3773,#3772,#367,.T.);
#3091=EDGE_CURVE('',#3774,#3773,#4422,.T.);
#3092=EDGE_CURVE('',#3478,#3774,#4423,.T.);
#3093=EDGE_CURVE('',#3775,#3474,#4424,.T.);
#3094=EDGE_CURVE('',#3776,#3775,#4425,.T.);
#3095=EDGE_CURVE('',#3473,#3776,#4426,.T.);
#3096=EDGE_CURVE('',#3219,#3765,#4427,.T.);
#3097=EDGE_CURVE('',#3218,#3766,#4428,.T.);
#3098=EDGE_CURVE('',#3220,#3764,#4429,.T.);
#3099=EDGE_CURVE('',#3195,#3221,#4430,.T.);
#3100=EDGE_CURVE('',#3196,#3222,#4431,.T.);
#3101=EDGE_CURVE('',#3197,#3244,#4432,.T.);
#3102=EDGE_CURVE('',#3436,#3776,#4433,.T.);
#3103=EDGE_CURVE('',#3437,#3775,#4434,.T.);
#3104=EDGE_CURVE('',#3202,#3239,#4435,.T.);
#3105=EDGE_CURVE('',#3203,#3238,#4436,.T.);
#3106=EDGE_CURVE('',#3204,#3237,#4437,.T.);
#3107=EDGE_CURVE('',#3443,#3774,#4438,.T.);
#3108=EDGE_CURVE('',#3444,#3773,#4439,.T.);
#3109=EDGE_CURVE('',#3445,#3772,#4440,.T.);
#3110=EDGE_CURVE('',#3446,#3771,#4441,.T.);
#3111=EDGE_CURVE('',#3231,#3447,#4442,.T.);
#3112=EDGE_CURVE('',#3210,#3770,#4443,.T.);
#3113=EDGE_CURVE('',#3211,#3769,#4444,.T.);
#3114=EDGE_CURVE('',#3212,#3768,#4445,.T.);
#3115=EDGE_CURVE('',#3213,#3767,#4446,.T.);
#3116=EDGE_CURVE('',#3229,#3449,#4447,.T.);
#3117=EDGE_CURVE('',#3214,#3228,#4448,.T.);
#3118=EDGE_CURVE('',#3215,#3227,#4449,.T.);
#3119=EDGE_CURVE('',#3216,#3226,#4450,.T.);
#3120=EDGE_CURVE('',#3217,#3225,#4451,.T.);
#3121=EDGE_CURVE('',#3454,#3224,#4452,.T.);
#3122=EDGE_CURVE('',#3230,#3448,#4453,.T.);
#3123=EDGE_CURVE('',#3455,#3223,#4454,.T.);
#3124=EDGE_CURVE('',#3777,#3688,#4455,.T.);
#3125=EDGE_CURVE('',#3778,#3777,#4456,.T.);
#3126=EDGE_CURVE('',#3778,#3687,#4457,.T.);
#3127=EDGE_CURVE('',#3779,#3690,#4458,.T.);
#3128=EDGE_CURVE('',#3777,#3779,#4459,.T.);
#3129=EDGE_CURVE('',#3780,#3689,#4460,.T.);
#3130=EDGE_CURVE('',#3779,#3780,#4461,.T.);
#3131=EDGE_CURVE('',#3780,#3778,#4462,.T.);
#3132=EDGE_CURVE('',#3781,#3761,#4463,.T.);
#3133=EDGE_CURVE('',#3782,#3781,#4464,.T.);
#3134=EDGE_CURVE('',#3782,#3760,#4465,.T.);
#3135=EDGE_CURVE('',#3783,#3763,#4466,.T.);
#3136=EDGE_CURVE('',#3781,#3783,#4467,.T.);
#3137=EDGE_CURVE('',#3784,#3762,#4468,.T.);
#3138=EDGE_CURVE('',#3783,#3784,#4469,.T.);
#3139=EDGE_CURVE('',#3784,#3782,#4470,.T.);
#3140=EDGE_CURVE('',#3785,#3743,#4471,.T.);
#3141=EDGE_CURVE('',#3786,#3785,#4472,.T.);
#3142=EDGE_CURVE('',#3786,#3742,#4473,.T.);
#3143=EDGE_CURVE('',#3787,#3745,#4474,.T.);
#3144=EDGE_CURVE('',#3785,#3787,#4475,.T.);
#3145=EDGE_CURVE('',#3788,#3744,#4476,.T.);
#3146=EDGE_CURVE('',#3787,#3788,#4477,.T.);
#3147=EDGE_CURVE('',#3788,#3786,#4478,.T.);
#3148=EDGE_CURVE('',#3789,#3719,#4479,.T.);
#3149=EDGE_CURVE('',#3790,#3789,#4480,.T.);
#3150=EDGE_CURVE('',#3790,#3718,#4481,.T.);
#3151=EDGE_CURVE('',#3791,#3721,#4482,.T.);
#3152=EDGE_CURVE('',#3789,#3791,#4483,.T.);
#3153=EDGE_CURVE('',#3792,#3720,#4484,.T.);
#3154=EDGE_CURVE('',#3791,#3792,#4485,.T.);
#3155=EDGE_CURVE('',#3792,#3790,#4486,.T.);
#3156=EDGE_CURVE('',#3793,#3704,#4487,.T.);
#3157=EDGE_CURVE('',#3794,#3793,#4488,.T.);
#3158=EDGE_CURVE('',#3794,#3703,#4489,.T.);
#3159=EDGE_CURVE('',#3795,#3706,#4490,.T.);
#3160=EDGE_CURVE('',#3793,#3795,#4491,.T.);
#3161=EDGE_CURVE('',#3796,#3705,#4492,.T.);
#3162=EDGE_CURVE('',#3795,#3796,#4493,.T.);
#3163=EDGE_CURVE('',#3796,#3794,#4494,.T.);
#3164=EDGE_CURVE('',#3248,#3797,#4495,.T.);
#3165=EDGE_CURVE('',#3798,#3797,#4496,.T.);
#3166=EDGE_CURVE('',#3246,#3798,#4497,.T.);
#3167=EDGE_CURVE('',#3797,#3799,#4498,.T.);
#3168=EDGE_CURVE('',#3800,#3799,#4499,.T.);
#3169=EDGE_CURVE('',#3798,#3800,#4500,.T.);
#3170=EDGE_CURVE('',#3801,#3191,#4501,.T.);
#3171=EDGE_CURVE('',#3800,#3801,#4502,.T.);
#3172=EDGE_CURVE('',#3799,#3802,#4503,.T.);
#3173=EDGE_CURVE('',#3192,#3802,#4504,.T.);
#3174=EDGE_CURVE('',#3802,#3803,#4505,.T.);
#3175=EDGE_CURVE('',#3804,#3803,#4506,.T.);
#3176=EDGE_CURVE('',#3801,#3804,#4507,.T.);
#3177=EDGE_CURVE('',#3803,#3247,#4508,.T.);
#3178=EDGE_CURVE('',#3804,#3245,#4509,.T.);
#3179=VERTEX_POINT('',#11187);
#3180=VERTEX_POINT('',#11188);
#3181=VERTEX_POINT('',#11190);
#3182=VERTEX_POINT('',#11192);
#3183=VERTEX_POINT('',#11196);
#3184=VERTEX_POINT('',#11197);
#3185=VERTEX_POINT('',#11199);
#3186=VERTEX_POINT('',#11201);
#3187=VERTEX_POINT('',#11203);
#3188=VERTEX_POINT('',#11205);
#3189=VERTEX_POINT('',#11207);
#3190=VERTEX_POINT('',#11209);
#3191=VERTEX_POINT('',#11213);
#3192=VERTEX_POINT('',#11214);
#3193=VERTEX_POINT('',#11216);
#3194=VERTEX_POINT('',#11218);
#3195=VERTEX_POINT('',#11222);
#3196=VERTEX_POINT('',#11224);
#3197=VERTEX_POINT('',#11226);
#3198=VERTEX_POINT('',#11228);
#3199=VERTEX_POINT('',#11230);
#3200=VERTEX_POINT('',#11232);
#3201=VERTEX_POINT('',#11234);
#3202=VERTEX_POINT('',#11236);
#3203=VERTEX_POINT('',#11238);
#3204=VERTEX_POINT('',#11240);
#3205=VERTEX_POINT('',#11242);
#3206=VERTEX_POINT('',#11244);
#3207=VERTEX_POINT('',#11246);
#3208=VERTEX_POINT('',#11248);
#3209=VERTEX_POINT('',#11250);
#3210=VERTEX_POINT('',#11252);
#3211=VERTEX_POINT('',#11254);
#3212=VERTEX_POINT('',#11256);
#3213=VERTEX_POINT('',#11258);
#3214=VERTEX_POINT('',#11260);
#3215=VERTEX_POINT('',#11262);
#3216=VERTEX_POINT('',#11264);
#3217=VERTEX_POINT('',#11266);
#3218=VERTEX_POINT('',#11268);
#3219=VERTEX_POINT('',#11270);
#3220=VERTEX_POINT('',#11272);
#3221=VERTEX_POINT('',#11278);
#3222=VERTEX_POINT('',#11279);
#3223=VERTEX_POINT('',#11284);
#3224=VERTEX_POINT('',#11286);
#3225=VERTEX_POINT('',#11288);
#3226=VERTEX_POINT('',#11290);
#3227=VERTEX_POINT('',#11292);
#3228=VERTEX_POINT('',#11294);
#3229=VERTEX_POINT('',#11296);
#3230=VERTEX_POINT('',#11298);
#3231=VERTEX_POINT('',#11300);
#3232=VERTEX_POINT('',#11302);
#3233=VERTEX_POINT('',#11304);
#3234=VERTEX_POINT('',#11306);
#3235=VERTEX_POINT('',#11308);
#3236=VERTEX_POINT('',#11310);
#3237=VERTEX_POINT('',#11312);
#3238=VERTEX_POINT('',#11314);
#3239=VERTEX_POINT('',#11316);
#3240=VERTEX_POINT('',#11318);
#3241=VERTEX_POINT('',#11320);
#3242=VERTEX_POINT('',#11322);
#3243=VERTEX_POINT('',#11324);
#3244=VERTEX_POINT('',#11326);
#3245=VERTEX_POINT('',#11330);
#3246=VERTEX_POINT('',#11331);
#3247=VERTEX_POINT('',#11333);
#3248=VERTEX_POINT('',#11335);
#3249=VERTEX_POINT('',#11338);
#3250=VERTEX_POINT('',#11339);
#3251=VERTEX_POINT('',#11341);
#3252=VERTEX_POINT('',#11343);
#3253=VERTEX_POINT('',#11345);
#3254=VERTEX_POINT('',#11347);
#3255=VERTEX_POINT('',#11349);
#3256=VERTEX_POINT('',#11351);
#3257=VERTEX_POINT('',#11353);
#3258=VERTEX_POINT('',#11355);
#3259=VERTEX_POINT('',#11357);
#3260=VERTEX_POINT('',#11359);
#3261=VERTEX_POINT('',#11361);
#3262=VERTEX_POINT('',#11363);
#3263=VERTEX_POINT('',#11365);
#3264=VERTEX_POINT('',#11367);
#3265=VERTEX_POINT('',#11369);
#3266=VERTEX_POINT('',#11371);
#3267=VERTEX_POINT('',#11373);
#3268=VERTEX_POINT('',#11375);
#3269=VERTEX_POINT('',#11378);
#3270=VERTEX_POINT('',#11379);
#3271=VERTEX_POINT('',#11381);
#3272=VERTEX_POINT('',#11383);
#3273=VERTEX_POINT('',#11385);
#3274=VERTEX_POINT('',#11387);
#3275=VERTEX_POINT('',#11389);
#3276=VERTEX_POINT('',#11391);
#3277=VERTEX_POINT('',#11393);
#3278=VERTEX_POINT('',#11395);
#3279=VERTEX_POINT('',#11397);
#3280=VERTEX_POINT('',#11399);
#3281=VERTEX_POINT('',#11402);
#3282=VERTEX_POINT('',#11403);
#3283=VERTEX_POINT('',#11405);
#3284=VERTEX_POINT('',#11407);
#3285=VERTEX_POINT('',#11409);
#3286=VERTEX_POINT('',#11411);
#3287=VERTEX_POINT('',#11413);
#3288=VERTEX_POINT('',#11415);
#3289=VERTEX_POINT('',#11417);
#3290=VERTEX_POINT('',#11419);
#3291=VERTEX_POINT('',#11421);
#3292=VERTEX_POINT('',#11423);
#3293=VERTEX_POINT('',#11425);
#3294=VERTEX_POINT('',#11427);
#3295=VERTEX_POINT('',#11429);
#3296=VERTEX_POINT('',#11431);
#3297=VERTEX_POINT('',#11433);
#3298=VERTEX_POINT('',#11435);
#3299=VERTEX_POINT('',#11437);
#3300=VERTEX_POINT('',#11439);
#3301=VERTEX_POINT('',#11441);
#3302=VERTEX_POINT('',#11443);
#3303=VERTEX_POINT('',#11445);
#3304=VERTEX_POINT('',#11447);
#3305=VERTEX_POINT('',#11449);
#3306=VERTEX_POINT('',#11451);
#3307=VERTEX_POINT('',#11453);
#3308=VERTEX_POINT('',#11455);
#3309=VERTEX_POINT('',#11457);
#3310=VERTEX_POINT('',#11459);
#3311=VERTEX_POINT('',#11461);
#3312=VERTEX_POINT('',#11463);
#3313=VERTEX_POINT('',#11466);
#3314=VERTEX_POINT('',#11467);
#3315=VERTEX_POINT('',#11469);
#3316=VERTEX_POINT('',#11471);
#3317=VERTEX_POINT('',#11473);
#3318=VERTEX_POINT('',#11475);
#3319=VERTEX_POINT('',#11477);
#3320=VERTEX_POINT('',#11480);
#3321=VERTEX_POINT('',#11481);
#3322=VERTEX_POINT('',#11483);
#3323=VERTEX_POINT('',#11485);
#3324=VERTEX_POINT('',#11487);
#3325=VERTEX_POINT('',#11489);
#3326=VERTEX_POINT('',#11491);
#3327=VERTEX_POINT('',#11494);
#3328=VERTEX_POINT('',#11495);
#3329=VERTEX_POINT('',#11497);
#3330=VERTEX_POINT('',#11499);
#3331=VERTEX_POINT('',#11501);
#3332=VERTEX_POINT('',#11503);
#3333=VERTEX_POINT('',#11505);
#3334=VERTEX_POINT('',#11507);
#3335=VERTEX_POINT('',#11509);
#3336=VERTEX_POINT('',#11511);
#3337=VERTEX_POINT('',#11513);
#3338=VERTEX_POINT('',#11515);
#3339=VERTEX_POINT('',#11517);
#3340=VERTEX_POINT('',#11519);
#3341=VERTEX_POINT('',#11521);
#3342=VERTEX_POINT('',#11523);
#3343=VERTEX_POINT('',#11525);
#3344=VERTEX_POINT('',#11527);
#3345=VERTEX_POINT('',#11529);
#3346=VERTEX_POINT('',#11531);
#3347=VERTEX_POINT('',#11533);
#3348=VERTEX_POINT('',#11535);
#3349=VERTEX_POINT('',#11537);
#3350=VERTEX_POINT('',#11539);
#3351=VERTEX_POINT('',#11541);
#3352=VERTEX_POINT('',#11543);
#3353=VERTEX_POINT('',#11545);
#3354=VERTEX_POINT('',#11547);
#3355=VERTEX_POINT('',#11549);
#3356=VERTEX_POINT('',#11551);
#3357=VERTEX_POINT('',#11553);
#3358=VERTEX_POINT('',#11555);
#3359=VERTEX_POINT('',#11557);
#3360=VERTEX_POINT('',#11559);
#3361=VERTEX_POINT('',#11561);
#3362=VERTEX_POINT('',#11563);
#3363=VERTEX_POINT('',#11565);
#3364=VERTEX_POINT('',#11567);
#3365=VERTEX_POINT('',#11570);
#3366=VERTEX_POINT('',#11571);
#3367=VERTEX_POINT('',#11573);
#3368=VERTEX_POINT('',#11575);
#3369=VERTEX_POINT('',#11577);
#3370=VERTEX_POINT('',#11579);
#3371=VERTEX_POINT('',#11581);
#3372=VERTEX_POINT('',#11583);
#3373=VERTEX_POINT('',#11585);
#3374=VERTEX_POINT('',#11587);
#3375=VERTEX_POINT('',#11589);
#3376=VERTEX_POINT('',#11592);
#3377=VERTEX_POINT('',#11593);
#3378=VERTEX_POINT('',#11595);
#3379=VERTEX_POINT('',#11597);
#3380=VERTEX_POINT('',#11599);
#3381=VERTEX_POINT('',#11601);
#3382=VERTEX_POINT('',#11603);
#3383=VERTEX_POINT('',#11605);
#3384=VERTEX_POINT('',#11607);
#3385=VERTEX_POINT('',#11609);
#3386=VERTEX_POINT('',#11611);
#3387=VERTEX_POINT('',#11614);
#3388=VERTEX_POINT('',#11615);
#3389=VERTEX_POINT('',#11617);
#3390=VERTEX_POINT('',#11619);
#3391=VERTEX_POINT('',#11621);
#3392=VERTEX_POINT('',#11623);
#3393=VERTEX_POINT('',#11625);
#3394=VERTEX_POINT('',#11627);
#3395=VERTEX_POINT('',#11629);
#3396=VERTEX_POINT('',#11631);
#3397=VERTEX_POINT('',#11633);
#3398=VERTEX_POINT('',#11635);
#3399=VERTEX_POINT('',#11637);
#3400=VERTEX_POINT('',#11639);
#3401=VERTEX_POINT('',#11642);
#3402=VERTEX_POINT('',#11643);
#3403=VERTEX_POINT('',#11645);
#3404=VERTEX_POINT('',#11647);
#3405=VERTEX_POINT('',#11649);
#3406=VERTEX_POINT('',#11651);
#3407=VERTEX_POINT('',#11653);
#3408=VERTEX_POINT('',#11655);
#3409=VERTEX_POINT('',#11657);
#3410=VERTEX_POINT('',#11659);
#3411=VERTEX_POINT('',#11661);
#3412=VERTEX_POINT('',#11664);
#3413=VERTEX_POINT('',#11665);
#3414=VERTEX_POINT('',#11667);
#3415=VERTEX_POINT('',#11669);
#3416=VERTEX_POINT('',#11671);
#3417=VERTEX_POINT('',#11673);
#3418=VERTEX_POINT('',#11675);
#3419=VERTEX_POINT('',#11677);
#3420=VERTEX_POINT('',#11679);
#3421=VERTEX_POINT('',#11681);
#3422=VERTEX_POINT('',#11683);
#3423=VERTEX_POINT('',#11685);
#3424=VERTEX_POINT('',#11687);
#3425=VERTEX_POINT('',#11689);
#3426=VERTEX_POINT('',#11692);
#3427=VERTEX_POINT('',#11693);
#3428=VERTEX_POINT('',#11695);
#3429=VERTEX_POINT('',#11697);
#3430=VERTEX_POINT('',#11701);
#3431=VERTEX_POINT('',#11702);
#3432=VERTEX_POINT('',#11704);
#3433=VERTEX_POINT('',#11706);
#3434=VERTEX_POINT('',#11708);
#3435=VERTEX_POINT('',#11710);
#3436=VERTEX_POINT('',#11712);
#3437=VERTEX_POINT('',#11714);
#3438=VERTEX_POINT('',#11716);
#3439=VERTEX_POINT('',#11718);
#3440=VERTEX_POINT('',#11720);
#3441=VERTEX_POINT('',#11722);
#3442=VERTEX_POINT('',#11724);
#3443=VERTEX_POINT('',#11726);
#3444=VERTEX_POINT('',#11728);
#3445=VERTEX_POINT('',#11730);
#3446=VERTEX_POINT('',#11732);
#3447=VERTEX_POINT('',#11734);
#3448=VERTEX_POINT('',#11736);
#3449=VERTEX_POINT('',#11738);
#3450=VERTEX_POINT('',#11740);
#3451=VERTEX_POINT('',#11742);
#3452=VERTEX_POINT('',#11744);
#3453=VERTEX_POINT('',#11746);
#3454=VERTEX_POINT('',#11748);
#3455=VERTEX_POINT('',#11750);
#3456=VERTEX_POINT('',#11753);
#3457=VERTEX_POINT('',#11755);
#3458=VERTEX_POINT('',#11775);
#3459=VERTEX_POINT('',#11776);
#3460=VERTEX_POINT('',#11778);
#3461=VERTEX_POINT('',#11780);
#3462=VERTEX_POINT('',#11782);
#3463=VERTEX_POINT('',#11785);
#3464=VERTEX_POINT('',#11789);
#3465=VERTEX_POINT('',#11792);
#3466=VERTEX_POINT('',#11793);
#3467=VERTEX_POINT('',#11798);
#3468=VERTEX_POINT('',#11800);
#3469=VERTEX_POINT('',#11811);
#3470=VERTEX_POINT('',#11815);
#3471=VERTEX_POINT('',#11821);
#3472=VERTEX_POINT('',#11825);
#3473=VERTEX_POINT('',#11829);
#3474=VERTEX_POINT('',#11833);
#3475=VERTEX_POINT('',#11835);
#3476=VERTEX_POINT('',#11839);
#3477=VERTEX_POINT('',#11843);
#3478=VERTEX_POINT('',#11847);
#3479=VERTEX_POINT('',#11851);
#3480=VERTEX_POINT('',#11853);
#3481=VERTEX_POINT('',#11857);
#3482=VERTEX_POINT('',#11861);
#3483=VERTEX_POINT('',#11865);
#3484=VERTEX_POINT('',#11866);
#3485=VERTEX_POINT('',#11868);
#3486=VERTEX_POINT('',#11870);
#3487=VERTEX_POINT('',#11874);
#3488=VERTEX_POINT('',#11875);
#3489=VERTEX_POINT('',#11877);
#3490=VERTEX_POINT('',#11879);
#3491=VERTEX_POINT('',#11881);
#3492=VERTEX_POINT('',#11883);
#3493=VERTEX_POINT('',#11885);
#3494=VERTEX_POINT('',#11887);
#3495=VERTEX_POINT('',#11889);
#3496=VERTEX_POINT('',#11891);
#3497=VERTEX_POINT('',#11893);
#3498=VERTEX_POINT('',#11896);
#3499=VERTEX_POINT('',#11897);
#3500=VERTEX_POINT('',#11899);
#3501=VERTEX_POINT('',#11901);
#3502=VERTEX_POINT('',#11903);
#3503=VERTEX_POINT('',#11905);
#3504=VERTEX_POINT('',#11907);
#3505=VERTEX_POINT('',#11909);
#3506=VERTEX_POINT('',#11911);
#3507=VERTEX_POINT('',#11913);
#3508=VERTEX_POINT('',#11915);
#3509=VERTEX_POINT('',#11918);
#3510=VERTEX_POINT('',#11919);
#3511=VERTEX_POINT('',#11921);
#3512=VERTEX_POINT('',#11923);
#3513=VERTEX_POINT('',#11925);
#3514=VERTEX_POINT('',#11927);
#3515=VERTEX_POINT('',#11929);
#3516=VERTEX_POINT('',#11932);
#3517=VERTEX_POINT('',#11933);
#3518=VERTEX_POINT('',#11935);
#3519=VERTEX_POINT('',#11937);
#3520=VERTEX_POINT('',#11939);
#3521=VERTEX_POINT('',#11941);
#3522=VERTEX_POINT('',#11943);
#3523=VERTEX_POINT('',#11946);
#3524=VERTEX_POINT('',#11947);
#3525=VERTEX_POINT('',#11949);
#3526=VERTEX_POINT('',#11951);
#3527=VERTEX_POINT('',#11953);
#3528=VERTEX_POINT('',#11955);
#3529=VERTEX_POINT('',#11957);
#3530=VERTEX_POINT('',#11959);
#3531=VERTEX_POINT('',#11961);
#3532=VERTEX_POINT('',#11963);
#3533=VERTEX_POINT('',#11965);
#3534=VERTEX_POINT('',#11967);
#3535=VERTEX_POINT('',#11969);
#3536=VERTEX_POINT('',#11971);
#3537=VERTEX_POINT('',#11973);
#3538=VERTEX_POINT('',#11975);
#3539=VERTEX_POINT('',#11977);
#3540=VERTEX_POINT('',#11979);
#3541=VERTEX_POINT('',#11981);
#3542=VERTEX_POINT('',#11983);
#3543=VERTEX_POINT('',#11985);
#3544=VERTEX_POINT('',#11987);
#3545=VERTEX_POINT('',#11989);
#3546=VERTEX_POINT('',#11991);
#3547=VERTEX_POINT('',#11993);
#3548=VERTEX_POINT('',#11995);
#3549=VERTEX_POINT('',#11997);
#3550=VERTEX_POINT('',#11999);
#3551=VERTEX_POINT('',#12001);
#3552=VERTEX_POINT('',#12003);
#3553=VERTEX_POINT('',#12005);
#3554=VERTEX_POINT('',#12007);
#3555=VERTEX_POINT('',#12010);
#3556=VERTEX_POINT('',#12011);
#3557=VERTEX_POINT('',#12013);
#3558=VERTEX_POINT('',#12015);
#3559=VERTEX_POINT('',#12017);
#3560=VERTEX_POINT('',#12019);
#3561=VERTEX_POINT('',#12021);
#3562=VERTEX_POINT('',#12023);
#3563=VERTEX_POINT('',#12025);
#3564=VERTEX_POINT('',#12027);
#3565=VERTEX_POINT('',#12029);
#3566=VERTEX_POINT('',#12031);
#3567=VERTEX_POINT('',#12033);
#3568=VERTEX_POINT('',#12035);
#3569=VERTEX_POINT('',#12037);
#3570=VERTEX_POINT('',#12039);
#3571=VERTEX_POINT('',#12041);
#3572=VERTEX_POINT('',#12043);
#3573=VERTEX_POINT('',#12045);
#3574=VERTEX_POINT('',#12047);
#3575=VERTEX_POINT('',#12049);
#3576=VERTEX_POINT('',#12051);
#3577=VERTEX_POINT('',#12053);
#3578=VERTEX_POINT('',#12055);
#3579=VERTEX_POINT('',#12057);
#3580=VERTEX_POINT('',#12059);
#3581=VERTEX_POINT('',#12061);
#3582=VERTEX_POINT('',#12063);
#3583=VERTEX_POINT('',#12065);
#3584=VERTEX_POINT('',#12067);
#3585=VERTEX_POINT('',#12069);
#3586=VERTEX_POINT('',#12071);
#3587=VERTEX_POINT('',#12073);
#3588=VERTEX_POINT('',#12075);
#3589=VERTEX_POINT('',#12077);
#3590=VERTEX_POINT('',#12079);
#3591=VERTEX_POINT('',#12081);
#3592=VERTEX_POINT('',#12083);
#3593=VERTEX_POINT('',#12087);
#3594=VERTEX_POINT('',#12088);
#3595=VERTEX_POINT('',#12090);
#3596=VERTEX_POINT('',#12092);
#3597=VERTEX_POINT('',#12097);
#3598=VERTEX_POINT('',#12101);
#3599=VERTEX_POINT('',#12106);
#3600=VERTEX_POINT('',#12107);
#3601=VERTEX_POINT('',#12109);
#3602=VERTEX_POINT('',#12111);
#3603=VERTEX_POINT('',#12115);
#3604=VERTEX_POINT('',#12117);
#3605=VERTEX_POINT('',#12127);
#3606=VERTEX_POINT('',#12129);
#3607=VERTEX_POINT('',#12131);
#3608=VERTEX_POINT('',#12133);
#3609=VERTEX_POINT('',#12135);
#3610=VERTEX_POINT('',#12137);
#3611=VERTEX_POINT('',#12139);
#3612=VERTEX_POINT('',#12141);
#3613=VERTEX_POINT('',#12143);
#3614=VERTEX_POINT('',#12145);
#3615=VERTEX_POINT('',#12147);
#3616=VERTEX_POINT('',#12149);
#3617=VERTEX_POINT('',#12153);
#3618=VERTEX_POINT('',#12342);
#3619=VERTEX_POINT('',#12345);
#3620=VERTEX_POINT('',#12367);
#3621=VERTEX_POINT('',#12373);
#3622=VERTEX_POINT('',#12377);
#3623=VERTEX_POINT('',#12379);
#3624=VERTEX_POINT('',#12381);
#3625=VERTEX_POINT('',#12383);
#3626=VERTEX_POINT('',#12385);
#3627=VERTEX_POINT('',#12387);
#3628=VERTEX_POINT('',#12389);
#3629=VERTEX_POINT('',#12391);
#3630=VERTEX_POINT('',#12393);
#3631=VERTEX_POINT('',#12395);
#3632=VERTEX_POINT('',#12397);
#3633=VERTEX_POINT('',#12399);
#3634=VERTEX_POINT('',#12401);
#3635=VERTEX_POINT('',#12403);
#3636=VERTEX_POINT('',#12405);
#3637=VERTEX_POINT('',#12409);
#3638=VERTEX_POINT('',#12411);
#3639=VERTEX_POINT('',#12415);
#3640=VERTEX_POINT('',#12419);
#3641=VERTEX_POINT('',#12423);
#3642=VERTEX_POINT('',#12427);
#3643=VERTEX_POINT('',#12431);
#3644=VERTEX_POINT('',#12435);
#3645=VERTEX_POINT('',#12439);
#3646=VERTEX_POINT('',#12443);
#3647=VERTEX_POINT('',#12447);
#3648=VERTEX_POINT('',#12451);
#3649=VERTEX_POINT('',#12455);
#3650=VERTEX_POINT('',#12459);
#3651=VERTEX_POINT('',#12461);
#3652=VERTEX_POINT('',#12465);
#3653=VERTEX_POINT('',#12469);
#3654=VERTEX_POINT('',#12473);
#3655=VERTEX_POINT('',#12477);
#3656=VERTEX_POINT('',#12481);
#3657=VERTEX_POINT('',#12485);
#3658=VERTEX_POINT('',#12491);
#3659=VERTEX_POINT('',#12495);
#3660=VERTEX_POINT('',#12499);
#3661=VERTEX_POINT('',#12503);
#3662=VERTEX_POINT('',#12507);
#3663=VERTEX_POINT('',#12513);
#3664=VERTEX_POINT('',#12515);
#3665=VERTEX_POINT('',#12517);
#3666=VERTEX_POINT('',#12519);
#3667=VERTEX_POINT('',#12521);
#3668=VERTEX_POINT('',#12524);
#3669=VERTEX_POINT('',#12528);
#3670=VERTEX_POINT('',#12532);
#3671=VERTEX_POINT('',#12536);
#3672=VERTEX_POINT('',#12540);
#3673=VERTEX_POINT('',#12544);
#3674=VERTEX_POINT('',#12546);
#3675=VERTEX_POINT('',#12550);
#3676=VERTEX_POINT('',#12554);
#3677=VERTEX_POINT('',#12558);
#3678=VERTEX_POINT('',#12562);
#3679=VERTEX_POINT('',#12566);
#3680=VERTEX_POINT('',#12570);
#3681=VERTEX_POINT('',#12574);
#3682=VERTEX_POINT('',#12578);
#3683=VERTEX_POINT('',#12582);
#3684=VERTEX_POINT('',#12586);
#3685=VERTEX_POINT('',#12590);
#3686=VERTEX_POINT('',#12594);
#3687=VERTEX_POINT('',#12600);
#3688=VERTEX_POINT('',#12601);
#3689=VERTEX_POINT('',#12603);
#3690=VERTEX_POINT('',#12605);
#3691=VERTEX_POINT('',#12609);
#3692=VERTEX_POINT('',#12611);
#3693=VERTEX_POINT('',#12615);
#3694=VERTEX_POINT('',#12619);
#3695=VERTEX_POINT('',#12623);
#3696=VERTEX_POINT('',#12627);
#3697=VERTEX_POINT('',#12631);
#3698=VERTEX_POINT('',#12635);
#3699=VERTEX_POINT('',#12639);
#3700=VERTEX_POINT('',#12643);
#3701=VERTEX_POINT('',#12647);
#3702=VERTEX_POINT('',#12651);
#3703=VERTEX_POINT('',#12657);
#3704=VERTEX_POINT('',#12658);
#3705=VERTEX_POINT('',#12660);
#3706=VERTEX_POINT('',#12662);
#3707=VERTEX_POINT('',#12666);
#3708=VERTEX_POINT('',#12668);
#3709=VERTEX_POINT('',#12672);
#3710=VERTEX_POINT('',#12676);
#3711=VERTEX_POINT('',#12680);
#3712=VERTEX_POINT('',#12684);
#3713=VERTEX_POINT('',#12688);
#3714=VERTEX_POINT('',#12692);
#3715=VERTEX_POINT('',#12696);
#3716=VERTEX_POINT('',#12700);
#3717=VERTEX_POINT('',#12704);
#3718=VERTEX_POINT('',#12710);
#3719=VERTEX_POINT('',#12711);
#3720=VERTEX_POINT('',#12713);
#3721=VERTEX_POINT('',#12715);
#3722=VERTEX_POINT('',#12719);
#3723=VERTEX_POINT('',#12721);
#3724=VERTEX_POINT('',#12725);
#3725=VERTEX_POINT('',#12729);
#3726=VERTEX_POINT('',#12733);
#3727=VERTEX_POINT('',#12737);
#3728=VERTEX_POINT('',#12741);
#3729=VERTEX_POINT('',#12745);
#3730=VERTEX_POINT('',#12749);
#3731=VERTEX_POINT('',#12753);
#3732=VERTEX_POINT('',#12757);
#3733=VERTEX_POINT('',#12761);
#3734=VERTEX_POINT('',#12765);
#3735=VERTEX_POINT('',#12769);
#3736=VERTEX_POINT('',#12773);
#3737=VERTEX_POINT('',#12777);
#3738=VERTEX_POINT('',#12781);
#3739=VERTEX_POINT('',#12785);
#3740=VERTEX_POINT('',#12789);
#3741=VERTEX_POINT('',#12793);
#3742=VERTEX_POINT('',#12799);
#3743=VERTEX_POINT('',#12800);
#3744=VERTEX_POINT('',#12802);
#3745=VERTEX_POINT('',#12804);
#3746=VERTEX_POINT('',#12808);
#3747=VERTEX_POINT('',#12810);
#3748=VERTEX_POINT('',#12814);
#3749=VERTEX_POINT('',#12818);
#3750=VERTEX_POINT('',#12822);
#3751=VERTEX_POINT('',#12826);
#3752=VERTEX_POINT('',#12830);
#3753=VERTEX_POINT('',#12834);
#3754=VERTEX_POINT('',#12838);
#3755=VERTEX_POINT('',#12842);
#3756=VERTEX_POINT('',#12846);
#3757=VERTEX_POINT('',#12850);
#3758=VERTEX_POINT('',#12854);
#3759=VERTEX_POINT('',#12858);
#3760=VERTEX_POINT('',#12864);
#3761=VERTEX_POINT('',#12865);
#3762=VERTEX_POINT('',#12867);
#3763=VERTEX_POINT('',#12869);
#3764=VERTEX_POINT('',#12874);
#3765=VERTEX_POINT('',#12876);
#3766=VERTEX_POINT('',#12878);
#3767=VERTEX_POINT('',#12881);
#3768=VERTEX_POINT('',#12883);
#3769=VERTEX_POINT('',#12885);
#3770=VERTEX_POINT('',#12887);
#3771=VERTEX_POINT('',#12889);
#3772=VERTEX_POINT('',#12891);
#3773=VERTEX_POINT('',#12893);
#3774=VERTEX_POINT('',#12895);
#3775=VERTEX_POINT('',#12898);
#3776=VERTEX_POINT('',#12900);
#3777=VERTEX_POINT('',#12963);
#3778=VERTEX_POINT('',#12965);
#3779=VERTEX_POINT('',#12969);
#3780=VERTEX_POINT('',#12973);
#3781=VERTEX_POINT('',#12980);
#3782=VERTEX_POINT('',#12982);
#3783=VERTEX_POINT('',#12986);
#3784=VERTEX_POINT('',#12990);
#3785=VERTEX_POINT('',#12997);
#3786=VERTEX_POINT('',#12999);
#3787=VERTEX_POINT('',#13003);
#3788=VERTEX_POINT('',#13007);
#3789=VERTEX_POINT('',#13014);
#3790=VERTEX_POINT('',#13016);
#3791=VERTEX_POINT('',#13020);
#3792=VERTEX_POINT('',#13024);
#3793=VERTEX_POINT('',#13031);
#3794=VERTEX_POINT('',#13033);
#3795=VERTEX_POINT('',#13037);
#3796=VERTEX_POINT('',#13041);
#3797=VERTEX_POINT('',#13049);
#3798=VERTEX_POINT('',#13051);
#3799=VERTEX_POINT('',#13055);
#3800=VERTEX_POINT('',#13057);
#3801=VERTEX_POINT('',#13061);
#3802=VERTEX_POINT('',#13064);
#3803=VERTEX_POINT('',#13068);
#3804=VERTEX_POINT('',#13070);
#3805=LINE('',#11186,#4510);
#3806=LINE('',#11189,#4511);
#3807=LINE('',#11191,#4512);
#3808=LINE('',#11193,#4513);
#3809=LINE('',#11195,#4514);
#3810=LINE('',#11198,#4515);
#3811=LINE('',#11200,#4516);
#3812=LINE('',#11202,#4517);
#3813=LINE('',#11204,#4518);
#3814=LINE('',#11206,#4519);
#3815=LINE('',#11208,#4520);
#3816=LINE('',#11210,#4521);
#3817=LINE('',#11212,#4522);
#3818=LINE('',#11215,#4523);
#3819=LINE('',#11217,#4524);
#3820=LINE('',#11219,#4525);
#3821=LINE('',#11221,#4526);
#3822=LINE('',#11223,#4527);
#3823=LINE('',#11225,#4528);
#3824=LINE('',#11227,#4529);
#3825=LINE('',#11229,#4530);
#3826=LINE('',#11231,#4531);
#3827=LINE('',#11233,#4532);
#3828=LINE('',#11235,#4533);
#3829=LINE('',#11239,#4534);
#3830=LINE('',#11243,#4535);
#3831=LINE('',#11245,#4536);
#3832=LINE('',#11249,#4537);
#3833=LINE('',#11251,#4538);
#3834=LINE('',#11255,#4539);
#3835=LINE('',#11259,#4540);
#3836=LINE('',#11261,#4541);
#3837=LINE('',#11263,#4542);
#3838=LINE('',#11265,#4543);
#3839=LINE('',#11267,#4544);
#3840=LINE('',#11271,#4545);
#3841=LINE('',#11274,#4546);
#3842=LINE('',#11277,#4547);
#3843=LINE('',#11280,#4548);
#3844=LINE('',#11282,#4549);
#3845=LINE('',#11283,#4550);
#3846=LINE('',#11285,#4551);
#3847=LINE('',#11287,#4552);
#3848=LINE('',#11289,#4553);
#3849=LINE('',#11291,#4554);
#3850=LINE('',#11293,#4555);
#3851=LINE('',#11295,#4556);
#3852=LINE('',#11297,#4557);
#3853=LINE('',#11299,#4558);
#3854=LINE('',#11301,#4559);
#3855=LINE('',#11303,#4560);
#3856=LINE('',#11307,#4561);
#3857=LINE('',#11309,#4562);
#3858=LINE('',#11313,#4563);
#3859=LINE('',#11317,#4564);
#3860=LINE('',#11319,#4565);
#3861=LINE('',#11321,#4566);
#3862=LINE('',#11323,#4567);
#3863=LINE('',#11325,#4568);
#3864=LINE('',#11327,#4569);
#3865=LINE('',#11329,#4570);
#3866=LINE('',#11332,#4571);
#3867=LINE('',#11334,#4572);
#3868=LINE('',#11336,#4573);
#3869=LINE('',#11340,#4574);
#3870=LINE('',#11344,#4575);
#3871=LINE('',#11346,#4576);
#3872=LINE('',#11350,#4577);
#3873=LINE('',#11354,#4578);
#3874=LINE('',#11356,#4579);
#3875=LINE('',#11360,#4580);
#3876=LINE('',#11364,#4581);
#3877=LINE('',#11366,#4582);
#3878=LINE('',#11370,#4583);
#3879=LINE('',#11374,#4584);
#3880=LINE('',#11376,#4585);
#3881=LINE('',#11377,#4586);
#3882=LINE('',#11380,#4587);
#3883=LINE('',#11384,#4588);
#3884=LINE('',#11388,#4589);
#3885=LINE('',#11390,#4590);
#3886=LINE('',#11392,#4591);
#3887=LINE('',#11396,#4592);
#3888=LINE('',#11400,#4593);
#3889=LINE('',#11401,#4594);
#3890=LINE('',#11404,#4595);
#3891=LINE('',#11406,#4596);
#3892=LINE('',#11410,#4597);
#3893=LINE('',#11418,#4598);
#3894=LINE('',#11426,#4599);
#3895=LINE('',#11434,#4600);
#3896=LINE('',#11442,#4601);
#3897=LINE('',#11450,#4602);
#3898=LINE('',#11452,#4603);
#3899=LINE('',#11454,#4604);
#3900=LINE('',#11456,#4605);
#3901=LINE('',#11458,#4606);
#3902=LINE('',#11465,#4607);
#3903=LINE('',#11470,#4608);
#3904=LINE('',#11474,#4609);
#3905=LINE('',#11478,#4610);
#3906=LINE('',#11479,#4611);
#3907=LINE('',#11482,#4612);
#3908=LINE('',#11486,#4613);
#3909=LINE('',#11490,#4614);
#3910=LINE('',#11493,#4615);
#3911=LINE('',#11496,#4616);
#3912=LINE('',#11498,#4617);
#3913=LINE('',#11502,#4618);
#3914=LINE('',#11504,#4619);
#3915=LINE('',#11508,#4620);
#3916=LINE('',#11512,#4621);
#3917=LINE('',#11514,#4622);
#3918=LINE('',#11518,#4623);
#3919=LINE('',#11520,#4624);
#3920=LINE('',#11522,#4625);
#3921=LINE('',#11524,#4626);
#3922=LINE('',#11526,#4627);
#3923=LINE('',#11530,#4628);
#3924=LINE('',#11534,#4629);
#3925=LINE('',#11538,#4630);
#3926=LINE('',#11540,#4631);
#3927=LINE('',#11542,#4632);
#3928=LINE('',#11546,#4633);
#3929=LINE('',#11550,#4634);
#3930=LINE('',#11552,#4635);
#3931=LINE('',#11554,#4636);
#3932=LINE('',#11558,#4637);
#3933=LINE('',#11562,#4638);
#3934=LINE('',#11566,#4639);
#3935=LINE('',#11568,#4640);
#3936=LINE('',#11572,#4641);
#3937=LINE('',#11574,#4642);
#3938=LINE('',#11578,#4643);
#3939=LINE('',#11582,#4644);
#3940=LINE('',#11586,#4645);
#3941=LINE('',#11590,#4646);
#3942=LINE('',#11591,#4647);
#3943=LINE('',#11596,#4648);
#3944=LINE('',#11600,#4649);
#3945=LINE('',#11604,#4650);
#3946=LINE('',#11608,#4651);
#3947=LINE('',#11612,#4652);
#3948=LINE('',#11613,#4653);
#3949=LINE('',#11618,#4654);
#3950=LINE('',#11622,#4655);
#3951=LINE('',#11624,#4656);
#3952=LINE('',#11628,#4657);
#3953=LINE('',#11632,#4658);
#3954=LINE('',#11634,#4659);
#3955=LINE('',#11638,#4660);
#3956=LINE('',#11641,#4661);
#3957=LINE('',#11646,#4662);
#3958=LINE('',#11650,#4663);
#3959=LINE('',#11654,#4664);
#3960=LINE('',#11658,#4665);
#3961=LINE('',#11660,#4666);
#3962=LINE('',#11663,#4667);
#3963=LINE('',#11668,#4668);
#3964=LINE('',#11670,#4669);
#3965=LINE('',#11674,#4670);
#3966=LINE('',#11678,#4671);
#3967=LINE('',#11682,#4672);
#3968=LINE('',#11686,#4673);
#3969=LINE('',#11688,#4674);
#3970=LINE('',#11691,#4675);
#3971=LINE('',#11694,#4676);
#3972=LINE('',#11696,#4677);
#3973=LINE('',#11698,#4678);
#3974=LINE('',#11700,#4679);
#3975=LINE('',#11703,#4680);
#3976=LINE('',#11705,#4681);
#3977=LINE('',#11707,#4682);
#3978=LINE('',#11709,#4683);
#3979=LINE('',#11711,#4684);
#3980=LINE('',#11713,#4685);
#3981=LINE('',#11715,#4686);
#3982=LINE('',#11717,#4687);
#3983=LINE('',#11721,#4688);
#3984=LINE('',#11725,#4689);
#3985=LINE('',#11727,#4690);
#3986=LINE('',#11731,#4691);
#3987=LINE('',#11733,#4692);
#3988=LINE('',#11735,#4693);
#3989=LINE('',#11737,#4694);
#3990=LINE('',#11739,#4695);
#3991=LINE('',#11741,#4696);
#3992=LINE('',#11743,#4697);
#3993=LINE('',#11745,#4698);
#3994=LINE('',#11747,#4699);
#3995=LINE('',#11749,#4700);
#3996=LINE('',#11751,#4701);
#3997=LINE('',#11752,#4702);
#3998=LINE('',#11754,#4703);
#3999=LINE('',#11758,#4704);
#4000=LINE('',#11759,#4705);
#4001=LINE('',#11761,#4706);
#4002=LINE('',#11763,#4707);
#4003=LINE('',#11765,#4708);
#4004=LINE('',#11766,#4709);
#4005=LINE('',#11768,#4710);
#4006=LINE('',#11770,#4711);
#4007=LINE('',#11772,#4712);
#4008=LINE('',#11774,#4713);
#4009=LINE('',#11777,#4714);
#4010=LINE('',#11779,#4715);
#4011=LINE('',#11781,#4716);
#4012=LINE('',#11783,#4717);
#4013=LINE('',#11784,#4718);
#4014=LINE('',#11786,#4719);
#4015=LINE('',#11788,#4720);
#4016=LINE('',#11790,#4721);
#4017=LINE('',#11791,#4722);
#4018=LINE('',#11794,#4723);
#4019=LINE('',#11795,#4724);
#4020=LINE('',#11797,#4725);
#4021=LINE('',#11799,#4726);
#4022=LINE('',#11801,#4727);
#4023=LINE('',#11803,#4728);
#4024=LINE('',#11804,#4729);
#4025=LINE('',#11806,#4730);
#4026=LINE('',#11807,#4731);
#4027=LINE('',#11808,#4732);
#4028=LINE('',#11810,#4733);
#4029=LINE('',#11812,#4734);
#4030=LINE('',#11814,#4735);
#4031=LINE('',#11816,#4736);
#4032=LINE('',#11820,#4737);
#4033=LINE('',#11822,#4738);
#4034=LINE('',#11824,#4739);
#4035=LINE('',#11826,#4740);
#4036=LINE('',#11828,#4741);
#4037=LINE('',#11830,#4742);
#4038=LINE('',#11832,#4743);
#4039=LINE('',#11834,#4744);
#4040=LINE('',#11836,#4745);
#4041=LINE('',#11838,#4746);
#4042=LINE('',#11842,#4747);
#4043=LINE('',#11844,#4748);
#4044=LINE('',#11846,#4749);
#4045=LINE('',#11850,#4750);
#4046=LINE('',#11852,#4751);
#4047=LINE('',#11854,#4752);
#4048=LINE('',#11856,#4753);
#4049=LINE('',#11858,#4754);
#4050=LINE('',#11860,#4755);
#4051=LINE('',#11862,#4756);
#4052=LINE('',#11864,#4757);
#4053=LINE('',#11867,#4758);
#4054=LINE('',#11869,#4759);
#4055=LINE('',#11871,#4760);
#4056=LINE('',#11873,#4761);
#4057=LINE('',#11878,#4762);
#4058=LINE('',#11882,#4763);
#4059=LINE('',#11886,#4764);
#4060=LINE('',#11890,#4765);
#4061=LINE('',#11894,#4766);
#4062=LINE('',#11898,#4767);
#4063=LINE('',#11900,#4768);
#4064=LINE('',#11904,#4769);
#4065=LINE('',#11908,#4770);
#4066=LINE('',#11912,#4771);
#4067=LINE('',#11916,#4772);
#4068=LINE('',#11917,#4773);
#4069=LINE('',#11920,#4774);
#4070=LINE('',#11924,#4775);
#4071=LINE('',#11928,#4776);
#4072=LINE('',#11934,#4777);
#4073=LINE('',#11936,#4778);
#4074=LINE('',#11940,#4779);
#4075=LINE('',#11944,#4780);
#4076=LINE('',#11945,#4781);
#4077=LINE('',#11948,#4782);
#4078=LINE('',#11956,#4783);
#4079=LINE('',#11958,#4784);
#4080=LINE('',#11960,#4785);
#4081=LINE('',#11962,#4786);
#4082=LINE('',#11964,#4787);
#4083=LINE('',#11972,#4788);
#4084=LINE('',#11980,#4789);
#4085=LINE('',#11988,#4790);
#4086=LINE('',#11996,#4791);
#4087=LINE('',#12004,#4792);
#4088=LINE('',#12008,#4793);
#4089=LINE('',#12009,#4794);
#4090=LINE('',#12012,#4795);
#4091=LINE('',#12014,#4796);
#4092=LINE('',#12016,#4797);
#4093=LINE('',#12018,#4798);
#4094=LINE('',#12022,#4799);
#4095=LINE('',#12024,#4800);
#4096=LINE('',#12026,#4801);
#4097=LINE('',#12028,#4802);
#4098=LINE('',#12030,#4803);
#4099=LINE('',#12034,#4804);
#4100=LINE('',#12038,#4805);
#4101=LINE('',#12042,#4806);
#4102=LINE('',#12044,#4807);
#4103=LINE('',#12046,#4808);
#4104=LINE('',#12050,#4809);
#4105=LINE('',#12054,#4810);
#4106=LINE('',#12056,#4811);
#4107=LINE('',#12058,#4812);
#4108=LINE('',#12062,#4813);
#4109=LINE('',#12066,#4814);
#4110=LINE('',#12070,#4815);
#4111=LINE('',#12072,#4816);
#4112=LINE('',#12074,#4817);
#4113=LINE('',#12076,#4818);
#4114=LINE('',#12078,#4819);
#4115=LINE('',#12082,#4820);
#4116=LINE('',#12084,#4821);
#4117=LINE('',#12086,#4822);
#4118=LINE('',#12089,#4823);
#4119=LINE('',#12091,#4824);
#4120=LINE('',#12093,#4825);
#4121=LINE('',#12094,#4826);
#4122=LINE('',#12098,#4827);
#4123=LINE('',#12102,#4828);
#4124=LINE('',#12103,#4829);
#4125=LINE('',#12105,#4830);
#4126=LINE('',#12108,#4831);
#4127=LINE('',#12110,#4832);
#4128=LINE('',#12112,#4833);
#4129=LINE('',#12116,#4834);
#4130=LINE('',#12128,#4835);
#4131=LINE('',#12136,#4836);
#4132=LINE('',#12140,#4837);
#4133=LINE('',#12144,#4838);
#4134=LINE('',#12150,#4839);
#4135=LINE('',#12152,#4840);
#4136=LINE('',#12156,#4841);
#4137=LINE('',#12157,#4842);
#4138=LINE('',#12159,#4843);
#4139=LINE('',#12160,#4844);
#4140=LINE('',#12162,#4845);
#4141=LINE('',#12163,#4846);
#4142=LINE('',#12165,#4847);
#4143=LINE('',#12166,#4848);
#4144=LINE('',#12168,#4849);
#4145=LINE('',#12169,#4850);
#4146=LINE('',#12171,#4851);
#4147=LINE('',#12172,#4852);
#4148=LINE('',#12174,#4853);
#4149=LINE('',#12175,#4854);
#4150=LINE('',#12177,#4855);
#4151=LINE('',#12178,#4856);
#4152=LINE('',#12180,#4857);
#4153=LINE('',#12181,#4858);
#4154=LINE('',#12183,#4859);
#4155=LINE('',#12184,#4860);
#4156=LINE('',#12186,#4861);
#4157=LINE('',#12187,#4862);
#4158=LINE('',#12189,#4863);
#4159=LINE('',#12190,#4864);
#4160=LINE('',#12192,#4865);
#4161=LINE('',#12193,#4866);
#4162=LINE('',#12195,#4867);
#4163=LINE('',#12196,#4868);
#4164=LINE('',#12198,#4869);
#4165=LINE('',#12199,#4870);
#4166=LINE('',#12201,#4871);
#4167=LINE('',#12202,#4872);
#4168=LINE('',#12204,#4873);
#4169=LINE('',#12206,#4874);
#4170=LINE('',#12209,#4875);
#4171=LINE('',#12211,#4876);
#4172=LINE('',#12213,#4877);
#4173=LINE('',#12215,#4878);
#4174=LINE('',#12218,#4879);
#4175=LINE('',#12220,#4880);
#4176=LINE('',#12222,#4881);
#4177=LINE('',#12224,#4882);
#4178=LINE('',#12226,#4883);
#4179=LINE('',#12229,#4884);
#4180=LINE('',#12231,#4885);
#4181=LINE('',#12233,#4886);
#4182=LINE('',#12235,#4887);
#4183=LINE('',#12237,#4888);
#4184=LINE('',#12239,#4889);
#4185=LINE('',#12241,#4890);
#4186=LINE('',#12243,#4891);
#4187=LINE('',#12245,#4892);
#4188=LINE('',#12247,#4893);
#4189=LINE('',#12249,#4894);
#4190=LINE('',#12251,#4895);
#4191=LINE('',#12253,#4896);
#4192=LINE('',#12255,#4897);
#4193=LINE('',#12257,#4898);
#4194=LINE('',#12259,#4899);
#4195=LINE('',#12261,#4900);
#4196=LINE('',#12263,#4901);
#4197=LINE('',#12265,#4902);
#4198=LINE('',#12267,#4903);
#4199=LINE('',#12269,#4904);
#4200=LINE('',#12271,#4905);
#4201=LINE('',#12273,#4906);
#4202=LINE('',#12275,#4907);
#4203=LINE('',#12278,#4908);
#4204=LINE('',#12280,#4909);
#4205=LINE('',#12282,#4910);
#4206=LINE('',#12284,#4911);
#4207=LINE('',#12286,#4912);
#4208=LINE('',#12288,#4913);
#4209=LINE('',#12290,#4914);
#4210=LINE('',#12292,#4915);
#4211=LINE('',#12294,#4916);
#4212=LINE('',#12295,#4917);
#4213=LINE('',#12297,#4918);
#4214=LINE('',#12299,#4919);
#4215=LINE('',#12301,#4920);
#4216=LINE('',#12303,#4921);
#4217=LINE('',#12306,#4922);
#4218=LINE('',#12308,#4923);
#4219=LINE('',#12310,#4924);
#4220=LINE('',#12312,#4925);
#4221=LINE('',#12318,#4926);
#4222=LINE('',#12320,#4927);
#4223=LINE('',#12322,#4928);
#4224=LINE('',#12325,#4929);
#4225=LINE('',#12327,#4930);
#4226=LINE('',#12329,#4931);
#4227=LINE('',#12331,#4932);
#4228=LINE('',#12333,#4933);
#4229=LINE('',#12335,#4934);
#4230=LINE('',#12339,#4935);
#4231=LINE('',#12341,#4936);
#4232=LINE('',#12343,#4937);
#4233=LINE('',#12344,#4938);
#4234=LINE('',#12346,#4939);
#4235=LINE('',#12348,#4940);
#4236=LINE('',#12351,#4941);
#4237=LINE('',#12353,#4942);
#4238=LINE('',#12355,#4943);
#4239=LINE('',#12356,#4944);
#4240=LINE('',#12366,#4945);
#4241=LINE('',#12372,#4946);
#4242=LINE('',#12374,#4947);
#4243=LINE('',#12380,#4948);
#4244=LINE('',#12386,#4949);
#4245=LINE('',#12394,#4950);
#4246=LINE('',#12398,#4951);
#4247=LINE('',#12406,#4952);
#4248=LINE('',#12408,#4953);
#4249=LINE('',#12410,#4954);
#4250=LINE('',#12412,#4955);
#4251=LINE('',#12414,#4956);
#4252=LINE('',#12420,#4957);
#4253=LINE('',#12422,#4958);
#4254=LINE('',#12426,#4959);
#4255=LINE('',#12428,#4960);
#4256=LINE('',#12432,#4961);
#4257=LINE('',#12434,#4962);
#4258=LINE('',#12436,#4963);
#4259=LINE('',#12440,#4964);
#4260=LINE('',#12442,#4965);
#4261=LINE('',#12444,#4966);
#4262=LINE('',#12446,#4967);
#4263=LINE('',#12450,#4968);
#4264=LINE('',#12456,#4969);
#4265=LINE('',#12458,#4970);
#4266=LINE('',#12462,#4971);
#4267=LINE('',#12464,#4972);
#4268=LINE('',#12466,#4973);
#4269=LINE('',#12468,#4974);
#4270=LINE('',#12472,#4975);
#4271=LINE('',#12474,#4976);
#4272=LINE('',#12478,#4977);
#4273=LINE('',#12480,#4978);
#4274=LINE('',#12486,#4979);
#4275=LINE('',#12488,#4980);
#4276=LINE('',#12490,#4981);
#4277=LINE('',#12492,#4982);
#4278=LINE('',#12496,#4983);
#4279=LINE('',#12498,#4984);
#4280=LINE('',#12502,#4985);
#4281=LINE('',#12504,#4986);
#4282=LINE('',#12508,#4987);
#4283=LINE('',#12543,#4988);
#4284=LINE('',#12547,#4989);
#4285=LINE('',#12549,#4990);
#4286=LINE('',#12551,#4991);
#4287=LINE('',#12553,#4992);
#4288=LINE('',#12557,#4993);
#4289=LINE('',#12559,#4994);
#4290=LINE('',#12561,#4995);
#4291=LINE('',#12565,#4996);
#4292=LINE('',#12567,#4997);
#4293=LINE('',#12569,#4998);
#4294=LINE('',#12571,#4999);
#4295=LINE('',#12573,#5000);
#4296=LINE('',#12577,#5001);
#4297=LINE('',#12579,#5002);
#4298=LINE('',#12581,#5003);
#4299=LINE('',#12585,#5004);
#4300=LINE('',#12587,#5005);
#4301=LINE('',#12589,#5006);
#4302=LINE('',#12591,#5007);
#4303=LINE('',#12593,#5008);
#4304=LINE('',#12597,#5009);
#4305=LINE('',#12599,#5010);
#4306=LINE('',#12602,#5011);
#4307=LINE('',#12604,#5012);
#4308=LINE('',#12606,#5013);
#4309=LINE('',#12608,#5014);
#4310=LINE('',#12610,#5015);
#4311=LINE('',#12612,#5016);
#4312=LINE('',#12614,#5017);
#4313=LINE('',#12616,#5018);
#4314=LINE('',#12618,#5019);
#4315=LINE('',#12620,#5020);
#4316=LINE('',#12622,#5021);
#4317=LINE('',#12626,#5022);
#4318=LINE('',#12628,#5023);
#4319=LINE('',#12630,#5024);
#4320=LINE('',#12634,#5025);
#4321=LINE('',#12636,#5026);
#4322=LINE('',#12638,#5027);
#4323=LINE('',#12640,#5028);
#4324=LINE('',#12642,#5029);
#4325=LINE('',#12644,#5030);
#4326=LINE('',#12646,#5031);
#4327=LINE('',#12650,#5032);
#4328=LINE('',#12652,#5033);
#4329=LINE('',#12656,#5034);
#4330=LINE('',#12659,#5035);
#4331=LINE('',#12661,#5036);
#4332=LINE('',#12663,#5037);
#4333=LINE('',#12665,#5038);
#4334=LINE('',#12669,#5039);
#4335=LINE('',#12671,#5040);
#4336=LINE('',#12673,#5041);
#4337=LINE('',#12675,#5042);
#4338=LINE('',#12679,#5043);
#4339=LINE('',#12681,#5044);
#4340=LINE('',#12683,#5045);
#4341=LINE('',#12685,#5046);
#4342=LINE('',#12687,#5047);
#4343=LINE('',#12691,#5048);
#4344=LINE('',#12693,#5049);
#4345=LINE('',#12695,#5050);
#4346=LINE('',#12699,#5051);
#4347=LINE('',#12701,#5052);
#4348=LINE('',#12703,#5053);
#4349=LINE('',#12707,#5054);
#4350=LINE('',#12709,#5055);
#4351=LINE('',#12712,#5056);
#4352=LINE('',#12714,#5057);
#4353=LINE('',#12716,#5058);
#4354=LINE('',#12718,#5059);
#4355=LINE('',#12720,#5060);
#4356=LINE('',#12722,#5061);
#4357=LINE('',#12724,#5062);
#4358=LINE('',#12728,#5063);
#4359=LINE('',#12730,#5064);
#4360=LINE('',#12732,#5065);
#4361=LINE('',#12734,#5066);
#4362=LINE('',#12736,#5067);
#4363=LINE('',#12740,#5068);
#4364=LINE('',#12742,#5069);
#4365=LINE('',#12744,#5070);
#4366=LINE('',#12748,#5071);
#4367=LINE('',#12750,#5072);
#4368=LINE('',#12752,#5073);
#4369=LINE('',#12754,#5074);
#4370=LINE('',#12756,#5075);
#4371=LINE('',#12760,#5076);
#4372=LINE('',#12762,#5077);
#4373=LINE('',#12764,#5078);
#4374=LINE('',#12768,#5079);
#4375=LINE('',#12770,#5080);
#4376=LINE('',#12772,#5081);
#4377=LINE('',#12774,#5082);
#4378=LINE('',#12776,#5083);
#4379=LINE('',#12780,#5084);
#4380=LINE('',#12782,#5085);
#4381=LINE('',#12784,#5086);
#4382=LINE('',#12788,#5087);
#4383=LINE('',#12790,#5088);
#4384=LINE('',#12792,#5089);
#4385=LINE('',#12794,#5090);
#4386=LINE('',#12798,#5091);
#4387=LINE('',#12801,#5092);
#4388=LINE('',#12803,#5093);
#4389=LINE('',#12805,#5094);
#4390=LINE('',#12807,#5095);
#4391=LINE('',#12811,#5096);
#4392=LINE('',#12813,#5097);
#4393=LINE('',#12815,#5098);
#4394=LINE('',#12817,#5099);
#4395=LINE('',#12821,#5100);
#4396=LINE('',#12823,#5101);
#4397=LINE('',#12825,#5102);
#4398=LINE('',#12827,#5103);
#4399=LINE('',#12829,#5104);
#4400=LINE('',#12833,#5105);
#4401=LINE('',#12835,#5106);
#4402=LINE('',#12837,#5107);
#4403=LINE('',#12841,#5108);
#4404=LINE('',#12843,#5109);
#4405=LINE('',#12845,#5110);
#4406=LINE('',#12849,#5111);
#4407=LINE('',#12851,#5112);
#4408=LINE('',#12853,#5113);
#4409=LINE('',#12857,#5114);
#4410=LINE('',#12859,#5115);
#4411=LINE('',#12861,#5116);
#4412=LINE('',#12863,#5117);
#4413=LINE('',#12866,#5118);
#4414=LINE('',#12868,#5119);
#4415=LINE('',#12870,#5120);
#4416=LINE('',#12875,#5121);
#4417=LINE('',#12879,#5122);
#4418=LINE('',#12880,#5123);
#4419=LINE('',#12884,#5124);
#4420=LINE('',#12888,#5125);
#4421=LINE('',#12890,#5126);
#4422=LINE('',#12894,#5127);
#4423=LINE('',#12896,#5128);
#4424=LINE('',#12897,#5129);
#4425=LINE('',#12899,#5130);
#4426=LINE('',#12901,#5131);
#4427=LINE('',#12903,#5132);
#4428=LINE('',#12904,#5133);
#4429=LINE('',#12906,#5134);
#4430=LINE('',#12910,#5135);
#4431=LINE('',#12911,#5136);
#4432=LINE('',#12913,#5137);
#4433=LINE('',#12916,#5138);
#4434=LINE('',#12918,#5139);
#4435=LINE('',#12921,#5140);
#4436=LINE('',#12923,#5141);
#4437=LINE('',#12925,#5142);
#4438=LINE('',#12928,#5143);
#4439=LINE('',#12930,#5144);
#4440=LINE('',#12932,#5145);
#4441=LINE('',#12934,#5146);
#4442=LINE('',#12936,#5147);
#4443=LINE('',#12937,#5148);
#4444=LINE('',#12939,#5149);
#4445=LINE('',#12941,#5150);
#4446=LINE('',#12943,#5151);
#4447=LINE('',#12945,#5152);
#4448=LINE('',#12946,#5153);
#4449=LINE('',#12948,#5154);
#4450=LINE('',#12950,#5155);
#4451=LINE('',#12952,#5156);
#4452=LINE('',#12954,#5157);
#4453=LINE('',#12956,#5158);
#4454=LINE('',#12958,#5159);
#4455=LINE('',#12962,#5160);
#4456=LINE('',#12964,#5161);
#4457=LINE('',#12966,#5162);
#4458=LINE('',#12968,#5163);
#4459=LINE('',#12970,#5164);
#4460=LINE('',#12972,#5165);
#4461=LINE('',#12974,#5166);
#4462=LINE('',#12976,#5167);
#4463=LINE('',#12979,#5168);
#4464=LINE('',#12981,#5169);
#4465=LINE('',#12983,#5170);
#4466=LINE('',#12985,#5171);
#4467=LINE('',#12987,#5172);
#4468=LINE('',#12989,#5173);
#4469=LINE('',#12991,#5174);
#4470=LINE('',#12993,#5175);
#4471=LINE('',#12996,#5176);
#4472=LINE('',#12998,#5177);
#4473=LINE('',#13000,#5178);
#4474=LINE('',#13002,#5179);
#4475=LINE('',#13004,#5180);
#4476=LINE('',#13006,#5181);
#4477=LINE('',#13008,#5182);
#4478=LINE('',#13010,#5183);
#4479=LINE('',#13013,#5184);
#4480=LINE('',#13015,#5185);
#4481=LINE('',#13017,#5186);
#4482=LINE('',#13019,#5187);
#4483=LINE('',#13021,#5188);
#4484=LINE('',#13023,#5189);
#4485=LINE('',#13025,#5190);
#4486=LINE('',#13027,#5191);
#4487=LINE('',#13030,#5192);
#4488=LINE('',#13032,#5193);
#4489=LINE('',#13034,#5194);
#4490=LINE('',#13036,#5195);
#4491=LINE('',#13038,#5196);
#4492=LINE('',#13040,#5197);
#4493=LINE('',#13042,#5198);
#4494=LINE('',#13044,#5199);
#4495=LINE('',#13048,#5200);
#4496=LINE('',#13050,#5201);
#4497=LINE('',#13052,#5202);
#4498=LINE('',#13054,#5203);
#4499=LINE('',#13056,#5204);
#4500=LINE('',#13058,#5205);
#4501=LINE('',#13060,#5206);
#4502=LINE('',#13062,#5207);
#4503=LINE('',#13063,#5208);
#4504=LINE('',#13065,#5209);
#4505=LINE('',#13067,#5210);
#4506=LINE('',#13069,#5211);
#4507=LINE('',#13071,#5212);
#4508=LINE('',#13073,#5213);
#4509=LINE('',#13074,#5214);
#4510=VECTOR('',#9359,1000.);
#4511=VECTOR('',#9360,1000.);
#4512=VECTOR('',#9361,1000.);
#4513=VECTOR('',#9362,1000.);
#4514=VECTOR('',#9365,1000.);
#4515=VECTOR('',#9366,1000.);
#4516=VECTOR('',#9367,1000.);
#4517=VECTOR('',#9368,1000.);
#4518=VECTOR('',#9369,1000.);
#4519=VECTOR('',#9370,1000.);
#4520=VECTOR('',#9371,1000.);
#4521=VECTOR('',#9372,1000.);
#4522=VECTOR('',#9375,1000.);
#4523=VECTOR('',#9376,1000.);
#4524=VECTOR('',#9377,1000.);
#4525=VECTOR('',#9378,1000.);
#4526=VECTOR('',#9381,1000.);
#4527=VECTOR('',#9382,1000.);
#4528=VECTOR('',#9383,1000.);
#4529=VECTOR('',#9384,1000.);
#4530=VECTOR('',#9385,1000.);
#4531=VECTOR('',#9386,1000.);
#4532=VECTOR('',#9387,1000.);
#4533=VECTOR('',#9388,1000.);
#4534=VECTOR('',#9391,1000.);
#4535=VECTOR('',#9394,1000.);
#4536=VECTOR('',#9395,1000.);
#4537=VECTOR('',#9398,1000.);
#4538=VECTOR('',#9399,1000.);
#4539=VECTOR('',#9402,1000.);
#4540=VECTOR('',#9405,1000.);
#4541=VECTOR('',#9406,1000.);
#4542=VECTOR('',#9407,1000.);
#4543=VECTOR('',#9408,1000.);
#4544=VECTOR('',#9409,1000.);
#4545=VECTOR('',#9412,1000.);
#4546=VECTOR('',#9415,1000.);
#4547=VECTOR('',#9420,1000.);
#4548=VECTOR('',#9421,1000.);
#4549=VECTOR('',#9424,1000.);
#4550=VECTOR('',#9425,1000.);
#4551=VECTOR('',#9426,1000.);
#4552=VECTOR('',#9427,1000.);
#4553=VECTOR('',#9428,1000.);
#4554=VECTOR('',#9429,1000.);
#4555=VECTOR('',#9430,1000.);
#4556=VECTOR('',#9431,1000.);
#4557=VECTOR('',#9432,1000.);
#4558=VECTOR('',#9433,1000.);
#4559=VECTOR('',#9434,1000.);
#4560=VECTOR('',#9435,1000.);
#4561=VECTOR('',#9438,1000.);
#4562=VECTOR('',#9439,1000.);
#4563=VECTOR('',#9442,1000.);
#4564=VECTOR('',#9445,1000.);
#4565=VECTOR('',#9446,1000.);
#4566=VECTOR('',#9447,1000.);
#4567=VECTOR('',#9448,1000.);
#4568=VECTOR('',#9449,1000.);
#4569=VECTOR('',#9450,1000.);
#4570=VECTOR('',#9453,1000.);
#4571=VECTOR('',#9454,1000.);
#4572=VECTOR('',#9455,1000.);
#4573=VECTOR('',#9456,1000.);
#4574=VECTOR('',#9459,1000.);
#4575=VECTOR('',#9462,1000.);
#4576=VECTOR('',#9463,1000.);
#4577=VECTOR('',#9466,1000.);
#4578=VECTOR('',#9469,1000.);
#4579=VECTOR('',#9470,1000.);
#4580=VECTOR('',#9473,1000.);
#4581=VECTOR('',#9476,1000.);
#4582=VECTOR('',#9477,1000.);
#4583=VECTOR('',#9480,1000.);
#4584=VECTOR('',#9483,1000.);
#4585=VECTOR('',#9484,1000.);
#4586=VECTOR('',#9485,1000.);
#4587=VECTOR('',#9486,1000.);
#4588=VECTOR('',#9489,1000.);
#4589=VECTOR('',#9492,1000.);
#4590=VECTOR('',#9493,1000.);
#4591=VECTOR('',#9494,1000.);
#4592=VECTOR('',#9497,1000.);
#4593=VECTOR('',#9500,1000.);
#4594=VECTOR('',#9501,1000.);
#4595=VECTOR('',#9502,1000.);
#4596=VECTOR('',#9503,1000.);
#4597=VECTOR('',#9506,1000.);
#4598=VECTOR('',#9513,1000.);
#4599=VECTOR('',#9520,1000.);
#4600=VECTOR('',#9527,1000.);
#4601=VECTOR('',#9534,1000.);
#4602=VECTOR('',#9541,1000.);
#4603=VECTOR('',#9542,1000.);
#4604=VECTOR('',#9543,1000.);
#4605=VECTOR('',#9544,1000.);
#4606=VECTOR('',#9545,1000.);
#4607=VECTOR('',#9552,1000.);
#4608=VECTOR('',#9555,1000.);
#4609=VECTOR('',#9558,1000.);
#4610=VECTOR('',#9561,1000.);
#4611=VECTOR('',#9562,1000.);
#4612=VECTOR('',#9563,1000.);
#4613=VECTOR('',#9566,1000.);
#4614=VECTOR('',#9569,1000.);
#4615=VECTOR('',#9572,1000.);
#4616=VECTOR('',#9573,1000.);
#4617=VECTOR('',#9574,1000.);
#4618=VECTOR('',#9577,1000.);
#4619=VECTOR('',#9578,1000.);
#4620=VECTOR('',#9581,1000.);
#4621=VECTOR('',#9584,1000.);
#4622=VECTOR('',#9585,1000.);
#4623=VECTOR('',#9588,1000.);
#4624=VECTOR('',#9589,1000.);
#4625=VECTOR('',#9590,1000.);
#4626=VECTOR('',#9591,1000.);
#4627=VECTOR('',#9592,1000.);
#4628=VECTOR('',#9595,1000.);
#4629=VECTOR('',#9598,1000.);
#4630=VECTOR('',#9601,1000.);
#4631=VECTOR('',#9602,1000.);
#4632=VECTOR('',#9603,1000.);
#4633=VECTOR('',#9606,1000.);
#4634=VECTOR('',#9609,1000.);
#4635=VECTOR('',#9610,1000.);
#4636=VECTOR('',#9611,1000.);
#4637=VECTOR('',#9614,1000.);
#4638=VECTOR('',#9617,1000.);
#4639=VECTOR('',#9620,1000.);
#4640=VECTOR('',#9621,1000.);
#4641=VECTOR('',#9624,1000.);
#4642=VECTOR('',#9625,1000.);
#4643=VECTOR('',#9628,1000.);
#4644=VECTOR('',#9631,1000.);
#4645=VECTOR('',#9634,1000.);
#4646=VECTOR('',#9637,1000.);
#4647=VECTOR('',#9638,1000.);
#4648=VECTOR('',#9641,1000.);
#4649=VECTOR('',#9644,1000.);
#4650=VECTOR('',#9647,1000.);
#4651=VECTOR('',#9650,1000.);
#4652=VECTOR('',#9653,1000.);
#4653=VECTOR('',#9654,1000.);
#4654=VECTOR('',#9657,1000.);
#4655=VECTOR('',#9660,1000.);
#4656=VECTOR('',#9661,1000.);
#4657=VECTOR('',#9664,1000.);
#4658=VECTOR('',#9667,1000.);
#4659=VECTOR('',#9668,1000.);
#4660=VECTOR('',#9671,1000.);
#4661=VECTOR('',#9674,1000.);
#4662=VECTOR('',#9677,1000.);
#4663=VECTOR('',#9680,1000.);
#4664=VECTOR('',#9683,1000.);
#4665=VECTOR('',#9686,1000.);
#4666=VECTOR('',#9687,1000.);
#4667=VECTOR('',#9690,1000.);
#4668=VECTOR('',#9693,1000.);
#4669=VECTOR('',#9694,1000.);
#4670=VECTOR('',#9697,1000.);
#4671=VECTOR('',#9700,1000.);
#4672=VECTOR('',#9703,1000.);
#4673=VECTOR('',#9706,1000.);
#4674=VECTOR('',#9707,1000.);
#4675=VECTOR('',#9710,1000.);
#4676=VECTOR('',#9711,1000.);
#4677=VECTOR('',#9712,1000.);
#4678=VECTOR('',#9713,1000.);
#4679=VECTOR('',#9716,1000.);
#4680=VECTOR('',#9717,1000.);
#4681=VECTOR('',#9718,1000.);
#4682=VECTOR('',#9719,1000.);
#4683=VECTOR('',#9720,1000.);
#4684=VECTOR('',#9721,1000.);
#4685=VECTOR('',#9722,1000.);
#4686=VECTOR('',#9723,1000.);
#4687=VECTOR('',#9724,1000.);
#4688=VECTOR('',#9727,1000.);
#4689=VECTOR('',#9730,1000.);
#4690=VECTOR('',#9731,1000.);
#4691=VECTOR('',#9734,1000.);
#4692=VECTOR('',#9735,1000.);
#4693=VECTOR('',#9736,1000.);
#4694=VECTOR('',#9737,1000.);
#4695=VECTOR('',#9738,1000.);
#4696=VECTOR('',#9739,1000.);
#4697=VECTOR('',#9740,1000.);
#4698=VECTOR('',#9741,1000.);
#4699=VECTOR('',#9742,1000.);
#4700=VECTOR('',#9743,1000.);
#4701=VECTOR('',#9744,1000.);
#4702=VECTOR('',#9745,1000.);
#4703=VECTOR('',#9746,1000.);
#4704=VECTOR('',#9751,1000.);
#4705=VECTOR('',#9752,1000.);
#4706=VECTOR('',#9755,1000.);
#4707=VECTOR('',#9758,1000.);
#4708=VECTOR('',#9761,1000.);
#4709=VECTOR('',#9762,1000.);
#4710=VECTOR('',#9765,1000.);
#4711=VECTOR('',#9768,1000.);
#4712=VECTOR('',#9771,1000.);
#4713=VECTOR('',#9774,1000.);
#4714=VECTOR('',#9775,1000.);
#4715=VECTOR('',#9776,1000.);
#4716=VECTOR('',#9777,1000.);
#4717=VECTOR('',#9778,1000.);
#4718=VECTOR('',#9779,1000.);
#4719=VECTOR('',#9780,1000.);
#4720=VECTOR('',#9783,1000.);
#4721=VECTOR('',#9784,1000.);
#4722=VECTOR('',#9785,1000.);
#4723=VECTOR('',#9786,1000.);
#4724=VECTOR('',#9787,1000.);
#4725=VECTOR('',#9790,1000.);
#4726=VECTOR('',#9791,1000.);
#4727=VECTOR('',#9792,1000.);
#4728=VECTOR('',#9795,1000.);
#4729=VECTOR('',#9796,1000.);
#4730=VECTOR('',#9799,1000.);
#4731=VECTOR('',#9800,1000.);
#4732=VECTOR('',#9801,1000.);
#4733=VECTOR('',#9804,1000.);
#4734=VECTOR('',#9805,1000.);
#4735=VECTOR('',#9808,1000.);
#4736=VECTOR('',#9809,1000.);
#4737=VECTOR('',#9816,1000.);
#4738=VECTOR('',#9817,1000.);
#4739=VECTOR('',#9820,1000.);
#4740=VECTOR('',#9821,1000.);
#4741=VECTOR('',#9824,1000.);
#4742=VECTOR('',#9825,1000.);
#4743=VECTOR('',#9828,1000.);
#4744=VECTOR('',#9829,1000.);
#4745=VECTOR('',#9830,1000.);
#4746=VECTOR('',#9833,1000.);
#4747=VECTOR('',#9838,1000.);
#4748=VECTOR('',#9839,1000.);
#4749=VECTOR('',#9842,1000.);
#4750=VECTOR('',#9847,1000.);
#4751=VECTOR('',#9848,1000.);
#4752=VECTOR('',#9849,1000.);
#4753=VECTOR('',#9852,1000.);
#4754=VECTOR('',#9853,1000.);
#4755=VECTOR('',#9856,1000.);
#4756=VECTOR('',#9857,1000.);
#4757=VECTOR('',#9860,1000.);
#4758=VECTOR('',#9861,1000.);
#4759=VECTOR('',#9862,1000.);
#4760=VECTOR('',#9863,1000.);
#4761=VECTOR('',#9866,1000.);
#4762=VECTOR('',#9869,1000.);
#4763=VECTOR('',#9872,1000.);
#4764=VECTOR('',#9875,1000.);
#4765=VECTOR('',#9878,1000.);
#4766=VECTOR('',#9881,1000.);
#4767=VECTOR('',#9884,1000.);
#4768=VECTOR('',#9885,1000.);
#4769=VECTOR('',#9888,1000.);
#4770=VECTOR('',#9891,1000.);
#4771=VECTOR('',#9894,1000.);
#4772=VECTOR('',#9897,1000.);
#4773=VECTOR('',#9898,1000.);
#4774=VECTOR('',#9899,1000.);
#4775=VECTOR('',#9902,1000.);
#4776=VECTOR('',#9905,1000.);
#4777=VECTOR('',#9910,1000.);
#4778=VECTOR('',#9911,1000.);
#4779=VECTOR('',#9914,1000.);
#4780=VECTOR('',#9917,1000.);
#4781=VECTOR('',#9918,1000.);
#4782=VECTOR('',#9919,1000.);
#4783=VECTOR('',#9926,1000.);
#4784=VECTOR('',#9927,1000.);
#4785=VECTOR('',#9928,1000.);
#4786=VECTOR('',#9929,1000.);
#4787=VECTOR('',#9930,1000.);
#4788=VECTOR('',#9937,1000.);
#4789=VECTOR('',#9944,1000.);
#4790=VECTOR('',#9951,1000.);
#4791=VECTOR('',#9958,1000.);
#4792=VECTOR('',#9965,1000.);
#4793=VECTOR('',#9968,1000.);
#4794=VECTOR('',#9969,1000.);
#4795=VECTOR('',#9970,1000.);
#4796=VECTOR('',#9971,1000.);
#4797=VECTOR('',#9972,1000.);
#4798=VECTOR('',#9973,1000.);
#4799=VECTOR('',#9976,1000.);
#4800=VECTOR('',#9977,1000.);
#4801=VECTOR('',#9978,1000.);
#4802=VECTOR('',#9979,1000.);
#4803=VECTOR('',#9980,1000.);
#4804=VECTOR('',#9983,1000.);
#4805=VECTOR('',#9986,1000.);
#4806=VECTOR('',#9989,1000.);
#4807=VECTOR('',#9990,1000.);
#4808=VECTOR('',#9991,1000.);
#4809=VECTOR('',#9994,1000.);
#4810=VECTOR('',#9997,1000.);
#4811=VECTOR('',#9998,1000.);
#4812=VECTOR('',#9999,1000.);
#4813=VECTOR('',#10002,1000.);
#4814=VECTOR('',#10005,1000.);
#4815=VECTOR('',#10008,1000.);
#4816=VECTOR('',#10009,1000.);
#4817=VECTOR('',#10010,1000.);
#4818=VECTOR('',#10011,1000.);
#4819=VECTOR('',#10012,1000.);
#4820=VECTOR('',#10015,1000.);
#4821=VECTOR('',#10016,1000.);
#4822=VECTOR('',#10019,1000.);
#4823=VECTOR('',#10020,1000.);
#4824=VECTOR('',#10021,1000.);
#4825=VECTOR('',#10022,1000.);
#4826=VECTOR('',#10023,1000.);
#4827=VECTOR('',#10028,1000.);
#4828=VECTOR('',#10033,1000.);
#4829=VECTOR('',#10034,1000.);
#4830=VECTOR('',#10037,1000.);
#4831=VECTOR('',#10038,1000.);
#4832=VECTOR('',#10039,1000.);
#4833=VECTOR('',#10040,1000.);
#4834=VECTOR('',#10045,1000.);
#4835=VECTOR('',#10064,1000.);
#4836=VECTOR('',#10071,1000.);
#4837=VECTOR('',#10074,1000.);
#4838=VECTOR('',#10077,1000.);
#4839=VECTOR('',#10082,1000.);
#4840=VECTOR('',#10085,1000.);
#4841=VECTOR('',#10090,1000.);
#4842=VECTOR('',#10091,1000.);
#4843=VECTOR('',#10094,1000.);
#4844=VECTOR('',#10095,1000.);
#4845=VECTOR('',#10098,1000.);
#4846=VECTOR('',#10099,1000.);
#4847=VECTOR('',#10102,1000.);
#4848=VECTOR('',#10103,1000.);
#4849=VECTOR('',#10106,1000.);
#4850=VECTOR('',#10107,1000.);
#4851=VECTOR('',#10110,1000.);
#4852=VECTOR('',#10111,1000.);
#4853=VECTOR('',#10114,1000.);
#4854=VECTOR('',#10115,1000.);
#4855=VECTOR('',#10118,1000.);
#4856=VECTOR('',#10119,1000.);
#4857=VECTOR('',#10122,1000.);
#4858=VECTOR('',#10123,1000.);
#4859=VECTOR('',#10126,1000.);
#4860=VECTOR('',#10127,1000.);
#4861=VECTOR('',#10130,1000.);
#4862=VECTOR('',#10131,1000.);
#4863=VECTOR('',#10134,1000.);
#4864=VECTOR('',#10135,1000.);
#4865=VECTOR('',#10138,1000.);
#4866=VECTOR('',#10139,1000.);
#4867=VECTOR('',#10142,1000.);
#4868=VECTOR('',#10143,1000.);
#4869=VECTOR('',#10146,1000.);
#4870=VECTOR('',#10147,1000.);
#4871=VECTOR('',#10150,1000.);
#4872=VECTOR('',#10151,1000.);
#4873=VECTOR('',#10154,1000.);
#4874=VECTOR('',#10157,1000.);
#4875=VECTOR('',#10162,1000.);
#4876=VECTOR('',#10165,1000.);
#4877=VECTOR('',#10168,1000.);
#4878=VECTOR('',#10171,1000.);
#4879=VECTOR('',#10176,1000.);
#4880=VECTOR('',#10179,1000.);
#4881=VECTOR('',#10182,1000.);
#4882=VECTOR('',#10185,1000.);
#4883=VECTOR('',#10188,1000.);
#4884=VECTOR('',#10193,1000.);
#4885=VECTOR('',#10196,1000.);
#4886=VECTOR('',#10199,1000.);
#4887=VECTOR('',#10202,1000.);
#4888=VECTOR('',#10205,1000.);
#4889=VECTOR('',#10208,1000.);
#4890=VECTOR('',#10211,1000.);
#4891=VECTOR('',#10214,1000.);
#4892=VECTOR('',#10217,1000.);
#4893=VECTOR('',#10220,1000.);
#4894=VECTOR('',#10223,1000.);
#4895=VECTOR('',#10226,1000.);
#4896=VECTOR('',#10229,1000.);
#4897=VECTOR('',#10232,1000.);
#4898=VECTOR('',#10235,1000.);
#4899=VECTOR('',#10238,1000.);
#4900=VECTOR('',#10241,1000.);
#4901=VECTOR('',#10244,1000.);
#4902=VECTOR('',#10247,1000.);
#4903=VECTOR('',#10250,1000.);
#4904=VECTOR('',#10253,1000.);
#4905=VECTOR('',#10256,1000.);
#4906=VECTOR('',#10259,1000.);
#4907=VECTOR('',#10262,1000.);
#4908=VECTOR('',#10267,1000.);
#4909=VECTOR('',#10270,1000.);
#4910=VECTOR('',#10273,1000.);
#4911=VECTOR('',#10276,1000.);
#4912=VECTOR('',#10279,1000.);
#4913=VECTOR('',#10282,1000.);
#4914=VECTOR('',#10285,1000.);
#4915=VECTOR('',#10288,1000.);
#4916=VECTOR('',#10291,1000.);
#4917=VECTOR('',#10292,1000.);
#4918=VECTOR('',#10295,1000.);
#4919=VECTOR('',#10298,1000.);
#4920=VECTOR('',#10301,1000.);
#4921=VECTOR('',#10304,1000.);
#4922=VECTOR('',#10309,1000.);
#4923=VECTOR('',#10312,1000.);
#4924=VECTOR('',#10315,1000.);
#4925=VECTOR('',#10318,1000.);
#4926=VECTOR('',#10329,1000.);
#4927=VECTOR('',#10332,1000.);
#4928=VECTOR('',#10335,1000.);
#4929=VECTOR('',#10340,1000.);
#4930=VECTOR('',#10343,1000.);
#4931=VECTOR('',#10346,1000.);
#4932=VECTOR('',#10349,1000.);
#4933=VECTOR('',#10352,1000.);
#4934=VECTOR('',#10355,1000.);
#4935=VECTOR('',#10362,1000.);
#4936=VECTOR('',#10365,1000.);
#4937=VECTOR('',#10366,1000.);
#4938=VECTOR('',#10367,1000.);
#4939=VECTOR('',#10368,1000.);
#4940=VECTOR('',#10371,1000.);
#4941=VECTOR('',#10376,1000.);
#4942=VECTOR('',#10379,1000.);
#4943=VECTOR('',#10382,1000.);
#4944=VECTOR('',#10383,1000.);
#4945=VECTOR('',#10402,1000.);
#4946=VECTOR('',#10411,1000.);
#4947=VECTOR('',#10412,1000.);
#4948=VECTOR('',#10419,1000.);
#4949=VECTOR('',#10424,1000.);
#4950=VECTOR('',#10431,1000.);
#4951=VECTOR('',#10434,1000.);
#4952=VECTOR('',#10441,1000.);
#4953=VECTOR('',#10444,1000.);
#4954=VECTOR('',#10445,1000.);
#4955=VECTOR('',#10446,1000.);
#4956=VECTOR('',#10449,1000.);
#4957=VECTOR('',#10456,1000.);
#4958=VECTOR('',#10459,1000.);
#4959=VECTOR('',#10464,1000.);
#4960=VECTOR('',#10465,1000.);
#4961=VECTOR('',#10470,1000.);
#4962=VECTOR('',#10473,1000.);
#4963=VECTOR('',#10474,1000.);
#4964=VECTOR('',#10479,1000.);
#4965=VECTOR('',#10482,1000.);
#4966=VECTOR('',#10483,1000.);
#4967=VECTOR('',#10486,1000.);
#4968=VECTOR('',#10491,1000.);
#4969=VECTOR('',#10498,1000.);
#4970=VECTOR('',#10501,1000.);
#4971=VECTOR('',#10504,1000.);
#4972=VECTOR('',#10507,1000.);
#4973=VECTOR('',#10508,1000.);
#4974=VECTOR('',#10511,1000.);
#4975=VECTOR('',#10516,1000.);
#4976=VECTOR('',#10517,1000.);
#4977=VECTOR('',#10522,1000.);
#4978=VECTOR('',#10525,1000.);
#4979=VECTOR('',#10532,1000.);
#4980=VECTOR('',#10535,1000.);
#4981=VECTOR('',#10538,1000.);
#4982=VECTOR('',#10539,1000.);
#4983=VECTOR('',#10544,1000.);
#4984=VECTOR('',#10547,1000.);
#4985=VECTOR('',#10552,1000.);
#4986=VECTOR('',#10553,1000.);
#4987=VECTOR('',#10558,1000.);
#4988=VECTOR('',#10607,1000.);
#4989=VECTOR('',#10610,1000.);
#4990=VECTOR('',#10613,1000.);
#4991=VECTOR('',#10614,1000.);
#4992=VECTOR('',#10617,1000.);
#4993=VECTOR('',#10622,1000.);
#4994=VECTOR('',#10623,1000.);
#4995=VECTOR('',#10626,1000.);
#4996=VECTOR('',#10631,1000.);
#4997=VECTOR('',#10632,1000.);
#4998=VECTOR('',#10635,1000.);
#4999=VECTOR('',#10636,1000.);
#5000=VECTOR('',#10639,1000.);
#5001=VECTOR('',#10644,1000.);
#5002=VECTOR('',#10645,1000.);
#5003=VECTOR('',#10648,1000.);
#5004=VECTOR('',#10653,1000.);
#5005=VECTOR('',#10654,1000.);
#5006=VECTOR('',#10657,1000.);
#5007=VECTOR('',#10658,1000.);
#5008=VECTOR('',#10661,1000.);
#5009=VECTOR('',#10666,1000.);
#5010=VECTOR('',#10669,1000.);
#5011=VECTOR('',#10670,1000.);
#5012=VECTOR('',#10671,1000.);
#5013=VECTOR('',#10672,1000.);
#5014=VECTOR('',#10675,1000.);
#5015=VECTOR('',#10676,1000.);
#5016=VECTOR('',#10677,1000.);
#5017=VECTOR('',#10680,1000.);
#5018=VECTOR('',#10681,1000.);
#5019=VECTOR('',#10684,1000.);
#5020=VECTOR('',#10685,1000.);
#5021=VECTOR('',#10688,1000.);
#5022=VECTOR('',#10693,1000.);
#5023=VECTOR('',#10694,1000.);
#5024=VECTOR('',#10697,1000.);
#5025=VECTOR('',#10702,1000.);
#5026=VECTOR('',#10703,1000.);
#5027=VECTOR('',#10706,1000.);
#5028=VECTOR('',#10707,1000.);
#5029=VECTOR('',#10710,1000.);
#5030=VECTOR('',#10711,1000.);
#5031=VECTOR('',#10714,1000.);
#5032=VECTOR('',#10719,1000.);
#5033=VECTOR('',#10720,1000.);
#5034=VECTOR('',#10727,1000.);
#5035=VECTOR('',#10728,1000.);
#5036=VECTOR('',#10729,1000.);
#5037=VECTOR('',#10730,1000.);
#5038=VECTOR('',#10733,1000.);
#5039=VECTOR('',#10736,1000.);
#5040=VECTOR('',#10739,1000.);
#5041=VECTOR('',#10740,1000.);
#5042=VECTOR('',#10743,1000.);
#5043=VECTOR('',#10748,1000.);
#5044=VECTOR('',#10749,1000.);
#5045=VECTOR('',#10752,1000.);
#5046=VECTOR('',#10753,1000.);
#5047=VECTOR('',#10756,1000.);
#5048=VECTOR('',#10761,1000.);
#5049=VECTOR('',#10762,1000.);
#5050=VECTOR('',#10765,1000.);
#5051=VECTOR('',#10770,1000.);
#5052=VECTOR('',#10771,1000.);
#5053=VECTOR('',#10774,1000.);
#5054=VECTOR('',#10779,1000.);
#5055=VECTOR('',#10782,1000.);
#5056=VECTOR('',#10783,1000.);
#5057=VECTOR('',#10784,1000.);
#5058=VECTOR('',#10785,1000.);
#5059=VECTOR('',#10788,1000.);
#5060=VECTOR('',#10789,1000.);
#5061=VECTOR('',#10790,1000.);
#5062=VECTOR('',#10793,1000.);
#5063=VECTOR('',#10798,1000.);
#5064=VECTOR('',#10799,1000.);
#5065=VECTOR('',#10802,1000.);
#5066=VECTOR('',#10803,1000.);
#5067=VECTOR('',#10806,1000.);
#5068=VECTOR('',#10811,1000.);
#5069=VECTOR('',#10812,1000.);
#5070=VECTOR('',#10815,1000.);
#5071=VECTOR('',#10820,1000.);
#5072=VECTOR('',#10821,1000.);
#5073=VECTOR('',#10824,1000.);
#5074=VECTOR('',#10825,1000.);
#5075=VECTOR('',#10828,1000.);
#5076=VECTOR('',#10833,1000.);
#5077=VECTOR('',#10834,1000.);
#5078=VECTOR('',#10837,1000.);
#5079=VECTOR('',#10842,1000.);
#5080=VECTOR('',#10843,1000.);
#5081=VECTOR('',#10846,1000.);
#5082=VECTOR('',#10847,1000.);
#5083=VECTOR('',#10850,1000.);
#5084=VECTOR('',#10855,1000.);
#5085=VECTOR('',#10856,1000.);
#5086=VECTOR('',#10859,1000.);
#5087=VECTOR('',#10864,1000.);
#5088=VECTOR('',#10865,1000.);
#5089=VECTOR('',#10868,1000.);
#5090=VECTOR('',#10869,1000.);
#5091=VECTOR('',#10876,1000.);
#5092=VECTOR('',#10877,1000.);
#5093=VECTOR('',#10878,1000.);
#5094=VECTOR('',#10879,1000.);
#5095=VECTOR('',#10882,1000.);
#5096=VECTOR('',#10885,1000.);
#5097=VECTOR('',#10888,1000.);
#5098=VECTOR('',#10889,1000.);
#5099=VECTOR('',#10892,1000.);
#5100=VECTOR('',#10897,1000.);
#5101=VECTOR('',#10898,1000.);
#5102=VECTOR('',#10901,1000.);
#5103=VECTOR('',#10902,1000.);
#5104=VECTOR('',#10905,1000.);
#5105=VECTOR('',#10910,1000.);
#5106=VECTOR('',#10911,1000.);
#5107=VECTOR('',#10914,1000.);
#5108=VECTOR('',#10919,1000.);
#5109=VECTOR('',#10920,1000.);
#5110=VECTOR('',#10923,1000.);
#5111=VECTOR('',#10928,1000.);
#5112=VECTOR('',#10929,1000.);
#5113=VECTOR('',#10932,1000.);
#5114=VECTOR('',#10937,1000.);
#5115=VECTOR('',#10938,1000.);
#5116=VECTOR('',#10941,1000.);
#5117=VECTOR('',#10944,1000.);
#5118=VECTOR('',#10945,1000.);
#5119=VECTOR('',#10946,1000.);
#5120=VECTOR('',#10947,1000.);
#5121=VECTOR('',#10954,1000.);
#5122=VECTOR('',#10957,1000.);
#5123=VECTOR('',#10958,1000.);
#5124=VECTOR('',#10961,1000.);
#5125=VECTOR('',#10964,1000.);
#5126=VECTOR('',#10965,1000.);
#5127=VECTOR('',#10968,1000.);
#5128=VECTOR('',#10969,1000.);
#5129=VECTOR('',#10970,1000.);
#5130=VECTOR('',#10971,1000.);
#5131=VECTOR('',#10972,1000.);
#5132=VECTOR('',#10975,1000.);
#5133=VECTOR('',#10976,1000.);
#5134=VECTOR('',#10979,1000.);
#5135=VECTOR('',#10986,1000.);
#5136=VECTOR('',#10987,1000.);
#5137=VECTOR('',#10990,1000.);
#5138=VECTOR('',#10995,1000.);
#5139=VECTOR('',#10998,1000.);
#5140=VECTOR('',#11003,1000.);
#5141=VECTOR('',#11006,1000.);
#5142=VECTOR('',#11009,1000.);
#5143=VECTOR('',#11014,1000.);
#5144=VECTOR('',#11017,1000.);
#5145=VECTOR('',#11020,1000.);
#5146=VECTOR('',#11023,1000.);
#5147=VECTOR('',#11026,1000.);
#5148=VECTOR('',#11027,1000.);
#5149=VECTOR('',#11030,1000.);
#5150=VECTOR('',#11033,1000.);
#5151=VECTOR('',#11036,1000.);
#5152=VECTOR('',#11039,1000.);
#5153=VECTOR('',#11040,1000.);
#5154=VECTOR('',#11043,1000.);
#5155=VECTOR('',#11046,1000.);
#5156=VECTOR('',#11049,1000.);
#5157=VECTOR('',#11052,1000.);
#5158=VECTOR('',#11055,1000.);
#5159=VECTOR('',#11058,1000.);
#5160=VECTOR('',#11065,1000.);
#5161=VECTOR('',#11066,1000.);
#5162=VECTOR('',#11067,1000.);
#5163=VECTOR('',#11070,1000.);
#5164=VECTOR('',#11071,1000.);
#5165=VECTOR('',#11074,1000.);
#5166=VECTOR('',#11075,1000.);
#5167=VECTOR('',#11078,1000.);
#5168=VECTOR('',#11083,1000.);
#5169=VECTOR('',#11084,1000.);
#5170=VECTOR('',#11085,1000.);
#5171=VECTOR('',#11088,1000.);
#5172=VECTOR('',#11089,1000.);
#5173=VECTOR('',#11092,1000.);
#5174=VECTOR('',#11093,1000.);
#5175=VECTOR('',#11096,1000.);
#5176=VECTOR('',#11101,1000.);
#5177=VECTOR('',#11102,1000.);
#5178=VECTOR('',#11103,1000.);
#5179=VECTOR('',#11106,1000.);
#5180=VECTOR('',#11107,1000.);
#5181=VECTOR('',#11110,1000.);
#5182=VECTOR('',#11111,1000.);
#5183=VECTOR('',#11114,1000.);
#5184=VECTOR('',#11119,1000.);
#5185=VECTOR('',#11120,1000.);
#5186=VECTOR('',#11121,1000.);
#5187=VECTOR('',#11124,1000.);
#5188=VECTOR('',#11125,1000.);
#5189=VECTOR('',#11128,1000.);
#5190=VECTOR('',#11129,1000.);
#5191=VECTOR('',#11132,1000.);
#5192=VECTOR('',#11137,1000.);
#5193=VECTOR('',#11138,1000.);
#5194=VECTOR('',#11139,1000.);
#5195=VECTOR('',#11142,1000.);
#5196=VECTOR('',#11143,1000.);
#5197=VECTOR('',#11146,1000.);
#5198=VECTOR('',#11147,1000.);
#5199=VECTOR('',#11150,1000.);
#5200=VECTOR('',#11157,1000.);
#5201=VECTOR('',#11158,1000.);
#5202=VECTOR('',#11159,1000.);
#5203=VECTOR('',#11162,1000.);
#5204=VECTOR('',#11163,1000.);
#5205=VECTOR('',#11164,1000.);
#5206=VECTOR('',#11167,1000.);
#5207=VECTOR('',#11168,1000.);
#5208=VECTOR('',#11169,1000.);
#5209=VECTOR('',#11170,1000.);
#5210=VECTOR('',#11173,1000.);
#5211=VECTOR('',#11174,1000.);
#5212=VECTOR('',#11175,1000.);
#5213=VECTOR('',#11178,1000.);
#5214=VECTOR('',#11179,1000.);
#5215=EDGE_LOOP('',(#368,#369,#370,#371));
#5216=EDGE_LOOP('',(#372,#373,#374,#375,#376,#377,#378,#379));
#5217=EDGE_LOOP('',(#380,#381,#382,#383));
#5218=EDGE_LOOP('',(#384,#385,#386,#387,#388,#389,#390,#391,#392,#393,#394,
#395,#396,#397,#398,#399,#400,#401,#402,#403,#404,#405,#406,#407,#408,#409,
#410,#411,#412,#413,#414,#415));
#5219=EDGE_LOOP('',(#416,#417,#418,#419,#420,#421,#422,#423,#424,#425,#426,
#427,#428,#429,#430,#431,#432,#433,#434,#435,#436,#437,#438,#439,#440,#441,
#442,#443,#444,#445));
#5220=EDGE_LOOP('',(#446,#447,#448,#449));
#5221=EDGE_LOOP('',(#450,#451,#452,#453,#454,#455,#456,#457,#458,#459,#460,
#461,#462,#463,#464,#465,#466,#467,#468,#469));
#5222=EDGE_LOOP('',(#470,#471,#472,#473,#474,#475,#476,#477,#478,#479,#480,
#481));
#5223=EDGE_LOOP('',(#482,#483,#484,#485,#486,#487,#488,#489,#490,#491,#492,
#493,#494,#495,#496,#497,#498,#499,#500,#501,#502,#503,#504,#505,#506,#507,
#508,#509,#510,#511,#512,#513));
#5224=EDGE_LOOP('',(#514,#515,#516,#517,#518,#519,#520));
#5225=EDGE_LOOP('',(#521,#522,#523,#524,#525,#526,#527));
#5226=EDGE_LOOP('',(#528,#529,#530,#531,#532,#533,#534,#535,#536,#537,#538,
#539,#540,#541,#542,#543,#544,#545,#546,#547,#548,#549,#550,#551,#552,#553,
#554,#555,#556,#557,#558,#559,#560,#561,#562,#563,#564,#565));
#5227=EDGE_LOOP('',(#566,#567,#568,#569,#570,#571,#572,#573,#574,#575,#576));
#5228=EDGE_LOOP('',(#577,#578,#579,#580,#581,#582,#583,#584,#585,#586,#587));
#5229=EDGE_LOOP('',(#588,#589,#590,#591,#592,#593,#594,#595,#596,#597,#598,
#599,#600,#601));
#5230=EDGE_LOOP('',(#602,#603,#604,#605,#606,#607,#608,#609,#610,#611,#612));
#5231=EDGE_LOOP('',(#613,#614,#615,#616,#617,#618,#619,#620,#621,#622,#623,
#624,#625,#626));
#5232=EDGE_LOOP('',(#627,#628,#629,#630));
#5233=EDGE_LOOP('',(#631,#632,#633,#634,#635,#636,#637,#638,#639,#640,#641,
#642,#643,#644,#645,#646,#647,#648,#649,#650,#651,#652,#653,#654,#655,#656,
#657,#658,#659,#660));
#5234=EDGE_LOOP('',(#661,#662,#663,#664));
#5235=EDGE_LOOP('',(#665,#666,#667,#668));
#5236=EDGE_LOOP('',(#669,#670,#671,#672));
#5237=EDGE_LOOP('',(#673,#674,#675,#676));
#5238=EDGE_LOOP('',(#677,#678,#679,#680));
#5239=EDGE_LOOP('',(#681,#682,#683,#684));
#5240=EDGE_LOOP('',(#685,#686,#687,#688));
#5241=EDGE_LOOP('',(#689,#690,#691,#692,#693,#694,#695,#696));
#5242=EDGE_LOOP('',(#697,#698,#699,#700));
#5243=EDGE_LOOP('',(#701,#702,#703,#704));
#5244=EDGE_LOOP('',(#705,#706,#707,#708));
#5245=EDGE_LOOP('',(#709,#710,#711,#712));
#5246=EDGE_LOOP('',(#713,#714,#715,#716,#717,#718));
#5247=EDGE_LOOP('',(#719,#720,#721,#722));
#5248=EDGE_LOOP('',(#723,#724,#725,#726));
#5249=EDGE_LOOP('',(#727,#728,#729,#730));
#5250=EDGE_LOOP('',(#731,#732,#733,#734));
#5251=EDGE_LOOP('',(#735,#736,#737,#738));
#5252=EDGE_LOOP('',(#739,#740,#741,#742));
#5253=EDGE_LOOP('',(#743,#744,#745,#746));
#5254=EDGE_LOOP('',(#747,#748,#749,#750));
#5255=EDGE_LOOP('',(#751,#752,#753,#754));
#5256=EDGE_LOOP('',(#755,#756,#757,#758));
#5257=EDGE_LOOP('',(#759,#760,#761,#762));
#5258=EDGE_LOOP('',(#763,#764,#765,#766));
#5259=EDGE_LOOP('',(#767,#768,#769,#770));
#5260=EDGE_LOOP('',(#771,#772,#773,#774));
#5261=EDGE_LOOP('',(#775,#776,#777,#778,#779,#780,#781,#782,#783,#784,#785));
#5262=EDGE_LOOP('',(#786,#787,#788,#789,#790,#791,#792,#793,#794,#795,#796));
#5263=EDGE_LOOP('',(#797,#798,#799,#800,#801,#802,#803));
#5264=EDGE_LOOP('',(#804,#805,#806,#807,#808,#809,#810));
#5265=EDGE_LOOP('',(#811,#812,#813,#814,#815,#816,#817,#818,#819,#820,#821,
#822,#823,#824,#825,#826,#827,#828,#829,#830,#831,#832,#833,#834,#835,#836,
#837,#838,#839,#840,#841,#842));
#5266=EDGE_LOOP('',(#843,#844,#845,#846,#847,#848,#849,#850,#851,#852,#853,
#854,#855,#856,#857,#858,#859,#860,#861,#862,#863,#864,#865,#866,#867,#868,
#869,#870,#871,#872,#873,#874,#875,#876,#877,#878,#879,#880));
#5267=EDGE_LOOP('',(#881,#882,#883,#884,#885,#886));
#5268=EDGE_LOOP('',(#887,#888,#889,#890));
#5269=EDGE_LOOP('',(#891,#892,#893,#894));
#5270=EDGE_LOOP('',(#895,#896,#897,#898));
#5271=EDGE_LOOP('',(#899,#900,#901,#902));
#5272=EDGE_LOOP('',(#903,#904,#905,#906));
#5273=EDGE_LOOP('',(#907,#908,#909,#910));
#5274=EDGE_LOOP('',(#911,#912,#913,#914,#915,#916,#917,#918,#919,#920,#921,
#922,#923,#924,#925,#926,#927));
#5275=EDGE_LOOP('',(#928,#929,#930,#931,#932,#933));
#5276=EDGE_LOOP('',(#934,#935,#936,#937));
#5277=EDGE_LOOP('',(#938,#939,#940,#941));
#5278=EDGE_LOOP('',(#942,#943,#944,#945));
#5279=EDGE_LOOP('',(#946,#947,#948,#949));
#5280=EDGE_LOOP('',(#950,#951,#952,#953));
#5281=EDGE_LOOP('',(#954,#955,#956,#957));
#5282=EDGE_LOOP('',(#958,#959,#960,#961));
#5283=EDGE_LOOP('',(#962,#963,#964,#965));
#5284=EDGE_LOOP('',(#966,#967,#968,#969));
#5285=EDGE_LOOP('',(#970,#971,#972,#973));
#5286=EDGE_LOOP('',(#974,#975,#976,#977));
#5287=EDGE_LOOP('',(#978,#979,#980,#981));
#5288=EDGE_LOOP('',(#982,#983,#984,#985));
#5289=EDGE_LOOP('',(#986,#987,#988,#989));
#5290=EDGE_LOOP('',(#990,#991,#992,#993));
#5291=EDGE_LOOP('',(#994,#995,#996,#997));
#5292=EDGE_LOOP('',(#998,#999,#1000,#1001));
#5293=EDGE_LOOP('',(#1002,#1003,#1004,#1005));
#5294=EDGE_LOOP('',(#1006,#1007,#1008,#1009));
#5295=EDGE_LOOP('',(#1010,#1011,#1012,#1013));
#5296=EDGE_LOOP('',(#1014,#1015,#1016,#1017));
#5297=EDGE_LOOP('',(#1018,#1019,#1020,#1021));
#5298=EDGE_LOOP('',(#1022,#1023,#1024,#1025));
#5299=EDGE_LOOP('',(#1026,#1027,#1028,#1029));
#5300=EDGE_LOOP('',(#1030,#1031,#1032,#1033));
#5301=EDGE_LOOP('',(#1034,#1035,#1036,#1037));
#5302=EDGE_LOOP('',(#1038,#1039,#1040,#1041));
#5303=EDGE_LOOP('',(#1042,#1043,#1044,#1045));
#5304=EDGE_LOOP('',(#1046,#1047,#1048,#1049));
#5305=EDGE_LOOP('',(#1050,#1051,#1052,#1053));
#5306=EDGE_LOOP('',(#1054,#1055,#1056,#1057));
#5307=EDGE_LOOP('',(#1058,#1059,#1060,#1061));
#5308=EDGE_LOOP('',(#1062,#1063,#1064,#1065));
#5309=EDGE_LOOP('',(#1066,#1067,#1068,#1069));
#5310=EDGE_LOOP('',(#1070,#1071,#1072,#1073));
#5311=EDGE_LOOP('',(#1074,#1075,#1076,#1077));
#5312=EDGE_LOOP('',(#1078,#1079,#1080,#1081));
#5313=EDGE_LOOP('',(#1082,#1083,#1084,#1085));
#5314=EDGE_LOOP('',(#1086,#1087,#1088,#1089));
#5315=EDGE_LOOP('',(#1090,#1091,#1092,#1093));
#5316=EDGE_LOOP('',(#1094,#1095,#1096,#1097));
#5317=EDGE_LOOP('',(#1098,#1099,#1100,#1101));
#5318=EDGE_LOOP('',(#1102,#1103,#1104,#1105));
#5319=EDGE_LOOP('',(#1106,#1107,#1108,#1109));
#5320=EDGE_LOOP('',(#1110,#1111,#1112,#1113));
#5321=EDGE_LOOP('',(#1114,#1115,#1116,#1117));
#5322=EDGE_LOOP('',(#1118,#1119,#1120,#1121));
#5323=EDGE_LOOP('',(#1122,#1123,#1124,#1125));
#5324=EDGE_LOOP('',(#1126,#1127,#1128,#1129));
#5325=EDGE_LOOP('',(#1130,#1131,#1132,#1133));
#5326=EDGE_LOOP('',(#1134,#1135,#1136,#1137));
#5327=EDGE_LOOP('',(#1138,#1139,#1140,#1141));
#5328=EDGE_LOOP('',(#1142,#1143,#1144,#1145));
#5329=EDGE_LOOP('',(#1146,#1147,#1148,#1149));
#5330=EDGE_LOOP('',(#1150,#1151,#1152,#1153));
#5331=EDGE_LOOP('',(#1154,#1155,#1156,#1157));
#5332=EDGE_LOOP('',(#1158,#1159,#1160,#1161));
#5333=EDGE_LOOP('',(#1162,#1163,#1164,#1165));
#5334=EDGE_LOOP('',(#1166,#1167,#1168,#1169));
#5335=EDGE_LOOP('',(#1170,#1171,#1172,#1173));
#5336=EDGE_LOOP('',(#1174,#1175,#1176,#1177));
#5337=EDGE_LOOP('',(#1178,#1179,#1180,#1181));
#5338=EDGE_LOOP('',(#1182,#1183,#1184,#1185));
#5339=EDGE_LOOP('',(#1186,#1187,#1188,#1189));
#5340=EDGE_LOOP('',(#1190,#1191,#1192,#1193));
#5341=EDGE_LOOP('',(#1194,#1195,#1196,#1197));
#5342=EDGE_LOOP('',(#1198,#1199,#1200,#1201));
#5343=EDGE_LOOP('',(#1202,#1203,#1204,#1205));
#5344=EDGE_LOOP('',(#1206,#1207,#1208,#1209));
#5345=EDGE_LOOP('',(#1210,#1211,#1212,#1213));
#5346=EDGE_LOOP('',(#1214,#1215,#1216,#1217));
#5347=EDGE_LOOP('',(#1218,#1219,#1220,#1221));
#5348=EDGE_LOOP('',(#1222,#1223,#1224,#1225));
#5349=EDGE_LOOP('',(#1226,#1227,#1228,#1229));
#5350=EDGE_LOOP('',(#1230,#1231,#1232,#1233));
#5351=EDGE_LOOP('',(#1234,#1235,#1236,#1237));
#5352=EDGE_LOOP('',(#1238,#1239,#1240,#1241));
#5353=EDGE_LOOP('',(#1242,#1243,#1244,#1245));
#5354=EDGE_LOOP('',(#1246,#1247,#1248,#1249));
#5355=EDGE_LOOP('',(#1250,#1251,#1252,#1253));
#5356=EDGE_LOOP('',(#1254,#1255,#1256,#1257));
#5357=EDGE_LOOP('',(#1258,#1259,#1260,#1261));
#5358=EDGE_LOOP('',(#1262,#1263,#1264,#1265));
#5359=EDGE_LOOP('',(#1266,#1267,#1268,#1269));
#5360=EDGE_LOOP('',(#1270,#1271,#1272,#1273));
#5361=EDGE_LOOP('',(#1274,#1275,#1276,#1277));
#5362=EDGE_LOOP('',(#1278,#1279,#1280,#1281));
#5363=EDGE_LOOP('',(#1282,#1283,#1284,#1285));
#5364=EDGE_LOOP('',(#1286,#1287,#1288,#1289));
#5365=EDGE_LOOP('',(#1290,#1291,#1292,#1293,#1294));
#5366=EDGE_LOOP('',(#1295,#1296,#1297,#1298,#1299,#1300,#1301,#1302));
#5367=EDGE_LOOP('',(#1303,#1304,#1305,#1306,#1307));
#5368=EDGE_LOOP('',(#1308,#1309,#1310,#1311));
#5369=EDGE_LOOP('',(#1312,#1313,#1314,#1315));
#5370=EDGE_LOOP('',(#1316,#1317,#1318,#1319));
#5371=EDGE_LOOP('',(#1320,#1321,#1322,#1323));
#5372=EDGE_LOOP('',(#1324,#1325,#1326,#1327));
#5373=EDGE_LOOP('',(#1328,#1329,#1330,#1331));
#5374=EDGE_LOOP('',(#1332,#1333,#1334,#1335));
#5375=EDGE_LOOP('',(#1336,#1337,#1338,#1339));
#5376=EDGE_LOOP('',(#1340,#1341,#1342,#1343));
#5377=EDGE_LOOP('',(#1344,#1345,#1346,#1347));
#5378=EDGE_LOOP('',(#1348,#1349,#1350,#1351));
#5379=EDGE_LOOP('',(#1352,#1353,#1354,#1355));
#5380=EDGE_LOOP('',(#1356,#1357,#1358,#1359));
#5381=EDGE_LOOP('',(#1360,#1361,#1362,#1363));
#5382=EDGE_LOOP('',(#1364,#1365,#1366,#1367,#1368,#1369,#1370,#1371,#1372,
#1373,#1374,#1375,#1376,#1377,#1378,#1379,#1380,#1381,#1382,#1383,#1384,
#1385,#1386,#1387,#1388,#1389,#1390));
#5383=EDGE_LOOP('',(#1391,#1392,#1393,#1394));
#5384=EDGE_LOOP('',(#1395,#1396,#1397,#1398));
#5385=EDGE_LOOP('',(#1399,#1400,#1401,#1402));
#5386=EDGE_LOOP('',(#1403,#1404,#1405,#1406));
#5387=EDGE_LOOP('',(#1407,#1408,#1409,#1410));
#5388=EDGE_LOOP('',(#1411,#1412,#1413,#1414));
#5389=EDGE_LOOP('',(#1415,#1416,#1417,#1418));
#5390=EDGE_LOOP('',(#1419,#1420,#1421,#1422));
#5391=EDGE_LOOP('',(#1423,#1424,#1425,#1426));
#5392=EDGE_LOOP('',(#1427,#1428,#1429,#1430));
#5393=EDGE_LOOP('',(#1431,#1432,#1433,#1434,#1435,#1436));
#5394=EDGE_LOOP('',(#1437,#1438,#1439,#1440,#1441,#1442));
#5395=EDGE_LOOP('',(#1443,#1444,#1445,#1446));
#5396=EDGE_LOOP('',(#1447,#1448,#1449,#1450));
#5397=EDGE_LOOP('',(#1451,#1452,#1453,#1454));
#5398=EDGE_LOOP('',(#1455,#1456,#1457,#1458));
#5399=EDGE_LOOP('',(#1459,#1460,#1461,#1462));
#5400=EDGE_LOOP('',(#1463,#1464,#1465,#1466));
#5401=EDGE_LOOP('',(#1467,#1468,#1469,#1470));
#5402=EDGE_LOOP('',(#1471,#1472,#1473,#1474));
#5403=EDGE_LOOP('',(#1475,#1476,#1477,#1478));
#5404=EDGE_LOOP('',(#1479,#1480,#1481,#1482));
#5405=EDGE_LOOP('',(#1483,#1484,#1485,#1486));
#5406=EDGE_LOOP('',(#1487,#1488,#1489,#1490));
#5407=EDGE_LOOP('',(#1491,#1492,#1493,#1494));
#5408=EDGE_LOOP('',(#1495,#1496,#1497,#1498));
#5409=EDGE_LOOP('',(#1499));
#5410=EDGE_LOOP('',(#1500));
#5411=EDGE_LOOP('',(#1501));
#5412=EDGE_LOOP('',(#1502));
#5413=EDGE_LOOP('',(#1503));
#5414=EDGE_LOOP('',(#1504,#1505,#1506,#1507,#1508,#1509,#1510,#1511,#1512,
#1513,#1514,#1515,#1516,#1517,#1518,#1519,#1520,#1521,#1522,#1523,#1524,
#1525,#1526,#1527,#1528,#1529));
#5415=EDGE_LOOP('',(#1530));
#5416=EDGE_LOOP('',(#1531));
#5417=EDGE_LOOP('',(#1532));
#5418=EDGE_LOOP('',(#1533));
#5419=EDGE_LOOP('',(#1534));
#5420=EDGE_LOOP('',(#1535));
#5421=EDGE_LOOP('',(#1536));
#5422=EDGE_LOOP('',(#1537));
#5423=EDGE_LOOP('',(#1538));
#5424=EDGE_LOOP('',(#1539));
#5425=EDGE_LOOP('',(#1540));
#5426=EDGE_LOOP('',(#1541));
#5427=EDGE_LOOP('',(#1542));
#5428=EDGE_LOOP('',(#1543));
#5429=EDGE_LOOP('',(#1544));
#5430=EDGE_LOOP('',(#1545,#1546,#1547,#1548));
#5431=EDGE_LOOP('',(#1549,#1550,#1551,#1552));
#5432=EDGE_LOOP('',(#1553,#1554,#1555,#1556));
#5433=EDGE_LOOP('',(#1557,#1558,#1559,#1560));
#5434=EDGE_LOOP('',(#1561,#1562,#1563,#1564));
#5435=EDGE_LOOP('',(#1565,#1566,#1567,#1568));
#5436=EDGE_LOOP('',(#1569,#1570,#1571,#1572));
#5437=EDGE_LOOP('',(#1573,#1574,#1575,#1576));
#5438=EDGE_LOOP('',(#1577,#1578,#1579,#1580));
#5439=EDGE_LOOP('',(#1581,#1582,#1583,#1584));
#5440=EDGE_LOOP('',(#1585,#1586,#1587,#1588));
#5441=EDGE_LOOP('',(#1589,#1590,#1591,#1592));
#5442=EDGE_LOOP('',(#1593,#1594,#1595,#1596));
#5443=EDGE_LOOP('',(#1597,#1598,#1599,#1600));
#5444=EDGE_LOOP('',(#1601,#1602,#1603,#1604));
#5445=EDGE_LOOP('',(#1605,#1606,#1607,#1608,#1609,#1610,#1611,#1612,#1613,
#1614,#1615,#1616,#1617,#1618));
#5446=EDGE_LOOP('',(#1619,#1620,#1621,#1622));
#5447=EDGE_LOOP('',(#1623,#1624,#1625,#1626));
#5448=EDGE_LOOP('',(#1627,#1628,#1629,#1630));
#5449=EDGE_LOOP('',(#1631,#1632,#1633,#1634));
#5450=EDGE_LOOP('',(#1635,#1636,#1637,#1638));
#5451=EDGE_LOOP('',(#1639,#1640,#1641,#1642));
#5452=EDGE_LOOP('',(#1643,#1644,#1645,#1646));
#5453=EDGE_LOOP('',(#1647,#1648,#1649,#1650));
#5454=EDGE_LOOP('',(#1651,#1652,#1653,#1654));
#5455=EDGE_LOOP('',(#1655,#1656,#1657,#1658));
#5456=EDGE_LOOP('',(#1659,#1660,#1661,#1662));
#5457=EDGE_LOOP('',(#1663,#1664,#1665,#1666));
#5458=EDGE_LOOP('',(#1667,#1668,#1669,#1670));
#5459=EDGE_LOOP('',(#1671,#1672,#1673,#1674,#1675,#1676,#1677,#1678,#1679,
#1680,#1681,#1682));
#5460=EDGE_LOOP('',(#1683,#1684,#1685,#1686));
#5461=EDGE_LOOP('',(#1687,#1688,#1689,#1690));
#5462=EDGE_LOOP('',(#1691,#1692,#1693,#1694));
#5463=EDGE_LOOP('',(#1695,#1696,#1697,#1698));
#5464=EDGE_LOOP('',(#1699,#1700,#1701,#1702));
#5465=EDGE_LOOP('',(#1703,#1704,#1705,#1706));
#5466=EDGE_LOOP('',(#1707,#1708,#1709,#1710));
#5467=EDGE_LOOP('',(#1711,#1712,#1713,#1714));
#5468=EDGE_LOOP('',(#1715,#1716,#1717,#1718));
#5469=EDGE_LOOP('',(#1719,#1720,#1721,#1722));
#5470=EDGE_LOOP('',(#1723,#1724,#1725,#1726));
#5471=EDGE_LOOP('',(#1727,#1728,#1729,#1730));
#5472=EDGE_LOOP('',(#1731,#1732,#1733,#1734,#1735,#1736,#1737,#1738,#1739,
#1740,#1741));
#5473=EDGE_LOOP('',(#1742,#1743,#1744,#1745));
#5474=EDGE_LOOP('',(#1746,#1747,#1748,#1749));
#5475=EDGE_LOOP('',(#1750,#1751,#1752,#1753));
#5476=EDGE_LOOP('',(#1754,#1755,#1756,#1757));
#5477=EDGE_LOOP('',(#1758,#1759,#1760,#1761));
#5478=EDGE_LOOP('',(#1762,#1763,#1764,#1765));
#5479=EDGE_LOOP('',(#1766,#1767,#1768,#1769));
#5480=EDGE_LOOP('',(#1770,#1771,#1772,#1773));
#5481=EDGE_LOOP('',(#1774,#1775,#1776,#1777));
#5482=EDGE_LOOP('',(#1778,#1779,#1780,#1781));
#5483=EDGE_LOOP('',(#1782,#1783,#1784,#1785));
#5484=EDGE_LOOP('',(#1786,#1787,#1788,#1789));
#5485=EDGE_LOOP('',(#1790,#1791,#1792,#1793));
#5486=EDGE_LOOP('',(#1794,#1795,#1796,#1797));
#5487=EDGE_LOOP('',(#1798,#1799,#1800,#1801));
#5488=EDGE_LOOP('',(#1802,#1803,#1804,#1805));
#5489=EDGE_LOOP('',(#1806,#1807,#1808,#1809));
#5490=EDGE_LOOP('',(#1810,#1811,#1812,#1813));
#5491=EDGE_LOOP('',(#1814,#1815,#1816,#1817));
#5492=EDGE_LOOP('',(#1818,#1819,#1820,#1821));
#5493=EDGE_LOOP('',(#1822,#1823,#1824,#1825));
#5494=EDGE_LOOP('',(#1826,#1827,#1828,#1829,#1830,#1831,#1832,#1833,#1834,
#1835,#1836,#1837,#1838,#1839,#1840,#1841,#1842,#1843,#1844,#1845));
#5495=EDGE_LOOP('',(#1846,#1847,#1848,#1849));
#5496=EDGE_LOOP('',(#1850,#1851,#1852,#1853));
#5497=EDGE_LOOP('',(#1854,#1855,#1856,#1857));
#5498=EDGE_LOOP('',(#1858,#1859,#1860,#1861));
#5499=EDGE_LOOP('',(#1862,#1863,#1864,#1865));
#5500=EDGE_LOOP('',(#1866,#1867,#1868,#1869));
#5501=EDGE_LOOP('',(#1870,#1871,#1872,#1873));
#5502=EDGE_LOOP('',(#1874,#1875,#1876,#1877));
#5503=EDGE_LOOP('',(#1878,#1879,#1880,#1881));
#5504=EDGE_LOOP('',(#1882,#1883,#1884,#1885));
#5505=EDGE_LOOP('',(#1886,#1887,#1888,#1889));
#5506=EDGE_LOOP('',(#1890,#1891,#1892,#1893));
#5507=EDGE_LOOP('',(#1894,#1895,#1896,#1897));
#5508=EDGE_LOOP('',(#1898,#1899,#1900,#1901));
#5509=EDGE_LOOP('',(#1902,#1903,#1904,#1905));
#5510=EDGE_LOOP('',(#1906,#1907,#1908,#1909,#1910,#1911,#1912,#1913,#1914,
#1915,#1916,#1917,#1918,#1919));
#5511=EDGE_LOOP('',(#1920,#1921,#1922,#1923,#1924,#1925));
#5512=EDGE_LOOP('',(#1926,#1927,#1928,#1929,#1930,#1931,#1932,#1933,#1934,
#1935,#1936,#1937,#1938,#1939,#1940,#1941,#1942,#1943,#1944,#1945,#1946,
#1947,#1948,#1949,#1950,#1951,#1952,#1953,#1954,#1955,#1956,#1957));
#5513=EDGE_LOOP('',(#1958,#1959,#1960,#1961));
#5514=EDGE_LOOP('',(#1962,#1963,#1964,#1965));
#5515=EDGE_LOOP('',(#1966,#1967,#1968,#1969));
#5516=EDGE_LOOP('',(#1970,#1971,#1972,#1973));
#5517=EDGE_LOOP('',(#1974,#1975,#1976,#1977));
#5518=EDGE_LOOP('',(#1978,#1979,#1980,#1981));
#5519=EDGE_LOOP('',(#1982,#1983,#1984,#1985));
#5520=EDGE_LOOP('',(#1986,#1987,#1988,#1989));
#5521=EDGE_LOOP('',(#1990,#1991,#1992,#1993));
#5522=EDGE_LOOP('',(#1994,#1995,#1996,#1997));
#5523=EDGE_LOOP('',(#1998,#1999,#2000,#2001));
#5524=EDGE_LOOP('',(#2002,#2003,#2004,#2005));
#5525=EDGE_LOOP('',(#2006,#2007,#2008,#2009));
#5526=EDGE_LOOP('',(#2010,#2011,#2012,#2013));
#5527=EDGE_LOOP('',(#2014,#2015,#2016,#2017));
#5528=EDGE_LOOP('',(#2018,#2019,#2020,#2021));
#5529=EDGE_LOOP('',(#2022,#2023,#2024,#2025));
#5530=EDGE_LOOP('',(#2026,#2027,#2028,#2029));
#5531=EDGE_LOOP('',(#2030,#2031,#2032,#2033,#2034,#2035,#2036,#2037));
#5532=EDGE_LOOP('',(#2038,#2039,#2040,#2041));
#5533=EDGE_LOOP('',(#2042,#2043,#2044,#2045));
#5534=EDGE_LOOP('',(#2046,#2047,#2048,#2049));
#5535=EDGE_LOOP('',(#2050,#2051,#2052,#2053,#2054,#2055,#2056,#2057));
#5536=EDGE_LOOP('',(#2058,#2059,#2060,#2061));
#5537=EDGE_LOOP('',(#2062,#2063,#2064,#2065));
#5538=EDGE_LOOP('',(#2066,#2067,#2068,#2069));
#5539=EDGE_LOOP('',(#2070,#2071,#2072,#2073,#2074,#2075,#2076,#2077));
#5540=EDGE_LOOP('',(#2078,#2079,#2080,#2081));
#5541=EDGE_LOOP('',(#2082,#2083,#2084,#2085));
#5542=EDGE_LOOP('',(#2086,#2087,#2088,#2089));
#5543=EDGE_LOOP('',(#2090,#2091,#2092,#2093));
#5544=EDGE_LOOP('',(#2094,#2095,#2096,#2097));
#5545=EDGE_LOOP('',(#2098,#2099,#2100,#2101));
#5546=EDGE_LOOP('',(#2102,#2103,#2104,#2105));
#5547=EDGE_LOOP('',(#2106,#2107,#2108,#2109));
#5548=EDGE_LOOP('',(#2110,#2111,#2112,#2113));
#5549=EDGE_LOOP('',(#2114,#2115,#2116,#2117));
#5550=EDGE_LOOP('',(#2118,#2119,#2120,#2121));
#5551=EDGE_LOOP('',(#2122,#2123,#2124,#2125));
#5552=EDGE_LOOP('',(#2126,#2127,#2128,#2129));
#5553=EDGE_LOOP('',(#2130,#2131,#2132,#2133));
#5554=EDGE_LOOP('',(#2134,#2135,#2136,#2137));
#5555=EDGE_LOOP('',(#2138,#2139,#2140,#2141));
#5556=EDGE_LOOP('',(#2142,#2143,#2144,#2145));
#5557=EDGE_LOOP('',(#2146,#2147,#2148,#2149));
#5558=EDGE_LOOP('',(#2150,#2151,#2152,#2153));
#5559=EDGE_LOOP('',(#2154,#2155,#2156,#2157));
#5560=EDGE_LOOP('',(#2158,#2159,#2160,#2161));
#5561=EDGE_LOOP('',(#2162,#2163,#2164,#2165));
#5562=EDGE_LOOP('',(#2166,#2167,#2168,#2169));
#5563=EDGE_LOOP('',(#2170,#2171,#2172,#2173));
#5564=EDGE_LOOP('',(#2174,#2175,#2176,#2177));
#5565=EDGE_LOOP('',(#2178,#2179,#2180,#2181));
#5566=EDGE_LOOP('',(#2182,#2183,#2184,#2185));
#5567=EDGE_LOOP('',(#2186,#2187,#2188,#2189));
#5568=EDGE_LOOP('',(#2190,#2191,#2192,#2193));
#5569=EDGE_LOOP('',(#2194,#2195,#2196,#2197,#2198,#2199));
#5570=EDGE_LOOP('',(#2200,#2201,#2202,#2203));
#5571=EDGE_LOOP('',(#2204,#2205,#2206,#2207));
#5572=EDGE_LOOP('',(#2208,#2209,#2210,#2211,#2212,#2213,#2214,#2215));
#5573=EDGE_LOOP('',(#2216,#2217,#2218,#2219,#2220,#2221));
#5574=EDGE_LOOP('',(#2222,#2223,#2224,#2225));
#5575=EDGE_LOOP('',(#2226,#2227,#2228,#2229));
#5576=EDGE_LOOP('',(#2230,#2231,#2232,#2233,#2234,#2235));
#5577=EDGE_LOOP('',(#2236,#2237,#2238,#2239,#2240,#2241));
#5578=FACE_BOUND('',#5215,.T.);
#5579=FACE_BOUND('',#5216,.T.);
#5580=FACE_BOUND('',#5217,.T.);
#5581=FACE_BOUND('',#5218,.T.);
#5582=FACE_BOUND('',#5219,.T.);
#5583=FACE_BOUND('',#5220,.T.);
#5584=FACE_BOUND('',#5221,.T.);
#5585=FACE_BOUND('',#5222,.T.);
#5586=FACE_BOUND('',#5223,.T.);
#5587=FACE_BOUND('',#5224,.T.);
#5588=FACE_BOUND('',#5225,.T.);
#5589=FACE_BOUND('',#5226,.T.);
#5590=FACE_BOUND('',#5227,.T.);
#5591=FACE_BOUND('',#5228,.T.);
#5592=FACE_BOUND('',#5229,.T.);
#5593=FACE_BOUND('',#5230,.T.);
#5594=FACE_BOUND('',#5231,.T.);
#5595=FACE_BOUND('',#5232,.T.);
#5596=FACE_BOUND('',#5233,.T.);
#5597=FACE_BOUND('',#5234,.T.);
#5598=FACE_BOUND('',#5235,.T.);
#5599=FACE_BOUND('',#5236,.T.);
#5600=FACE_BOUND('',#5237,.T.);
#5601=FACE_BOUND('',#5238,.T.);
#5602=FACE_BOUND('',#5239,.T.);
#5603=FACE_BOUND('',#5240,.T.);
#5604=FACE_BOUND('',#5241,.T.);
#5605=FACE_BOUND('',#5242,.T.);
#5606=FACE_BOUND('',#5243,.T.);
#5607=FACE_BOUND('',#5244,.T.);
#5608=FACE_BOUND('',#5245,.T.);
#5609=FACE_BOUND('',#5246,.T.);
#5610=FACE_BOUND('',#5247,.T.);
#5611=FACE_BOUND('',#5248,.T.);
#5612=FACE_BOUND('',#5249,.T.);
#5613=FACE_BOUND('',#5250,.T.);
#5614=FACE_BOUND('',#5251,.T.);
#5615=FACE_BOUND('',#5252,.T.);
#5616=FACE_BOUND('',#5253,.T.);
#5617=FACE_BOUND('',#5254,.T.);
#5618=FACE_BOUND('',#5255,.T.);
#5619=FACE_BOUND('',#5256,.T.);
#5620=FACE_BOUND('',#5257,.T.);
#5621=FACE_BOUND('',#5258,.T.);
#5622=FACE_BOUND('',#5259,.T.);
#5623=FACE_BOUND('',#5260,.T.);
#5624=FACE_BOUND('',#5261,.T.);
#5625=FACE_BOUND('',#5262,.T.);
#5626=FACE_BOUND('',#5263,.T.);
#5627=FACE_BOUND('',#5264,.T.);
#5628=FACE_BOUND('',#5265,.T.);
#5629=FACE_BOUND('',#5266,.T.);
#5630=FACE_BOUND('',#5267,.T.);
#5631=FACE_BOUND('',#5268,.T.);
#5632=FACE_BOUND('',#5269,.T.);
#5633=FACE_BOUND('',#5270,.T.);
#5634=FACE_BOUND('',#5271,.T.);
#5635=FACE_BOUND('',#5272,.T.);
#5636=FACE_BOUND('',#5273,.T.);
#5637=FACE_BOUND('',#5274,.T.);
#5638=FACE_BOUND('',#5275,.T.);
#5639=FACE_BOUND('',#5276,.T.);
#5640=FACE_BOUND('',#5277,.T.);
#5641=FACE_BOUND('',#5278,.T.);
#5642=FACE_BOUND('',#5279,.T.);
#5643=FACE_BOUND('',#5280,.T.);
#5644=FACE_BOUND('',#5281,.T.);
#5645=FACE_BOUND('',#5282,.T.);
#5646=FACE_BOUND('',#5283,.T.);
#5647=FACE_BOUND('',#5284,.T.);
#5648=FACE_BOUND('',#5285,.T.);
#5649=FACE_BOUND('',#5286,.T.);
#5650=FACE_BOUND('',#5287,.T.);
#5651=FACE_BOUND('',#5288,.T.);
#5652=FACE_BOUND('',#5289,.T.);
#5653=FACE_BOUND('',#5290,.T.);
#5654=FACE_BOUND('',#5291,.T.);
#5655=FACE_BOUND('',#5292,.T.);
#5656=FACE_BOUND('',#5293,.T.);
#5657=FACE_BOUND('',#5294,.T.);
#5658=FACE_BOUND('',#5295,.T.);
#5659=FACE_BOUND('',#5296,.T.);
#5660=FACE_BOUND('',#5297,.T.);
#5661=FACE_BOUND('',#5298,.T.);
#5662=FACE_BOUND('',#5299,.T.);
#5663=FACE_BOUND('',#5300,.T.);
#5664=FACE_BOUND('',#5301,.T.);
#5665=FACE_BOUND('',#5302,.T.);
#5666=FACE_BOUND('',#5303,.T.);
#5667=FACE_BOUND('',#5304,.T.);
#5668=FACE_BOUND('',#5305,.T.);
#5669=FACE_BOUND('',#5306,.T.);
#5670=FACE_BOUND('',#5307,.T.);
#5671=FACE_BOUND('',#5308,.T.);
#5672=FACE_BOUND('',#5309,.T.);
#5673=FACE_BOUND('',#5310,.T.);
#5674=FACE_BOUND('',#5311,.T.);
#5675=FACE_BOUND('',#5312,.T.);
#5676=FACE_BOUND('',#5313,.T.);
#5677=FACE_BOUND('',#5314,.T.);
#5678=FACE_BOUND('',#5315,.T.);
#5679=FACE_BOUND('',#5316,.T.);
#5680=FACE_BOUND('',#5317,.T.);
#5681=FACE_BOUND('',#5318,.T.);
#5682=FACE_BOUND('',#5319,.T.);
#5683=FACE_BOUND('',#5320,.T.);
#5684=FACE_BOUND('',#5321,.T.);
#5685=FACE_BOUND('',#5322,.T.);
#5686=FACE_BOUND('',#5323,.T.);
#5687=FACE_BOUND('',#5324,.T.);
#5688=FACE_BOUND('',#5325,.T.);
#5689=FACE_BOUND('',#5326,.T.);
#5690=FACE_BOUND('',#5327,.T.);
#5691=FACE_BOUND('',#5328,.T.);
#5692=FACE_BOUND('',#5329,.T.);
#5693=FACE_BOUND('',#5330,.T.);
#5694=FACE_BOUND('',#5331,.T.);
#5695=FACE_BOUND('',#5332,.T.);
#5696=FACE_BOUND('',#5333,.T.);
#5697=FACE_BOUND('',#5334,.T.);
#5698=FACE_BOUND('',#5335,.T.);
#5699=FACE_BOUND('',#5336,.T.);
#5700=FACE_BOUND('',#5337,.T.);
#5701=FACE_BOUND('',#5338,.T.);
#5702=FACE_BOUND('',#5339,.T.);
#5703=FACE_BOUND('',#5340,.T.);
#5704=FACE_BOUND('',#5341,.T.);
#5705=FACE_BOUND('',#5342,.T.);
#5706=FACE_BOUND('',#5343,.T.);
#5707=FACE_BOUND('',#5344,.T.);
#5708=FACE_BOUND('',#5345,.T.);
#5709=FACE_BOUND('',#5346,.T.);
#5710=FACE_BOUND('',#5347,.T.);
#5711=FACE_BOUND('',#5348,.T.);
#5712=FACE_BOUND('',#5349,.T.);
#5713=FACE_BOUND('',#5350,.T.);
#5714=FACE_BOUND('',#5351,.T.);
#5715=FACE_BOUND('',#5352,.T.);
#5716=FACE_BOUND('',#5353,.T.);
#5717=FACE_BOUND('',#5354,.T.);
#5718=FACE_BOUND('',#5355,.T.);
#5719=FACE_BOUND('',#5356,.T.);
#5720=FACE_BOUND('',#5357,.T.);
#5721=FACE_BOUND('',#5358,.T.);
#5722=FACE_BOUND('',#5359,.T.);
#5723=FACE_BOUND('',#5360,.T.);
#5724=FACE_BOUND('',#5361,.T.);
#5725=FACE_BOUND('',#5362,.T.);
#5726=FACE_BOUND('',#5363,.T.);
#5727=FACE_BOUND('',#5364,.T.);
#5728=FACE_BOUND('',#5365,.T.);
#5729=FACE_BOUND('',#5366,.T.);
#5730=FACE_BOUND('',#5367,.T.);
#5731=FACE_BOUND('',#5368,.T.);
#5732=FACE_BOUND('',#5369,.T.);
#5733=FACE_BOUND('',#5370,.T.);
#5734=FACE_BOUND('',#5371,.T.);
#5735=FACE_BOUND('',#5372,.T.);
#5736=FACE_BOUND('',#5373,.T.);
#5737=FACE_BOUND('',#5374,.T.);
#5738=FACE_BOUND('',#5375,.T.);
#5739=FACE_BOUND('',#5376,.T.);
#5740=FACE_BOUND('',#5377,.T.);
#5741=FACE_BOUND('',#5378,.T.);
#5742=FACE_BOUND('',#5379,.T.);
#5743=FACE_BOUND('',#5380,.T.);
#5744=FACE_BOUND('',#5381,.T.);
#5745=FACE_BOUND('',#5382,.T.);
#5746=FACE_BOUND('',#5383,.T.);
#5747=FACE_BOUND('',#5384,.T.);
#5748=FACE_BOUND('',#5385,.T.);
#5749=FACE_BOUND('',#5386,.T.);
#5750=FACE_BOUND('',#5387,.T.);
#5751=FACE_BOUND('',#5388,.T.);
#5752=FACE_BOUND('',#5389,.T.);
#5753=FACE_BOUND('',#5390,.T.);
#5754=FACE_BOUND('',#5391,.T.);
#5755=FACE_BOUND('',#5392,.T.);
#5756=FACE_BOUND('',#5393,.T.);
#5757=FACE_BOUND('',#5394,.T.);
#5758=FACE_BOUND('',#5395,.T.);
#5759=FACE_BOUND('',#5396,.T.);
#5760=FACE_BOUND('',#5397,.T.);
#5761=FACE_BOUND('',#5398,.T.);
#5762=FACE_BOUND('',#5399,.T.);
#5763=FACE_BOUND('',#5400,.T.);
#5764=FACE_BOUND('',#5401,.T.);
#5765=FACE_BOUND('',#5402,.T.);
#5766=FACE_BOUND('',#5403,.T.);
#5767=FACE_BOUND('',#5404,.T.);
#5768=FACE_BOUND('',#5405,.T.);
#5769=FACE_BOUND('',#5406,.T.);
#5770=FACE_BOUND('',#5407,.T.);
#5771=FACE_BOUND('',#5408,.T.);
#5772=FACE_BOUND('',#5409,.T.);
#5773=FACE_BOUND('',#5410,.T.);
#5774=FACE_BOUND('',#5411,.T.);
#5775=FACE_BOUND('',#5412,.T.);
#5776=FACE_BOUND('',#5413,.T.);
#5777=FACE_BOUND('',#5414,.T.);
#5778=FACE_BOUND('',#5415,.T.);
#5779=FACE_BOUND('',#5416,.T.);
#5780=FACE_BOUND('',#5417,.T.);
#5781=FACE_BOUND('',#5418,.T.);
#5782=FACE_BOUND('',#5419,.T.);
#5783=FACE_BOUND('',#5420,.T.);
#5784=FACE_BOUND('',#5421,.T.);
#5785=FACE_BOUND('',#5422,.T.);
#5786=FACE_BOUND('',#5423,.T.);
#5787=FACE_BOUND('',#5424,.T.);
#5788=FACE_BOUND('',#5425,.T.);
#5789=FACE_BOUND('',#5426,.T.);
#5790=FACE_BOUND('',#5427,.T.);
#5791=FACE_BOUND('',#5428,.T.);
#5792=FACE_BOUND('',#5429,.T.);
#5793=FACE_BOUND('',#5430,.T.);
#5794=FACE_BOUND('',#5431,.T.);
#5795=FACE_BOUND('',#5432,.T.);
#5796=FACE_BOUND('',#5433,.T.);
#5797=FACE_BOUND('',#5434,.T.);
#5798=FACE_BOUND('',#5435,.T.);
#5799=FACE_BOUND('',#5436,.T.);
#5800=FACE_BOUND('',#5437,.T.);
#5801=FACE_BOUND('',#5438,.T.);
#5802=FACE_BOUND('',#5439,.T.);
#5803=FACE_BOUND('',#5440,.T.);
#5804=FACE_BOUND('',#5441,.T.);
#5805=FACE_BOUND('',#5442,.T.);
#5806=FACE_BOUND('',#5443,.T.);
#5807=FACE_BOUND('',#5444,.T.);
#5808=FACE_BOUND('',#5445,.T.);
#5809=FACE_BOUND('',#5446,.T.);
#5810=FACE_BOUND('',#5447,.T.);
#5811=FACE_BOUND('',#5448,.T.);
#5812=FACE_BOUND('',#5449,.T.);
#5813=FACE_BOUND('',#5450,.T.);
#5814=FACE_BOUND('',#5451,.T.);
#5815=FACE_BOUND('',#5452,.T.);
#5816=FACE_BOUND('',#5453,.T.);
#5817=FACE_BOUND('',#5454,.T.);
#5818=FACE_BOUND('',#5455,.T.);
#5819=FACE_BOUND('',#5456,.T.);
#5820=FACE_BOUND('',#5457,.T.);
#5821=FACE_BOUND('',#5458,.T.);
#5822=FACE_BOUND('',#5459,.T.);
#5823=FACE_BOUND('',#5460,.T.);
#5824=FACE_BOUND('',#5461,.T.);
#5825=FACE_BOUND('',#5462,.T.);
#5826=FACE_BOUND('',#5463,.T.);
#5827=FACE_BOUND('',#5464,.T.);
#5828=FACE_BOUND('',#5465,.T.);
#5829=FACE_BOUND('',#5466,.T.);
#5830=FACE_BOUND('',#5467,.T.);
#5831=FACE_BOUND('',#5468,.T.);
#5832=FACE_BOUND('',#5469,.T.);
#5833=FACE_BOUND('',#5470,.T.);
#5834=FACE_BOUND('',#5471,.T.);
#5835=FACE_BOUND('',#5472,.T.);
#5836=FACE_BOUND('',#5473,.T.);
#5837=FACE_BOUND('',#5474,.T.);
#5838=FACE_BOUND('',#5475,.T.);
#5839=FACE_BOUND('',#5476,.T.);
#5840=FACE_BOUND('',#5477,.T.);
#5841=FACE_BOUND('',#5478,.T.);
#5842=FACE_BOUND('',#5479,.T.);
#5843=FACE_BOUND('',#5480,.T.);
#5844=FACE_BOUND('',#5481,.T.);
#5845=FACE_BOUND('',#5482,.T.);
#5846=FACE_BOUND('',#5483,.T.);
#5847=FACE_BOUND('',#5484,.T.);
#5848=FACE_BOUND('',#5485,.T.);
#5849=FACE_BOUND('',#5486,.T.);
#5850=FACE_BOUND('',#5487,.T.);
#5851=FACE_BOUND('',#5488,.T.);
#5852=FACE_BOUND('',#5489,.T.);
#5853=FACE_BOUND('',#5490,.T.);
#5854=FACE_BOUND('',#5491,.T.);
#5855=FACE_BOUND('',#5492,.T.);
#5856=FACE_BOUND('',#5493,.T.);
#5857=FACE_BOUND('',#5494,.T.);
#5858=FACE_BOUND('',#5495,.T.);
#5859=FACE_BOUND('',#5496,.T.);
#5860=FACE_BOUND('',#5497,.T.);
#5861=FACE_BOUND('',#5498,.T.);
#5862=FACE_BOUND('',#5499,.T.);
#5863=FACE_BOUND('',#5500,.T.);
#5864=FACE_BOUND('',#5501,.T.);
#5865=FACE_BOUND('',#5502,.T.);
#5866=FACE_BOUND('',#5503,.T.);
#5867=FACE_BOUND('',#5504,.T.);
#5868=FACE_BOUND('',#5505,.T.);
#5869=FACE_BOUND('',#5506,.T.);
#5870=FACE_BOUND('',#5507,.T.);
#5871=FACE_BOUND('',#5508,.T.);
#5872=FACE_BOUND('',#5509,.T.);
#5873=FACE_BOUND('',#5510,.T.);
#5874=FACE_BOUND('',#5511,.T.);
#5875=FACE_BOUND('',#5512,.T.);
#5876=FACE_BOUND('',#5513,.T.);
#5877=FACE_BOUND('',#5514,.T.);
#5878=FACE_BOUND('',#5515,.T.);
#5879=FACE_BOUND('',#5516,.T.);
#5880=FACE_BOUND('',#5517,.T.);
#5881=FACE_BOUND('',#5518,.T.);
#5882=FACE_BOUND('',#5519,.T.);
#5883=FACE_BOUND('',#5520,.T.);
#5884=FACE_BOUND('',#5521,.T.);
#5885=FACE_BOUND('',#5522,.T.);
#5886=FACE_BOUND('',#5523,.T.);
#5887=FACE_BOUND('',#5524,.T.);
#5888=FACE_BOUND('',#5525,.T.);
#5889=FACE_BOUND('',#5526,.T.);
#5890=FACE_BOUND('',#5527,.T.);
#5891=FACE_BOUND('',#5528,.T.);
#5892=FACE_BOUND('',#5529,.T.);
#5893=FACE_BOUND('',#5530,.T.);
#5894=FACE_BOUND('',#5531,.T.);
#5895=FACE_BOUND('',#5532,.T.);
#5896=FACE_BOUND('',#5533,.T.);
#5897=FACE_BOUND('',#5534,.T.);
#5898=FACE_BOUND('',#5535,.T.);
#5899=FACE_BOUND('',#5536,.T.);
#5900=FACE_BOUND('',#5537,.T.);
#5901=FACE_BOUND('',#5538,.T.);
#5902=FACE_BOUND('',#5539,.T.);
#5903=FACE_BOUND('',#5540,.T.);
#5904=FACE_BOUND('',#5541,.T.);
#5905=FACE_BOUND('',#5542,.T.);
#5906=FACE_BOUND('',#5543,.T.);
#5907=FACE_BOUND('',#5544,.T.);
#5908=FACE_BOUND('',#5545,.T.);
#5909=FACE_BOUND('',#5546,.T.);
#5910=FACE_BOUND('',#5547,.T.);
#5911=FACE_BOUND('',#5548,.T.);
#5912=FACE_BOUND('',#5549,.T.);
#5913=FACE_BOUND('',#5550,.T.);
#5914=FACE_BOUND('',#5551,.T.);
#5915=FACE_BOUND('',#5552,.T.);
#5916=FACE_BOUND('',#5553,.T.);
#5917=FACE_BOUND('',#5554,.T.);
#5918=FACE_BOUND('',#5555,.T.);
#5919=FACE_BOUND('',#5556,.T.);
#5920=FACE_BOUND('',#5557,.T.);
#5921=FACE_BOUND('',#5558,.T.);
#5922=FACE_BOUND('',#5559,.T.);
#5923=FACE_BOUND('',#5560,.T.);
#5924=FACE_BOUND('',#5561,.T.);
#5925=FACE_BOUND('',#5562,.T.);
#5926=FACE_BOUND('',#5563,.T.);
#5927=FACE_BOUND('',#5564,.T.);
#5928=FACE_BOUND('',#5565,.T.);
#5929=FACE_BOUND('',#5566,.T.);
#5930=FACE_BOUND('',#5567,.T.);
#5931=FACE_BOUND('',#5568,.T.);
#5932=FACE_BOUND('',#5569,.T.);
#5933=FACE_BOUND('',#5570,.T.);
#5934=FACE_BOUND('',#5571,.T.);
#5935=FACE_BOUND('',#5572,.T.);
#5936=FACE_BOUND('',#5573,.T.);
#5937=FACE_BOUND('',#5574,.T.);
#5938=FACE_BOUND('',#5575,.T.);
#5939=FACE_BOUND('',#5576,.T.);
#5940=FACE_BOUND('',#5577,.T.);
#5941=PLANE('',#8794);
#5942=PLANE('',#8795);
#5943=PLANE('',#8796);
#5944=PLANE('',#8797);
#5945=PLANE('',#8806);
#5946=PLANE('',#8811);
#5947=PLANE('',#8888);
#5948=PLANE('',#8893);
#5949=PLANE('',#8894);
#5950=PLANE('',#8895);
#5951=PLANE('',#8896);
#5952=PLANE('',#8897);
#5953=PLANE('',#8899);
#5954=PLANE('',#8900);
#5955=PLANE('',#8901);
#5956=PLANE('',#8902);
#5957=PLANE('',#8903);
#5958=PLANE('',#8904);
#5959=PLANE('',#8905);
#5960=PLANE('',#8906);
#5961=PLANE('',#8909);
#5962=PLANE('',#8910);
#5963=PLANE('',#8911);
#5964=PLANE('',#8912);
#5965=PLANE('',#8915);
#5966=PLANE('',#8918);
#5967=PLANE('',#8919);
#5968=PLANE('',#8920);
#5969=PLANE('',#8921);
#5970=PLANE('',#8922);
#5971=PLANE('',#8968);
#5972=PLANE('',#8973);
#5973=PLANE('',#8983);
#5974=PLANE('',#8992);
#5975=PLANE('',#8995);
#5976=PLANE('',#8996);
#5977=PLANE('',#8998);
#5978=PLANE('',#9001);
#5979=PLANE('',#9002);
#5980=PLANE('',#9003);
#5981=PLANE('',#9004);
#5982=PLANE('',#9005);
#5983=PLANE('',#9006);
#5984=PLANE('',#9007);
#5985=PLANE('',#9008);
#5986=PLANE('',#9010);
#5987=PLANE('',#9012);
#5988=PLANE('',#9013);
#5989=PLANE('',#9015);
#5990=PLANE('',#9017);
#5991=PLANE('',#9018);
#5992=PLANE('',#9020);
#5993=PLANE('',#9023);
#5994=PLANE('',#9024);
#5995=PLANE('',#9026);
#5996=PLANE('',#9030);
#5997=PLANE('',#9034);
#5998=PLANE('',#9038);
#5999=PLANE('',#9042);
#6000=PLANE('',#9046);
#6001=PLANE('',#9047);
#6002=PLANE('',#9048);
#6003=PLANE('',#9049);
#6004=PLANE('',#9051);
#6005=PLANE('',#9052);
#6006=PLANE('',#9054);
#6007=PLANE('',#9056);
#6008=PLANE('',#9057);
#6009=PLANE('',#9059);
#6010=PLANE('',#9061);
#6011=PLANE('',#9063);
#6012=PLANE('',#9065);
#6013=PLANE('',#9067);
#6014=PLANE('',#9072);
#6015=PLANE('',#9074);
#6016=PLANE('',#9076);
#6017=PLANE('',#9078);
#6018=PLANE('',#9080);
#6019=PLANE('',#9081);
#6020=PLANE('',#9082);
#6021=PLANE('',#9083);
#6022=PLANE('',#9084);
#6023=PLANE('',#9085);
#6024=PLANE('',#9088);
#6025=PLANE('',#9089);
#6026=PLANE('',#9091);
#6027=PLANE('',#9092);
#6028=PLANE('',#9093);
#6029=PLANE('',#9094);
#6030=PLANE('',#9095);
#6031=PLANE('',#9096);
#6032=PLANE('',#9102);
#6033=PLANE('',#9103);
#6034=PLANE('',#9115);
#6035=PLANE('',#9122);
#6036=PLANE('',#9125);
#6037=PLANE('',#9128);
#6038=PLANE('',#9137);
#6039=PLANE('',#9140);
#6040=PLANE('',#9147);
#6041=PLANE('',#9148);
#6042=PLANE('',#9153);
#6043=PLANE('',#9158);
#6044=PLANE('',#9166);
#6045=PLANE('',#9169);
#6046=PLANE('',#9172);
#6047=PLANE('',#9175);
#6048=PLANE('',#9178);
#6049=PLANE('',#9181);
#6050=PLANE('',#9184);
#6051=PLANE('',#9187);
#6052=PLANE('',#9188);
#6053=PLANE('',#9191);
#6054=PLANE('',#9194);
#6055=PLANE('',#9195);
#6056=PLANE('',#9198);
#6057=PLANE('',#9199);
#6058=PLANE('',#9200);
#6059=PLANE('',#9201);
#6060=PLANE('',#9202);
#6061=PLANE('',#9205);
#6062=PLANE('',#9208);
#6063=PLANE('',#9209);
#6064=PLANE('',#9210);
#6065=PLANE('',#9213);
#6066=PLANE('',#9216);
#6067=PLANE('',#9219);
#6068=PLANE('',#9222);
#6069=PLANE('',#9223);
#6070=PLANE('',#9226);
#6071=PLANE('',#9229);
#6072=PLANE('',#9232);
#6073=PLANE('',#9233);
#6074=PLANE('',#9234);
#6075=PLANE('',#9237);
#6076=PLANE('',#9238);
#6077=PLANE('',#9241);
#6078=PLANE('',#9244);
#6079=PLANE('',#9245);
#6080=PLANE('',#9248);
#6081=PLANE('',#9251);
#6082=PLANE('',#9252);
#6083=PLANE('',#9255);
#6084=PLANE('',#9258);
#6085=PLANE('',#9259);
#6086=PLANE('',#9262);
#6087=PLANE('',#9265);
#6088=PLANE('',#9268);
#6089=PLANE('',#9269);
#6090=PLANE('',#9272);
#6091=PLANE('',#9275);
#6092=PLANE('',#9278);
#6093=PLANE('',#9281);
#6094=PLANE('',#9282);
#6095=PLANE('',#9283);
#6096=PLANE('',#9284);
#6097=PLANE('',#9285);
#6098=PLANE('',#9292);
#6099=PLANE('',#9295);
#6100=PLANE('',#9296);
#6101=PLANE('',#9297);
#6102=PLANE('',#9298);
#6103=PLANE('',#9299);
#6104=PLANE('',#9300);
#6105=PLANE('',#9301);
#6106=PLANE('',#9303);
#6107=PLANE('',#9305);
#6108=PLANE('',#9306);
#6109=PLANE('',#9308);
#6110=PLANE('',#9309);
#6111=PLANE('',#9311);
#6112=PLANE('',#9313);
#6113=PLANE('',#9314);
#6114=PLANE('',#9315);
#6115=PLANE('',#9316);
#6116=PLANE('',#9317);
#6117=PLANE('',#9318);
#6118=PLANE('',#9319);
#6119=PLANE('',#9320);
#6120=PLANE('',#9321);
#6121=PLANE('',#9322);
#6122=PLANE('',#9323);
#6123=PLANE('',#9324);
#6124=PLANE('',#9325);
#6125=PLANE('',#9326);
#6126=PLANE('',#9327);
#6127=PLANE('',#9328);
#6128=PLANE('',#9329);
#6129=PLANE('',#9330);
#6130=PLANE('',#9331);
#6131=PLANE('',#9332);
#6132=PLANE('',#9333);
#6133=PLANE('',#9334);
#6134=PLANE('',#9335);
#6135=PLANE('',#9336);
#6136=PLANE('',#9337);
#6137=PLANE('',#9338);
#6138=PLANE('',#9339);
#6139=PLANE('',#9340);
#6140=PLANE('',#9341);
#6141=PLANE('',#9342);
#6142=PLANE('',#9343);
#6143=PLANE('',#9344);
#6144=PLANE('',#9345);
#6145=PLANE('',#9346);
#6146=PLANE('',#9347);
#6147=PLANE('',#9348);
#6148=PLANE('',#9349);
#6149=PLANE('',#9350);
#6150=PLANE('',#9351);
#6151=PLANE('',#9352);
#6152=PLANE('',#9353);
#6153=PLANE('',#9354);
#6154=STYLED_ITEM('',(#6483),#8460);
#6155=STYLED_ITEM('',(#6484),#8461);
#6156=STYLED_ITEM('',(#6485),#8462);
#6157=STYLED_ITEM('',(#6486),#8463);
#6158=STYLED_ITEM('',(#6487),#8464);
#6159=STYLED_ITEM('',(#6488),#8465);
#6160=STYLED_ITEM('',(#6489),#8466);
#6161=STYLED_ITEM('',(#6490),#8467);
#6162=STYLED_ITEM('',(#6491),#8468);
#6163=STYLED_ITEM('',(#6492),#8469);
#6164=STYLED_ITEM('',(#6493),#8470);
#6165=STYLED_ITEM('',(#6494),#8471);
#6166=STYLED_ITEM('',(#6495),#8472);
#6167=STYLED_ITEM('',(#6496),#8473);
#6168=STYLED_ITEM('',(#6497),#8474);
#6169=STYLED_ITEM('',(#6498),#8475);
#6170=STYLED_ITEM('',(#6499),#8476);
#6171=STYLED_ITEM('',(#6500),#8477);
#6172=STYLED_ITEM('',(#6501),#8478);
#6173=STYLED_ITEM('',(#6502),#8479);
#6174=STYLED_ITEM('',(#6503),#8480);
#6175=STYLED_ITEM('',(#6504),#8481);
#6176=STYLED_ITEM('',(#6505),#8482);
#6177=STYLED_ITEM('',(#6506),#8483);
#6178=STYLED_ITEM('',(#6507),#8484);
#6179=STYLED_ITEM('',(#6508),#8485);
#6180=STYLED_ITEM('',(#6509),#8486);
#6181=STYLED_ITEM('',(#6510),#8487);
#6182=STYLED_ITEM('',(#6511),#8488);
#6183=STYLED_ITEM('',(#6512),#8489);
#6184=STYLED_ITEM('',(#6513),#8490);
#6185=STYLED_ITEM('',(#6514),#8491);
#6186=STYLED_ITEM('',(#6515),#8492);
#6187=STYLED_ITEM('',(#6516),#8493);
#6188=STYLED_ITEM('',(#6517),#8494);
#6189=STYLED_ITEM('',(#6518),#8495);
#6190=STYLED_ITEM('',(#6519),#8496);
#6191=STYLED_ITEM('',(#6520),#8497);
#6192=STYLED_ITEM('',(#6521),#8498);
#6193=STYLED_ITEM('',(#6522),#8499);
#6194=STYLED_ITEM('',(#6523),#8500);
#6195=STYLED_ITEM('',(#6524),#8501);
#6196=STYLED_ITEM('',(#6525),#8502);
#6197=STYLED_ITEM('',(#6526),#8503);
#6198=STYLED_ITEM('',(#6527),#8504);
#6199=STYLED_ITEM('',(#6528),#8505);
#6200=STYLED_ITEM('',(#6529),#8506);
#6201=STYLED_ITEM('',(#6530),#8507);
#6202=STYLED_ITEM('',(#6531),#8508);
#6203=STYLED_ITEM('',(#6532),#8509);
#6204=STYLED_ITEM('',(#6533),#8510);
#6205=STYLED_ITEM('',(#6534),#8511);
#6206=STYLED_ITEM('',(#6535),#8512);
#6207=STYLED_ITEM('',(#6536),#8513);
#6208=STYLED_ITEM('',(#6537),#8514);
#6209=STYLED_ITEM('',(#6538),#8515);
#6210=STYLED_ITEM('',(#6539),#8516);
#6211=STYLED_ITEM('',(#6540),#8517);
#6212=STYLED_ITEM('',(#6541),#8518);
#6213=STYLED_ITEM('',(#6542),#8519);
#6214=STYLED_ITEM('',(#6543),#8520);
#6215=STYLED_ITEM('',(#6544),#8521);
#6216=STYLED_ITEM('',(#6545),#8522);
#6217=STYLED_ITEM('',(#6546),#8523);
#6218=STYLED_ITEM('',(#6547),#8524);
#6219=STYLED_ITEM('',(#6548),#8525);
#6220=STYLED_ITEM('',(#6549),#8526);
#6221=STYLED_ITEM('',(#6550),#8527);
#6222=STYLED_ITEM('',(#6551),#8528);
#6223=STYLED_ITEM('',(#6552),#8529);
#6224=STYLED_ITEM('',(#6553),#8530);
#6225=STYLED_ITEM('',(#6554),#8531);
#6226=STYLED_ITEM('',(#6555),#8532);
#6227=STYLED_ITEM('',(#6556),#8533);
#6228=STYLED_ITEM('',(#6557),#8534);
#6229=STYLED_ITEM('',(#6558),#8535);
#6230=STYLED_ITEM('',(#6559),#8536);
#6231=STYLED_ITEM('',(#6560),#8537);
#6232=STYLED_ITEM('',(#6561),#8538);
#6233=STYLED_ITEM('',(#6562),#8539);
#6234=STYLED_ITEM('',(#6563),#8540);
#6235=STYLED_ITEM('',(#6564),#8541);
#6236=STYLED_ITEM('',(#6565),#8542);
#6237=STYLED_ITEM('',(#6566),#8543);
#6238=STYLED_ITEM('',(#6567),#8544);
#6239=STYLED_ITEM('',(#6568),#8545);
#6240=STYLED_ITEM('',(#6569),#8546);
#6241=STYLED_ITEM('',(#6570),#8547);
#6242=STYLED_ITEM('',(#6571),#8548);
#6243=STYLED_ITEM('',(#6572),#8549);
#6244=STYLED_ITEM('',(#6573),#8550);
#6245=STYLED_ITEM('',(#6574),#8551);
#6246=STYLED_ITEM('',(#6575),#8552);
#6247=STYLED_ITEM('',(#6576),#8553);
#6248=STYLED_ITEM('',(#6577),#8554);
#6249=STYLED_ITEM('',(#6578),#8555);
#6250=STYLED_ITEM('',(#6579),#8556);
#6251=STYLED_ITEM('',(#6580),#8557);
#6252=STYLED_ITEM('',(#6581),#8558);
#6253=STYLED_ITEM('',(#6582),#8559);
#6254=STYLED_ITEM('',(#6583),#8560);
#6255=STYLED_ITEM('',(#6584),#8561);
#6256=STYLED_ITEM('',(#6585),#8562);
#6257=STYLED_ITEM('',(#6586),#8563);
#6258=STYLED_ITEM('',(#6587),#8564);
#6259=STYLED_ITEM('',(#6588),#8565);
#6260=STYLED_ITEM('',(#6589),#8566);
#6261=STYLED_ITEM('',(#6590),#8567);
#6262=STYLED_ITEM('',(#6591),#8568);
#6263=STYLED_ITEM('',(#6592),#8569);
#6264=STYLED_ITEM('',(#6593),#8570);
#6265=STYLED_ITEM('',(#6594),#8571);
#6266=STYLED_ITEM('',(#6595),#8572);
#6267=STYLED_ITEM('',(#6596),#8573);
#6268=STYLED_ITEM('',(#6597),#8574);
#6269=STYLED_ITEM('',(#6598),#8575);
#6270=STYLED_ITEM('',(#6599),#8576);
#6271=STYLED_ITEM('',(#6600),#8577);
#6272=STYLED_ITEM('',(#6601),#8578);
#6273=STYLED_ITEM('',(#6602),#8579);
#6274=STYLED_ITEM('',(#6603),#8580);
#6275=STYLED_ITEM('',(#6604),#8581);
#6276=STYLED_ITEM('',(#6605),#8582);
#6277=STYLED_ITEM('',(#6606),#8583);
#6278=STYLED_ITEM('',(#6607),#8584);
#6279=STYLED_ITEM('',(#6608),#8585);
#6280=STYLED_ITEM('',(#6609),#8586);
#6281=STYLED_ITEM('',(#6610),#8587);
#6282=STYLED_ITEM('',(#6611),#8588);
#6283=STYLED_ITEM('',(#6612),#8589);
#6284=STYLED_ITEM('',(#6613),#8590);
#6285=STYLED_ITEM('',(#6614),#8591);
#6286=STYLED_ITEM('',(#6615),#8592);
#6287=STYLED_ITEM('',(#6616),#8593);
#6288=STYLED_ITEM('',(#6617),#8594);
#6289=STYLED_ITEM('',(#6618),#8595);
#6290=STYLED_ITEM('',(#6619),#8596);
#6291=STYLED_ITEM('',(#6620),#8597);
#6292=STYLED_ITEM('',(#6621),#8598);
#6293=STYLED_ITEM('',(#6622),#8599);
#6294=STYLED_ITEM('',(#6623),#8600);
#6295=STYLED_ITEM('',(#6624),#8601);
#6296=STYLED_ITEM('',(#6625),#8602);
#6297=STYLED_ITEM('',(#6626),#8603);
#6298=STYLED_ITEM('',(#6627),#8604);
#6299=STYLED_ITEM('',(#6628),#8605);
#6300=STYLED_ITEM('',(#6629),#8606);
#6301=STYLED_ITEM('',(#6630),#8607);
#6302=STYLED_ITEM('',(#6631),#8608);
#6303=STYLED_ITEM('',(#6632),#8609);
#6304=STYLED_ITEM('',(#6633),#8610);
#6305=STYLED_ITEM('',(#6634),#8611);
#6306=STYLED_ITEM('',(#6635),#8612);
#6307=STYLED_ITEM('',(#6636),#8613);
#6308=STYLED_ITEM('',(#6637),#8614);
#6309=STYLED_ITEM('',(#6638),#8615);
#6310=STYLED_ITEM('',(#6639),#8616);
#6311=STYLED_ITEM('',(#6640),#8617);
#6312=STYLED_ITEM('',(#6641),#8618);
#6313=STYLED_ITEM('',(#6642),#8619);
#6314=STYLED_ITEM('',(#6643),#8620);
#6315=STYLED_ITEM('',(#6644),#8621);
#6316=STYLED_ITEM('',(#6645),#8622);
#6317=STYLED_ITEM('',(#6646),#8623);
#6318=STYLED_ITEM('',(#6647),#8624);
#6319=STYLED_ITEM('',(#6648),#8625);
#6320=STYLED_ITEM('',(#6649),#8626);
#6321=STYLED_ITEM('',(#6650),#8627);
#6322=STYLED_ITEM('',(#6651),#8628);
#6323=STYLED_ITEM('',(#6652),#8629);
#6324=STYLED_ITEM('',(#6653),#8630);
#6325=STYLED_ITEM('',(#6654),#8631);
#6326=STYLED_ITEM('',(#6655),#8632);
#6327=STYLED_ITEM('',(#6656),#8633);
#6328=STYLED_ITEM('',(#6657),#8634);
#6329=STYLED_ITEM('',(#6658),#8635);
#6330=STYLED_ITEM('',(#6659),#8636);
#6331=STYLED_ITEM('',(#6660),#8637);
#6332=STYLED_ITEM('',(#6661),#8638);
#6333=STYLED_ITEM('',(#6662),#8639);
#6334=STYLED_ITEM('',(#6663),#8640);
#6335=STYLED_ITEM('',(#6664),#8641);
#6336=STYLED_ITEM('',(#6665),#8642);
#6337=STYLED_ITEM('',(#6666),#8643);
#6338=STYLED_ITEM('',(#6667),#8644);
#6339=STYLED_ITEM('',(#6668),#8645);
#6340=STYLED_ITEM('',(#6669),#8646);
#6341=STYLED_ITEM('',(#6670),#8647);
#6342=STYLED_ITEM('',(#6671),#8648);
#6343=STYLED_ITEM('',(#6672),#8649);
#6344=STYLED_ITEM('',(#6673),#8650);
#6345=STYLED_ITEM('',(#6674),#8651);
#6346=STYLED_ITEM('',(#6675),#8652);
#6347=STYLED_ITEM('',(#6676),#8653);
#6348=STYLED_ITEM('',(#6677),#8654);
#6349=STYLED_ITEM('',(#6678),#8655);
#6350=STYLED_ITEM('',(#6679),#8656);
#6351=STYLED_ITEM('',(#6680),#8657);
#6352=STYLED_ITEM('',(#6681),#8658);
#6353=STYLED_ITEM('',(#6682),#8659);
#6354=STYLED_ITEM('',(#6683),#8660);
#6355=STYLED_ITEM('',(#6684),#8661);
#6356=STYLED_ITEM('',(#6685),#8662);
#6357=STYLED_ITEM('',(#6686),#8663);
#6358=STYLED_ITEM('',(#6687),#8664);
#6359=STYLED_ITEM('',(#6688),#8665);
#6360=STYLED_ITEM('',(#6689),#8666);
#6361=STYLED_ITEM('',(#6690),#8667);
#6362=STYLED_ITEM('',(#6691),#8668);
#6363=STYLED_ITEM('',(#6692),#8669);
#6364=STYLED_ITEM('',(#6693),#8670);
#6365=STYLED_ITEM('',(#6694),#8671);
#6366=STYLED_ITEM('',(#6695),#8672);
#6367=STYLED_ITEM('',(#6696),#8673);
#6368=STYLED_ITEM('',(#6697),#8674);
#6369=STYLED_ITEM('',(#6698),#8675);
#6370=STYLED_ITEM('',(#6699),#8676);
#6371=STYLED_ITEM('',(#6700),#8677);
#6372=STYLED_ITEM('',(#6701),#8678);
#6373=STYLED_ITEM('',(#6702),#8679);
#6374=STYLED_ITEM('',(#6703),#8680);
#6375=STYLED_ITEM('',(#6704),#8681);
#6376=STYLED_ITEM('',(#6705),#8682);
#6377=STYLED_ITEM('',(#6706),#8683);
#6378=STYLED_ITEM('',(#6707),#8684);
#6379=STYLED_ITEM('',(#6708),#8685);
#6380=STYLED_ITEM('',(#6709),#8686);
#6381=STYLED_ITEM('',(#6710),#8687);
#6382=STYLED_ITEM('',(#6711),#8688);
#6383=STYLED_ITEM('',(#6712),#8689);
#6384=STYLED_ITEM('',(#6713),#8690);
#6385=STYLED_ITEM('',(#6714),#8691);
#6386=STYLED_ITEM('',(#6715),#8692);
#6387=STYLED_ITEM('',(#6716),#8693);
#6388=STYLED_ITEM('',(#6717),#8694);
#6389=STYLED_ITEM('',(#6718),#8695);
#6390=STYLED_ITEM('',(#6719),#8696);
#6391=STYLED_ITEM('',(#6720),#8697);
#6392=STYLED_ITEM('',(#6721),#8698);
#6393=STYLED_ITEM('',(#6722),#8699);
#6394=STYLED_ITEM('',(#6723),#8700);
#6395=STYLED_ITEM('',(#6724),#8701);
#6396=STYLED_ITEM('',(#6725),#8702);
#6397=STYLED_ITEM('',(#6726),#8703);
#6398=STYLED_ITEM('',(#6727),#8704);
#6399=STYLED_ITEM('',(#6728),#8705);
#6400=STYLED_ITEM('',(#6729),#8706);
#6401=STYLED_ITEM('',(#6730),#8707);
#6402=STYLED_ITEM('',(#6731),#8708);
#6403=STYLED_ITEM('',(#6732),#8709);
#6404=STYLED_ITEM('',(#6733),#8710);
#6405=STYLED_ITEM('',(#6734),#8711);
#6406=STYLED_ITEM('',(#6735),#8712);
#6407=STYLED_ITEM('',(#6736),#8713);
#6408=STYLED_ITEM('',(#6737),#8714);
#6409=STYLED_ITEM('',(#6738),#8715);
#6410=STYLED_ITEM('',(#6739),#8716);
#6411=STYLED_ITEM('',(#6740),#8717);
#6412=STYLED_ITEM('',(#6741),#8718);
#6413=STYLED_ITEM('',(#6742),#8719);
#6414=STYLED_ITEM('',(#6743),#8720);
#6415=STYLED_ITEM('',(#6744),#8721);
#6416=STYLED_ITEM('',(#6745),#8722);
#6417=STYLED_ITEM('',(#6746),#8723);
#6418=STYLED_ITEM('',(#6747),#8724);
#6419=STYLED_ITEM('',(#6748),#8725);
#6420=STYLED_ITEM('',(#6749),#8726);
#6421=STYLED_ITEM('',(#6750),#8727);
#6422=STYLED_ITEM('',(#6751),#8728);
#6423=STYLED_ITEM('',(#6752),#8729);
#6424=STYLED_ITEM('',(#6753),#8730);
#6425=STYLED_ITEM('',(#6754),#8731);
#6426=STYLED_ITEM('',(#6755),#8732);
#6427=STYLED_ITEM('',(#6756),#8733);
#6428=STYLED_ITEM('',(#6757),#8734);
#6429=STYLED_ITEM('',(#6758),#8735);
#6430=STYLED_ITEM('',(#6759),#8736);
#6431=STYLED_ITEM('',(#6760),#8737);
#6432=STYLED_ITEM('',(#6761),#8738);
#6433=STYLED_ITEM('',(#6762),#8739);
#6434=STYLED_ITEM('',(#6763),#8740);
#6435=STYLED_ITEM('',(#6764),#8741);
#6436=STYLED_ITEM('',(#6765),#8742);
#6437=STYLED_ITEM('',(#6766),#8743);
#6438=STYLED_ITEM('',(#6767),#8744);
#6439=STYLED_ITEM('',(#6768),#8745);
#6440=STYLED_ITEM('',(#6769),#8746);
#6441=STYLED_ITEM('',(#6770),#8747);
#6442=STYLED_ITEM('',(#6771),#8748);
#6443=STYLED_ITEM('',(#6772),#8749);
#6444=STYLED_ITEM('',(#6773),#8750);
#6445=STYLED_ITEM('',(#6774),#8751);
#6446=STYLED_ITEM('',(#6775),#8752);
#6447=STYLED_ITEM('',(#6776),#8753);
#6448=STYLED_ITEM('',(#6777),#8754);
#6449=STYLED_ITEM('',(#6778),#8755);
#6450=STYLED_ITEM('',(#6779),#8756);
#6451=STYLED_ITEM('',(#6780),#8757);
#6452=STYLED_ITEM('',(#6781),#8758);
#6453=STYLED_ITEM('',(#6782),#8759);
#6454=STYLED_ITEM('',(#6783),#8760);
#6455=STYLED_ITEM('',(#6784),#8761);
#6456=STYLED_ITEM('',(#6785),#8762);
#6457=STYLED_ITEM('',(#6786),#8763);
#6458=STYLED_ITEM('',(#6787),#8764);
#6459=STYLED_ITEM('',(#6788),#8765);
#6460=STYLED_ITEM('',(#6789),#8766);
#6461=STYLED_ITEM('',(#6790),#8767);
#6462=STYLED_ITEM('',(#6791),#8768);
#6463=STYLED_ITEM('',(#6792),#8769);
#6464=STYLED_ITEM('',(#6793),#8770);
#6465=STYLED_ITEM('',(#6794),#8771);
#6466=STYLED_ITEM('',(#6795),#8772);
#6467=STYLED_ITEM('',(#6796),#8773);
#6468=STYLED_ITEM('',(#6797),#8774);
#6469=STYLED_ITEM('',(#6798),#8775);
#6470=STYLED_ITEM('',(#6799),#8776);
#6471=STYLED_ITEM('',(#6800),#8777);
#6472=STYLED_ITEM('',(#6801),#8778);
#6473=STYLED_ITEM('',(#6802),#8779);
#6474=STYLED_ITEM('',(#6803),#8780);
#6475=STYLED_ITEM('',(#6804),#8781);
#6476=STYLED_ITEM('',(#6805),#8782);
#6477=STYLED_ITEM('',(#6806),#8783);
#6478=STYLED_ITEM('',(#6807),#8784);
#6479=STYLED_ITEM('',(#6808),#8785);
#6480=STYLED_ITEM('',(#6809),#8786);
#6481=STYLED_ITEM('',(#6810),#8787);
#6482=STYLED_ITEM('',(#6811),#8788);
#6483=PRESENTATION_STYLE_ASSIGNMENT((#6812));
#6484=PRESENTATION_STYLE_ASSIGNMENT((#6813));
#6485=PRESENTATION_STYLE_ASSIGNMENT((#6814));
#6486=PRESENTATION_STYLE_ASSIGNMENT((#6815));
#6487=PRESENTATION_STYLE_ASSIGNMENT((#6816));
#6488=PRESENTATION_STYLE_ASSIGNMENT((#6817));
#6489=PRESENTATION_STYLE_ASSIGNMENT((#6818));
#6490=PRESENTATION_STYLE_ASSIGNMENT((#6819));
#6491=PRESENTATION_STYLE_ASSIGNMENT((#6820));
#6492=PRESENTATION_STYLE_ASSIGNMENT((#6821));
#6493=PRESENTATION_STYLE_ASSIGNMENT((#6822));
#6494=PRESENTATION_STYLE_ASSIGNMENT((#6823));
#6495=PRESENTATION_STYLE_ASSIGNMENT((#6824));
#6496=PRESENTATION_STYLE_ASSIGNMENT((#6825));
#6497=PRESENTATION_STYLE_ASSIGNMENT((#6826));
#6498=PRESENTATION_STYLE_ASSIGNMENT((#6827));
#6499=PRESENTATION_STYLE_ASSIGNMENT((#6828));
#6500=PRESENTATION_STYLE_ASSIGNMENT((#6829));
#6501=PRESENTATION_STYLE_ASSIGNMENT((#6830));
#6502=PRESENTATION_STYLE_ASSIGNMENT((#6831));
#6503=PRESENTATION_STYLE_ASSIGNMENT((#6832));
#6504=PRESENTATION_STYLE_ASSIGNMENT((#6833));
#6505=PRESENTATION_STYLE_ASSIGNMENT((#6834));
#6506=PRESENTATION_STYLE_ASSIGNMENT((#6835));
#6507=PRESENTATION_STYLE_ASSIGNMENT((#6836));
#6508=PRESENTATION_STYLE_ASSIGNMENT((#6837));
#6509=PRESENTATION_STYLE_ASSIGNMENT((#6838));
#6510=PRESENTATION_STYLE_ASSIGNMENT((#6839));
#6511=PRESENTATION_STYLE_ASSIGNMENT((#6840));
#6512=PRESENTATION_STYLE_ASSIGNMENT((#6841));
#6513=PRESENTATION_STYLE_ASSIGNMENT((#6842));
#6514=PRESENTATION_STYLE_ASSIGNMENT((#6843));
#6515=PRESENTATION_STYLE_ASSIGNMENT((#6844));
#6516=PRESENTATION_STYLE_ASSIGNMENT((#6845));
#6517=PRESENTATION_STYLE_ASSIGNMENT((#6846));
#6518=PRESENTATION_STYLE_ASSIGNMENT((#6847));
#6519=PRESENTATION_STYLE_ASSIGNMENT((#6848));
#6520=PRESENTATION_STYLE_ASSIGNMENT((#6849));
#6521=PRESENTATION_STYLE_ASSIGNMENT((#6850));
#6522=PRESENTATION_STYLE_ASSIGNMENT((#6851));
#6523=PRESENTATION_STYLE_ASSIGNMENT((#6852));
#6524=PRESENTATION_STYLE_ASSIGNMENT((#6853));
#6525=PRESENTATION_STYLE_ASSIGNMENT((#6854));
#6526=PRESENTATION_STYLE_ASSIGNMENT((#6855));
#6527=PRESENTATION_STYLE_ASSIGNMENT((#6856));
#6528=PRESENTATION_STYLE_ASSIGNMENT((#6857));
#6529=PRESENTATION_STYLE_ASSIGNMENT((#6858));
#6530=PRESENTATION_STYLE_ASSIGNMENT((#6859));
#6531=PRESENTATION_STYLE_ASSIGNMENT((#6860));
#6532=PRESENTATION_STYLE_ASSIGNMENT((#6861));
#6533=PRESENTATION_STYLE_ASSIGNMENT((#6862));
#6534=PRESENTATION_STYLE_ASSIGNMENT((#6863));
#6535=PRESENTATION_STYLE_ASSIGNMENT((#6864));
#6536=PRESENTATION_STYLE_ASSIGNMENT((#6865));
#6537=PRESENTATION_STYLE_ASSIGNMENT((#6866));
#6538=PRESENTATION_STYLE_ASSIGNMENT((#6867));
#6539=PRESENTATION_STYLE_ASSIGNMENT((#6868));
#6540=PRESENTATION_STYLE_ASSIGNMENT((#6869));
#6541=PRESENTATION_STYLE_ASSIGNMENT((#6870));
#6542=PRESENTATION_STYLE_ASSIGNMENT((#6871));
#6543=PRESENTATION_STYLE_ASSIGNMENT((#6872));
#6544=PRESENTATION_STYLE_ASSIGNMENT((#6873));
#6545=PRESENTATION_STYLE_ASSIGNMENT((#6874));
#6546=PRESENTATION_STYLE_ASSIGNMENT((#6875));
#6547=PRESENTATION_STYLE_ASSIGNMENT((#6876));
#6548=PRESENTATION_STYLE_ASSIGNMENT((#6877));
#6549=PRESENTATION_STYLE_ASSIGNMENT((#6878));
#6550=PRESENTATION_STYLE_ASSIGNMENT((#6879));
#6551=PRESENTATION_STYLE_ASSIGNMENT((#6880));
#6552=PRESENTATION_STYLE_ASSIGNMENT((#6881));
#6553=PRESENTATION_STYLE_ASSIGNMENT((#6882));
#6554=PRESENTATION_STYLE_ASSIGNMENT((#6883));
#6555=PRESENTATION_STYLE_ASSIGNMENT((#6884));
#6556=PRESENTATION_STYLE_ASSIGNMENT((#6885));
#6557=PRESENTATION_STYLE_ASSIGNMENT((#6886));
#6558=PRESENTATION_STYLE_ASSIGNMENT((#6887));
#6559=PRESENTATION_STYLE_ASSIGNMENT((#6888));
#6560=PRESENTATION_STYLE_ASSIGNMENT((#6889));
#6561=PRESENTATION_STYLE_ASSIGNMENT((#6890));
#6562=PRESENTATION_STYLE_ASSIGNMENT((#6891));
#6563=PRESENTATION_STYLE_ASSIGNMENT((#6892));
#6564=PRESENTATION_STYLE_ASSIGNMENT((#6893));
#6565=PRESENTATION_STYLE_ASSIGNMENT((#6894));
#6566=PRESENTATION_STYLE_ASSIGNMENT((#6895));
#6567=PRESENTATION_STYLE_ASSIGNMENT((#6896));
#6568=PRESENTATION_STYLE_ASSIGNMENT((#6897));
#6569=PRESENTATION_STYLE_ASSIGNMENT((#6898));
#6570=PRESENTATION_STYLE_ASSIGNMENT((#6899));
#6571=PRESENTATION_STYLE_ASSIGNMENT((#6900));
#6572=PRESENTATION_STYLE_ASSIGNMENT((#6901));
#6573=PRESENTATION_STYLE_ASSIGNMENT((#6902));
#6574=PRESENTATION_STYLE_ASSIGNMENT((#6903));
#6575=PRESENTATION_STYLE_ASSIGNMENT((#6904));
#6576=PRESENTATION_STYLE_ASSIGNMENT((#6905));
#6577=PRESENTATION_STYLE_ASSIGNMENT((#6906));
#6578=PRESENTATION_STYLE_ASSIGNMENT((#6907));
#6579=PRESENTATION_STYLE_ASSIGNMENT((#6908));
#6580=PRESENTATION_STYLE_ASSIGNMENT((#6909));
#6581=PRESENTATION_STYLE_ASSIGNMENT((#6910));
#6582=PRESENTATION_STYLE_ASSIGNMENT((#6911));
#6583=PRESENTATION_STYLE_ASSIGNMENT((#6912));
#6584=PRESENTATION_STYLE_ASSIGNMENT((#6913));
#6585=PRESENTATION_STYLE_ASSIGNMENT((#6914));
#6586=PRESENTATION_STYLE_ASSIGNMENT((#6915));
#6587=PRESENTATION_STYLE_ASSIGNMENT((#6916));
#6588=PRESENTATION_STYLE_ASSIGNMENT((#6917));
#6589=PRESENTATION_STYLE_ASSIGNMENT((#6918));
#6590=PRESENTATION_STYLE_ASSIGNMENT((#6919));
#6591=PRESENTATION_STYLE_ASSIGNMENT((#6920));
#6592=PRESENTATION_STYLE_ASSIGNMENT((#6921));
#6593=PRESENTATION_STYLE_ASSIGNMENT((#6922));
#6594=PRESENTATION_STYLE_ASSIGNMENT((#6923));
#6595=PRESENTATION_STYLE_ASSIGNMENT((#6924));
#6596=PRESENTATION_STYLE_ASSIGNMENT((#6925));
#6597=PRESENTATION_STYLE_ASSIGNMENT((#6926));
#6598=PRESENTATION_STYLE_ASSIGNMENT((#6927));
#6599=PRESENTATION_STYLE_ASSIGNMENT((#6928));
#6600=PRESENTATION_STYLE_ASSIGNMENT((#6929));
#6601=PRESENTATION_STYLE_ASSIGNMENT((#6930));
#6602=PRESENTATION_STYLE_ASSIGNMENT((#6931));
#6603=PRESENTATION_STYLE_ASSIGNMENT((#6932));
#6604=PRESENTATION_STYLE_ASSIGNMENT((#6933));
#6605=PRESENTATION_STYLE_ASSIGNMENT((#6934));
#6606=PRESENTATION_STYLE_ASSIGNMENT((#6935));
#6607=PRESENTATION_STYLE_ASSIGNMENT((#6936));
#6608=PRESENTATION_STYLE_ASSIGNMENT((#6937));
#6609=PRESENTATION_STYLE_ASSIGNMENT((#6938));
#6610=PRESENTATION_STYLE_ASSIGNMENT((#6939));
#6611=PRESENTATION_STYLE_ASSIGNMENT((#6940));
#6612=PRESENTATION_STYLE_ASSIGNMENT((#6941));
#6613=PRESENTATION_STYLE_ASSIGNMENT((#6942));
#6614=PRESENTATION_STYLE_ASSIGNMENT((#6943));
#6615=PRESENTATION_STYLE_ASSIGNMENT((#6944));
#6616=PRESENTATION_STYLE_ASSIGNMENT((#6945));
#6617=PRESENTATION_STYLE_ASSIGNMENT((#6946));
#6618=PRESENTATION_STYLE_ASSIGNMENT((#6947));
#6619=PRESENTATION_STYLE_ASSIGNMENT((#6948));
#6620=PRESENTATION_STYLE_ASSIGNMENT((#6949));
#6621=PRESENTATION_STYLE_ASSIGNMENT((#6950));
#6622=PRESENTATION_STYLE_ASSIGNMENT((#6951));
#6623=PRESENTATION_STYLE_ASSIGNMENT((#6952));
#6624=PRESENTATION_STYLE_ASSIGNMENT((#6953));
#6625=PRESENTATION_STYLE_ASSIGNMENT((#6954));
#6626=PRESENTATION_STYLE_ASSIGNMENT((#6955));
#6627=PRESENTATION_STYLE_ASSIGNMENT((#6956));
#6628=PRESENTATION_STYLE_ASSIGNMENT((#6957));
#6629=PRESENTATION_STYLE_ASSIGNMENT((#6958));
#6630=PRESENTATION_STYLE_ASSIGNMENT((#6959));
#6631=PRESENTATION_STYLE_ASSIGNMENT((#6960));
#6632=PRESENTATION_STYLE_ASSIGNMENT((#6961));
#6633=PRESENTATION_STYLE_ASSIGNMENT((#6962));
#6634=PRESENTATION_STYLE_ASSIGNMENT((#6963));
#6635=PRESENTATION_STYLE_ASSIGNMENT((#6964));
#6636=PRESENTATION_STYLE_ASSIGNMENT((#6965));
#6637=PRESENTATION_STYLE_ASSIGNMENT((#6966));
#6638=PRESENTATION_STYLE_ASSIGNMENT((#6967));
#6639=PRESENTATION_STYLE_ASSIGNMENT((#6968));
#6640=PRESENTATION_STYLE_ASSIGNMENT((#6969));
#6641=PRESENTATION_STYLE_ASSIGNMENT((#6970));
#6642=PRESENTATION_STYLE_ASSIGNMENT((#6971));
#6643=PRESENTATION_STYLE_ASSIGNMENT((#6972));
#6644=PRESENTATION_STYLE_ASSIGNMENT((#6973));
#6645=PRESENTATION_STYLE_ASSIGNMENT((#6974));
#6646=PRESENTATION_STYLE_ASSIGNMENT((#6975));
#6647=PRESENTATION_STYLE_ASSIGNMENT((#6976));
#6648=PRESENTATION_STYLE_ASSIGNMENT((#6977));
#6649=PRESENTATION_STYLE_ASSIGNMENT((#6978));
#6650=PRESENTATION_STYLE_ASSIGNMENT((#6979));
#6651=PRESENTATION_STYLE_ASSIGNMENT((#6980));
#6652=PRESENTATION_STYLE_ASSIGNMENT((#6981));
#6653=PRESENTATION_STYLE_ASSIGNMENT((#6982));
#6654=PRESENTATION_STYLE_ASSIGNMENT((#6983));
#6655=PRESENTATION_STYLE_ASSIGNMENT((#6984));
#6656=PRESENTATION_STYLE_ASSIGNMENT((#6985));
#6657=PRESENTATION_STYLE_ASSIGNMENT((#6986));
#6658=PRESENTATION_STYLE_ASSIGNMENT((#6987));
#6659=PRESENTATION_STYLE_ASSIGNMENT((#6988));
#6660=PRESENTATION_STYLE_ASSIGNMENT((#6989));
#6661=PRESENTATION_STYLE_ASSIGNMENT((#6990));
#6662=PRESENTATION_STYLE_ASSIGNMENT((#6991));
#6663=PRESENTATION_STYLE_ASSIGNMENT((#6992));
#6664=PRESENTATION_STYLE_ASSIGNMENT((#6993));
#6665=PRESENTATION_STYLE_ASSIGNMENT((#6994));
#6666=PRESENTATION_STYLE_ASSIGNMENT((#6995));
#6667=PRESENTATION_STYLE_ASSIGNMENT((#6996));
#6668=PRESENTATION_STYLE_ASSIGNMENT((#6997));
#6669=PRESENTATION_STYLE_ASSIGNMENT((#6998));
#6670=PRESENTATION_STYLE_ASSIGNMENT((#6999));
#6671=PRESENTATION_STYLE_ASSIGNMENT((#7000));
#6672=PRESENTATION_STYLE_ASSIGNMENT((#7001));
#6673=PRESENTATION_STYLE_ASSIGNMENT((#7002));
#6674=PRESENTATION_STYLE_ASSIGNMENT((#7003));
#6675=PRESENTATION_STYLE_ASSIGNMENT((#7004));
#6676=PRESENTATION_STYLE_ASSIGNMENT((#7005));
#6677=PRESENTATION_STYLE_ASSIGNMENT((#7006));
#6678=PRESENTATION_STYLE_ASSIGNMENT((#7007));
#6679=PRESENTATION_STYLE_ASSIGNMENT((#7008));
#6680=PRESENTATION_STYLE_ASSIGNMENT((#7009));
#6681=PRESENTATION_STYLE_ASSIGNMENT((#7010));
#6682=PRESENTATION_STYLE_ASSIGNMENT((#7011));
#6683=PRESENTATION_STYLE_ASSIGNMENT((#7012));
#6684=PRESENTATION_STYLE_ASSIGNMENT((#7013));
#6685=PRESENTATION_STYLE_ASSIGNMENT((#7014));
#6686=PRESENTATION_STYLE_ASSIGNMENT((#7015));
#6687=PRESENTATION_STYLE_ASSIGNMENT((#7016));
#6688=PRESENTATION_STYLE_ASSIGNMENT((#7017));
#6689=PRESENTATION_STYLE_ASSIGNMENT((#7018));
#6690=PRESENTATION_STYLE_ASSIGNMENT((#7019));
#6691=PRESENTATION_STYLE_ASSIGNMENT((#7020));
#6692=PRESENTATION_STYLE_ASSIGNMENT((#7021));
#6693=PRESENTATION_STYLE_ASSIGNMENT((#7022));
#6694=PRESENTATION_STYLE_ASSIGNMENT((#7023));
#6695=PRESENTATION_STYLE_ASSIGNMENT((#7024));
#6696=PRESENTATION_STYLE_ASSIGNMENT((#7025));
#6697=PRESENTATION_STYLE_ASSIGNMENT((#7026));
#6698=PRESENTATION_STYLE_ASSIGNMENT((#7027));
#6699=PRESENTATION_STYLE_ASSIGNMENT((#7028));
#6700=PRESENTATION_STYLE_ASSIGNMENT((#7029));
#6701=PRESENTATION_STYLE_ASSIGNMENT((#7030));
#6702=PRESENTATION_STYLE_ASSIGNMENT((#7031));
#6703=PRESENTATION_STYLE_ASSIGNMENT((#7032));
#6704=PRESENTATION_STYLE_ASSIGNMENT((#7033));
#6705=PRESENTATION_STYLE_ASSIGNMENT((#7034));
#6706=PRESENTATION_STYLE_ASSIGNMENT((#7035));
#6707=PRESENTATION_STYLE_ASSIGNMENT((#7036));
#6708=PRESENTATION_STYLE_ASSIGNMENT((#7037));
#6709=PRESENTATION_STYLE_ASSIGNMENT((#7038));
#6710=PRESENTATION_STYLE_ASSIGNMENT((#7039));
#6711=PRESENTATION_STYLE_ASSIGNMENT((#7040));
#6712=PRESENTATION_STYLE_ASSIGNMENT((#7041));
#6713=PRESENTATION_STYLE_ASSIGNMENT((#7042));
#6714=PRESENTATION_STYLE_ASSIGNMENT((#7043));
#6715=PRESENTATION_STYLE_ASSIGNMENT((#7044));
#6716=PRESENTATION_STYLE_ASSIGNMENT((#7045));
#6717=PRESENTATION_STYLE_ASSIGNMENT((#7046));
#6718=PRESENTATION_STYLE_ASSIGNMENT((#7047));
#6719=PRESENTATION_STYLE_ASSIGNMENT((#7048));
#6720=PRESENTATION_STYLE_ASSIGNMENT((#7049));
#6721=PRESENTATION_STYLE_ASSIGNMENT((#7050));
#6722=PRESENTATION_STYLE_ASSIGNMENT((#7051));
#6723=PRESENTATION_STYLE_ASSIGNMENT((#7052));
#6724=PRESENTATION_STYLE_ASSIGNMENT((#7053));
#6725=PRESENTATION_STYLE_ASSIGNMENT((#7054));
#6726=PRESENTATION_STYLE_ASSIGNMENT((#7055));
#6727=PRESENTATION_STYLE_ASSIGNMENT((#7056));
#6728=PRESENTATION_STYLE_ASSIGNMENT((#7057));
#6729=PRESENTATION_STYLE_ASSIGNMENT((#7058));
#6730=PRESENTATION_STYLE_ASSIGNMENT((#7059));
#6731=PRESENTATION_STYLE_ASSIGNMENT((#7060));
#6732=PRESENTATION_STYLE_ASSIGNMENT((#7061));
#6733=PRESENTATION_STYLE_ASSIGNMENT((#7062));
#6734=PRESENTATION_STYLE_ASSIGNMENT((#7063));
#6735=PRESENTATION_STYLE_ASSIGNMENT((#7064));
#6736=PRESENTATION_STYLE_ASSIGNMENT((#7065));
#6737=PRESENTATION_STYLE_ASSIGNMENT((#7066));
#6738=PRESENTATION_STYLE_ASSIGNMENT((#7067));
#6739=PRESENTATION_STYLE_ASSIGNMENT((#7068));
#6740=PRESENTATION_STYLE_ASSIGNMENT((#7069));
#6741=PRESENTATION_STYLE_ASSIGNMENT((#7070));
#6742=PRESENTATION_STYLE_ASSIGNMENT((#7071));
#6743=PRESENTATION_STYLE_ASSIGNMENT((#7072));
#6744=PRESENTATION_STYLE_ASSIGNMENT((#7073));
#6745=PRESENTATION_STYLE_ASSIGNMENT((#7074));
#6746=PRESENTATION_STYLE_ASSIGNMENT((#7075));
#6747=PRESENTATION_STYLE_ASSIGNMENT((#7076));
#6748=PRESENTATION_STYLE_ASSIGNMENT((#7077));
#6749=PRESENTATION_STYLE_ASSIGNMENT((#7078));
#6750=PRESENTATION_STYLE_ASSIGNMENT((#7079));
#6751=PRESENTATION_STYLE_ASSIGNMENT((#7080));
#6752=PRESENTATION_STYLE_ASSIGNMENT((#7081));
#6753=PRESENTATION_STYLE_ASSIGNMENT((#7082));
#6754=PRESENTATION_STYLE_ASSIGNMENT((#7083));
#6755=PRESENTATION_STYLE_ASSIGNMENT((#7084));
#6756=PRESENTATION_STYLE_ASSIGNMENT((#7085));
#6757=PRESENTATION_STYLE_ASSIGNMENT((#7086));
#6758=PRESENTATION_STYLE_ASSIGNMENT((#7087));
#6759=PRESENTATION_STYLE_ASSIGNMENT((#7088));
#6760=PRESENTATION_STYLE_ASSIGNMENT((#7089));
#6761=PRESENTATION_STYLE_ASSIGNMENT((#7090));
#6762=PRESENTATION_STYLE_ASSIGNMENT((#7091));
#6763=PRESENTATION_STYLE_ASSIGNMENT((#7092));
#6764=PRESENTATION_STYLE_ASSIGNMENT((#7093));
#6765=PRESENTATION_STYLE_ASSIGNMENT((#7094));
#6766=PRESENTATION_STYLE_ASSIGNMENT((#7095));
#6767=PRESENTATION_STYLE_ASSIGNMENT((#7096));
#6768=PRESENTATION_STYLE_ASSIGNMENT((#7097));
#6769=PRESENTATION_STYLE_ASSIGNMENT((#7098));
#6770=PRESENTATION_STYLE_ASSIGNMENT((#7099));
#6771=PRESENTATION_STYLE_ASSIGNMENT((#7100));
#6772=PRESENTATION_STYLE_ASSIGNMENT((#7101));
#6773=PRESENTATION_STYLE_ASSIGNMENT((#7102));
#6774=PRESENTATION_STYLE_ASSIGNMENT((#7103));
#6775=PRESENTATION_STYLE_ASSIGNMENT((#7104));
#6776=PRESENTATION_STYLE_ASSIGNMENT((#7105));
#6777=PRESENTATION_STYLE_ASSIGNMENT((#7106));
#6778=PRESENTATION_STYLE_ASSIGNMENT((#7107));
#6779=PRESENTATION_STYLE_ASSIGNMENT((#7108));
#6780=PRESENTATION_STYLE_ASSIGNMENT((#7109));
#6781=PRESENTATION_STYLE_ASSIGNMENT((#7110));
#6782=PRESENTATION_STYLE_ASSIGNMENT((#7111));
#6783=PRESENTATION_STYLE_ASSIGNMENT((#7112));
#6784=PRESENTATION_STYLE_ASSIGNMENT((#7113));
#6785=PRESENTATION_STYLE_ASSIGNMENT((#7114));
#6786=PRESENTATION_STYLE_ASSIGNMENT((#7115));
#6787=PRESENTATION_STYLE_ASSIGNMENT((#7116));
#6788=PRESENTATION_STYLE_ASSIGNMENT((#7117));
#6789=PRESENTATION_STYLE_ASSIGNMENT((#7118));
#6790=PRESENTATION_STYLE_ASSIGNMENT((#7119));
#6791=PRESENTATION_STYLE_ASSIGNMENT((#7120));
#6792=PRESENTATION_STYLE_ASSIGNMENT((#7121));
#6793=PRESENTATION_STYLE_ASSIGNMENT((#7122));
#6794=PRESENTATION_STYLE_ASSIGNMENT((#7123));
#6795=PRESENTATION_STYLE_ASSIGNMENT((#7124));
#6796=PRESENTATION_STYLE_ASSIGNMENT((#7125));
#6797=PRESENTATION_STYLE_ASSIGNMENT((#7126));
#6798=PRESENTATION_STYLE_ASSIGNMENT((#7127));
#6799=PRESENTATION_STYLE_ASSIGNMENT((#7128));
#6800=PRESENTATION_STYLE_ASSIGNMENT((#7129));
#6801=PRESENTATION_STYLE_ASSIGNMENT((#7130));
#6802=PRESENTATION_STYLE_ASSIGNMENT((#7131));
#6803=PRESENTATION_STYLE_ASSIGNMENT((#7132));
#6804=PRESENTATION_STYLE_ASSIGNMENT((#7133));
#6805=PRESENTATION_STYLE_ASSIGNMENT((#7134));
#6806=PRESENTATION_STYLE_ASSIGNMENT((#7135));
#6807=PRESENTATION_STYLE_ASSIGNMENT((#7136));
#6808=PRESENTATION_STYLE_ASSIGNMENT((#7137));
#6809=PRESENTATION_STYLE_ASSIGNMENT((#7138));
#6810=PRESENTATION_STYLE_ASSIGNMENT((#7139));
#6811=PRESENTATION_STYLE_ASSIGNMENT((#7140));
#6812=SURFACE_STYLE_USAGE(.BOTH.,#7141);
#6813=SURFACE_STYLE_USAGE(.BOTH.,#7142);
#6814=SURFACE_STYLE_USAGE(.BOTH.,#7143);
#6815=SURFACE_STYLE_USAGE(.BOTH.,#7144);
#6816=SURFACE_STYLE_USAGE(.BOTH.,#7145);
#6817=SURFACE_STYLE_USAGE(.BOTH.,#7146);
#6818=SURFACE_STYLE_USAGE(.BOTH.,#7147);
#6819=SURFACE_STYLE_USAGE(.BOTH.,#7148);
#6820=SURFACE_STYLE_USAGE(.BOTH.,#7149);
#6821=SURFACE_STYLE_USAGE(.BOTH.,#7150);
#6822=SURFACE_STYLE_USAGE(.BOTH.,#7151);
#6823=SURFACE_STYLE_USAGE(.BOTH.,#7152);
#6824=SURFACE_STYLE_USAGE(.BOTH.,#7153);
#6825=SURFACE_STYLE_USAGE(.BOTH.,#7154);
#6826=SURFACE_STYLE_USAGE(.BOTH.,#7155);
#6827=SURFACE_STYLE_USAGE(.BOTH.,#7156);
#6828=SURFACE_STYLE_USAGE(.BOTH.,#7157);
#6829=SURFACE_STYLE_USAGE(.BOTH.,#7158);
#6830=SURFACE_STYLE_USAGE(.BOTH.,#7159);
#6831=SURFACE_STYLE_USAGE(.BOTH.,#7160);
#6832=SURFACE_STYLE_USAGE(.BOTH.,#7161);
#6833=SURFACE_STYLE_USAGE(.BOTH.,#7162);
#6834=SURFACE_STYLE_USAGE(.BOTH.,#7163);
#6835=SURFACE_STYLE_USAGE(.BOTH.,#7164);
#6836=SURFACE_STYLE_USAGE(.BOTH.,#7165);
#6837=SURFACE_STYLE_USAGE(.BOTH.,#7166);
#6838=SURFACE_STYLE_USAGE(.BOTH.,#7167);
#6839=SURFACE_STYLE_USAGE(.BOTH.,#7168);
#6840=SURFACE_STYLE_USAGE(.BOTH.,#7169);
#6841=SURFACE_STYLE_USAGE(.BOTH.,#7170);
#6842=SURFACE_STYLE_USAGE(.BOTH.,#7171);
#6843=SURFACE_STYLE_USAGE(.BOTH.,#7172);
#6844=SURFACE_STYLE_USAGE(.BOTH.,#7173);
#6845=SURFACE_STYLE_USAGE(.BOTH.,#7174);
#6846=SURFACE_STYLE_USAGE(.BOTH.,#7175);
#6847=SURFACE_STYLE_USAGE(.BOTH.,#7176);
#6848=SURFACE_STYLE_USAGE(.BOTH.,#7177);
#6849=SURFACE_STYLE_USAGE(.BOTH.,#7178);
#6850=SURFACE_STYLE_USAGE(.BOTH.,#7179);
#6851=SURFACE_STYLE_USAGE(.BOTH.,#7180);
#6852=SURFACE_STYLE_USAGE(.BOTH.,#7181);
#6853=SURFACE_STYLE_USAGE(.BOTH.,#7182);
#6854=SURFACE_STYLE_USAGE(.BOTH.,#7183);
#6855=SURFACE_STYLE_USAGE(.BOTH.,#7184);
#6856=SURFACE_STYLE_USAGE(.BOTH.,#7185);
#6857=SURFACE_STYLE_USAGE(.BOTH.,#7186);
#6858=SURFACE_STYLE_USAGE(.BOTH.,#7187);
#6859=SURFACE_STYLE_USAGE(.BOTH.,#7188);
#6860=SURFACE_STYLE_USAGE(.BOTH.,#7189);
#6861=SURFACE_STYLE_USAGE(.BOTH.,#7190);
#6862=SURFACE_STYLE_USAGE(.BOTH.,#7191);
#6863=SURFACE_STYLE_USAGE(.BOTH.,#7192);
#6864=SURFACE_STYLE_USAGE(.BOTH.,#7193);
#6865=SURFACE_STYLE_USAGE(.BOTH.,#7194);
#6866=SURFACE_STYLE_USAGE(.BOTH.,#7195);
#6867=SURFACE_STYLE_USAGE(.BOTH.,#7196);
#6868=SURFACE_STYLE_USAGE(.BOTH.,#7197);
#6869=SURFACE_STYLE_USAGE(.BOTH.,#7198);
#6870=SURFACE_STYLE_USAGE(.BOTH.,#7199);
#6871=SURFACE_STYLE_USAGE(.BOTH.,#7200);
#6872=SURFACE_STYLE_USAGE(.BOTH.,#7201);
#6873=SURFACE_STYLE_USAGE(.BOTH.,#7202);
#6874=SURFACE_STYLE_USAGE(.BOTH.,#7203);
#6875=SURFACE_STYLE_USAGE(.BOTH.,#7204);
#6876=SURFACE_STYLE_USAGE(.BOTH.,#7205);
#6877=SURFACE_STYLE_USAGE(.BOTH.,#7206);
#6878=SURFACE_STYLE_USAGE(.BOTH.,#7207);
#6879=SURFACE_STYLE_USAGE(.BOTH.,#7208);
#6880=SURFACE_STYLE_USAGE(.BOTH.,#7209);
#6881=SURFACE_STYLE_USAGE(.BOTH.,#7210);
#6882=SURFACE_STYLE_USAGE(.BOTH.,#7211);
#6883=SURFACE_STYLE_USAGE(.BOTH.,#7212);
#6884=SURFACE_STYLE_USAGE(.BOTH.,#7213);
#6885=SURFACE_STYLE_USAGE(.BOTH.,#7214);
#6886=SURFACE_STYLE_USAGE(.BOTH.,#7215);
#6887=SURFACE_STYLE_USAGE(.BOTH.,#7216);
#6888=SURFACE_STYLE_USAGE(.BOTH.,#7217);
#6889=SURFACE_STYLE_USAGE(.BOTH.,#7218);
#6890=SURFACE_STYLE_USAGE(.BOTH.,#7219);
#6891=SURFACE_STYLE_USAGE(.BOTH.,#7220);
#6892=SURFACE_STYLE_USAGE(.BOTH.,#7221);
#6893=SURFACE_STYLE_USAGE(.BOTH.,#7222);
#6894=SURFACE_STYLE_USAGE(.BOTH.,#7223);
#6895=SURFACE_STYLE_USAGE(.BOTH.,#7224);
#6896=SURFACE_STYLE_USAGE(.BOTH.,#7225);
#6897=SURFACE_STYLE_USAGE(.BOTH.,#7226);
#6898=SURFACE_STYLE_USAGE(.BOTH.,#7227);
#6899=SURFACE_STYLE_USAGE(.BOTH.,#7228);
#6900=SURFACE_STYLE_USAGE(.BOTH.,#7229);
#6901=SURFACE_STYLE_USAGE(.BOTH.,#7230);
#6902=SURFACE_STYLE_USAGE(.BOTH.,#7231);
#6903=SURFACE_STYLE_USAGE(.BOTH.,#7232);
#6904=SURFACE_STYLE_USAGE(.BOTH.,#7233);
#6905=SURFACE_STYLE_USAGE(.BOTH.,#7234);
#6906=SURFACE_STYLE_USAGE(.BOTH.,#7235);
#6907=SURFACE_STYLE_USAGE(.BOTH.,#7236);
#6908=SURFACE_STYLE_USAGE(.BOTH.,#7237);
#6909=SURFACE_STYLE_USAGE(.BOTH.,#7238);
#6910=SURFACE_STYLE_USAGE(.BOTH.,#7239);
#6911=SURFACE_STYLE_USAGE(.BOTH.,#7240);
#6912=SURFACE_STYLE_USAGE(.BOTH.,#7241);
#6913=SURFACE_STYLE_USAGE(.BOTH.,#7242);
#6914=SURFACE_STYLE_USAGE(.BOTH.,#7243);
#6915=SURFACE_STYLE_USAGE(.BOTH.,#7244);
#6916=SURFACE_STYLE_USAGE(.BOTH.,#7245);
#6917=SURFACE_STYLE_USAGE(.BOTH.,#7246);
#6918=SURFACE_STYLE_USAGE(.BOTH.,#7247);
#6919=SURFACE_STYLE_USAGE(.BOTH.,#7248);
#6920=SURFACE_STYLE_USAGE(.BOTH.,#7249);
#6921=SURFACE_STYLE_USAGE(.BOTH.,#7250);
#6922=SURFACE_STYLE_USAGE(.BOTH.,#7251);
#6923=SURFACE_STYLE_USAGE(.BOTH.,#7252);
#6924=SURFACE_STYLE_USAGE(.BOTH.,#7253);
#6925=SURFACE_STYLE_USAGE(.BOTH.,#7254);
#6926=SURFACE_STYLE_USAGE(.BOTH.,#7255);
#6927=SURFACE_STYLE_USAGE(.BOTH.,#7256);
#6928=SURFACE_STYLE_USAGE(.BOTH.,#7257);
#6929=SURFACE_STYLE_USAGE(.BOTH.,#7258);
#6930=SURFACE_STYLE_USAGE(.BOTH.,#7259);
#6931=SURFACE_STYLE_USAGE(.BOTH.,#7260);
#6932=SURFACE_STYLE_USAGE(.BOTH.,#7261);
#6933=SURFACE_STYLE_USAGE(.BOTH.,#7262);
#6934=SURFACE_STYLE_USAGE(.BOTH.,#7263);
#6935=SURFACE_STYLE_USAGE(.BOTH.,#7264);
#6936=SURFACE_STYLE_USAGE(.BOTH.,#7265);
#6937=SURFACE_STYLE_USAGE(.BOTH.,#7266);
#6938=SURFACE_STYLE_USAGE(.BOTH.,#7267);
#6939=SURFACE_STYLE_USAGE(.BOTH.,#7268);
#6940=SURFACE_STYLE_USAGE(.BOTH.,#7269);
#6941=SURFACE_STYLE_USAGE(.BOTH.,#7270);
#6942=SURFACE_STYLE_USAGE(.BOTH.,#7271);
#6943=SURFACE_STYLE_USAGE(.BOTH.,#7272);
#6944=SURFACE_STYLE_USAGE(.BOTH.,#7273);
#6945=SURFACE_STYLE_USAGE(.BOTH.,#7274);
#6946=SURFACE_STYLE_USAGE(.BOTH.,#7275);
#6947=SURFACE_STYLE_USAGE(.BOTH.,#7276);
#6948=SURFACE_STYLE_USAGE(.BOTH.,#7277);
#6949=SURFACE_STYLE_USAGE(.BOTH.,#7278);
#6950=SURFACE_STYLE_USAGE(.BOTH.,#7279);
#6951=SURFACE_STYLE_USAGE(.BOTH.,#7280);
#6952=SURFACE_STYLE_USAGE(.BOTH.,#7281);
#6953=SURFACE_STYLE_USAGE(.BOTH.,#7282);
#6954=SURFACE_STYLE_USAGE(.BOTH.,#7283);
#6955=SURFACE_STYLE_USAGE(.BOTH.,#7284);
#6956=SURFACE_STYLE_USAGE(.BOTH.,#7285);
#6957=SURFACE_STYLE_USAGE(.BOTH.,#7286);
#6958=SURFACE_STYLE_USAGE(.BOTH.,#7287);
#6959=SURFACE_STYLE_USAGE(.BOTH.,#7288);
#6960=SURFACE_STYLE_USAGE(.BOTH.,#7289);
#6961=SURFACE_STYLE_USAGE(.BOTH.,#7290);
#6962=SURFACE_STYLE_USAGE(.BOTH.,#7291);
#6963=SURFACE_STYLE_USAGE(.BOTH.,#7292);
#6964=SURFACE_STYLE_USAGE(.BOTH.,#7293);
#6965=SURFACE_STYLE_USAGE(.BOTH.,#7294);
#6966=SURFACE_STYLE_USAGE(.BOTH.,#7295);
#6967=SURFACE_STYLE_USAGE(.BOTH.,#7296);
#6968=SURFACE_STYLE_USAGE(.BOTH.,#7297);
#6969=SURFACE_STYLE_USAGE(.BOTH.,#7298);
#6970=SURFACE_STYLE_USAGE(.BOTH.,#7299);
#6971=SURFACE_STYLE_USAGE(.BOTH.,#7300);
#6972=SURFACE_STYLE_USAGE(.BOTH.,#7301);
#6973=SURFACE_STYLE_USAGE(.BOTH.,#7302);
#6974=SURFACE_STYLE_USAGE(.BOTH.,#7303);
#6975=SURFACE_STYLE_USAGE(.BOTH.,#7304);
#6976=SURFACE_STYLE_USAGE(.BOTH.,#7305);
#6977=SURFACE_STYLE_USAGE(.BOTH.,#7306);
#6978=SURFACE_STYLE_USAGE(.BOTH.,#7307);
#6979=SURFACE_STYLE_USAGE(.BOTH.,#7308);
#6980=SURFACE_STYLE_USAGE(.BOTH.,#7309);
#6981=SURFACE_STYLE_USAGE(.BOTH.,#7310);
#6982=SURFACE_STYLE_USAGE(.BOTH.,#7311);
#6983=SURFACE_STYLE_USAGE(.BOTH.,#7312);
#6984=SURFACE_STYLE_USAGE(.BOTH.,#7313);
#6985=SURFACE_STYLE_USAGE(.BOTH.,#7314);
#6986=SURFACE_STYLE_USAGE(.BOTH.,#7315);
#6987=SURFACE_STYLE_USAGE(.BOTH.,#7316);
#6988=SURFACE_STYLE_USAGE(.BOTH.,#7317);
#6989=SURFACE_STYLE_USAGE(.BOTH.,#7318);
#6990=SURFACE_STYLE_USAGE(.BOTH.,#7319);
#6991=SURFACE_STYLE_USAGE(.BOTH.,#7320);
#6992=SURFACE_STYLE_USAGE(.BOTH.,#7321);
#6993=SURFACE_STYLE_USAGE(.BOTH.,#7322);
#6994=SURFACE_STYLE_USAGE(.BOTH.,#7323);
#6995=SURFACE_STYLE_USAGE(.BOTH.,#7324);
#6996=SURFACE_STYLE_USAGE(.BOTH.,#7325);
#6997=SURFACE_STYLE_USAGE(.BOTH.,#7326);
#6998=SURFACE_STYLE_USAGE(.BOTH.,#7327);
#6999=SURFACE_STYLE_USAGE(.BOTH.,#7328);
#7000=SURFACE_STYLE_USAGE(.BOTH.,#7329);
#7001=SURFACE_STYLE_USAGE(.BOTH.,#7330);
#7002=SURFACE_STYLE_USAGE(.BOTH.,#7331);
#7003=SURFACE_STYLE_USAGE(.BOTH.,#7332);
#7004=SURFACE_STYLE_USAGE(.BOTH.,#7333);
#7005=SURFACE_STYLE_USAGE(.BOTH.,#7334);
#7006=SURFACE_STYLE_USAGE(.BOTH.,#7335);
#7007=SURFACE_STYLE_USAGE(.BOTH.,#7336);
#7008=SURFACE_STYLE_USAGE(.BOTH.,#7337);
#7009=SURFACE_STYLE_USAGE(.BOTH.,#7338);
#7010=SURFACE_STYLE_USAGE(.BOTH.,#7339);
#7011=SURFACE_STYLE_USAGE(.BOTH.,#7340);
#7012=SURFACE_STYLE_USAGE(.BOTH.,#7341);
#7013=SURFACE_STYLE_USAGE(.BOTH.,#7342);
#7014=SURFACE_STYLE_USAGE(.BOTH.,#7343);
#7015=SURFACE_STYLE_USAGE(.BOTH.,#7344);
#7016=SURFACE_STYLE_USAGE(.BOTH.,#7345);
#7017=SURFACE_STYLE_USAGE(.BOTH.,#7346);
#7018=SURFACE_STYLE_USAGE(.BOTH.,#7347);
#7019=SURFACE_STYLE_USAGE(.BOTH.,#7348);
#7020=SURFACE_STYLE_USAGE(.BOTH.,#7349);
#7021=SURFACE_STYLE_USAGE(.BOTH.,#7350);
#7022=SURFACE_STYLE_USAGE(.BOTH.,#7351);
#7023=SURFACE_STYLE_USAGE(.BOTH.,#7352);
#7024=SURFACE_STYLE_USAGE(.BOTH.,#7353);
#7025=SURFACE_STYLE_USAGE(.BOTH.,#7354);
#7026=SURFACE_STYLE_USAGE(.BOTH.,#7355);
#7027=SURFACE_STYLE_USAGE(.BOTH.,#7356);
#7028=SURFACE_STYLE_USAGE(.BOTH.,#7357);
#7029=SURFACE_STYLE_USAGE(.BOTH.,#7358);
#7030=SURFACE_STYLE_USAGE(.BOTH.,#7359);
#7031=SURFACE_STYLE_USAGE(.BOTH.,#7360);
#7032=SURFACE_STYLE_USAGE(.BOTH.,#7361);
#7033=SURFACE_STYLE_USAGE(.BOTH.,#7362);
#7034=SURFACE_STYLE_USAGE(.BOTH.,#7363);
#7035=SURFACE_STYLE_USAGE(.BOTH.,#7364);
#7036=SURFACE_STYLE_USAGE(.BOTH.,#7365);
#7037=SURFACE_STYLE_USAGE(.BOTH.,#7366);
#7038=SURFACE_STYLE_USAGE(.BOTH.,#7367);
#7039=SURFACE_STYLE_USAGE(.BOTH.,#7368);
#7040=SURFACE_STYLE_USAGE(.BOTH.,#7369);
#7041=SURFACE_STYLE_USAGE(.BOTH.,#7370);
#7042=SURFACE_STYLE_USAGE(.BOTH.,#7371);
#7043=SURFACE_STYLE_USAGE(.BOTH.,#7372);
#7044=SURFACE_STYLE_USAGE(.BOTH.,#7373);
#7045=SURFACE_STYLE_USAGE(.BOTH.,#7374);
#7046=SURFACE_STYLE_USAGE(.BOTH.,#7375);
#7047=SURFACE_STYLE_USAGE(.BOTH.,#7376);
#7048=SURFACE_STYLE_USAGE(.BOTH.,#7377);
#7049=SURFACE_STYLE_USAGE(.BOTH.,#7378);
#7050=SURFACE_STYLE_USAGE(.BOTH.,#7379);
#7051=SURFACE_STYLE_USAGE(.BOTH.,#7380);
#7052=SURFACE_STYLE_USAGE(.BOTH.,#7381);
#7053=SURFACE_STYLE_USAGE(.BOTH.,#7382);
#7054=SURFACE_STYLE_USAGE(.BOTH.,#7383);
#7055=SURFACE_STYLE_USAGE(.BOTH.,#7384);
#7056=SURFACE_STYLE_USAGE(.BOTH.,#7385);
#7057=SURFACE_STYLE_USAGE(.BOTH.,#7386);
#7058=SURFACE_STYLE_USAGE(.BOTH.,#7387);
#7059=SURFACE_STYLE_USAGE(.BOTH.,#7388);
#7060=SURFACE_STYLE_USAGE(.BOTH.,#7389);
#7061=SURFACE_STYLE_USAGE(.BOTH.,#7390);
#7062=SURFACE_STYLE_USAGE(.BOTH.,#7391);
#7063=SURFACE_STYLE_USAGE(.BOTH.,#7392);
#7064=SURFACE_STYLE_USAGE(.BOTH.,#7393);
#7065=SURFACE_STYLE_USAGE(.BOTH.,#7394);
#7066=SURFACE_STYLE_USAGE(.BOTH.,#7395);
#7067=SURFACE_STYLE_USAGE(.BOTH.,#7396);
#7068=SURFACE_STYLE_USAGE(.BOTH.,#7397);
#7069=SURFACE_STYLE_USAGE(.BOTH.,#7398);
#7070=SURFACE_STYLE_USAGE(.BOTH.,#7399);
#7071=SURFACE_STYLE_USAGE(.BOTH.,#7400);
#7072=SURFACE_STYLE_USAGE(.BOTH.,#7401);
#7073=SURFACE_STYLE_USAGE(.BOTH.,#7402);
#7074=SURFACE_STYLE_USAGE(.BOTH.,#7403);
#7075=SURFACE_STYLE_USAGE(.BOTH.,#7404);
#7076=SURFACE_STYLE_USAGE(.BOTH.,#7405);
#7077=SURFACE_STYLE_USAGE(.BOTH.,#7406);
#7078=SURFACE_STYLE_USAGE(.BOTH.,#7407);
#7079=SURFACE_STYLE_USAGE(.BOTH.,#7408);
#7080=SURFACE_STYLE_USAGE(.BOTH.,#7409);
#7081=SURFACE_STYLE_USAGE(.BOTH.,#7410);
#7082=SURFACE_STYLE_USAGE(.BOTH.,#7411);
#7083=SURFACE_STYLE_USAGE(.BOTH.,#7412);
#7084=SURFACE_STYLE_USAGE(.BOTH.,#7413);
#7085=SURFACE_STYLE_USAGE(.BOTH.,#7414);
#7086=SURFACE_STYLE_USAGE(.BOTH.,#7415);
#7087=SURFACE_STYLE_USAGE(.BOTH.,#7416);
#7088=SURFACE_STYLE_USAGE(.BOTH.,#7417);
#7089=SURFACE_STYLE_USAGE(.BOTH.,#7418);
#7090=SURFACE_STYLE_USAGE(.BOTH.,#7419);
#7091=SURFACE_STYLE_USAGE(.BOTH.,#7420);
#7092=SURFACE_STYLE_USAGE(.BOTH.,#7421);
#7093=SURFACE_STYLE_USAGE(.BOTH.,#7422);
#7094=SURFACE_STYLE_USAGE(.BOTH.,#7423);
#7095=SURFACE_STYLE_USAGE(.BOTH.,#7424);
#7096=SURFACE_STYLE_USAGE(.BOTH.,#7425);
#7097=SURFACE_STYLE_USAGE(.BOTH.,#7426);
#7098=SURFACE_STYLE_USAGE(.BOTH.,#7427);
#7099=SURFACE_STYLE_USAGE(.BOTH.,#7428);
#7100=SURFACE_STYLE_USAGE(.BOTH.,#7429);
#7101=SURFACE_STYLE_USAGE(.BOTH.,#7430);
#7102=SURFACE_STYLE_USAGE(.BOTH.,#7431);
#7103=SURFACE_STYLE_USAGE(.BOTH.,#7432);
#7104=SURFACE_STYLE_USAGE(.BOTH.,#7433);
#7105=SURFACE_STYLE_USAGE(.BOTH.,#7434);
#7106=SURFACE_STYLE_USAGE(.BOTH.,#7435);
#7107=SURFACE_STYLE_USAGE(.BOTH.,#7436);
#7108=SURFACE_STYLE_USAGE(.BOTH.,#7437);
#7109=SURFACE_STYLE_USAGE(.BOTH.,#7438);
#7110=SURFACE_STYLE_USAGE(.BOTH.,#7439);
#7111=SURFACE_STYLE_USAGE(.BOTH.,#7440);
#7112=SURFACE_STYLE_USAGE(.BOTH.,#7441);
#7113=SURFACE_STYLE_USAGE(.BOTH.,#7442);
#7114=SURFACE_STYLE_USAGE(.BOTH.,#7443);
#7115=SURFACE_STYLE_USAGE(.BOTH.,#7444);
#7116=SURFACE_STYLE_USAGE(.BOTH.,#7445);
#7117=SURFACE_STYLE_USAGE(.BOTH.,#7446);
#7118=SURFACE_STYLE_USAGE(.BOTH.,#7447);
#7119=SURFACE_STYLE_USAGE(.BOTH.,#7448);
#7120=SURFACE_STYLE_USAGE(.BOTH.,#7449);
#7121=SURFACE_STYLE_USAGE(.BOTH.,#7450);
#7122=SURFACE_STYLE_USAGE(.BOTH.,#7451);
#7123=SURFACE_STYLE_USAGE(.BOTH.,#7452);
#7124=SURFACE_STYLE_USAGE(.BOTH.,#7453);
#7125=SURFACE_STYLE_USAGE(.BOTH.,#7454);
#7126=SURFACE_STYLE_USAGE(.BOTH.,#7455);
#7127=SURFACE_STYLE_USAGE(.BOTH.,#7456);
#7128=SURFACE_STYLE_USAGE(.BOTH.,#7457);
#7129=SURFACE_STYLE_USAGE(.BOTH.,#7458);
#7130=SURFACE_STYLE_USAGE(.BOTH.,#7459);
#7131=SURFACE_STYLE_USAGE(.BOTH.,#7460);
#7132=SURFACE_STYLE_USAGE(.BOTH.,#7461);
#7133=SURFACE_STYLE_USAGE(.BOTH.,#7462);
#7134=SURFACE_STYLE_USAGE(.BOTH.,#7463);
#7135=SURFACE_STYLE_USAGE(.BOTH.,#7464);
#7136=SURFACE_STYLE_USAGE(.BOTH.,#7465);
#7137=SURFACE_STYLE_USAGE(.BOTH.,#7466);
#7138=SURFACE_STYLE_USAGE(.BOTH.,#7467);
#7139=SURFACE_STYLE_USAGE(.BOTH.,#7468);
#7140=SURFACE_STYLE_USAGE(.BOTH.,#7469);
#7141=SURFACE_SIDE_STYLE('',(#7470));
#7142=SURFACE_SIDE_STYLE('',(#7471));
#7143=SURFACE_SIDE_STYLE('',(#7472));
#7144=SURFACE_SIDE_STYLE('',(#7473));
#7145=SURFACE_SIDE_STYLE('',(#7474));
#7146=SURFACE_SIDE_STYLE('',(#7475));
#7147=SURFACE_SIDE_STYLE('',(#7476));
#7148=SURFACE_SIDE_STYLE('',(#7477));
#7149=SURFACE_SIDE_STYLE('',(#7478));
#7150=SURFACE_SIDE_STYLE('',(#7479));
#7151=SURFACE_SIDE_STYLE('',(#7480));
#7152=SURFACE_SIDE_STYLE('',(#7481));
#7153=SURFACE_SIDE_STYLE('',(#7482));
#7154=SURFACE_SIDE_STYLE('',(#7483));
#7155=SURFACE_SIDE_STYLE('',(#7484));
#7156=SURFACE_SIDE_STYLE('',(#7485));
#7157=SURFACE_SIDE_STYLE('',(#7486));
#7158=SURFACE_SIDE_STYLE('',(#7487));
#7159=SURFACE_SIDE_STYLE('',(#7488));
#7160=SURFACE_SIDE_STYLE('',(#7489));
#7161=SURFACE_SIDE_STYLE('',(#7490));
#7162=SURFACE_SIDE_STYLE('',(#7491));
#7163=SURFACE_SIDE_STYLE('',(#7492));
#7164=SURFACE_SIDE_STYLE('',(#7493));
#7165=SURFACE_SIDE_STYLE('',(#7494));
#7166=SURFACE_SIDE_STYLE('',(#7495));
#7167=SURFACE_SIDE_STYLE('',(#7496));
#7168=SURFACE_SIDE_STYLE('',(#7497));
#7169=SURFACE_SIDE_STYLE('',(#7498));
#7170=SURFACE_SIDE_STYLE('',(#7499));
#7171=SURFACE_SIDE_STYLE('',(#7500));
#7172=SURFACE_SIDE_STYLE('',(#7501));
#7173=SURFACE_SIDE_STYLE('',(#7502));
#7174=SURFACE_SIDE_STYLE('',(#7503));
#7175=SURFACE_SIDE_STYLE('',(#7504));
#7176=SURFACE_SIDE_STYLE('',(#7505));
#7177=SURFACE_SIDE_STYLE('',(#7506));
#7178=SURFACE_SIDE_STYLE('',(#7507));
#7179=SURFACE_SIDE_STYLE('',(#7508));
#7180=SURFACE_SIDE_STYLE('',(#7509));
#7181=SURFACE_SIDE_STYLE('',(#7510));
#7182=SURFACE_SIDE_STYLE('',(#7511));
#7183=SURFACE_SIDE_STYLE('',(#7512));
#7184=SURFACE_SIDE_STYLE('',(#7513));
#7185=SURFACE_SIDE_STYLE('',(#7514));
#7186=SURFACE_SIDE_STYLE('',(#7515));
#7187=SURFACE_SIDE_STYLE('',(#7516));
#7188=SURFACE_SIDE_STYLE('',(#7517));
#7189=SURFACE_SIDE_STYLE('',(#7518));
#7190=SURFACE_SIDE_STYLE('',(#7519));
#7191=SURFACE_SIDE_STYLE('',(#7520));
#7192=SURFACE_SIDE_STYLE('',(#7521));
#7193=SURFACE_SIDE_STYLE('',(#7522));
#7194=SURFACE_SIDE_STYLE('',(#7523));
#7195=SURFACE_SIDE_STYLE('',(#7524));
#7196=SURFACE_SIDE_STYLE('',(#7525));
#7197=SURFACE_SIDE_STYLE('',(#7526));
#7198=SURFACE_SIDE_STYLE('',(#7527));
#7199=SURFACE_SIDE_STYLE('',(#7528));
#7200=SURFACE_SIDE_STYLE('',(#7529));
#7201=SURFACE_SIDE_STYLE('',(#7530));
#7202=SURFACE_SIDE_STYLE('',(#7531));
#7203=SURFACE_SIDE_STYLE('',(#7532));
#7204=SURFACE_SIDE_STYLE('',(#7533));
#7205=SURFACE_SIDE_STYLE('',(#7534));
#7206=SURFACE_SIDE_STYLE('',(#7535));
#7207=SURFACE_SIDE_STYLE('',(#7536));
#7208=SURFACE_SIDE_STYLE('',(#7537));
#7209=SURFACE_SIDE_STYLE('',(#7538));
#7210=SURFACE_SIDE_STYLE('',(#7539));
#7211=SURFACE_SIDE_STYLE('',(#7540));
#7212=SURFACE_SIDE_STYLE('',(#7541));
#7213=SURFACE_SIDE_STYLE('',(#7542));
#7214=SURFACE_SIDE_STYLE('',(#7543));
#7215=SURFACE_SIDE_STYLE('',(#7544));
#7216=SURFACE_SIDE_STYLE('',(#7545));
#7217=SURFACE_SIDE_STYLE('',(#7546));
#7218=SURFACE_SIDE_STYLE('',(#7547));
#7219=SURFACE_SIDE_STYLE('',(#7548));
#7220=SURFACE_SIDE_STYLE('',(#7549));
#7221=SURFACE_SIDE_STYLE('',(#7550));
#7222=SURFACE_SIDE_STYLE('',(#7551));
#7223=SURFACE_SIDE_STYLE('',(#7552));
#7224=SURFACE_SIDE_STYLE('',(#7553));
#7225=SURFACE_SIDE_STYLE('',(#7554));
#7226=SURFACE_SIDE_STYLE('',(#7555));
#7227=SURFACE_SIDE_STYLE('',(#7556));
#7228=SURFACE_SIDE_STYLE('',(#7557));
#7229=SURFACE_SIDE_STYLE('',(#7558));
#7230=SURFACE_SIDE_STYLE('',(#7559));
#7231=SURFACE_SIDE_STYLE('',(#7560));
#7232=SURFACE_SIDE_STYLE('',(#7561));
#7233=SURFACE_SIDE_STYLE('',(#7562));
#7234=SURFACE_SIDE_STYLE('',(#7563));
#7235=SURFACE_SIDE_STYLE('',(#7564));
#7236=SURFACE_SIDE_STYLE('',(#7565));
#7237=SURFACE_SIDE_STYLE('',(#7566));
#7238=SURFACE_SIDE_STYLE('',(#7567));
#7239=SURFACE_SIDE_STYLE('',(#7568));
#7240=SURFACE_SIDE_STYLE('',(#7569));
#7241=SURFACE_SIDE_STYLE('',(#7570));
#7242=SURFACE_SIDE_STYLE('',(#7571));
#7243=SURFACE_SIDE_STYLE('',(#7572));
#7244=SURFACE_SIDE_STYLE('',(#7573));
#7245=SURFACE_SIDE_STYLE('',(#7574));
#7246=SURFACE_SIDE_STYLE('',(#7575));
#7247=SURFACE_SIDE_STYLE('',(#7576));
#7248=SURFACE_SIDE_STYLE('',(#7577));
#7249=SURFACE_SIDE_STYLE('',(#7578));
#7250=SURFACE_SIDE_STYLE('',(#7579));
#7251=SURFACE_SIDE_STYLE('',(#7580));
#7252=SURFACE_SIDE_STYLE('',(#7581));
#7253=SURFACE_SIDE_STYLE('',(#7582));
#7254=SURFACE_SIDE_STYLE('',(#7583));
#7255=SURFACE_SIDE_STYLE('',(#7584));
#7256=SURFACE_SIDE_STYLE('',(#7585));
#7257=SURFACE_SIDE_STYLE('',(#7586));
#7258=SURFACE_SIDE_STYLE('',(#7587));
#7259=SURFACE_SIDE_STYLE('',(#7588));
#7260=SURFACE_SIDE_STYLE('',(#7589));
#7261=SURFACE_SIDE_STYLE('',(#7590));
#7262=SURFACE_SIDE_STYLE('',(#7591));
#7263=SURFACE_SIDE_STYLE('',(#7592));
#7264=SURFACE_SIDE_STYLE('',(#7593));
#7265=SURFACE_SIDE_STYLE('',(#7594));
#7266=SURFACE_SIDE_STYLE('',(#7595));
#7267=SURFACE_SIDE_STYLE('',(#7596));
#7268=SURFACE_SIDE_STYLE('',(#7597));
#7269=SURFACE_SIDE_STYLE('',(#7598));
#7270=SURFACE_SIDE_STYLE('',(#7599));
#7271=SURFACE_SIDE_STYLE('',(#7600));
#7272=SURFACE_SIDE_STYLE('',(#7601));
#7273=SURFACE_SIDE_STYLE('',(#7602));
#7274=SURFACE_SIDE_STYLE('',(#7603));
#7275=SURFACE_SIDE_STYLE('',(#7604));
#7276=SURFACE_SIDE_STYLE('',(#7605));
#7277=SURFACE_SIDE_STYLE('',(#7606));
#7278=SURFACE_SIDE_STYLE('',(#7607));
#7279=SURFACE_SIDE_STYLE('',(#7608));
#7280=SURFACE_SIDE_STYLE('',(#7609));
#7281=SURFACE_SIDE_STYLE('',(#7610));
#7282=SURFACE_SIDE_STYLE('',(#7611));
#7283=SURFACE_SIDE_STYLE('',(#7612));
#7284=SURFACE_SIDE_STYLE('',(#7613));
#7285=SURFACE_SIDE_STYLE('',(#7614));
#7286=SURFACE_SIDE_STYLE('',(#7615));
#7287=SURFACE_SIDE_STYLE('',(#7616));
#7288=SURFACE_SIDE_STYLE('',(#7617));
#7289=SURFACE_SIDE_STYLE('',(#7618));
#7290=SURFACE_SIDE_STYLE('',(#7619));
#7291=SURFACE_SIDE_STYLE('',(#7620));
#7292=SURFACE_SIDE_STYLE('',(#7621));
#7293=SURFACE_SIDE_STYLE('',(#7622));
#7294=SURFACE_SIDE_STYLE('',(#7623));
#7295=SURFACE_SIDE_STYLE('',(#7624));
#7296=SURFACE_SIDE_STYLE('',(#7625));
#7297=SURFACE_SIDE_STYLE('',(#7626));
#7298=SURFACE_SIDE_STYLE('',(#7627));
#7299=SURFACE_SIDE_STYLE('',(#7628));
#7300=SURFACE_SIDE_STYLE('',(#7629));
#7301=SURFACE_SIDE_STYLE('',(#7630));
#7302=SURFACE_SIDE_STYLE('',(#7631));
#7303=SURFACE_SIDE_STYLE('',(#7632));
#7304=SURFACE_SIDE_STYLE('',(#7633));
#7305=SURFACE_SIDE_STYLE('',(#7634));
#7306=SURFACE_SIDE_STYLE('',(#7635));
#7307=SURFACE_SIDE_STYLE('',(#7636));
#7308=SURFACE_SIDE_STYLE('',(#7637));
#7309=SURFACE_SIDE_STYLE('',(#7638));
#7310=SURFACE_SIDE_STYLE('',(#7639));
#7311=SURFACE_SIDE_STYLE('',(#7640));
#7312=SURFACE_SIDE_STYLE('',(#7641));
#7313=SURFACE_SIDE_STYLE('',(#7642));
#7314=SURFACE_SIDE_STYLE('',(#7643));
#7315=SURFACE_SIDE_STYLE('',(#7644));
#7316=SURFACE_SIDE_STYLE('',(#7645));
#7317=SURFACE_SIDE_STYLE('',(#7646));
#7318=SURFACE_SIDE_STYLE('',(#7647));
#7319=SURFACE_SIDE_STYLE('',(#7648));
#7320=SURFACE_SIDE_STYLE('',(#7649));
#7321=SURFACE_SIDE_STYLE('',(#7650));
#7322=SURFACE_SIDE_STYLE('',(#7651));
#7323=SURFACE_SIDE_STYLE('',(#7652));
#7324=SURFACE_SIDE_STYLE('',(#7653));
#7325=SURFACE_SIDE_STYLE('',(#7654));
#7326=SURFACE_SIDE_STYLE('',(#7655));
#7327=SURFACE_SIDE_STYLE('',(#7656));
#7328=SURFACE_SIDE_STYLE('',(#7657));
#7329=SURFACE_SIDE_STYLE('',(#7658));
#7330=SURFACE_SIDE_STYLE('',(#7659));
#7331=SURFACE_SIDE_STYLE('',(#7660));
#7332=SURFACE_SIDE_STYLE('',(#7661));
#7333=SURFACE_SIDE_STYLE('',(#7662));
#7334=SURFACE_SIDE_STYLE('',(#7663));
#7335=SURFACE_SIDE_STYLE('',(#7664));
#7336=SURFACE_SIDE_STYLE('',(#7665));
#7337=SURFACE_SIDE_STYLE('',(#7666));
#7338=SURFACE_SIDE_STYLE('',(#7667));
#7339=SURFACE_SIDE_STYLE('',(#7668));
#7340=SURFACE_SIDE_STYLE('',(#7669));
#7341=SURFACE_SIDE_STYLE('',(#7670));
#7342=SURFACE_SIDE_STYLE('',(#7671));
#7343=SURFACE_SIDE_STYLE('',(#7672));
#7344=SURFACE_SIDE_STYLE('',(#7673));
#7345=SURFACE_SIDE_STYLE('',(#7674));
#7346=SURFACE_SIDE_STYLE('',(#7675));
#7347=SURFACE_SIDE_STYLE('',(#7676));
#7348=SURFACE_SIDE_STYLE('',(#7677));
#7349=SURFACE_SIDE_STYLE('',(#7678));
#7350=SURFACE_SIDE_STYLE('',(#7679));
#7351=SURFACE_SIDE_STYLE('',(#7680));
#7352=SURFACE_SIDE_STYLE('',(#7681));
#7353=SURFACE_SIDE_STYLE('',(#7682));
#7354=SURFACE_SIDE_STYLE('',(#7683));
#7355=SURFACE_SIDE_STYLE('',(#7684));
#7356=SURFACE_SIDE_STYLE('',(#7685));
#7357=SURFACE_SIDE_STYLE('',(#7686));
#7358=SURFACE_SIDE_STYLE('',(#7687));
#7359=SURFACE_SIDE_STYLE('',(#7688));
#7360=SURFACE_SIDE_STYLE('',(#7689));
#7361=SURFACE_SIDE_STYLE('',(#7690));
#7362=SURFACE_SIDE_STYLE('',(#7691));
#7363=SURFACE_SIDE_STYLE('',(#7692));
#7364=SURFACE_SIDE_STYLE('',(#7693));
#7365=SURFACE_SIDE_STYLE('',(#7694));
#7366=SURFACE_SIDE_STYLE('',(#7695));
#7367=SURFACE_SIDE_STYLE('',(#7696));
#7368=SURFACE_SIDE_STYLE('',(#7697));
#7369=SURFACE_SIDE_STYLE('',(#7698));
#7370=SURFACE_SIDE_STYLE('',(#7699));
#7371=SURFACE_SIDE_STYLE('',(#7700));
#7372=SURFACE_SIDE_STYLE('',(#7701));
#7373=SURFACE_SIDE_STYLE('',(#7702));
#7374=SURFACE_SIDE_STYLE('',(#7703));
#7375=SURFACE_SIDE_STYLE('',(#7704));
#7376=SURFACE_SIDE_STYLE('',(#7705));
#7377=SURFACE_SIDE_STYLE('',(#7706));
#7378=SURFACE_SIDE_STYLE('',(#7707));
#7379=SURFACE_SIDE_STYLE('',(#7708));
#7380=SURFACE_SIDE_STYLE('',(#7709));
#7381=SURFACE_SIDE_STYLE('',(#7710));
#7382=SURFACE_SIDE_STYLE('',(#7711));
#7383=SURFACE_SIDE_STYLE('',(#7712));
#7384=SURFACE_SIDE_STYLE('',(#7713));
#7385=SURFACE_SIDE_STYLE('',(#7714));
#7386=SURFACE_SIDE_STYLE('',(#7715));
#7387=SURFACE_SIDE_STYLE('',(#7716));
#7388=SURFACE_SIDE_STYLE('',(#7717));
#7389=SURFACE_SIDE_STYLE('',(#7718));
#7390=SURFACE_SIDE_STYLE('',(#7719));
#7391=SURFACE_SIDE_STYLE('',(#7720));
#7392=SURFACE_SIDE_STYLE('',(#7721));
#7393=SURFACE_SIDE_STYLE('',(#7722));
#7394=SURFACE_SIDE_STYLE('',(#7723));
#7395=SURFACE_SIDE_STYLE('',(#7724));
#7396=SURFACE_SIDE_STYLE('',(#7725));
#7397=SURFACE_SIDE_STYLE('',(#7726));
#7398=SURFACE_SIDE_STYLE('',(#7727));
#7399=SURFACE_SIDE_STYLE('',(#7728));
#7400=SURFACE_SIDE_STYLE('',(#7729));
#7401=SURFACE_SIDE_STYLE('',(#7730));
#7402=SURFACE_SIDE_STYLE('',(#7731));
#7403=SURFACE_SIDE_STYLE('',(#7732));
#7404=SURFACE_SIDE_STYLE('',(#7733));
#7405=SURFACE_SIDE_STYLE('',(#7734));
#7406=SURFACE_SIDE_STYLE('',(#7735));
#7407=SURFACE_SIDE_STYLE('',(#7736));
#7408=SURFACE_SIDE_STYLE('',(#7737));
#7409=SURFACE_SIDE_STYLE('',(#7738));
#7410=SURFACE_SIDE_STYLE('',(#7739));
#7411=SURFACE_SIDE_STYLE('',(#7740));
#7412=SURFACE_SIDE_STYLE('',(#7741));
#7413=SURFACE_SIDE_STYLE('',(#7742));
#7414=SURFACE_SIDE_STYLE('',(#7743));
#7415=SURFACE_SIDE_STYLE('',(#7744));
#7416=SURFACE_SIDE_STYLE('',(#7745));
#7417=SURFACE_SIDE_STYLE('',(#7746));
#7418=SURFACE_SIDE_STYLE('',(#7747));
#7419=SURFACE_SIDE_STYLE('',(#7748));
#7420=SURFACE_SIDE_STYLE('',(#7749));
#7421=SURFACE_SIDE_STYLE('',(#7750));
#7422=SURFACE_SIDE_STYLE('',(#7751));
#7423=SURFACE_SIDE_STYLE('',(#7752));
#7424=SURFACE_SIDE_STYLE('',(#7753));
#7425=SURFACE_SIDE_STYLE('',(#7754));
#7426=SURFACE_SIDE_STYLE('',(#7755));
#7427=SURFACE_SIDE_STYLE('',(#7756));
#7428=SURFACE_SIDE_STYLE('',(#7757));
#7429=SURFACE_SIDE_STYLE('',(#7758));
#7430=SURFACE_SIDE_STYLE('',(#7759));
#7431=SURFACE_SIDE_STYLE('',(#7760));
#7432=SURFACE_SIDE_STYLE('',(#7761));
#7433=SURFACE_SIDE_STYLE('',(#7762));
#7434=SURFACE_SIDE_STYLE('',(#7763));
#7435=SURFACE_SIDE_STYLE('',(#7764));
#7436=SURFACE_SIDE_STYLE('',(#7765));
#7437=SURFACE_SIDE_STYLE('',(#7766));
#7438=SURFACE_SIDE_STYLE('',(#7767));
#7439=SURFACE_SIDE_STYLE('',(#7768));
#7440=SURFACE_SIDE_STYLE('',(#7769));
#7441=SURFACE_SIDE_STYLE('',(#7770));
#7442=SURFACE_SIDE_STYLE('',(#7771));
#7443=SURFACE_SIDE_STYLE('',(#7772));
#7444=SURFACE_SIDE_STYLE('',(#7773));
#7445=SURFACE_SIDE_STYLE('',(#7774));
#7446=SURFACE_SIDE_STYLE('',(#7775));
#7447=SURFACE_SIDE_STYLE('',(#7776));
#7448=SURFACE_SIDE_STYLE('',(#7777));
#7449=SURFACE_SIDE_STYLE('',(#7778));
#7450=SURFACE_SIDE_STYLE('',(#7779));
#7451=SURFACE_SIDE_STYLE('',(#7780));
#7452=SURFACE_SIDE_STYLE('',(#7781));
#7453=SURFACE_SIDE_STYLE('',(#7782));
#7454=SURFACE_SIDE_STYLE('',(#7783));
#7455=SURFACE_SIDE_STYLE('',(#7784));
#7456=SURFACE_SIDE_STYLE('',(#7785));
#7457=SURFACE_SIDE_STYLE('',(#7786));
#7458=SURFACE_SIDE_STYLE('',(#7787));
#7459=SURFACE_SIDE_STYLE('',(#7788));
#7460=SURFACE_SIDE_STYLE('',(#7789));
#7461=SURFACE_SIDE_STYLE('',(#7790));
#7462=SURFACE_SIDE_STYLE('',(#7791));
#7463=SURFACE_SIDE_STYLE('',(#7792));
#7464=SURFACE_SIDE_STYLE('',(#7793));
#7465=SURFACE_SIDE_STYLE('',(#7794));
#7466=SURFACE_SIDE_STYLE('',(#7795));
#7467=SURFACE_SIDE_STYLE('',(#7796));
#7468=SURFACE_SIDE_STYLE('',(#7797));
#7469=SURFACE_SIDE_STYLE('',(#7798));
#7470=SURFACE_STYLE_FILL_AREA(#7799);
#7471=SURFACE_STYLE_FILL_AREA(#7800);
#7472=SURFACE_STYLE_FILL_AREA(#7801);
#7473=SURFACE_STYLE_FILL_AREA(#7802);
#7474=SURFACE_STYLE_FILL_AREA(#7803);
#7475=SURFACE_STYLE_FILL_AREA(#7804);
#7476=SURFACE_STYLE_FILL_AREA(#7805);
#7477=SURFACE_STYLE_FILL_AREA(#7806);
#7478=SURFACE_STYLE_FILL_AREA(#7807);
#7479=SURFACE_STYLE_FILL_AREA(#7808);
#7480=SURFACE_STYLE_FILL_AREA(#7809);
#7481=SURFACE_STYLE_FILL_AREA(#7810);
#7482=SURFACE_STYLE_FILL_AREA(#7811);
#7483=SURFACE_STYLE_FILL_AREA(#7812);
#7484=SURFACE_STYLE_FILL_AREA(#7813);
#7485=SURFACE_STYLE_FILL_AREA(#7814);
#7486=SURFACE_STYLE_FILL_AREA(#7815);
#7487=SURFACE_STYLE_FILL_AREA(#7816);
#7488=SURFACE_STYLE_FILL_AREA(#7817);
#7489=SURFACE_STYLE_FILL_AREA(#7818);
#7490=SURFACE_STYLE_FILL_AREA(#7819);
#7491=SURFACE_STYLE_FILL_AREA(#7820);
#7492=SURFACE_STYLE_FILL_AREA(#7821);
#7493=SURFACE_STYLE_FILL_AREA(#7822);
#7494=SURFACE_STYLE_FILL_AREA(#7823);
#7495=SURFACE_STYLE_FILL_AREA(#7824);
#7496=SURFACE_STYLE_FILL_AREA(#7825);
#7497=SURFACE_STYLE_FILL_AREA(#7826);
#7498=SURFACE_STYLE_FILL_AREA(#7827);
#7499=SURFACE_STYLE_FILL_AREA(#7828);
#7500=SURFACE_STYLE_FILL_AREA(#7829);
#7501=SURFACE_STYLE_FILL_AREA(#7830);
#7502=SURFACE_STYLE_FILL_AREA(#7831);
#7503=SURFACE_STYLE_FILL_AREA(#7832);
#7504=SURFACE_STYLE_FILL_AREA(#7833);
#7505=SURFACE_STYLE_FILL_AREA(#7834);
#7506=SURFACE_STYLE_FILL_AREA(#7835);
#7507=SURFACE_STYLE_FILL_AREA(#7836);
#7508=SURFACE_STYLE_FILL_AREA(#7837);
#7509=SURFACE_STYLE_FILL_AREA(#7838);
#7510=SURFACE_STYLE_FILL_AREA(#7839);
#7511=SURFACE_STYLE_FILL_AREA(#7840);
#7512=SURFACE_STYLE_FILL_AREA(#7841);
#7513=SURFACE_STYLE_FILL_AREA(#7842);
#7514=SURFACE_STYLE_FILL_AREA(#7843);
#7515=SURFACE_STYLE_FILL_AREA(#7844);
#7516=SURFACE_STYLE_FILL_AREA(#7845);
#7517=SURFACE_STYLE_FILL_AREA(#7846);
#7518=SURFACE_STYLE_FILL_AREA(#7847);
#7519=SURFACE_STYLE_FILL_AREA(#7848);
#7520=SURFACE_STYLE_FILL_AREA(#7849);
#7521=SURFACE_STYLE_FILL_AREA(#7850);
#7522=SURFACE_STYLE_FILL_AREA(#7851);
#7523=SURFACE_STYLE_FILL_AREA(#7852);
#7524=SURFACE_STYLE_FILL_AREA(#7853);
#7525=SURFACE_STYLE_FILL_AREA(#7854);
#7526=SURFACE_STYLE_FILL_AREA(#7855);
#7527=SURFACE_STYLE_FILL_AREA(#7856);
#7528=SURFACE_STYLE_FILL_AREA(#7857);
#7529=SURFACE_STYLE_FILL_AREA(#7858);
#7530=SURFACE_STYLE_FILL_AREA(#7859);
#7531=SURFACE_STYLE_FILL_AREA(#7860);
#7532=SURFACE_STYLE_FILL_AREA(#7861);
#7533=SURFACE_STYLE_FILL_AREA(#7862);
#7534=SURFACE_STYLE_FILL_AREA(#7863);
#7535=SURFACE_STYLE_FILL_AREA(#7864);
#7536=SURFACE_STYLE_FILL_AREA(#7865);
#7537=SURFACE_STYLE_FILL_AREA(#7866);
#7538=SURFACE_STYLE_FILL_AREA(#7867);
#7539=SURFACE_STYLE_FILL_AREA(#7868);
#7540=SURFACE_STYLE_FILL_AREA(#7869);
#7541=SURFACE_STYLE_FILL_AREA(#7870);
#7542=SURFACE_STYLE_FILL_AREA(#7871);
#7543=SURFACE_STYLE_FILL_AREA(#7872);
#7544=SURFACE_STYLE_FILL_AREA(#7873);
#7545=SURFACE_STYLE_FILL_AREA(#7874);
#7546=SURFACE_STYLE_FILL_AREA(#7875);
#7547=SURFACE_STYLE_FILL_AREA(#7876);
#7548=SURFACE_STYLE_FILL_AREA(#7877);
#7549=SURFACE_STYLE_FILL_AREA(#7878);
#7550=SURFACE_STYLE_FILL_AREA(#7879);
#7551=SURFACE_STYLE_FILL_AREA(#7880);
#7552=SURFACE_STYLE_FILL_AREA(#7881);
#7553=SURFACE_STYLE_FILL_AREA(#7882);
#7554=SURFACE_STYLE_FILL_AREA(#7883);
#7555=SURFACE_STYLE_FILL_AREA(#7884);
#7556=SURFACE_STYLE_FILL_AREA(#7885);
#7557=SURFACE_STYLE_FILL_AREA(#7886);
#7558=SURFACE_STYLE_FILL_AREA(#7887);
#7559=SURFACE_STYLE_FILL_AREA(#7888);
#7560=SURFACE_STYLE_FILL_AREA(#7889);
#7561=SURFACE_STYLE_FILL_AREA(#7890);
#7562=SURFACE_STYLE_FILL_AREA(#7891);
#7563=SURFACE_STYLE_FILL_AREA(#7892);
#7564=SURFACE_STYLE_FILL_AREA(#7893);
#7565=SURFACE_STYLE_FILL_AREA(#7894);
#7566=SURFACE_STYLE_FILL_AREA(#7895);
#7567=SURFACE_STYLE_FILL_AREA(#7896);
#7568=SURFACE_STYLE_FILL_AREA(#7897);
#7569=SURFACE_STYLE_FILL_AREA(#7898);
#7570=SURFACE_STYLE_FILL_AREA(#7899);
#7571=SURFACE_STYLE_FILL_AREA(#7900);
#7572=SURFACE_STYLE_FILL_AREA(#7901);
#7573=SURFACE_STYLE_FILL_AREA(#7902);
#7574=SURFACE_STYLE_FILL_AREA(#7903);
#7575=SURFACE_STYLE_FILL_AREA(#7904);
#7576=SURFACE_STYLE_FILL_AREA(#7905);
#7577=SURFACE_STYLE_FILL_AREA(#7906);
#7578=SURFACE_STYLE_FILL_AREA(#7907);
#7579=SURFACE_STYLE_FILL_AREA(#7908);
#7580=SURFACE_STYLE_FILL_AREA(#7909);
#7581=SURFACE_STYLE_FILL_AREA(#7910);
#7582=SURFACE_STYLE_FILL_AREA(#7911);
#7583=SURFACE_STYLE_FILL_AREA(#7912);
#7584=SURFACE_STYLE_FILL_AREA(#7913);
#7585=SURFACE_STYLE_FILL_AREA(#7914);
#7586=SURFACE_STYLE_FILL_AREA(#7915);
#7587=SURFACE_STYLE_FILL_AREA(#7916);
#7588=SURFACE_STYLE_FILL_AREA(#7917);
#7589=SURFACE_STYLE_FILL_AREA(#7918);
#7590=SURFACE_STYLE_FILL_AREA(#7919);
#7591=SURFACE_STYLE_FILL_AREA(#7920);
#7592=SURFACE_STYLE_FILL_AREA(#7921);
#7593=SURFACE_STYLE_FILL_AREA(#7922);
#7594=SURFACE_STYLE_FILL_AREA(#7923);
#7595=SURFACE_STYLE_FILL_AREA(#7924);
#7596=SURFACE_STYLE_FILL_AREA(#7925);
#7597=SURFACE_STYLE_FILL_AREA(#7926);
#7598=SURFACE_STYLE_FILL_AREA(#7927);
#7599=SURFACE_STYLE_FILL_AREA(#7928);
#7600=SURFACE_STYLE_FILL_AREA(#7929);
#7601=SURFACE_STYLE_FILL_AREA(#7930);
#7602=SURFACE_STYLE_FILL_AREA(#7931);
#7603=SURFACE_STYLE_FILL_AREA(#7932);
#7604=SURFACE_STYLE_FILL_AREA(#7933);
#7605=SURFACE_STYLE_FILL_AREA(#7934);
#7606=SURFACE_STYLE_FILL_AREA(#7935);
#7607=SURFACE_STYLE_FILL_AREA(#7936);
#7608=SURFACE_STYLE_FILL_AREA(#7937);
#7609=SURFACE_STYLE_FILL_AREA(#7938);
#7610=SURFACE_STYLE_FILL_AREA(#7939);
#7611=SURFACE_STYLE_FILL_AREA(#7940);
#7612=SURFACE_STYLE_FILL_AREA(#7941);
#7613=SURFACE_STYLE_FILL_AREA(#7942);
#7614=SURFACE_STYLE_FILL_AREA(#7943);
#7615=SURFACE_STYLE_FILL_AREA(#7944);
#7616=SURFACE_STYLE_FILL_AREA(#7945);
#7617=SURFACE_STYLE_FILL_AREA(#7946);
#7618=SURFACE_STYLE_FILL_AREA(#7947);
#7619=SURFACE_STYLE_FILL_AREA(#7948);
#7620=SURFACE_STYLE_FILL_AREA(#7949);
#7621=SURFACE_STYLE_FILL_AREA(#7950);
#7622=SURFACE_STYLE_FILL_AREA(#7951);
#7623=SURFACE_STYLE_FILL_AREA(#7952);
#7624=SURFACE_STYLE_FILL_AREA(#7953);
#7625=SURFACE_STYLE_FILL_AREA(#7954);
#7626=SURFACE_STYLE_FILL_AREA(#7955);
#7627=SURFACE_STYLE_FILL_AREA(#7956);
#7628=SURFACE_STYLE_FILL_AREA(#7957);
#7629=SURFACE_STYLE_FILL_AREA(#7958);
#7630=SURFACE_STYLE_FILL_AREA(#7959);
#7631=SURFACE_STYLE_FILL_AREA(#7960);
#7632=SURFACE_STYLE_FILL_AREA(#7961);
#7633=SURFACE_STYLE_FILL_AREA(#7962);
#7634=SURFACE_STYLE_FILL_AREA(#7963);
#7635=SURFACE_STYLE_FILL_AREA(#7964);
#7636=SURFACE_STYLE_FILL_AREA(#7965);
#7637=SURFACE_STYLE_FILL_AREA(#7966);
#7638=SURFACE_STYLE_FILL_AREA(#7967);
#7639=SURFACE_STYLE_FILL_AREA(#7968);
#7640=SURFACE_STYLE_FILL_AREA(#7969);
#7641=SURFACE_STYLE_FILL_AREA(#7970);
#7642=SURFACE_STYLE_FILL_AREA(#7971);
#7643=SURFACE_STYLE_FILL_AREA(#7972);
#7644=SURFACE_STYLE_FILL_AREA(#7973);
#7645=SURFACE_STYLE_FILL_AREA(#7974);
#7646=SURFACE_STYLE_FILL_AREA(#7975);
#7647=SURFACE_STYLE_FILL_AREA(#7976);
#7648=SURFACE_STYLE_FILL_AREA(#7977);
#7649=SURFACE_STYLE_FILL_AREA(#7978);
#7650=SURFACE_STYLE_FILL_AREA(#7979);
#7651=SURFACE_STYLE_FILL_AREA(#7980);
#7652=SURFACE_STYLE_FILL_AREA(#7981);
#7653=SURFACE_STYLE_FILL_AREA(#7982);
#7654=SURFACE_STYLE_FILL_AREA(#7983);
#7655=SURFACE_STYLE_FILL_AREA(#7984);
#7656=SURFACE_STYLE_FILL_AREA(#7985);
#7657=SURFACE_STYLE_FILL_AREA(#7986);
#7658=SURFACE_STYLE_FILL_AREA(#7987);
#7659=SURFACE_STYLE_FILL_AREA(#7988);
#7660=SURFACE_STYLE_FILL_AREA(#7989);
#7661=SURFACE_STYLE_FILL_AREA(#7990);
#7662=SURFACE_STYLE_FILL_AREA(#7991);
#7663=SURFACE_STYLE_FILL_AREA(#7992);
#7664=SURFACE_STYLE_FILL_AREA(#7993);
#7665=SURFACE_STYLE_FILL_AREA(#7994);
#7666=SURFACE_STYLE_FILL_AREA(#7995);
#7667=SURFACE_STYLE_FILL_AREA(#7996);
#7668=SURFACE_STYLE_FILL_AREA(#7997);
#7669=SURFACE_STYLE_FILL_AREA(#7998);
#7670=SURFACE_STYLE_FILL_AREA(#7999);
#7671=SURFACE_STYLE_FILL_AREA(#8000);
#7672=SURFACE_STYLE_FILL_AREA(#8001);
#7673=SURFACE_STYLE_FILL_AREA(#8002);
#7674=SURFACE_STYLE_FILL_AREA(#8003);
#7675=SURFACE_STYLE_FILL_AREA(#8004);
#7676=SURFACE_STYLE_FILL_AREA(#8005);
#7677=SURFACE_STYLE_FILL_AREA(#8006);
#7678=SURFACE_STYLE_FILL_AREA(#8007);
#7679=SURFACE_STYLE_FILL_AREA(#8008);
#7680=SURFACE_STYLE_FILL_AREA(#8009);
#7681=SURFACE_STYLE_FILL_AREA(#8010);
#7682=SURFACE_STYLE_FILL_AREA(#8011);
#7683=SURFACE_STYLE_FILL_AREA(#8012);
#7684=SURFACE_STYLE_FILL_AREA(#8013);
#7685=SURFACE_STYLE_FILL_AREA(#8014);
#7686=SURFACE_STYLE_FILL_AREA(#8015);
#7687=SURFACE_STYLE_FILL_AREA(#8016);
#7688=SURFACE_STYLE_FILL_AREA(#8017);
#7689=SURFACE_STYLE_FILL_AREA(#8018);
#7690=SURFACE_STYLE_FILL_AREA(#8019);
#7691=SURFACE_STYLE_FILL_AREA(#8020);
#7692=SURFACE_STYLE_FILL_AREA(#8021);
#7693=SURFACE_STYLE_FILL_AREA(#8022);
#7694=SURFACE_STYLE_FILL_AREA(#8023);
#7695=SURFACE_STYLE_FILL_AREA(#8024);
#7696=SURFACE_STYLE_FILL_AREA(#8025);
#7697=SURFACE_STYLE_FILL_AREA(#8026);
#7698=SURFACE_STYLE_FILL_AREA(#8027);
#7699=SURFACE_STYLE_FILL_AREA(#8028);
#7700=SURFACE_STYLE_FILL_AREA(#8029);
#7701=SURFACE_STYLE_FILL_AREA(#8030);
#7702=SURFACE_STYLE_FILL_AREA(#8031);
#7703=SURFACE_STYLE_FILL_AREA(#8032);
#7704=SURFACE_STYLE_FILL_AREA(#8033);
#7705=SURFACE_STYLE_FILL_AREA(#8034);
#7706=SURFACE_STYLE_FILL_AREA(#8035);
#7707=SURFACE_STYLE_FILL_AREA(#8036);
#7708=SURFACE_STYLE_FILL_AREA(#8037);
#7709=SURFACE_STYLE_FILL_AREA(#8038);
#7710=SURFACE_STYLE_FILL_AREA(#8039);
#7711=SURFACE_STYLE_FILL_AREA(#8040);
#7712=SURFACE_STYLE_FILL_AREA(#8041);
#7713=SURFACE_STYLE_FILL_AREA(#8042);
#7714=SURFACE_STYLE_FILL_AREA(#8043);
#7715=SURFACE_STYLE_FILL_AREA(#8044);
#7716=SURFACE_STYLE_FILL_AREA(#8045);
#7717=SURFACE_STYLE_FILL_AREA(#8046);
#7718=SURFACE_STYLE_FILL_AREA(#8047);
#7719=SURFACE_STYLE_FILL_AREA(#8048);
#7720=SURFACE_STYLE_FILL_AREA(#8049);
#7721=SURFACE_STYLE_FILL_AREA(#8050);
#7722=SURFACE_STYLE_FILL_AREA(#8051);
#7723=SURFACE_STYLE_FILL_AREA(#8052);
#7724=SURFACE_STYLE_FILL_AREA(#8053);
#7725=SURFACE_STYLE_FILL_AREA(#8054);
#7726=SURFACE_STYLE_FILL_AREA(#8055);
#7727=SURFACE_STYLE_FILL_AREA(#8056);
#7728=SURFACE_STYLE_FILL_AREA(#8057);
#7729=SURFACE_STYLE_FILL_AREA(#8058);
#7730=SURFACE_STYLE_FILL_AREA(#8059);
#7731=SURFACE_STYLE_FILL_AREA(#8060);
#7732=SURFACE_STYLE_FILL_AREA(#8061);
#7733=SURFACE_STYLE_FILL_AREA(#8062);
#7734=SURFACE_STYLE_FILL_AREA(#8063);
#7735=SURFACE_STYLE_FILL_AREA(#8064);
#7736=SURFACE_STYLE_FILL_AREA(#8065);
#7737=SURFACE_STYLE_FILL_AREA(#8066);
#7738=SURFACE_STYLE_FILL_AREA(#8067);
#7739=SURFACE_STYLE_FILL_AREA(#8068);
#7740=SURFACE_STYLE_FILL_AREA(#8069);
#7741=SURFACE_STYLE_FILL_AREA(#8070);
#7742=SURFACE_STYLE_FILL_AREA(#8071);
#7743=SURFACE_STYLE_FILL_AREA(#8072);
#7744=SURFACE_STYLE_FILL_AREA(#8073);
#7745=SURFACE_STYLE_FILL_AREA(#8074);
#7746=SURFACE_STYLE_FILL_AREA(#8075);
#7747=SURFACE_STYLE_FILL_AREA(#8076);
#7748=SURFACE_STYLE_FILL_AREA(#8077);
#7749=SURFACE_STYLE_FILL_AREA(#8078);
#7750=SURFACE_STYLE_FILL_AREA(#8079);
#7751=SURFACE_STYLE_FILL_AREA(#8080);
#7752=SURFACE_STYLE_FILL_AREA(#8081);
#7753=SURFACE_STYLE_FILL_AREA(#8082);
#7754=SURFACE_STYLE_FILL_AREA(#8083);
#7755=SURFACE_STYLE_FILL_AREA(#8084);
#7756=SURFACE_STYLE_FILL_AREA(#8085);
#7757=SURFACE_STYLE_FILL_AREA(#8086);
#7758=SURFACE_STYLE_FILL_AREA(#8087);
#7759=SURFACE_STYLE_FILL_AREA(#8088);
#7760=SURFACE_STYLE_FILL_AREA(#8089);
#7761=SURFACE_STYLE_FILL_AREA(#8090);
#7762=SURFACE_STYLE_FILL_AREA(#8091);
#7763=SURFACE_STYLE_FILL_AREA(#8092);
#7764=SURFACE_STYLE_FILL_AREA(#8093);
#7765=SURFACE_STYLE_FILL_AREA(#8094);
#7766=SURFACE_STYLE_FILL_AREA(#8095);
#7767=SURFACE_STYLE_FILL_AREA(#8096);
#7768=SURFACE_STYLE_FILL_AREA(#8097);
#7769=SURFACE_STYLE_FILL_AREA(#8098);
#7770=SURFACE_STYLE_FILL_AREA(#8099);
#7771=SURFACE_STYLE_FILL_AREA(#8100);
#7772=SURFACE_STYLE_FILL_AREA(#8101);
#7773=SURFACE_STYLE_FILL_AREA(#8102);
#7774=SURFACE_STYLE_FILL_AREA(#8103);
#7775=SURFACE_STYLE_FILL_AREA(#8104);
#7776=SURFACE_STYLE_FILL_AREA(#8105);
#7777=SURFACE_STYLE_FILL_AREA(#8106);
#7778=SURFACE_STYLE_FILL_AREA(#8107);
#7779=SURFACE_STYLE_FILL_AREA(#8108);
#7780=SURFACE_STYLE_FILL_AREA(#8109);
#7781=SURFACE_STYLE_FILL_AREA(#8110);
#7782=SURFACE_STYLE_FILL_AREA(#8111);
#7783=SURFACE_STYLE_FILL_AREA(#8112);
#7784=SURFACE_STYLE_FILL_AREA(#8113);
#7785=SURFACE_STYLE_FILL_AREA(#8114);
#7786=SURFACE_STYLE_FILL_AREA(#8115);
#7787=SURFACE_STYLE_FILL_AREA(#8116);
#7788=SURFACE_STYLE_FILL_AREA(#8117);
#7789=SURFACE_STYLE_FILL_AREA(#8118);
#7790=SURFACE_STYLE_FILL_AREA(#8119);
#7791=SURFACE_STYLE_FILL_AREA(#8120);
#7792=SURFACE_STYLE_FILL_AREA(#8121);
#7793=SURFACE_STYLE_FILL_AREA(#8122);
#7794=SURFACE_STYLE_FILL_AREA(#8123);
#7795=SURFACE_STYLE_FILL_AREA(#8124);
#7796=SURFACE_STYLE_FILL_AREA(#8125);
#7797=SURFACE_STYLE_FILL_AREA(#8126);
#7798=SURFACE_STYLE_FILL_AREA(#8127);
#7799=FILL_AREA_STYLE('',(#8128));
#7800=FILL_AREA_STYLE('',(#8129));
#7801=FILL_AREA_STYLE('',(#8130));
#7802=FILL_AREA_STYLE('',(#8131));
#7803=FILL_AREA_STYLE('',(#8132));
#7804=FILL_AREA_STYLE('',(#8133));
#7805=FILL_AREA_STYLE('',(#8134));
#7806=FILL_AREA_STYLE('',(#8135));
#7807=FILL_AREA_STYLE('',(#8136));
#7808=FILL_AREA_STYLE('',(#8137));
#7809=FILL_AREA_STYLE('',(#8138));
#7810=FILL_AREA_STYLE('',(#8139));
#7811=FILL_AREA_STYLE('',(#8140));
#7812=FILL_AREA_STYLE('',(#8141));
#7813=FILL_AREA_STYLE('',(#8142));
#7814=FILL_AREA_STYLE('',(#8143));
#7815=FILL_AREA_STYLE('',(#8144));
#7816=FILL_AREA_STYLE('',(#8145));
#7817=FILL_AREA_STYLE('',(#8146));
#7818=FILL_AREA_STYLE('',(#8147));
#7819=FILL_AREA_STYLE('',(#8148));
#7820=FILL_AREA_STYLE('',(#8149));
#7821=FILL_AREA_STYLE('',(#8150));
#7822=FILL_AREA_STYLE('',(#8151));
#7823=FILL_AREA_STYLE('',(#8152));
#7824=FILL_AREA_STYLE('',(#8153));
#7825=FILL_AREA_STYLE('',(#8154));
#7826=FILL_AREA_STYLE('',(#8155));
#7827=FILL_AREA_STYLE('',(#8156));
#7828=FILL_AREA_STYLE('',(#8157));
#7829=FILL_AREA_STYLE('',(#8158));
#7830=FILL_AREA_STYLE('',(#8159));
#7831=FILL_AREA_STYLE('',(#8160));
#7832=FILL_AREA_STYLE('',(#8161));
#7833=FILL_AREA_STYLE('',(#8162));
#7834=FILL_AREA_STYLE('',(#8163));
#7835=FILL_AREA_STYLE('',(#8164));
#7836=FILL_AREA_STYLE('',(#8165));
#7837=FILL_AREA_STYLE('',(#8166));
#7838=FILL_AREA_STYLE('',(#8167));
#7839=FILL_AREA_STYLE('',(#8168));
#7840=FILL_AREA_STYLE('',(#8169));
#7841=FILL_AREA_STYLE('',(#8170));
#7842=FILL_AREA_STYLE('',(#8171));
#7843=FILL_AREA_STYLE('',(#8172));
#7844=FILL_AREA_STYLE('',(#8173));
#7845=FILL_AREA_STYLE('',(#8174));
#7846=FILL_AREA_STYLE('',(#8175));
#7847=FILL_AREA_STYLE('',(#8176));
#7848=FILL_AREA_STYLE('',(#8177));
#7849=FILL_AREA_STYLE('',(#8178));
#7850=FILL_AREA_STYLE('',(#8179));
#7851=FILL_AREA_STYLE('',(#8180));
#7852=FILL_AREA_STYLE('',(#8181));
#7853=FILL_AREA_STYLE('',(#8182));
#7854=FILL_AREA_STYLE('',(#8183));
#7855=FILL_AREA_STYLE('',(#8184));
#7856=FILL_AREA_STYLE('',(#8185));
#7857=FILL_AREA_STYLE('',(#8186));
#7858=FILL_AREA_STYLE('',(#8187));
#7859=FILL_AREA_STYLE('',(#8188));
#7860=FILL_AREA_STYLE('',(#8189));
#7861=FILL_AREA_STYLE('',(#8190));
#7862=FILL_AREA_STYLE('',(#8191));
#7863=FILL_AREA_STYLE('',(#8192));
#7864=FILL_AREA_STYLE('',(#8193));
#7865=FILL_AREA_STYLE('',(#8194));
#7866=FILL_AREA_STYLE('',(#8195));
#7867=FILL_AREA_STYLE('',(#8196));
#7868=FILL_AREA_STYLE('',(#8197));
#7869=FILL_AREA_STYLE('',(#8198));
#7870=FILL_AREA_STYLE('',(#8199));
#7871=FILL_AREA_STYLE('',(#8200));
#7872=FILL_AREA_STYLE('',(#8201));
#7873=FILL_AREA_STYLE('',(#8202));
#7874=FILL_AREA_STYLE('',(#8203));
#7875=FILL_AREA_STYLE('',(#8204));
#7876=FILL_AREA_STYLE('',(#8205));
#7877=FILL_AREA_STYLE('',(#8206));
#7878=FILL_AREA_STYLE('',(#8207));
#7879=FILL_AREA_STYLE('',(#8208));
#7880=FILL_AREA_STYLE('',(#8209));
#7881=FILL_AREA_STYLE('',(#8210));
#7882=FILL_AREA_STYLE('',(#8211));
#7883=FILL_AREA_STYLE('',(#8212));
#7884=FILL_AREA_STYLE('',(#8213));
#7885=FILL_AREA_STYLE('',(#8214));
#7886=FILL_AREA_STYLE('',(#8215));
#7887=FILL_AREA_STYLE('',(#8216));
#7888=FILL_AREA_STYLE('',(#8217));
#7889=FILL_AREA_STYLE('',(#8218));
#7890=FILL_AREA_STYLE('',(#8219));
#7891=FILL_AREA_STYLE('',(#8220));
#7892=FILL_AREA_STYLE('',(#8221));
#7893=FILL_AREA_STYLE('',(#8222));
#7894=FILL_AREA_STYLE('',(#8223));
#7895=FILL_AREA_STYLE('',(#8224));
#7896=FILL_AREA_STYLE('',(#8225));
#7897=FILL_AREA_STYLE('',(#8226));
#7898=FILL_AREA_STYLE('',(#8227));
#7899=FILL_AREA_STYLE('',(#8228));
#7900=FILL_AREA_STYLE('',(#8229));
#7901=FILL_AREA_STYLE('',(#8230));
#7902=FILL_AREA_STYLE('',(#8231));
#7903=FILL_AREA_STYLE('',(#8232));
#7904=FILL_AREA_STYLE('',(#8233));
#7905=FILL_AREA_STYLE('',(#8234));
#7906=FILL_AREA_STYLE('',(#8235));
#7907=FILL_AREA_STYLE('',(#8236));
#7908=FILL_AREA_STYLE('',(#8237));
#7909=FILL_AREA_STYLE('',(#8238));
#7910=FILL_AREA_STYLE('',(#8239));
#7911=FILL_AREA_STYLE('',(#8240));
#7912=FILL_AREA_STYLE('',(#8241));
#7913=FILL_AREA_STYLE('',(#8242));
#7914=FILL_AREA_STYLE('',(#8243));
#7915=FILL_AREA_STYLE('',(#8244));
#7916=FILL_AREA_STYLE('',(#8245));
#7917=FILL_AREA_STYLE('',(#8246));
#7918=FILL_AREA_STYLE('',(#8247));
#7919=FILL_AREA_STYLE('',(#8248));
#7920=FILL_AREA_STYLE('',(#8249));
#7921=FILL_AREA_STYLE('',(#8250));
#7922=FILL_AREA_STYLE('',(#8251));
#7923=FILL_AREA_STYLE('',(#8252));
#7924=FILL_AREA_STYLE('',(#8253));
#7925=FILL_AREA_STYLE('',(#8254));
#7926=FILL_AREA_STYLE('',(#8255));
#7927=FILL_AREA_STYLE('',(#8256));
#7928=FILL_AREA_STYLE('',(#8257));
#7929=FILL_AREA_STYLE('',(#8258));
#7930=FILL_AREA_STYLE('',(#8259));
#7931=FILL_AREA_STYLE('',(#8260));
#7932=FILL_AREA_STYLE('',(#8261));
#7933=FILL_AREA_STYLE('',(#8262));
#7934=FILL_AREA_STYLE('',(#8263));
#7935=FILL_AREA_STYLE('',(#8264));
#7936=FILL_AREA_STYLE('',(#8265));
#7937=FILL_AREA_STYLE('',(#8266));
#7938=FILL_AREA_STYLE('',(#8267));
#7939=FILL_AREA_STYLE('',(#8268));
#7940=FILL_AREA_STYLE('',(#8269));
#7941=FILL_AREA_STYLE('',(#8270));
#7942=FILL_AREA_STYLE('',(#8271));
#7943=FILL_AREA_STYLE('',(#8272));
#7944=FILL_AREA_STYLE('',(#8273));
#7945=FILL_AREA_STYLE('',(#8274));
#7946=FILL_AREA_STYLE('',(#8275));
#7947=FILL_AREA_STYLE('',(#8276));
#7948=FILL_AREA_STYLE('',(#8277));
#7949=FILL_AREA_STYLE('',(#8278));
#7950=FILL_AREA_STYLE('',(#8279));
#7951=FILL_AREA_STYLE('',(#8280));
#7952=FILL_AREA_STYLE('',(#8281));
#7953=FILL_AREA_STYLE('',(#8282));
#7954=FILL_AREA_STYLE('',(#8283));
#7955=FILL_AREA_STYLE('',(#8284));
#7956=FILL_AREA_STYLE('',(#8285));
#7957=FILL_AREA_STYLE('',(#8286));
#7958=FILL_AREA_STYLE('',(#8287));
#7959=FILL_AREA_STYLE('',(#8288));
#7960=FILL_AREA_STYLE('',(#8289));
#7961=FILL_AREA_STYLE('',(#8290));
#7962=FILL_AREA_STYLE('',(#8291));
#7963=FILL_AREA_STYLE('',(#8292));
#7964=FILL_AREA_STYLE('',(#8293));
#7965=FILL_AREA_STYLE('',(#8294));
#7966=FILL_AREA_STYLE('',(#8295));
#7967=FILL_AREA_STYLE('',(#8296));
#7968=FILL_AREA_STYLE('',(#8297));
#7969=FILL_AREA_STYLE('',(#8298));
#7970=FILL_AREA_STYLE('',(#8299));
#7971=FILL_AREA_STYLE('',(#8300));
#7972=FILL_AREA_STYLE('',(#8301));
#7973=FILL_AREA_STYLE('',(#8302));
#7974=FILL_AREA_STYLE('',(#8303));
#7975=FILL_AREA_STYLE('',(#8304));
#7976=FILL_AREA_STYLE('',(#8305));
#7977=FILL_AREA_STYLE('',(#8306));
#7978=FILL_AREA_STYLE('',(#8307));
#7979=FILL_AREA_STYLE('',(#8308));
#7980=FILL_AREA_STYLE('',(#8309));
#7981=FILL_AREA_STYLE('',(#8310));
#7982=FILL_AREA_STYLE('',(#8311));
#7983=FILL_AREA_STYLE('',(#8312));
#7984=FILL_AREA_STYLE('',(#8313));
#7985=FILL_AREA_STYLE('',(#8314));
#7986=FILL_AREA_STYLE('',(#8315));
#7987=FILL_AREA_STYLE('',(#8316));
#7988=FILL_AREA_STYLE('',(#8317));
#7989=FILL_AREA_STYLE('',(#8318));
#7990=FILL_AREA_STYLE('',(#8319));
#7991=FILL_AREA_STYLE('',(#8320));
#7992=FILL_AREA_STYLE('',(#8321));
#7993=FILL_AREA_STYLE('',(#8322));
#7994=FILL_AREA_STYLE('',(#8323));
#7995=FILL_AREA_STYLE('',(#8324));
#7996=FILL_AREA_STYLE('',(#8325));
#7997=FILL_AREA_STYLE('',(#8326));
#7998=FILL_AREA_STYLE('',(#8327));
#7999=FILL_AREA_STYLE('',(#8328));
#8000=FILL_AREA_STYLE('',(#8329));
#8001=FILL_AREA_STYLE('',(#8330));
#8002=FILL_AREA_STYLE('',(#8331));
#8003=FILL_AREA_STYLE('',(#8332));
#8004=FILL_AREA_STYLE('',(#8333));
#8005=FILL_AREA_STYLE('',(#8334));
#8006=FILL_AREA_STYLE('',(#8335));
#8007=FILL_AREA_STYLE('',(#8336));
#8008=FILL_AREA_STYLE('',(#8337));
#8009=FILL_AREA_STYLE('',(#8338));
#8010=FILL_AREA_STYLE('',(#8339));
#8011=FILL_AREA_STYLE('',(#8340));
#8012=FILL_AREA_STYLE('',(#8341));
#8013=FILL_AREA_STYLE('',(#8342));
#8014=FILL_AREA_STYLE('',(#8343));
#8015=FILL_AREA_STYLE('',(#8344));
#8016=FILL_AREA_STYLE('',(#8345));
#8017=FILL_AREA_STYLE('',(#8346));
#8018=FILL_AREA_STYLE('',(#8347));
#8019=FILL_AREA_STYLE('',(#8348));
#8020=FILL_AREA_STYLE('',(#8349));
#8021=FILL_AREA_STYLE('',(#8350));
#8022=FILL_AREA_STYLE('',(#8351));
#8023=FILL_AREA_STYLE('',(#8352));
#8024=FILL_AREA_STYLE('',(#8353));
#8025=FILL_AREA_STYLE('',(#8354));
#8026=FILL_AREA_STYLE('',(#8355));
#8027=FILL_AREA_STYLE('',(#8356));
#8028=FILL_AREA_STYLE('',(#8357));
#8029=FILL_AREA_STYLE('',(#8358));
#8030=FILL_AREA_STYLE('',(#8359));
#8031=FILL_AREA_STYLE('',(#8360));
#8032=FILL_AREA_STYLE('',(#8361));
#8033=FILL_AREA_STYLE('',(#8362));
#8034=FILL_AREA_STYLE('',(#8363));
#8035=FILL_AREA_STYLE('',(#8364));
#8036=FILL_AREA_STYLE('',(#8365));
#8037=FILL_AREA_STYLE('',(#8366));
#8038=FILL_AREA_STYLE('',(#8367));
#8039=FILL_AREA_STYLE('',(#8368));
#8040=FILL_AREA_STYLE('',(#8369));
#8041=FILL_AREA_STYLE('',(#8370));
#8042=FILL_AREA_STYLE('',(#8371));
#8043=FILL_AREA_STYLE('',(#8372));
#8044=FILL_AREA_STYLE('',(#8373));
#8045=FILL_AREA_STYLE('',(#8374));
#8046=FILL_AREA_STYLE('',(#8375));
#8047=FILL_AREA_STYLE('',(#8376));
#8048=FILL_AREA_STYLE('',(#8377));
#8049=FILL_AREA_STYLE('',(#8378));
#8050=FILL_AREA_STYLE('',(#8379));
#8051=FILL_AREA_STYLE('',(#8380));
#8052=FILL_AREA_STYLE('',(#8381));
#8053=FILL_AREA_STYLE('',(#8382));
#8054=FILL_AREA_STYLE('',(#8383));
#8055=FILL_AREA_STYLE('',(#8384));
#8056=FILL_AREA_STYLE('',(#8385));
#8057=FILL_AREA_STYLE('',(#8386));
#8058=FILL_AREA_STYLE('',(#8387));
#8059=FILL_AREA_STYLE('',(#8388));
#8060=FILL_AREA_STYLE('',(#8389));
#8061=FILL_AREA_STYLE('',(#8390));
#8062=FILL_AREA_STYLE('',(#8391));
#8063=FILL_AREA_STYLE('',(#8392));
#8064=FILL_AREA_STYLE('',(#8393));
#8065=FILL_AREA_STYLE('',(#8394));
#8066=FILL_AREA_STYLE('',(#8395));
#8067=FILL_AREA_STYLE('',(#8396));
#8068=FILL_AREA_STYLE('',(#8397));
#8069=FILL_AREA_STYLE('',(#8398));
#8070=FILL_AREA_STYLE('',(#8399));
#8071=FILL_AREA_STYLE('',(#8400));
#8072=FILL_AREA_STYLE('',(#8401));
#8073=FILL_AREA_STYLE('',(#8402));
#8074=FILL_AREA_STYLE('',(#8403));
#8075=FILL_AREA_STYLE('',(#8404));
#8076=FILL_AREA_STYLE('',(#8405));
#8077=FILL_AREA_STYLE('',(#8406));
#8078=FILL_AREA_STYLE('',(#8407));
#8079=FILL_AREA_STYLE('',(#8408));
#8080=FILL_AREA_STYLE('',(#8409));
#8081=FILL_AREA_STYLE('',(#8410));
#8082=FILL_AREA_STYLE('',(#8411));
#8083=FILL_AREA_STYLE('',(#8412));
#8084=FILL_AREA_STYLE('',(#8413));
#8085=FILL_AREA_STYLE('',(#8414));
#8086=FILL_AREA_STYLE('',(#8415));
#8087=FILL_AREA_STYLE('',(#8416));
#8088=FILL_AREA_STYLE('',(#8417));
#8089=FILL_AREA_STYLE('',(#8418));
#8090=FILL_AREA_STYLE('',(#8419));
#8091=FILL_AREA_STYLE('',(#8420));
#8092=FILL_AREA_STYLE('',(#8421));
#8093=FILL_AREA_STYLE('',(#8422));
#8094=FILL_AREA_STYLE('',(#8423));
#8095=FILL_AREA_STYLE('',(#8424));
#8096=FILL_AREA_STYLE('',(#8425));
#8097=FILL_AREA_STYLE('',(#8426));
#8098=FILL_AREA_STYLE('',(#8427));
#8099=FILL_AREA_STYLE('',(#8428));
#8100=FILL_AREA_STYLE('',(#8429));
#8101=FILL_AREA_STYLE('',(#8430));
#8102=FILL_AREA_STYLE('',(#8431));
#8103=FILL_AREA_STYLE('',(#8432));
#8104=FILL_AREA_STYLE('',(#8433));
#8105=FILL_AREA_STYLE('',(#8434));
#8106=FILL_AREA_STYLE('',(#8435));
#8107=FILL_AREA_STYLE('',(#8436));
#8108=FILL_AREA_STYLE('',(#8437));
#8109=FILL_AREA_STYLE('',(#8438));
#8110=FILL_AREA_STYLE('',(#8439));
#8111=FILL_AREA_STYLE('',(#8440));
#8112=FILL_AREA_STYLE('',(#8441));
#8113=FILL_AREA_STYLE('',(#8442));
#8114=FILL_AREA_STYLE('',(#8443));
#8115=FILL_AREA_STYLE('',(#8444));
#8116=FILL_AREA_STYLE('',(#8445));
#8117=FILL_AREA_STYLE('',(#8446));
#8118=FILL_AREA_STYLE('',(#8447));
#8119=FILL_AREA_STYLE('',(#8448));
#8120=FILL_AREA_STYLE('',(#8449));
#8121=FILL_AREA_STYLE('',(#8450));
#8122=FILL_AREA_STYLE('',(#8451));
#8123=FILL_AREA_STYLE('',(#8452));
#8124=FILL_AREA_STYLE('',(#8453));
#8125=FILL_AREA_STYLE('',(#8454));
#8126=FILL_AREA_STYLE('',(#8455));
#8127=FILL_AREA_STYLE('',(#8456));
#8128=FILL_AREA_STYLE_COLOUR('',#8457);
#8129=FILL_AREA_STYLE_COLOUR('',#8457);
#8130=FILL_AREA_STYLE_COLOUR('',#8457);
#8131=FILL_AREA_STYLE_COLOUR('',#8457);
#8132=FILL_AREA_STYLE_COLOUR('',#8457);
#8133=FILL_AREA_STYLE_COLOUR('',#8458);
#8134=FILL_AREA_STYLE_COLOUR('',#8457);
#8135=FILL_AREA_STYLE_COLOUR('',#8457);
#8136=FILL_AREA_STYLE_COLOUR('',#8457);
#8137=FILL_AREA_STYLE_COLOUR('',#8457);
#8138=FILL_AREA_STYLE_COLOUR('',#8457);
#8139=FILL_AREA_STYLE_COLOUR('',#8457);
#8140=FILL_AREA_STYLE_COLOUR('',#8457);
#8141=FILL_AREA_STYLE_COLOUR('',#8457);
#8142=FILL_AREA_STYLE_COLOUR('',#8458);
#8143=FILL_AREA_STYLE_COLOUR('',#8458);
#8144=FILL_AREA_STYLE_COLOUR('',#8458);
#8145=FILL_AREA_STYLE_COLOUR('',#8458);
#8146=FILL_AREA_STYLE_COLOUR('',#8458);
#8147=FILL_AREA_STYLE_COLOUR('',#8457);
#8148=FILL_AREA_STYLE_COLOUR('',#8457);
#8149=FILL_AREA_STYLE_COLOUR('',#8457);
#8150=FILL_AREA_STYLE_COLOUR('',#8457);
#8151=FILL_AREA_STYLE_COLOUR('',#8457);
#8152=FILL_AREA_STYLE_COLOUR('',#8457);
#8153=FILL_AREA_STYLE_COLOUR('',#8457);
#8154=FILL_AREA_STYLE_COLOUR('',#8457);
#8155=FILL_AREA_STYLE_COLOUR('',#8457);
#8156=FILL_AREA_STYLE_COLOUR('',#8457);
#8157=FILL_AREA_STYLE_COLOUR('',#8457);
#8158=FILL_AREA_STYLE_COLOUR('',#8457);
#8159=FILL_AREA_STYLE_COLOUR('',#8457);
#8160=FILL_AREA_STYLE_COLOUR('',#8458);
#8161=FILL_AREA_STYLE_COLOUR('',#8458);
#8162=FILL_AREA_STYLE_COLOUR('',#8458);
#8163=FILL_AREA_STYLE_COLOUR('',#8458);
#8164=FILL_AREA_STYLE_COLOUR('',#8458);
#8165=FILL_AREA_STYLE_COLOUR('',#8458);
#8166=FILL_AREA_STYLE_COLOUR('',#8458);
#8167=FILL_AREA_STYLE_COLOUR('',#8458);
#8168=FILL_AREA_STYLE_COLOUR('',#8458);
#8169=FILL_AREA_STYLE_COLOUR('',#8458);
#8170=FILL_AREA_STYLE_COLOUR('',#8458);
#8171=FILL_AREA_STYLE_COLOUR('',#8458);
#8172=FILL_AREA_STYLE_COLOUR('',#8458);
#8173=FILL_AREA_STYLE_COLOUR('',#8458);
#8174=FILL_AREA_STYLE_COLOUR('',#8458);
#8175=FILL_AREA_STYLE_COLOUR('',#8458);
#8176=FILL_AREA_STYLE_COLOUR('',#8458);
#8177=FILL_AREA_STYLE_COLOUR('',#8458);
#8178=FILL_AREA_STYLE_COLOUR('',#8458);
#8179=FILL_AREA_STYLE_COLOUR('',#8458);
#8180=FILL_AREA_STYLE_COLOUR('',#8458);
#8181=FILL_AREA_STYLE_COLOUR('',#8458);
#8182=FILL_AREA_STYLE_COLOUR('',#8458);
#8183=FILL_AREA_STYLE_COLOUR('',#8458);
#8184=FILL_AREA_STYLE_COLOUR('',#8458);
#8185=FILL_AREA_STYLE_COLOUR('',#8458);
#8186=FILL_AREA_STYLE_COLOUR('',#8458);
#8187=FILL_AREA_STYLE_COLOUR('',#8458);
#8188=FILL_AREA_STYLE_COLOUR('',#8458);
#8189=FILL_AREA_STYLE_COLOUR('',#8458);
#8190=FILL_AREA_STYLE_COLOUR('',#8458);
#8191=FILL_AREA_STYLE_COLOUR('',#8458);
#8192=FILL_AREA_STYLE_COLOUR('',#8458);
#8193=FILL_AREA_STYLE_COLOUR('',#8458);
#8194=FILL_AREA_STYLE_COLOUR('',#8458);
#8195=FILL_AREA_STYLE_COLOUR('',#8458);
#8196=FILL_AREA_STYLE_COLOUR('',#8458);
#8197=FILL_AREA_STYLE_COLOUR('',#8458);
#8198=FILL_AREA_STYLE_COLOUR('',#8458);
#8199=FILL_AREA_STYLE_COLOUR('',#8458);
#8200=FILL_AREA_STYLE_COLOUR('',#8458);
#8201=FILL_AREA_STYLE_COLOUR('',#8458);
#8202=FILL_AREA_STYLE_COLOUR('',#8458);
#8203=FILL_AREA_STYLE_COLOUR('',#8458);
#8204=FILL_AREA_STYLE_COLOUR('',#8458);
#8205=FILL_AREA_STYLE_COLOUR('',#8458);
#8206=FILL_AREA_STYLE_COLOUR('',#8458);
#8207=FILL_AREA_STYLE_COLOUR('',#8458);
#8208=FILL_AREA_STYLE_COLOUR('',#8458);
#8209=FILL_AREA_STYLE_COLOUR('',#8458);
#8210=FILL_AREA_STYLE_COLOUR('',#8458);
#8211=FILL_AREA_STYLE_COLOUR('',#8458);
#8212=FILL_AREA_STYLE_COLOUR('',#8458);
#8213=FILL_AREA_STYLE_COLOUR('',#8458);
#8214=FILL_AREA_STYLE_COLOUR('',#8458);
#8215=FILL_AREA_STYLE_COLOUR('',#8458);
#8216=FILL_AREA_STYLE_COLOUR('',#8458);
#8217=FILL_AREA_STYLE_COLOUR('',#8458);
#8218=FILL_AREA_STYLE_COLOUR('',#8458);
#8219=FILL_AREA_STYLE_COLOUR('',#8458);
#8220=FILL_AREA_STYLE_COLOUR('',#8458);
#8221=FILL_AREA_STYLE_COLOUR('',#8458);
#8222=FILL_AREA_STYLE_COLOUR('',#8458);
#8223=FILL_AREA_STYLE_COLOUR('',#8458);
#8224=FILL_AREA_STYLE_COLOUR('',#8458);
#8225=FILL_AREA_STYLE_COLOUR('',#8458);
#8226=FILL_AREA_STYLE_COLOUR('',#8458);
#8227=FILL_AREA_STYLE_COLOUR('',#8458);
#8228=FILL_AREA_STYLE_COLOUR('',#8458);
#8229=FILL_AREA_STYLE_COLOUR('',#8458);
#8230=FILL_AREA_STYLE_COLOUR('',#8458);
#8231=FILL_AREA_STYLE_COLOUR('',#8458);
#8232=FILL_AREA_STYLE_COLOUR('',#8458);
#8233=FILL_AREA_STYLE_COLOUR('',#8458);
#8234=FILL_AREA_STYLE_COLOUR('',#8458);
#8235=FILL_AREA_STYLE_COLOUR('',#8458);
#8236=FILL_AREA_STYLE_COLOUR('',#8458);
#8237=FILL_AREA_STYLE_COLOUR('',#8458);
#8238=FILL_AREA_STYLE_COLOUR('',#8458);
#8239=FILL_AREA_STYLE_COLOUR('',#8458);
#8240=FILL_AREA_STYLE_COLOUR('',#8458);
#8241=FILL_AREA_STYLE_COLOUR('',#8458);
#8242=FILL_AREA_STYLE_COLOUR('',#8458);
#8243=FILL_AREA_STYLE_COLOUR('',#8458);
#8244=FILL_AREA_STYLE_COLOUR('',#8458);
#8245=FILL_AREA_STYLE_COLOUR('',#8458);
#8246=FILL_AREA_STYLE_COLOUR('',#8458);
#8247=FILL_AREA_STYLE_COLOUR('',#8458);
#8248=FILL_AREA_STYLE_COLOUR('',#8458);
#8249=FILL_AREA_STYLE_COLOUR('',#8458);
#8250=FILL_AREA_STYLE_COLOUR('',#8458);
#8251=FILL_AREA_STYLE_COLOUR('',#8458);
#8252=FILL_AREA_STYLE_COLOUR('',#8458);
#8253=FILL_AREA_STYLE_COLOUR('',#8458);
#8254=FILL_AREA_STYLE_COLOUR('',#8458);
#8255=FILL_AREA_STYLE_COLOUR('',#8458);
#8256=FILL_AREA_STYLE_COLOUR('',#8458);
#8257=FILL_AREA_STYLE_COLOUR('',#8458);
#8258=FILL_AREA_STYLE_COLOUR('',#8458);
#8259=FILL_AREA_STYLE_COLOUR('',#8458);
#8260=FILL_AREA_STYLE_COLOUR('',#8458);
#8261=FILL_AREA_STYLE_COLOUR('',#8458);
#8262=FILL_AREA_STYLE_COLOUR('',#8458);
#8263=FILL_AREA_STYLE_COLOUR('',#8458);
#8264=FILL_AREA_STYLE_COLOUR('',#8458);
#8265=FILL_AREA_STYLE_COLOUR('',#8458);
#8266=FILL_AREA_STYLE_COLOUR('',#8458);
#8267=FILL_AREA_STYLE_COLOUR('',#8458);
#8268=FILL_AREA_STYLE_COLOUR('',#8458);
#8269=FILL_AREA_STYLE_COLOUR('',#8458);
#8270=FILL_AREA_STYLE_COLOUR('',#8458);
#8271=FILL_AREA_STYLE_COLOUR('',#8458);
#8272=FILL_AREA_STYLE_COLOUR('',#8458);
#8273=FILL_AREA_STYLE_COLOUR('',#8458);
#8274=FILL_AREA_STYLE_COLOUR('',#8458);
#8275=FILL_AREA_STYLE_COLOUR('',#8458);
#8276=FILL_AREA_STYLE_COLOUR('',#8458);
#8277=FILL_AREA_STYLE_COLOUR('',#8458);
#8278=FILL_AREA_STYLE_COLOUR('',#8458);
#8279=FILL_AREA_STYLE_COLOUR('',#8458);
#8280=FILL_AREA_STYLE_COLOUR('',#8458);
#8281=FILL_AREA_STYLE_COLOUR('',#8458);
#8282=FILL_AREA_STYLE_COLOUR('',#8458);
#8283=FILL_AREA_STYLE_COLOUR('',#8458);
#8284=FILL_AREA_STYLE_COLOUR('',#8458);
#8285=FILL_AREA_STYLE_COLOUR('',#8458);
#8286=FILL_AREA_STYLE_COLOUR('',#8458);
#8287=FILL_AREA_STYLE_COLOUR('',#8458);
#8288=FILL_AREA_STYLE_COLOUR('',#8458);
#8289=FILL_AREA_STYLE_COLOUR('',#8458);
#8290=FILL_AREA_STYLE_COLOUR('',#8458);
#8291=FILL_AREA_STYLE_COLOUR('',#8458);
#8292=FILL_AREA_STYLE_COLOUR('',#8458);
#8293=FILL_AREA_STYLE_COLOUR('',#8458);
#8294=FILL_AREA_STYLE_COLOUR('',#8458);
#8295=FILL_AREA_STYLE_COLOUR('',#8458);
#8296=FILL_AREA_STYLE_COLOUR('',#8458);
#8297=FILL_AREA_STYLE_COLOUR('',#8458);
#8298=FILL_AREA_STYLE_COLOUR('',#8458);
#8299=FILL_AREA_STYLE_COLOUR('',#8458);
#8300=FILL_AREA_STYLE_COLOUR('',#8458);
#8301=FILL_AREA_STYLE_COLOUR('',#8458);
#8302=FILL_AREA_STYLE_COLOUR('',#8458);
#8303=FILL_AREA_STYLE_COLOUR('',#8458);
#8304=FILL_AREA_STYLE_COLOUR('',#8458);
#8305=FILL_AREA_STYLE_COLOUR('',#8459);
#8306=FILL_AREA_STYLE_COLOUR('',#8459);
#8307=FILL_AREA_STYLE_COLOUR('',#8459);
#8308=FILL_AREA_STYLE_COLOUR('',#8459);
#8309=FILL_AREA_STYLE_COLOUR('',#8459);
#8310=FILL_AREA_STYLE_COLOUR('',#8459);
#8311=FILL_AREA_STYLE_COLOUR('',#8459);
#8312=FILL_AREA_STYLE_COLOUR('',#8459);
#8313=FILL_AREA_STYLE_COLOUR('',#8459);
#8314=FILL_AREA_STYLE_COLOUR('',#8459);
#8315=FILL_AREA_STYLE_COLOUR('',#8458);
#8316=FILL_AREA_STYLE_COLOUR('',#8458);
#8317=FILL_AREA_STYLE_COLOUR('',#8458);
#8318=FILL_AREA_STYLE_COLOUR('',#8458);
#8319=FILL_AREA_STYLE_COLOUR('',#8458);
#8320=FILL_AREA_STYLE_COLOUR('',#8458);
#8321=FILL_AREA_STYLE_COLOUR('',#8458);
#8322=FILL_AREA_STYLE_COLOUR('',#8458);
#8323=FILL_AREA_STYLE_COLOUR('',#8458);
#8324=FILL_AREA_STYLE_COLOUR('',#8458);
#8325=FILL_AREA_STYLE_COLOUR('',#8458);
#8326=FILL_AREA_STYLE_COLOUR('',#8458);
#8327=FILL_AREA_STYLE_COLOUR('',#8458);
#8328=FILL_AREA_STYLE_COLOUR('',#8458);
#8329=FILL_AREA_STYLE_COLOUR('',#8458);
#8330=FILL_AREA_STYLE_COLOUR('',#8458);
#8331=FILL_AREA_STYLE_COLOUR('',#8458);
#8332=FILL_AREA_STYLE_COLOUR('',#8458);
#8333=FILL_AREA_STYLE_COLOUR('',#8458);
#8334=FILL_AREA_STYLE_COLOUR('',#8458);
#8335=FILL_AREA_STYLE_COLOUR('',#8458);
#8336=FILL_AREA_STYLE_COLOUR('',#8458);
#8337=FILL_AREA_STYLE_COLOUR('',#8458);
#8338=FILL_AREA_STYLE_COLOUR('',#8458);
#8339=FILL_AREA_STYLE_COLOUR('',#8458);
#8340=FILL_AREA_STYLE_COLOUR('',#8458);
#8341=FILL_AREA_STYLE_COLOUR('',#8458);
#8342=FILL_AREA_STYLE_COLOUR('',#8458);
#8343=FILL_AREA_STYLE_COLOUR('',#8458);
#8344=FILL_AREA_STYLE_COLOUR('',#8458);
#8345=FILL_AREA_STYLE_COLOUR('',#8458);
#8346=FILL_AREA_STYLE_COLOUR('',#8458);
#8347=FILL_AREA_STYLE_COLOUR('',#8458);
#8348=FILL_AREA_STYLE_COLOUR('',#8458);
#8349=FILL_AREA_STYLE_COLOUR('',#8458);
#8350=FILL_AREA_STYLE_COLOUR('',#8458);
#8351=FILL_AREA_STYLE_COLOUR('',#8458);
#8352=FILL_AREA_STYLE_COLOUR('',#8458);
#8353=FILL_AREA_STYLE_COLOUR('',#8458);
#8354=FILL_AREA_STYLE_COLOUR('',#8458);
#8355=FILL_AREA_STYLE_COLOUR('',#8458);
#8356=FILL_AREA_STYLE_COLOUR('',#8458);
#8357=FILL_AREA_STYLE_COLOUR('',#8458);
#8358=FILL_AREA_STYLE_COLOUR('',#8458);
#8359=FILL_AREA_STYLE_COLOUR('',#8458);
#8360=FILL_AREA_STYLE_COLOUR('',#8458);
#8361=FILL_AREA_STYLE_COLOUR('',#8458);
#8362=FILL_AREA_STYLE_COLOUR('',#8458);
#8363=FILL_AREA_STYLE_COLOUR('',#8458);
#8364=FILL_AREA_STYLE_COLOUR('',#8458);
#8365=FILL_AREA_STYLE_COLOUR('',#8458);
#8366=FILL_AREA_STYLE_COLOUR('',#8458);
#8367=FILL_AREA_STYLE_COLOUR('',#8458);
#8368=FILL_AREA_STYLE_COLOUR('',#8458);
#8369=FILL_AREA_STYLE_COLOUR('',#8458);
#8370=FILL_AREA_STYLE_COLOUR('',#8458);
#8371=FILL_AREA_STYLE_COLOUR('',#8458);
#8372=FILL_AREA_STYLE_COLOUR('',#8458);
#8373=FILL_AREA_STYLE_COLOUR('',#8458);
#8374=FILL_AREA_STYLE_COLOUR('',#8458);
#8375=FILL_AREA_STYLE_COLOUR('',#8458);
#8376=FILL_AREA_STYLE_COLOUR('',#8458);
#8377=FILL_AREA_STYLE_COLOUR('',#8458);
#8378=FILL_AREA_STYLE_COLOUR('',#8458);
#8379=FILL_AREA_STYLE_COLOUR('',#8458);
#8380=FILL_AREA_STYLE_COLOUR('',#8458);
#8381=FILL_AREA_STYLE_COLOUR('',#8458);
#8382=FILL_AREA_STYLE_COLOUR('',#8458);
#8383=FILL_AREA_STYLE_COLOUR('',#8458);
#8384=FILL_AREA_STYLE_COLOUR('',#8458);
#8385=FILL_AREA_STYLE_COLOUR('',#8458);
#8386=FILL_AREA_STYLE_COLOUR('',#8458);
#8387=FILL_AREA_STYLE_COLOUR('',#8458);
#8388=FILL_AREA_STYLE_COLOUR('',#8458);
#8389=FILL_AREA_STYLE_COLOUR('',#8458);
#8390=FILL_AREA_STYLE_COLOUR('',#8458);
#8391=FILL_AREA_STYLE_COLOUR('',#8458);
#8392=FILL_AREA_STYLE_COLOUR('',#8457);
#8393=FILL_AREA_STYLE_COLOUR('',#8457);
#8394=FILL_AREA_STYLE_COLOUR('',#8457);
#8395=FILL_AREA_STYLE_COLOUR('',#8457);
#8396=FILL_AREA_STYLE_COLOUR('',#8457);
#8397=FILL_AREA_STYLE_COLOUR('',#8457);
#8398=FILL_AREA_STYLE_COLOUR('',#8457);
#8399=FILL_AREA_STYLE_COLOUR('',#8457);
#8400=FILL_AREA_STYLE_COLOUR('',#8457);
#8401=FILL_AREA_STYLE_COLOUR('',#8457);
#8402=FILL_AREA_STYLE_COLOUR('',#8457);
#8403=FILL_AREA_STYLE_COLOUR('',#8457);
#8404=FILL_AREA_STYLE_COLOUR('',#8457);
#8405=FILL_AREA_STYLE_COLOUR('',#8457);
#8406=FILL_AREA_STYLE_COLOUR('',#8457);
#8407=FILL_AREA_STYLE_COLOUR('',#8457);
#8408=FILL_AREA_STYLE_COLOUR('',#8457);
#8409=FILL_AREA_STYLE_COLOUR('',#8457);
#8410=FILL_AREA_STYLE_COLOUR('',#8457);
#8411=FILL_AREA_STYLE_COLOUR('',#8457);
#8412=FILL_AREA_STYLE_COLOUR('',#8457);
#8413=FILL_AREA_STYLE_COLOUR('',#8457);
#8414=FILL_AREA_STYLE_COLOUR('',#8457);
#8415=FILL_AREA_STYLE_COLOUR('',#8457);
#8416=FILL_AREA_STYLE_COLOUR('',#8457);
#8417=FILL_AREA_STYLE_COLOUR('',#8457);
#8418=FILL_AREA_STYLE_COLOUR('',#8457);
#8419=FILL_AREA_STYLE_COLOUR('',#8457);
#8420=FILL_AREA_STYLE_COLOUR('',#8457);
#8421=FILL_AREA_STYLE_COLOUR('',#8457);
#8422=FILL_AREA_STYLE_COLOUR('',#8457);
#8423=FILL_AREA_STYLE_COLOUR('',#8457);
#8424=FILL_AREA_STYLE_COLOUR('',#8458);
#8425=FILL_AREA_STYLE_COLOUR('',#8458);
#8426=FILL_AREA_STYLE_COLOUR('',#8458);
#8427=FILL_AREA_STYLE_COLOUR('',#8458);
#8428=FILL_AREA_STYLE_COLOUR('',#8458);
#8429=FILL_AREA_STYLE_COLOUR('',#8458);
#8430=FILL_AREA_STYLE_COLOUR('',#8458);
#8431=FILL_AREA_STYLE_COLOUR('',#8458);
#8432=FILL_AREA_STYLE_COLOUR('',#8458);
#8433=FILL_AREA_STYLE_COLOUR('',#8458);
#8434=FILL_AREA_STYLE_COLOUR('',#8458);
#8435=FILL_AREA_STYLE_COLOUR('',#8458);
#8436=FILL_AREA_STYLE_COLOUR('',#8458);
#8437=FILL_AREA_STYLE_COLOUR('',#8458);
#8438=FILL_AREA_STYLE_COLOUR('',#8458);
#8439=FILL_AREA_STYLE_COLOUR('',#8458);
#8440=FILL_AREA_STYLE_COLOUR('',#8458);
#8441=FILL_AREA_STYLE_COLOUR('',#8458);
#8442=FILL_AREA_STYLE_COLOUR('',#8458);
#8443=FILL_AREA_STYLE_COLOUR('',#8458);
#8444=FILL_AREA_STYLE_COLOUR('',#8458);
#8445=FILL_AREA_STYLE_COLOUR('',#8458);
#8446=FILL_AREA_STYLE_COLOUR('',#8458);
#8447=FILL_AREA_STYLE_COLOUR('',#8458);
#8448=FILL_AREA_STYLE_COLOUR('',#8458);
#8449=FILL_AREA_STYLE_COLOUR('',#8458);
#8450=FILL_AREA_STYLE_COLOUR('',#8458);
#8451=FILL_AREA_STYLE_COLOUR('',#8458);
#8452=FILL_AREA_STYLE_COLOUR('',#8458);
#8453=FILL_AREA_STYLE_COLOUR('',#8458);
#8454=FILL_AREA_STYLE_COLOUR('',#8458);
#8455=FILL_AREA_STYLE_COLOUR('',#8458);
#8456=FILL_AREA_STYLE_COLOUR('',#8458);
#8457=COLOUR_RGB('',0.17000000178814,0.17000000178814,0.18000000715256);
#8458=COLOUR_RGB('',0.,0.509999990463257,0.699999988079071);
#8459=COLOUR_RGB('',0.94999998807907,0.93000000715256,0.88999998569489);
#8460=ADVANCED_FACE('',(#5578),#5941,.F.);
#8461=ADVANCED_FACE('',(#5579),#5942,.F.);
#8462=ADVANCED_FACE('',(#5580),#5943,.F.);
#8463=ADVANCED_FACE('',(#5581),#5944,.T.);
#8464=ADVANCED_FACE('',(#5582),#5945,.F.);
#8465=ADVANCED_FACE('',(#5583,#5584,#5585,#5586,#5587,#5588,#5589,#5590,
#5591,#5592,#5593,#5594,#5595),#5946,.T.);
#8466=ADVANCED_FACE('',(#5596),#5947,.T.);
#8467=ADVANCED_FACE('',(#5597),#5948,.F.);
#8468=ADVANCED_FACE('',(#5598),#5949,.F.);
#8469=ADVANCED_FACE('',(#5599),#5950,.F.);
#8470=ADVANCED_FACE('',(#5600),#5951,.F.);
#8471=ADVANCED_FACE('',(#5601),#5952,.F.);
#8472=ADVANCED_FACE('',(#5602),#22,.T.);
#8473=ADVANCED_FACE('',(#5603),#5953,.F.);
#8474=ADVANCED_FACE('',(#5604),#5954,.F.);
#8475=ADVANCED_FACE('',(#5605,#5606),#5955,.F.);
#8476=ADVANCED_FACE('',(#5607),#5956,.F.);
#8477=ADVANCED_FACE('',(#5608),#5957,.F.);
#8478=ADVANCED_FACE('',(#5609),#5958,.F.);
#8479=ADVANCED_FACE('',(#5610),#5959,.F.);
#8480=ADVANCED_FACE('',(#5611),#5960,.F.);
#8481=ADVANCED_FACE('',(#5612),#23,.F.);
#8482=ADVANCED_FACE('',(#5613),#5961,.F.);
#8483=ADVANCED_FACE('',(#5614),#5962,.F.);
#8484=ADVANCED_FACE('',(#5615),#5963,.F.);
#8485=ADVANCED_FACE('',(#5616),#5964,.F.);
#8486=ADVANCED_FACE('',(#5617),#24,.F.);
#8487=ADVANCED_FACE('',(#5618),#5965,.F.);
#8488=ADVANCED_FACE('',(#5619),#25,.F.);
#8489=ADVANCED_FACE('',(#5620),#5966,.F.);
#8490=ADVANCED_FACE('',(#5621),#5967,.F.);
#8491=ADVANCED_FACE('',(#5622),#5968,.F.);
#8492=ADVANCED_FACE('',(#5623),#5969,.F.);
#8493=ADVANCED_FACE('',(#5624,#5625,#5626,#5627,#5628,#5629),#5970,.F.);
#8494=ADVANCED_FACE('',(#5630),#5971,.F.);
#8495=ADVANCED_FACE('',(#5631),#26,.T.);
#8496=ADVANCED_FACE('',(#5632),#27,.T.);
#8497=ADVANCED_FACE('',(#5633),#5972,.F.);
#8498=ADVANCED_FACE('',(#5634),#28,.T.);
#8499=ADVANCED_FACE('',(#5635),#29,.T.);
#8500=ADVANCED_FACE('',(#5636),#30,.T.);
#8501=ADVANCED_FACE('',(#5637),#5973,.F.);
#8502=ADVANCED_FACE('',(#5638),#5974,.T.);
#8503=ADVANCED_FACE('',(#5639),#31,.T.);
#8504=ADVANCED_FACE('',(#5640),#5975,.F.);
#8505=ADVANCED_FACE('',(#5641),#5976,.F.);
#8506=ADVANCED_FACE('',(#5642),#32,.T.);
#8507=ADVANCED_FACE('',(#5643),#5977,.F.);
#8508=ADVANCED_FACE('',(#5644),#33,.F.);
#8509=ADVANCED_FACE('',(#5645),#34,.F.);
#8510=ADVANCED_FACE('',(#5646),#5978,.F.);
#8511=ADVANCED_FACE('',(#5647),#5979,.F.);
#8512=ADVANCED_FACE('',(#5648),#5980,.F.);
#8513=ADVANCED_FACE('',(#5649),#5981,.F.);
#8514=ADVANCED_FACE('',(#5650),#5982,.F.);
#8515=ADVANCED_FACE('',(#5651),#5983,.F.);
#8516=ADVANCED_FACE('',(#5652),#5984,.F.);
#8517=ADVANCED_FACE('',(#5653),#5985,.F.);
#8518=ADVANCED_FACE('',(#5654),#35,.T.);
#8519=ADVANCED_FACE('',(#5655),#5986,.F.);
#8520=ADVANCED_FACE('',(#5656),#36,.T.);
#8521=ADVANCED_FACE('',(#5657),#5987,.F.);
#8522=ADVANCED_FACE('',(#5658),#5988,.F.);
#8523=ADVANCED_FACE('',(#5659),#37,.T.);
#8524=ADVANCED_FACE('',(#5660),#5989,.F.);
#8525=ADVANCED_FACE('',(#5661),#38,.T.);
#8526=ADVANCED_FACE('',(#5662),#5990,.F.);
#8527=ADVANCED_FACE('',(#5663),#5991,.F.);
#8528=ADVANCED_FACE('',(#5664),#39,.T.);
#8529=ADVANCED_FACE('',(#5665),#5992,.F.);
#8530=ADVANCED_FACE('',(#5666),#40,.T.);
#8531=ADVANCED_FACE('',(#5667),#41,.F.);
#8532=ADVANCED_FACE('',(#5668),#5993,.F.);
#8533=ADVANCED_FACE('',(#5669),#5994,.F.);
#8534=ADVANCED_FACE('',(#5670),#42,.F.);
#8535=ADVANCED_FACE('',(#5671),#5995,.F.);
#8536=ADVANCED_FACE('',(#5672),#43,.F.);
#8537=ADVANCED_FACE('',(#5673),#44,.T.);
#8538=ADVANCED_FACE('',(#5674),#45,.F.);
#8539=ADVANCED_FACE('',(#5675),#5996,.F.);
#8540=ADVANCED_FACE('',(#5676),#46,.F.);
#8541=ADVANCED_FACE('',(#5677),#47,.T.);
#8542=ADVANCED_FACE('',(#5678),#48,.F.);
#8543=ADVANCED_FACE('',(#5679),#5997,.F.);
#8544=ADVANCED_FACE('',(#5680),#49,.F.);
#8545=ADVANCED_FACE('',(#5681),#50,.T.);
#8546=ADVANCED_FACE('',(#5682),#51,.F.);
#8547=ADVANCED_FACE('',(#5683),#5998,.F.);
#8548=ADVANCED_FACE('',(#5684),#52,.F.);
#8549=ADVANCED_FACE('',(#5685),#53,.T.);
#8550=ADVANCED_FACE('',(#5686),#54,.F.);
#8551=ADVANCED_FACE('',(#5687),#5999,.F.);
#8552=ADVANCED_FACE('',(#5688),#55,.F.);
#8553=ADVANCED_FACE('',(#5689),#56,.T.);
#8554=ADVANCED_FACE('',(#5690),#57,.F.);
#8555=ADVANCED_FACE('',(#5691),#6000,.F.);
#8556=ADVANCED_FACE('',(#5692),#6001,.F.);
#8557=ADVANCED_FACE('',(#5693),#6002,.F.);
#8558=ADVANCED_FACE('',(#5694),#6003,.F.);
#8559=ADVANCED_FACE('',(#5695),#58,.F.);
#8560=ADVANCED_FACE('',(#5696),#6004,.F.);
#8561=ADVANCED_FACE('',(#5697),#6005,.F.);
#8562=ADVANCED_FACE('',(#5698),#59,.T.);
#8563=ADVANCED_FACE('',(#5699),#6006,.F.);
#8564=ADVANCED_FACE('',(#5700),#60,.T.);
#8565=ADVANCED_FACE('',(#5701),#6007,.F.);
#8566=ADVANCED_FACE('',(#5702),#6008,.F.);
#8567=ADVANCED_FACE('',(#5703),#61,.T.);
#8568=ADVANCED_FACE('',(#5704),#6009,.F.);
#8569=ADVANCED_FACE('',(#5705),#62,.T.);
#8570=ADVANCED_FACE('',(#5706),#6010,.F.);
#8571=ADVANCED_FACE('',(#5707),#63,.T.);
#8572=ADVANCED_FACE('',(#5708),#6011,.F.);
#8573=ADVANCED_FACE('',(#5709),#64,.F.);
#8574=ADVANCED_FACE('',(#5710),#6012,.F.);
#8575=ADVANCED_FACE('',(#5711),#65,.F.);
#8576=ADVANCED_FACE('',(#5712),#6013,.F.);
#8577=ADVANCED_FACE('',(#5713),#66,.T.);
#8578=ADVANCED_FACE('',(#5714),#67,.T.);
#8579=ADVANCED_FACE('',(#5715),#68,.T.);
#8580=ADVANCED_FACE('',(#5716),#69,.F.);
#8581=ADVANCED_FACE('',(#5717),#6014,.F.);
#8582=ADVANCED_FACE('',(#5718),#70,.F.);
#8583=ADVANCED_FACE('',(#5719),#6015,.F.);
#8584=ADVANCED_FACE('',(#5720),#71,.T.);
#8585=ADVANCED_FACE('',(#5721),#6016,.F.);
#8586=ADVANCED_FACE('',(#5722),#72,.T.);
#8587=ADVANCED_FACE('',(#5723),#6017,.F.);
#8588=ADVANCED_FACE('',(#5724),#73,.T.);
#8589=ADVANCED_FACE('',(#5725),#6018,.F.);
#8590=ADVANCED_FACE('',(#5726),#6019,.F.);
#8591=ADVANCED_FACE('',(#5727),#6020,.F.);
#8592=ADVANCED_FACE('',(#5728),#6021,.F.);
#8593=ADVANCED_FACE('',(#5729),#6022,.F.);
#8594=ADVANCED_FACE('',(#5730),#6023,.F.);
#8595=ADVANCED_FACE('',(#5731),#74,.T.);
#8596=ADVANCED_FACE('',(#5732),#6024,.F.);
#8597=ADVANCED_FACE('',(#5733),#6025,.F.);
#8598=ADVANCED_FACE('',(#5734),#75,.T.);
#8599=ADVANCED_FACE('',(#5735),#6026,.F.);
#8600=ADVANCED_FACE('',(#5736),#6027,.F.);
#8601=ADVANCED_FACE('',(#5737),#6028,.F.);
#8602=ADVANCED_FACE('',(#5738),#6029,.F.);
#8603=ADVANCED_FACE('',(#5739),#6030,.F.);
#8604=ADVANCED_FACE('',(#5740),#6031,.F.);
#8605=ADVANCED_FACE('',(#5741),#76,.T.);
#8606=ADVANCED_FACE('',(#5742),#77,.T.);
#8607=ADVANCED_FACE('',(#5743),#78,.T.);
#8608=ADVANCED_FACE('',(#5744),#6032,.F.);
#8609=ADVANCED_FACE('',(#5745),#6033,.T.);
#8610=ADVANCED_FACE('',(#5746),#6034,.T.);
#8611=ADVANCED_FACE('',(#5747),#79,.F.);
#8612=ADVANCED_FACE('',(#5748),#80,.T.);
#8613=ADVANCED_FACE('',(#5749),#81,.F.);
#8614=ADVANCED_FACE('',(#5750),#6035,.T.);
#8615=ADVANCED_FACE('',(#5751),#82,.T.);
#8616=ADVANCED_FACE('',(#5752),#6036,.T.);
#8617=ADVANCED_FACE('',(#5753),#83,.T.);
#8618=ADVANCED_FACE('',(#5754),#6037,.T.);
#8619=ADVANCED_FACE('',(#5755),#84,.F.);
#8620=ADVANCED_FACE('',(#5756),#85,.T.);
#8621=ADVANCED_FACE('',(#5757),#86,.T.);
#8622=ADVANCED_FACE('',(#5758),#87,.F.);
#8623=ADVANCED_FACE('',(#5759),#6038,.T.);
#8624=ADVANCED_FACE('',(#5760),#88,.T.);
#8625=ADVANCED_FACE('',(#5761),#6039,.T.);
#8626=ADVANCED_FACE('',(#5762),#89,.F.);
#8627=ADVANCED_FACE('',(#5763),#90,.T.);
#8628=ADVANCED_FACE('',(#5764),#91,.F.);
#8629=ADVANCED_FACE('',(#5765),#6040,.T.);
#8630=ADVANCED_FACE('',(#5766),#6041,.T.);
#8631=ADVANCED_FACE('',(#5767),#92,.F.);
#8632=ADVANCED_FACE('',(#5768),#93,.T.);
#8633=ADVANCED_FACE('',(#5769),#6042,.T.);
#8634=ADVANCED_FACE('',(#5770),#94,.F.);
#8635=ADVANCED_FACE('',(#5771),#95,.T.);
#8636=ADVANCED_FACE('',(#5772,#5773,#5774,#5775,#5776,#5777),#6043,.T.);
#8637=ADVANCED_FACE('',(#5778,#5779),#96,.T.);
#8638=ADVANCED_FACE('',(#5780),#6044,.T.);
#8639=ADVANCED_FACE('',(#5781,#5782),#97,.T.);
#8640=ADVANCED_FACE('',(#5783),#6045,.T.);
#8641=ADVANCED_FACE('',(#5784,#5785),#98,.T.);
#8642=ADVANCED_FACE('',(#5786),#6046,.T.);
#8643=ADVANCED_FACE('',(#5787,#5788),#99,.T.);
#8644=ADVANCED_FACE('',(#5789),#6047,.T.);
#8645=ADVANCED_FACE('',(#5790,#5791),#100,.T.);
#8646=ADVANCED_FACE('',(#5792),#6048,.T.);
#8647=ADVANCED_FACE('',(#5793),#101,.T.);
#8648=ADVANCED_FACE('',(#5794),#6049,.F.);
#8649=ADVANCED_FACE('',(#5795),#102,.T.);
#8650=ADVANCED_FACE('',(#5796),#6050,.F.);
#8651=ADVANCED_FACE('',(#5797),#103,.T.);
#8652=ADVANCED_FACE('',(#5798),#6051,.F.);
#8653=ADVANCED_FACE('',(#5799),#6052,.F.);
#8654=ADVANCED_FACE('',(#5800),#104,.T.);
#8655=ADVANCED_FACE('',(#5801),#6053,.F.);
#8656=ADVANCED_FACE('',(#5802),#105,.T.);
#8657=ADVANCED_FACE('',(#5803),#6054,.F.);
#8658=ADVANCED_FACE('',(#5804),#6055,.F.);
#8659=ADVANCED_FACE('',(#5805),#106,.T.);
#8660=ADVANCED_FACE('',(#5806),#6056,.F.);
#8661=ADVANCED_FACE('',(#5807,#5808),#6057,.T.);
#8662=ADVANCED_FACE('',(#5809),#6058,.F.);
#8663=ADVANCED_FACE('',(#5810),#6059,.F.);
#8664=ADVANCED_FACE('',(#5811),#6060,.F.);
#8665=ADVANCED_FACE('',(#5812),#107,.T.);
#8666=ADVANCED_FACE('',(#5813),#6061,.F.);
#8667=ADVANCED_FACE('',(#5814),#108,.T.);
#8668=ADVANCED_FACE('',(#5815),#6062,.F.);
#8669=ADVANCED_FACE('',(#5816),#6063,.F.);
#8670=ADVANCED_FACE('',(#5817),#6064,.F.);
#8671=ADVANCED_FACE('',(#5818),#109,.T.);
#8672=ADVANCED_FACE('',(#5819),#6065,.F.);
#8673=ADVANCED_FACE('',(#5820),#110,.T.);
#8674=ADVANCED_FACE('',(#5821,#5822),#6066,.T.);
#8675=ADVANCED_FACE('',(#5823),#111,.T.);
#8676=ADVANCED_FACE('',(#5824),#6067,.F.);
#8677=ADVANCED_FACE('',(#5825),#112,.T.);
#8678=ADVANCED_FACE('',(#5826),#6068,.F.);
#8679=ADVANCED_FACE('',(#5827),#6069,.F.);
#8680=ADVANCED_FACE('',(#5828),#113,.T.);
#8681=ADVANCED_FACE('',(#5829),#6070,.F.);
#8682=ADVANCED_FACE('',(#5830),#114,.T.);
#8683=ADVANCED_FACE('',(#5831),#6071,.F.);
#8684=ADVANCED_FACE('',(#5832),#115,.T.);
#8685=ADVANCED_FACE('',(#5833),#6072,.F.);
#8686=ADVANCED_FACE('',(#5834,#5835),#6073,.T.);
#8687=ADVANCED_FACE('',(#5836),#6074,.F.);
#8688=ADVANCED_FACE('',(#5837),#116,.T.);
#8689=ADVANCED_FACE('',(#5838),#6075,.F.);
#8690=ADVANCED_FACE('',(#5839),#6076,.F.);
#8691=ADVANCED_FACE('',(#5840),#117,.T.);
#8692=ADVANCED_FACE('',(#5841),#6077,.F.);
#8693=ADVANCED_FACE('',(#5842),#118,.T.);
#8694=ADVANCED_FACE('',(#5843),#6078,.F.);
#8695=ADVANCED_FACE('',(#5844),#6079,.F.);
#8696=ADVANCED_FACE('',(#5845),#119,.T.);
#8697=ADVANCED_FACE('',(#5846),#6080,.F.);
#8698=ADVANCED_FACE('',(#5847),#120,.T.);
#8699=ADVANCED_FACE('',(#5848),#6081,.F.);
#8700=ADVANCED_FACE('',(#5849),#6082,.F.);
#8701=ADVANCED_FACE('',(#5850),#121,.T.);
#8702=ADVANCED_FACE('',(#5851),#6083,.F.);
#8703=ADVANCED_FACE('',(#5852),#122,.T.);
#8704=ADVANCED_FACE('',(#5853),#6084,.F.);
#8705=ADVANCED_FACE('',(#5854),#6085,.F.);
#8706=ADVANCED_FACE('',(#5855),#123,.T.);
#8707=ADVANCED_FACE('',(#5856,#5857),#6086,.T.);
#8708=ADVANCED_FACE('',(#5858),#124,.T.);
#8709=ADVANCED_FACE('',(#5859),#6087,.F.);
#8710=ADVANCED_FACE('',(#5860),#125,.T.);
#8711=ADVANCED_FACE('',(#5861),#6088,.F.);
#8712=ADVANCED_FACE('',(#5862),#6089,.F.);
#8713=ADVANCED_FACE('',(#5863),#126,.T.);
#8714=ADVANCED_FACE('',(#5864),#6090,.F.);
#8715=ADVANCED_FACE('',(#5865),#127,.T.);
#8716=ADVANCED_FACE('',(#5866),#6091,.F.);
#8717=ADVANCED_FACE('',(#5867),#128,.T.);
#8718=ADVANCED_FACE('',(#5868),#6092,.F.);
#8719=ADVANCED_FACE('',(#5869),#129,.T.);
#8720=ADVANCED_FACE('',(#5870),#6093,.F.);
#8721=ADVANCED_FACE('',(#5871),#6094,.F.);
#8722=ADVANCED_FACE('',(#5872,#5873),#6095,.T.);
#8723=ADVANCED_FACE('',(#5874),#6096,.F.);
#8724=ADVANCED_FACE('',(#5875),#6097,.F.);
#8725=ADVANCED_FACE('',(#5876),#130,.T.);
#8726=ADVANCED_FACE('',(#5877),#6098,.F.);
#8727=ADVANCED_FACE('',(#5878),#131,.T.);
#8728=ADVANCED_FACE('',(#5879),#132,.F.);
#8729=ADVANCED_FACE('',(#5880),#6099,.F.);
#8730=ADVANCED_FACE('',(#5881),#6100,.F.);
#8731=ADVANCED_FACE('',(#5882),#6101,.F.);
#8732=ADVANCED_FACE('',(#5883),#6102,.F.);
#8733=ADVANCED_FACE('',(#5884),#6103,.F.);
#8734=ADVANCED_FACE('',(#5885),#6104,.F.);
#8735=ADVANCED_FACE('',(#5886),#6105,.F.);
#8736=ADVANCED_FACE('',(#5887),#133,.F.);
#8737=ADVANCED_FACE('',(#5888),#6106,.F.);
#8738=ADVANCED_FACE('',(#5889),#134,.F.);
#8739=ADVANCED_FACE('',(#5890),#6107,.F.);
#8740=ADVANCED_FACE('',(#5891),#6108,.F.);
#8741=ADVANCED_FACE('',(#5892),#135,.T.);
#8742=ADVANCED_FACE('',(#5893),#6109,.F.);
#8743=ADVANCED_FACE('',(#5894),#6110,.F.);
#8744=ADVANCED_FACE('',(#5895),#136,.T.);
#8745=ADVANCED_FACE('',(#5896),#6111,.F.);
#8746=ADVANCED_FACE('',(#5897),#137,.T.);
#8747=ADVANCED_FACE('',(#5898),#6112,.F.);
#8748=ADVANCED_FACE('',(#5899),#6113,.F.);
#8749=ADVANCED_FACE('',(#5900),#6114,.F.);
#8750=ADVANCED_FACE('',(#5901),#6115,.F.);
#8751=ADVANCED_FACE('',(#5902),#6116,.F.);
#8752=ADVANCED_FACE('',(#5903),#6117,.T.);
#8753=ADVANCED_FACE('',(#5904),#6118,.T.);
#8754=ADVANCED_FACE('',(#5905),#6119,.F.);
#8755=ADVANCED_FACE('',(#5906),#6120,.F.);
#8756=ADVANCED_FACE('',(#5907),#6121,.F.);
#8757=ADVANCED_FACE('',(#5908),#6122,.F.);
#8758=ADVANCED_FACE('',(#5909),#6123,.F.);
#8759=ADVANCED_FACE('',(#5910),#6124,.F.);
#8760=ADVANCED_FACE('',(#5911),#6125,.T.);
#8761=ADVANCED_FACE('',(#5912),#6126,.F.);
#8762=ADVANCED_FACE('',(#5913),#6127,.F.);
#8763=ADVANCED_FACE('',(#5914),#6128,.F.);
#8764=ADVANCED_FACE('',(#5915),#6129,.F.);
#8765=ADVANCED_FACE('',(#5916),#6130,.T.);
#8766=ADVANCED_FACE('',(#5917),#6131,.F.);
#8767=ADVANCED_FACE('',(#5918),#6132,.F.);
#8768=ADVANCED_FACE('',(#5919),#6133,.F.);
#8769=ADVANCED_FACE('',(#5920),#6134,.F.);
#8770=ADVANCED_FACE('',(#5921),#6135,.T.);
#8771=ADVANCED_FACE('',(#5922),#6136,.F.);
#8772=ADVANCED_FACE('',(#5923),#6137,.F.);
#8773=ADVANCED_FACE('',(#5924),#6138,.F.);
#8774=ADVANCED_FACE('',(#5925),#6139,.F.);
#8775=ADVANCED_FACE('',(#5926),#6140,.T.);
#8776=ADVANCED_FACE('',(#5927),#6141,.F.);
#8777=ADVANCED_FACE('',(#5928),#6142,.F.);
#8778=ADVANCED_FACE('',(#5929),#6143,.F.);
#8779=ADVANCED_FACE('',(#5930),#6144,.F.);
#8780=ADVANCED_FACE('',(#5931),#6145,.T.);
#8781=ADVANCED_FACE('',(#5932),#6146,.T.);
#8782=ADVANCED_FACE('',(#5933),#6147,.F.);
#8783=ADVANCED_FACE('',(#5934),#6148,.F.);
#8784=ADVANCED_FACE('',(#5935),#6149,.F.);
#8785=ADVANCED_FACE('',(#5936),#6150,.F.);
#8786=ADVANCED_FACE('',(#5937,#5938),#6151,.F.);
#8787=ADVANCED_FACE('',(#5939),#6152,.T.);
#8788=ADVANCED_FACE('',(#5940),#6153,.F.);
#8789=CLOSED_SHELL('',(#8460,#8461,#8462,#8463,#8464,#8465,#8466,#8467,
#8468,#8469,#8470,#8471,#8472,#8473,#8474,#8475,#8476,#8477,#8478,#8479,
#8480,#8481,#8482,#8483,#8484,#8485,#8486,#8487,#8488,#8489,#8490,#8491,
#8492,#8493,#8494,#8495,#8496,#8497,#8498,#8499,#8500,#8501,#8502,#8503,
#8504,#8505,#8506,#8507,#8508,#8509,#8510,#8511,#8512,#8513,#8514,#8515,
#8516,#8517,#8518,#8519,#8520,#8521,#8522,#8523,#8524,#8525,#8526,#8527,
#8528,#8529,#8530,#8531,#8532,#8533,#8534,#8535,#8536,#8537,#8538,#8539,
#8540,#8541,#8542,#8543,#8544,#8545,#8546,#8547,#8548,#8549,#8550,#8551,
#8552,#8553,#8554,#8555,#8556,#8557,#8558,#8559,#8560,#8561,#8562,#8563,
#8564,#8565,#8566,#8567,#8568,#8569,#8570,#8571,#8572,#8573,#8574,#8575,
#8576,#8577,#8578,#8579,#8580,#8581,#8582,#8583,#8584,#8585,#8586,#8587,
#8588,#8589,#8590,#8591,#8592,#8593,#8594,#8595,#8596,#8597,#8598,#8599,
#8600,#8601,#8602,#8603,#8604,#8605,#8606,#8607,#8608,#8609,#8610,#8611,
#8612,#8613,#8614,#8615,#8616,#8617,#8618,#8619,#8620,#8621,#8622,#8623,
#8624,#8625,#8626,#8627,#8628,#8629,#8630,#8631,#8632,#8633,#8634,#8635,
#8636,#8637,#8638,#8639,#8640,#8641,#8642,#8643,#8644,#8645,#8646,#8647,
#8648,#8649,#8650,#8651,#8652,#8653,#8654,#8655,#8656,#8657,#8658,#8659,
#8660,#8661,#8662,#8663,#8664,#8665,#8666,#8667,#8668,#8669,#8670,#8671,
#8672,#8673,#8674,#8675,#8676,#8677,#8678,#8679,#8680,#8681,#8682,#8683,
#8684,#8685,#8686,#8687,#8688,#8689,#8690,#8691,#8692,#8693,#8694,#8695,
#8696,#8697,#8698,#8699,#8700,#8701,#8702,#8703,#8704,#8705,#8706,#8707,
#8708,#8709,#8710,#8711,#8712,#8713,#8714,#8715,#8716,#8717,#8718,#8719,
#8720,#8721,#8722,#8723,#8724,#8725,#8726,#8727,#8728,#8729,#8730,#8731,
#8732,#8733,#8734,#8735,#8736,#8737,#8738,#8739,#8740,#8741,#8742,#8743,
#8744,#8745,#8746,#8747,#8748,#8749,#8750,#8751,#8752,#8753,#8754,#8755,
#8756,#8757,#8758,#8759,#8760,#8761,#8762,#8763,#8764,#8765,#8766,#8767,
#8768,#8769,#8770,#8771,#8772,#8773,#8774,#8775,#8776,#8777,#8778,#8779,
#8780,#8781,#8782,#8783,#8784,#8785,#8786,#8787,#8788));
#8790=MANIFOLD_SOLID_BREP('772-272',#8789);
#8791=SHAPE_DEFINITION_REPRESENTATION(#13083,#8792);
#8792=SHAPE_REPRESENTATION('772-272',(#8793),#13078);
#8793=AXIS2_PLACEMENT_3D('',#11184,#9355,#9356);
#8794=AXIS2_PLACEMENT_3D('',#11185,#9357,#9358);
#8795=AXIS2_PLACEMENT_3D('',#11194,#9363,#9364);
#8796=AXIS2_PLACEMENT_3D('',#11211,#9373,#9374);
#8797=AXIS2_PLACEMENT_3D('',#11220,#9379,#9380);
#8798=AXIS2_PLACEMENT_3D('',#11237,#9389,#9390);
#8799=AXIS2_PLACEMENT_3D('',#11241,#9392,#9393);
#8800=AXIS2_PLACEMENT_3D('',#11247,#9396,#9397);
#8801=AXIS2_PLACEMENT_3D('',#11253,#9400,#9401);
#8802=AXIS2_PLACEMENT_3D('',#11257,#9403,#9404);
#8803=AXIS2_PLACEMENT_3D('',#11269,#9410,#9411);
#8804=AXIS2_PLACEMENT_3D('',#11273,#9413,#9414);
#8805=AXIS2_PLACEMENT_3D('',#11275,#9416,#9417);
#8806=AXIS2_PLACEMENT_3D('',#11276,#9418,#9419);
#8807=AXIS2_PLACEMENT_3D('',#11281,#9422,#9423);
#8808=AXIS2_PLACEMENT_3D('',#11305,#9436,#9437);
#8809=AXIS2_PLACEMENT_3D('',#11311,#9440,#9441);
#8810=AXIS2_PLACEMENT_3D('',#11315,#9443,#9444);
#8811=AXIS2_PLACEMENT_3D('',#11328,#9451,#9452);
#8812=AXIS2_PLACEMENT_3D('',#11337,#9457,#9458);
#8813=AXIS2_PLACEMENT_3D('',#11342,#9460,#9461);
#8814=AXIS2_PLACEMENT_3D('',#11348,#9464,#9465);
#8815=AXIS2_PLACEMENT_3D('',#11352,#9467,#9468);
#8816=AXIS2_PLACEMENT_3D('',#11358,#9471,#9472);
#8817=AXIS2_PLACEMENT_3D('',#11362,#9474,#9475);
#8818=AXIS2_PLACEMENT_3D('',#11368,#9478,#9479);
#8819=AXIS2_PLACEMENT_3D('',#11372,#9481,#9482);
#8820=AXIS2_PLACEMENT_3D('',#11382,#9487,#9488);
#8821=AXIS2_PLACEMENT_3D('',#11386,#9490,#9491);
#8822=AXIS2_PLACEMENT_3D('',#11394,#9495,#9496);
#8823=AXIS2_PLACEMENT_3D('',#11398,#9498,#9499);
#8824=AXIS2_PLACEMENT_3D('',#11408,#9504,#9505);
#8825=AXIS2_PLACEMENT_3D('',#11412,#9507,#9508);
#8826=AXIS2_PLACEMENT_3D('',#11414,#9509,#9510);
#8827=AXIS2_PLACEMENT_3D('',#11416,#9511,#9512);
#8828=AXIS2_PLACEMENT_3D('',#11420,#9514,#9515);
#8829=AXIS2_PLACEMENT_3D('',#11422,#9516,#9517);
#8830=AXIS2_PLACEMENT_3D('',#11424,#9518,#9519);
#8831=AXIS2_PLACEMENT_3D('',#11428,#9521,#9522);
#8832=AXIS2_PLACEMENT_3D('',#11430,#9523,#9524);
#8833=AXIS2_PLACEMENT_3D('',#11432,#9525,#9526);
#8834=AXIS2_PLACEMENT_3D('',#11436,#9528,#9529);
#8835=AXIS2_PLACEMENT_3D('',#11438,#9530,#9531);
#8836=AXIS2_PLACEMENT_3D('',#11440,#9532,#9533);
#8837=AXIS2_PLACEMENT_3D('',#11444,#9535,#9536);
#8838=AXIS2_PLACEMENT_3D('',#11446,#9537,#9538);
#8839=AXIS2_PLACEMENT_3D('',#11448,#9539,#9540);
#8840=AXIS2_PLACEMENT_3D('',#11460,#9546,#9547);
#8841=AXIS2_PLACEMENT_3D('',#11462,#9548,#9549);
#8842=AXIS2_PLACEMENT_3D('',#11464,#9550,#9551);
#8843=AXIS2_PLACEMENT_3D('',#11468,#9553,#9554);
#8844=AXIS2_PLACEMENT_3D('',#11472,#9556,#9557);
#8845=AXIS2_PLACEMENT_3D('',#11476,#9559,#9560);
#8846=AXIS2_PLACEMENT_3D('',#11484,#9564,#9565);
#8847=AXIS2_PLACEMENT_3D('',#11488,#9567,#9568);
#8848=AXIS2_PLACEMENT_3D('',#11492,#9570,#9571);
#8849=AXIS2_PLACEMENT_3D('',#11500,#9575,#9576);
#8850=AXIS2_PLACEMENT_3D('',#11506,#9579,#9580);
#8851=AXIS2_PLACEMENT_3D('',#11510,#9582,#9583);
#8852=AXIS2_PLACEMENT_3D('',#11516,#9586,#9587);
#8853=AXIS2_PLACEMENT_3D('',#11528,#9593,#9594);
#8854=AXIS2_PLACEMENT_3D('',#11532,#9596,#9597);
#8855=AXIS2_PLACEMENT_3D('',#11536,#9599,#9600);
#8856=AXIS2_PLACEMENT_3D('',#11544,#9604,#9605);
#8857=AXIS2_PLACEMENT_3D('',#11548,#9607,#9608);
#8858=AXIS2_PLACEMENT_3D('',#11556,#9612,#9613);
#8859=AXIS2_PLACEMENT_3D('',#11560,#9615,#9616);
#8860=AXIS2_PLACEMENT_3D('',#11564,#9618,#9619);
#8861=AXIS2_PLACEMENT_3D('',#11569,#9622,#9623);
#8862=AXIS2_PLACEMENT_3D('',#11576,#9626,#9627);
#8863=AXIS2_PLACEMENT_3D('',#11580,#9629,#9630);
#8864=AXIS2_PLACEMENT_3D('',#11584,#9632,#9633);
#8865=AXIS2_PLACEMENT_3D('',#11588,#9635,#9636);
#8866=AXIS2_PLACEMENT_3D('',#11594,#9639,#9640);
#8867=AXIS2_PLACEMENT_3D('',#11598,#9642,#9643);
#8868=AXIS2_PLACEMENT_3D('',#11602,#9645,#9646);
#8869=AXIS2_PLACEMENT_3D('',#11606,#9648,#9649);
#8870=AXIS2_PLACEMENT_3D('',#11610,#9651,#9652);
#8871=AXIS2_PLACEMENT_3D('',#11616,#9655,#9656);
#8872=AXIS2_PLACEMENT_3D('',#11620,#9658,#9659);
#8873=AXIS2_PLACEMENT_3D('',#11626,#9662,#9663);
#8874=AXIS2_PLACEMENT_3D('',#11630,#9665,#9666);
#8875=AXIS2_PLACEMENT_3D('',#11636,#9669,#9670);
#8876=AXIS2_PLACEMENT_3D('',#11640,#9672,#9673);
#8877=AXIS2_PLACEMENT_3D('',#11644,#9675,#9676);
#8878=AXIS2_PLACEMENT_3D('',#11648,#9678,#9679);
#8879=AXIS2_PLACEMENT_3D('',#11652,#9681,#9682);
#8880=AXIS2_PLACEMENT_3D('',#11656,#9684,#9685);
#8881=AXIS2_PLACEMENT_3D('',#11662,#9688,#9689);
#8882=AXIS2_PLACEMENT_3D('',#11666,#9691,#9692);
#8883=AXIS2_PLACEMENT_3D('',#11672,#9695,#9696);
#8884=AXIS2_PLACEMENT_3D('',#11676,#9698,#9699);
#8885=AXIS2_PLACEMENT_3D('',#11680,#9701,#9702);
#8886=AXIS2_PLACEMENT_3D('',#11684,#9704,#9705);
#8887=AXIS2_PLACEMENT_3D('',#11690,#9708,#9709);
#8888=AXIS2_PLACEMENT_3D('',#11699,#9714,#9715);
#8889=AXIS2_PLACEMENT_3D('',#11719,#9725,#9726);
#8890=AXIS2_PLACEMENT_3D('',#11723,#9728,#9729);
#8891=AXIS2_PLACEMENT_3D('',#11729,#9732,#9733);
#8892=AXIS2_PLACEMENT_3D('',#11756,#9747,#9748);
#8893=AXIS2_PLACEMENT_3D('',#11757,#9749,#9750);
#8894=AXIS2_PLACEMENT_3D('',#11760,#9753,#9754);
#8895=AXIS2_PLACEMENT_3D('',#11762,#9756,#9757);
#8896=AXIS2_PLACEMENT_3D('',#11764,#9759,#9760);
#8897=AXIS2_PLACEMENT_3D('',#11767,#9763,#9764);
#8898=AXIS2_PLACEMENT_3D('',#11769,#9766,#9767);
#8899=AXIS2_PLACEMENT_3D('',#11771,#9769,#9770);
#8900=AXIS2_PLACEMENT_3D('',#11773,#9772,#9773);
#8901=AXIS2_PLACEMENT_3D('',#11787,#9781,#9782);
#8902=AXIS2_PLACEMENT_3D('',#11796,#9788,#9789);
#8903=AXIS2_PLACEMENT_3D('',#11802,#9793,#9794);
#8904=AXIS2_PLACEMENT_3D('',#11805,#9797,#9798);
#8905=AXIS2_PLACEMENT_3D('',#11809,#9802,#9803);
#8906=AXIS2_PLACEMENT_3D('',#11813,#9806,#9807);
#8907=AXIS2_PLACEMENT_3D('',#11817,#9810,#9811);
#8908=AXIS2_PLACEMENT_3D('',#11818,#9812,#9813);
#8909=AXIS2_PLACEMENT_3D('',#11819,#9814,#9815);
#8910=AXIS2_PLACEMENT_3D('',#11823,#9818,#9819);
#8911=AXIS2_PLACEMENT_3D('',#11827,#9822,#9823);
#8912=AXIS2_PLACEMENT_3D('',#11831,#9826,#9827);
#8913=AXIS2_PLACEMENT_3D('',#11837,#9831,#9832);
#8914=AXIS2_PLACEMENT_3D('',#11840,#9834,#9835);
#8915=AXIS2_PLACEMENT_3D('',#11841,#9836,#9837);
#8916=AXIS2_PLACEMENT_3D('',#11845,#9840,#9841);
#8917=AXIS2_PLACEMENT_3D('',#11848,#9843,#9844);
#8918=AXIS2_PLACEMENT_3D('',#11849,#9845,#9846);
#8919=AXIS2_PLACEMENT_3D('',#11855,#9850,#9851);
#8920=AXIS2_PLACEMENT_3D('',#11859,#9854,#9855);
#8921=AXIS2_PLACEMENT_3D('',#11863,#9858,#9859);
#8922=AXIS2_PLACEMENT_3D('',#11872,#9864,#9865);
#8923=AXIS2_PLACEMENT_3D('',#11876,#9867,#9868);
#8924=AXIS2_PLACEMENT_3D('',#11880,#9870,#9871);
#8925=AXIS2_PLACEMENT_3D('',#11884,#9873,#9874);
#8926=AXIS2_PLACEMENT_3D('',#11888,#9876,#9877);
#8927=AXIS2_PLACEMENT_3D('',#11892,#9879,#9880);
#8928=AXIS2_PLACEMENT_3D('',#11895,#9882,#9883);
#8929=AXIS2_PLACEMENT_3D('',#11902,#9886,#9887);
#8930=AXIS2_PLACEMENT_3D('',#11906,#9889,#9890);
#8931=AXIS2_PLACEMENT_3D('',#11910,#9892,#9893);
#8932=AXIS2_PLACEMENT_3D('',#11914,#9895,#9896);
#8933=AXIS2_PLACEMENT_3D('',#11922,#9900,#9901);
#8934=AXIS2_PLACEMENT_3D('',#11926,#9903,#9904);
#8935=AXIS2_PLACEMENT_3D('',#11930,#9906,#9907);
#8936=AXIS2_PLACEMENT_3D('',#11931,#9908,#9909);
#8937=AXIS2_PLACEMENT_3D('',#11938,#9912,#9913);
#8938=AXIS2_PLACEMENT_3D('',#11942,#9915,#9916);
#8939=AXIS2_PLACEMENT_3D('',#11950,#9920,#9921);
#8940=AXIS2_PLACEMENT_3D('',#11952,#9922,#9923);
#8941=AXIS2_PLACEMENT_3D('',#11954,#9924,#9925);
#8942=AXIS2_PLACEMENT_3D('',#11966,#9931,#9932);
#8943=AXIS2_PLACEMENT_3D('',#11968,#9933,#9934);
#8944=AXIS2_PLACEMENT_3D('',#11970,#9935,#9936);
#8945=AXIS2_PLACEMENT_3D('',#11974,#9938,#9939);
#8946=AXIS2_PLACEMENT_3D('',#11976,#9940,#9941);
#8947=AXIS2_PLACEMENT_3D('',#11978,#9942,#9943);
#8948=AXIS2_PLACEMENT_3D('',#11982,#9945,#9946);
#8949=AXIS2_PLACEMENT_3D('',#11984,#9947,#9948);
#8950=AXIS2_PLACEMENT_3D('',#11986,#9949,#9950);
#8951=AXIS2_PLACEMENT_3D('',#11990,#9952,#9953);
#8952=AXIS2_PLACEMENT_3D('',#11992,#9954,#9955);
#8953=AXIS2_PLACEMENT_3D('',#11994,#9956,#9957);
#8954=AXIS2_PLACEMENT_3D('',#11998,#9959,#9960);
#8955=AXIS2_PLACEMENT_3D('',#12000,#9961,#9962);
#8956=AXIS2_PLACEMENT_3D('',#12002,#9963,#9964);
#8957=AXIS2_PLACEMENT_3D('',#12006,#9966,#9967);
#8958=AXIS2_PLACEMENT_3D('',#12020,#9974,#9975);
#8959=AXIS2_PLACEMENT_3D('',#12032,#9981,#9982);
#8960=AXIS2_PLACEMENT_3D('',#12036,#9984,#9985);
#8961=AXIS2_PLACEMENT_3D('',#12040,#9987,#9988);
#8962=AXIS2_PLACEMENT_3D('',#12048,#9992,#9993);
#8963=AXIS2_PLACEMENT_3D('',#12052,#9995,#9996);
#8964=AXIS2_PLACEMENT_3D('',#12060,#10000,#10001);
#8965=AXIS2_PLACEMENT_3D('',#12064,#10003,#10004);
#8966=AXIS2_PLACEMENT_3D('',#12068,#10006,#10007);
#8967=AXIS2_PLACEMENT_3D('',#12080,#10013,#10014);
#8968=AXIS2_PLACEMENT_3D('',#12085,#10017,#10018);
#8969=AXIS2_PLACEMENT_3D('',#12095,#10024,#10025);
#8970=AXIS2_PLACEMENT_3D('',#12096,#10026,#10027);
#8971=AXIS2_PLACEMENT_3D('',#12099,#10029,#10030);
#8972=AXIS2_PLACEMENT_3D('',#12100,#10031,#10032);
#8973=AXIS2_PLACEMENT_3D('',#12104,#10035,#10036);
#8974=AXIS2_PLACEMENT_3D('',#12113,#10041,#10042);
#8975=AXIS2_PLACEMENT_3D('',#12114,#10043,#10044);
#8976=AXIS2_PLACEMENT_3D('',#12118,#10046,#10047);
#8977=AXIS2_PLACEMENT_3D('',#12119,#10048,#10049);
#8978=AXIS2_PLACEMENT_3D('',#12120,#10050,#10051);
#8979=AXIS2_PLACEMENT_3D('',#12121,#10052,#10053);
#8980=AXIS2_PLACEMENT_3D('',#12122,#10054,#10055);
#8981=AXIS2_PLACEMENT_3D('',#12123,#10056,#10057);
#8982=AXIS2_PLACEMENT_3D('',#12124,#10058,#10059);
#8983=AXIS2_PLACEMENT_3D('',#12125,#10060,#10061);
#8984=AXIS2_PLACEMENT_3D('',#12126,#10062,#10063);
#8985=AXIS2_PLACEMENT_3D('',#12130,#10065,#10066);
#8986=AXIS2_PLACEMENT_3D('',#12132,#10067,#10068);
#8987=AXIS2_PLACEMENT_3D('',#12134,#10069,#10070);
#8988=AXIS2_PLACEMENT_3D('',#12138,#10072,#10073);
#8989=AXIS2_PLACEMENT_3D('',#12142,#10075,#10076);
#8990=AXIS2_PLACEMENT_3D('',#12146,#10078,#10079);
#8991=AXIS2_PLACEMENT_3D('',#12148,#10080,#10081);
#8992=AXIS2_PLACEMENT_3D('',#12151,#10083,#10084);
#8993=AXIS2_PLACEMENT_3D('',#12154,#10086,#10087);
#8994=AXIS2_PLACEMENT_3D('',#12155,#10088,#10089);
#8995=AXIS2_PLACEMENT_3D('',#12158,#10092,#10093);
#8996=AXIS2_PLACEMENT_3D('',#12161,#10096,#10097);
#8997=AXIS2_PLACEMENT_3D('',#12164,#10100,#10101);
#8998=AXIS2_PLACEMENT_3D('',#12167,#10104,#10105);
#8999=AXIS2_PLACEMENT_3D('',#12170,#10108,#10109);
#9000=AXIS2_PLACEMENT_3D('',#12173,#10112,#10113);
#9001=AXIS2_PLACEMENT_3D('',#12176,#10116,#10117);
#9002=AXIS2_PLACEMENT_3D('',#12179,#10120,#10121);
#9003=AXIS2_PLACEMENT_3D('',#12182,#10124,#10125);
#9004=AXIS2_PLACEMENT_3D('',#12185,#10128,#10129);
#9005=AXIS2_PLACEMENT_3D('',#12188,#10132,#10133);
#9006=AXIS2_PLACEMENT_3D('',#12191,#10136,#10137);
#9007=AXIS2_PLACEMENT_3D('',#12194,#10140,#10141);
#9008=AXIS2_PLACEMENT_3D('',#12197,#10144,#10145);
#9009=AXIS2_PLACEMENT_3D('',#12200,#10148,#10149);
#9010=AXIS2_PLACEMENT_3D('',#12203,#10152,#10153);
#9011=AXIS2_PLACEMENT_3D('',#12205,#10155,#10156);
#9012=AXIS2_PLACEMENT_3D('',#12207,#10158,#10159);
#9013=AXIS2_PLACEMENT_3D('',#12208,#10160,#10161);
#9014=AXIS2_PLACEMENT_3D('',#12210,#10163,#10164);
#9015=AXIS2_PLACEMENT_3D('',#12212,#10166,#10167);
#9016=AXIS2_PLACEMENT_3D('',#12214,#10169,#10170);
#9017=AXIS2_PLACEMENT_3D('',#12216,#10172,#10173);
#9018=AXIS2_PLACEMENT_3D('',#12217,#10174,#10175);
#9019=AXIS2_PLACEMENT_3D('',#12219,#10177,#10178);
#9020=AXIS2_PLACEMENT_3D('',#12221,#10180,#10181);
#9021=AXIS2_PLACEMENT_3D('',#12223,#10183,#10184);
#9022=AXIS2_PLACEMENT_3D('',#12225,#10186,#10187);
#9023=AXIS2_PLACEMENT_3D('',#12227,#10189,#10190);
#9024=AXIS2_PLACEMENT_3D('',#12228,#10191,#10192);
#9025=AXIS2_PLACEMENT_3D('',#12230,#10194,#10195);
#9026=AXIS2_PLACEMENT_3D('',#12232,#10197,#10198);
#9027=AXIS2_PLACEMENT_3D('',#12234,#10200,#10201);
#9028=AXIS2_PLACEMENT_3D('',#12236,#10203,#10204);
#9029=AXIS2_PLACEMENT_3D('',#12238,#10206,#10207);
#9030=AXIS2_PLACEMENT_3D('',#12240,#10209,#10210);
#9031=AXIS2_PLACEMENT_3D('',#12242,#10212,#10213);
#9032=AXIS2_PLACEMENT_3D('',#12244,#10215,#10216);
#9033=AXIS2_PLACEMENT_3D('',#12246,#10218,#10219);
#9034=AXIS2_PLACEMENT_3D('',#12248,#10221,#10222);
#9035=AXIS2_PLACEMENT_3D('',#12250,#10224,#10225);
#9036=AXIS2_PLACEMENT_3D('',#12252,#10227,#10228);
#9037=AXIS2_PLACEMENT_3D('',#12254,#10230,#10231);
#9038=AXIS2_PLACEMENT_3D('',#12256,#10233,#10234);
#9039=AXIS2_PLACEMENT_3D('',#12258,#10236,#10237);
#9040=AXIS2_PLACEMENT_3D('',#12260,#10239,#10240);
#9041=AXIS2_PLACEMENT_3D('',#12262,#10242,#10243);
#9042=AXIS2_PLACEMENT_3D('',#12264,#10245,#10246);
#9043=AXIS2_PLACEMENT_3D('',#12266,#10248,#10249);
#9044=AXIS2_PLACEMENT_3D('',#12268,#10251,#10252);
#9045=AXIS2_PLACEMENT_3D('',#12270,#10254,#10255);
#9046=AXIS2_PLACEMENT_3D('',#12272,#10257,#10258);
#9047=AXIS2_PLACEMENT_3D('',#12274,#10260,#10261);
#9048=AXIS2_PLACEMENT_3D('',#12276,#10263,#10264);
#9049=AXIS2_PLACEMENT_3D('',#12277,#10265,#10266);
#9050=AXIS2_PLACEMENT_3D('',#12279,#10268,#10269);
#9051=AXIS2_PLACEMENT_3D('',#12281,#10271,#10272);
#9052=AXIS2_PLACEMENT_3D('',#12283,#10274,#10275);
#9053=AXIS2_PLACEMENT_3D('',#12285,#10277,#10278);
#9054=AXIS2_PLACEMENT_3D('',#12287,#10280,#10281);
#9055=AXIS2_PLACEMENT_3D('',#12289,#10283,#10284);
#9056=AXIS2_PLACEMENT_3D('',#12291,#10286,#10287);
#9057=AXIS2_PLACEMENT_3D('',#12293,#10289,#10290);
#9058=AXIS2_PLACEMENT_3D('',#12296,#10293,#10294);
#9059=AXIS2_PLACEMENT_3D('',#12298,#10296,#10297);
#9060=AXIS2_PLACEMENT_3D('',#12300,#10299,#10300);
#9061=AXIS2_PLACEMENT_3D('',#12302,#10302,#10303);
#9062=AXIS2_PLACEMENT_3D('',#12304,#10305,#10306);
#9063=AXIS2_PLACEMENT_3D('',#12305,#10307,#10308);
#9064=AXIS2_PLACEMENT_3D('',#12307,#10310,#10311);
#9065=AXIS2_PLACEMENT_3D('',#12309,#10313,#10314);
#9066=AXIS2_PLACEMENT_3D('',#12311,#10316,#10317);
#9067=AXIS2_PLACEMENT_3D('',#12313,#10319,#10320);
#9068=AXIS2_PLACEMENT_3D('',#12314,#10321,#10322);
#9069=AXIS2_PLACEMENT_3D('',#12315,#10323,#10324);
#9070=AXIS2_PLACEMENT_3D('',#12316,#10325,#10326);
#9071=AXIS2_PLACEMENT_3D('',#12317,#10327,#10328);
#9072=AXIS2_PLACEMENT_3D('',#12319,#10330,#10331);
#9073=AXIS2_PLACEMENT_3D('',#12321,#10333,#10334);
#9074=AXIS2_PLACEMENT_3D('',#12323,#10336,#10337);
#9075=AXIS2_PLACEMENT_3D('',#12324,#10338,#10339);
#9076=AXIS2_PLACEMENT_3D('',#12326,#10341,#10342);
#9077=AXIS2_PLACEMENT_3D('',#12328,#10344,#10345);
#9078=AXIS2_PLACEMENT_3D('',#12330,#10347,#10348);
#9079=AXIS2_PLACEMENT_3D('',#12332,#10350,#10351);
#9080=AXIS2_PLACEMENT_3D('',#12334,#10353,#10354);
#9081=AXIS2_PLACEMENT_3D('',#12336,#10356,#10357);
#9082=AXIS2_PLACEMENT_3D('',#12337,#10358,#10359);
#9083=AXIS2_PLACEMENT_3D('',#12338,#10360,#10361);
#9084=AXIS2_PLACEMENT_3D('',#12340,#10363,#10364);
#9085=AXIS2_PLACEMENT_3D('',#12347,#10369,#10370);
#9086=AXIS2_PLACEMENT_3D('',#12349,#10372,#10373);
#9087=AXIS2_PLACEMENT_3D('',#12350,#10374,#10375);
#9088=AXIS2_PLACEMENT_3D('',#12352,#10377,#10378);
#9089=AXIS2_PLACEMENT_3D('',#12354,#10380,#10381);
#9090=AXIS2_PLACEMENT_3D('',#12357,#10384,#10385);
#9091=AXIS2_PLACEMENT_3D('',#12358,#10386,#10387);
#9092=AXIS2_PLACEMENT_3D('',#12359,#10388,#10389);
#9093=AXIS2_PLACEMENT_3D('',#12360,#10390,#10391);
#9094=AXIS2_PLACEMENT_3D('',#12361,#10392,#10393);
#9095=AXIS2_PLACEMENT_3D('',#12362,#10394,#10395);
#9096=AXIS2_PLACEMENT_3D('',#12363,#10396,#10397);
#9097=AXIS2_PLACEMENT_3D('',#12364,#10398,#10399);
#9098=AXIS2_PLACEMENT_3D('',#12365,#10400,#10401);
#9099=AXIS2_PLACEMENT_3D('',#12368,#10403,#10404);
#9100=AXIS2_PLACEMENT_3D('',#12369,#10405,#10406);
#9101=AXIS2_PLACEMENT_3D('',#12370,#10407,#10408);
#9102=AXIS2_PLACEMENT_3D('',#12371,#10409,#10410);
#9103=AXIS2_PLACEMENT_3D('',#12375,#10413,#10414);
#9104=AXIS2_PLACEMENT_3D('',#12376,#10415,#10416);
#9105=AXIS2_PLACEMENT_3D('',#12378,#10417,#10418);
#9106=AXIS2_PLACEMENT_3D('',#12382,#10420,#10421);
#9107=AXIS2_PLACEMENT_3D('',#12384,#10422,#10423);
#9108=AXIS2_PLACEMENT_3D('',#12388,#10425,#10426);
#9109=AXIS2_PLACEMENT_3D('',#12390,#10427,#10428);
#9110=AXIS2_PLACEMENT_3D('',#12392,#10429,#10430);
#9111=AXIS2_PLACEMENT_3D('',#12396,#10432,#10433);
#9112=AXIS2_PLACEMENT_3D('',#12400,#10435,#10436);
#9113=AXIS2_PLACEMENT_3D('',#12402,#10437,#10438);
#9114=AXIS2_PLACEMENT_3D('',#12404,#10439,#10440);
#9115=AXIS2_PLACEMENT_3D('',#12407,#10442,#10443);
#9116=AXIS2_PLACEMENT_3D('',#12413,#10447,#10448);
#9117=AXIS2_PLACEMENT_3D('',#12416,#10450,#10451);
#9118=AXIS2_PLACEMENT_3D('',#12417,#10452,#10453);
#9119=AXIS2_PLACEMENT_3D('',#12418,#10454,#10455);
#9120=AXIS2_PLACEMENT_3D('',#12421,#10457,#10458);
#9121=AXIS2_PLACEMENT_3D('',#12424,#10460,#10461);
#9122=AXIS2_PLACEMENT_3D('',#12425,#10462,#10463);
#9123=AXIS2_PLACEMENT_3D('',#12429,#10466,#10467);
#9124=AXIS2_PLACEMENT_3D('',#12430,#10468,#10469);
#9125=AXIS2_PLACEMENT_3D('',#12433,#10471,#10472);
#9126=AXIS2_PLACEMENT_3D('',#12437,#10475,#10476);
#9127=AXIS2_PLACEMENT_3D('',#12438,#10477,#10478);
#9128=AXIS2_PLACEMENT_3D('',#12441,#10480,#10481);
#9129=AXIS2_PLACEMENT_3D('',#12445,#10484,#10485);
#9130=AXIS2_PLACEMENT_3D('',#12448,#10487,#10488);
#9131=AXIS2_PLACEMENT_3D('',#12449,#10489,#10490);
#9132=AXIS2_PLACEMENT_3D('',#12452,#10492,#10493);
#9133=AXIS2_PLACEMENT_3D('',#12453,#10494,#10495);
#9134=AXIS2_PLACEMENT_3D('',#12454,#10496,#10497);
#9135=AXIS2_PLACEMENT_3D('',#12457,#10499,#10500);
#9136=AXIS2_PLACEMENT_3D('',#12460,#10502,#10503);
#9137=AXIS2_PLACEMENT_3D('',#12463,#10505,#10506);
#9138=AXIS2_PLACEMENT_3D('',#12467,#10509,#10510);
#9139=AXIS2_PLACEMENT_3D('',#12470,#10512,#10513);
#9140=AXIS2_PLACEMENT_3D('',#12471,#10514,#10515);
#9141=AXIS2_PLACEMENT_3D('',#12475,#10518,#10519);
#9142=AXIS2_PLACEMENT_3D('',#12476,#10520,#10521);
#9143=AXIS2_PLACEMENT_3D('',#12479,#10523,#10524);
#9144=AXIS2_PLACEMENT_3D('',#12482,#10526,#10527);
#9145=AXIS2_PLACEMENT_3D('',#12483,#10528,#10529);
#9146=AXIS2_PLACEMENT_3D('',#12484,#10530,#10531);
#9147=AXIS2_PLACEMENT_3D('',#12487,#10533,#10534);
#9148=AXIS2_PLACEMENT_3D('',#12489,#10536,#10537);
#9149=AXIS2_PLACEMENT_3D('',#12493,#10540,#10541);
#9150=AXIS2_PLACEMENT_3D('',#12494,#10542,#10543);
#9151=AXIS2_PLACEMENT_3D('',#12497,#10545,#10546);
#9152=AXIS2_PLACEMENT_3D('',#12500,#10548,#10549);
#9153=AXIS2_PLACEMENT_3D('',#12501,#10550,#10551);
#9154=AXIS2_PLACEMENT_3D('',#12505,#10554,#10555);
#9155=AXIS2_PLACEMENT_3D('',#12506,#10556,#10557);
#9156=AXIS2_PLACEMENT_3D('',#12509,#10559,#10560);
#9157=AXIS2_PLACEMENT_3D('',#12510,#10561,#10562);
#9158=AXIS2_PLACEMENT_3D('',#12511,#10563,#10564);
#9159=AXIS2_PLACEMENT_3D('',#12512,#10565,#10566);
#9160=AXIS2_PLACEMENT_3D('',#12514,#10567,#10568);
#9161=AXIS2_PLACEMENT_3D('',#12516,#10569,#10570);
#9162=AXIS2_PLACEMENT_3D('',#12518,#10571,#10572);
#9163=AXIS2_PLACEMENT_3D('',#12520,#10573,#10574);
#9164=AXIS2_PLACEMENT_3D('',#12522,#10575,#10576);
#9165=AXIS2_PLACEMENT_3D('',#12523,#10577,#10578);
#9166=AXIS2_PLACEMENT_3D('',#12525,#10579,#10580);
#9167=AXIS2_PLACEMENT_3D('',#12526,#10581,#10582);
#9168=AXIS2_PLACEMENT_3D('',#12527,#10583,#10584);
#9169=AXIS2_PLACEMENT_3D('',#12529,#10585,#10586);
#9170=AXIS2_PLACEMENT_3D('',#12530,#10587,#10588);
#9171=AXIS2_PLACEMENT_3D('',#12531,#10589,#10590);
#9172=AXIS2_PLACEMENT_3D('',#12533,#10591,#10592);
#9173=AXIS2_PLACEMENT_3D('',#12534,#10593,#10594);
#9174=AXIS2_PLACEMENT_3D('',#12535,#10595,#10596);
#9175=AXIS2_PLACEMENT_3D('',#12537,#10597,#10598);
#9176=AXIS2_PLACEMENT_3D('',#12538,#10599,#10600);
#9177=AXIS2_PLACEMENT_3D('',#12539,#10601,#10602);
#9178=AXIS2_PLACEMENT_3D('',#12541,#10603,#10604);
#9179=AXIS2_PLACEMENT_3D('',#12542,#10605,#10606);
#9180=AXIS2_PLACEMENT_3D('',#12545,#10608,#10609);
#9181=AXIS2_PLACEMENT_3D('',#12548,#10611,#10612);
#9182=AXIS2_PLACEMENT_3D('',#12552,#10615,#10616);
#9183=AXIS2_PLACEMENT_3D('',#12555,#10618,#10619);
#9184=AXIS2_PLACEMENT_3D('',#12556,#10620,#10621);
#9185=AXIS2_PLACEMENT_3D('',#12560,#10624,#10625);
#9186=AXIS2_PLACEMENT_3D('',#12563,#10627,#10628);
#9187=AXIS2_PLACEMENT_3D('',#12564,#10629,#10630);
#9188=AXIS2_PLACEMENT_3D('',#12568,#10633,#10634);
#9189=AXIS2_PLACEMENT_3D('',#12572,#10637,#10638);
#9190=AXIS2_PLACEMENT_3D('',#12575,#10640,#10641);
#9191=AXIS2_PLACEMENT_3D('',#12576,#10642,#10643);
#9192=AXIS2_PLACEMENT_3D('',#12580,#10646,#10647);
#9193=AXIS2_PLACEMENT_3D('',#12583,#10649,#10650);
#9194=AXIS2_PLACEMENT_3D('',#12584,#10651,#10652);
#9195=AXIS2_PLACEMENT_3D('',#12588,#10655,#10656);
#9196=AXIS2_PLACEMENT_3D('',#12592,#10659,#10660);
#9197=AXIS2_PLACEMENT_3D('',#12595,#10662,#10663);
#9198=AXIS2_PLACEMENT_3D('',#12596,#10664,#10665);
#9199=AXIS2_PLACEMENT_3D('',#12598,#10667,#10668);
#9200=AXIS2_PLACEMENT_3D('',#12607,#10673,#10674);
#9201=AXIS2_PLACEMENT_3D('',#12613,#10678,#10679);
#9202=AXIS2_PLACEMENT_3D('',#12617,#10682,#10683);
#9203=AXIS2_PLACEMENT_3D('',#12621,#10686,#10687);
#9204=AXIS2_PLACEMENT_3D('',#12624,#10689,#10690);
#9205=AXIS2_PLACEMENT_3D('',#12625,#10691,#10692);
#9206=AXIS2_PLACEMENT_3D('',#12629,#10695,#10696);
#9207=AXIS2_PLACEMENT_3D('',#12632,#10698,#10699);
#9208=AXIS2_PLACEMENT_3D('',#12633,#10700,#10701);
#9209=AXIS2_PLACEMENT_3D('',#12637,#10704,#10705);
#9210=AXIS2_PLACEMENT_3D('',#12641,#10708,#10709);
#9211=AXIS2_PLACEMENT_3D('',#12645,#10712,#10713);
#9212=AXIS2_PLACEMENT_3D('',#12648,#10715,#10716);
#9213=AXIS2_PLACEMENT_3D('',#12649,#10717,#10718);
#9214=AXIS2_PLACEMENT_3D('',#12653,#10721,#10722);
#9215=AXIS2_PLACEMENT_3D('',#12654,#10723,#10724);
#9216=AXIS2_PLACEMENT_3D('',#12655,#10725,#10726);
#9217=AXIS2_PLACEMENT_3D('',#12664,#10731,#10732);
#9218=AXIS2_PLACEMENT_3D('',#12667,#10734,#10735);
#9219=AXIS2_PLACEMENT_3D('',#12670,#10737,#10738);
#9220=AXIS2_PLACEMENT_3D('',#12674,#10741,#10742);
#9221=AXIS2_PLACEMENT_3D('',#12677,#10744,#10745);
#9222=AXIS2_PLACEMENT_3D('',#12678,#10746,#10747);
#9223=AXIS2_PLACEMENT_3D('',#12682,#10750,#10751);
#9224=AXIS2_PLACEMENT_3D('',#12686,#10754,#10755);
#9225=AXIS2_PLACEMENT_3D('',#12689,#10757,#10758);
#9226=AXIS2_PLACEMENT_3D('',#12690,#10759,#10760);
#9227=AXIS2_PLACEMENT_3D('',#12694,#10763,#10764);
#9228=AXIS2_PLACEMENT_3D('',#12697,#10766,#10767);
#9229=AXIS2_PLACEMENT_3D('',#12698,#10768,#10769);
#9230=AXIS2_PLACEMENT_3D('',#12702,#10772,#10773);
#9231=AXIS2_PLACEMENT_3D('',#12705,#10775,#10776);
#9232=AXIS2_PLACEMENT_3D('',#12706,#10777,#10778);
#9233=AXIS2_PLACEMENT_3D('',#12708,#10780,#10781);
#9234=AXIS2_PLACEMENT_3D('',#12717,#10786,#10787);
#9235=AXIS2_PLACEMENT_3D('',#12723,#10791,#10792);
#9236=AXIS2_PLACEMENT_3D('',#12726,#10794,#10795);
#9237=AXIS2_PLACEMENT_3D('',#12727,#10796,#10797);
#9238=AXIS2_PLACEMENT_3D('',#12731,#10800,#10801);
#9239=AXIS2_PLACEMENT_3D('',#12735,#10804,#10805);
#9240=AXIS2_PLACEMENT_3D('',#12738,#10807,#10808);
#9241=AXIS2_PLACEMENT_3D('',#12739,#10809,#10810);
#9242=AXIS2_PLACEMENT_3D('',#12743,#10813,#10814);
#9243=AXIS2_PLACEMENT_3D('',#12746,#10816,#10817);
#9244=AXIS2_PLACEMENT_3D('',#12747,#10818,#10819);
#9245=AXIS2_PLACEMENT_3D('',#12751,#10822,#10823);
#9246=AXIS2_PLACEMENT_3D('',#12755,#10826,#10827);
#9247=AXIS2_PLACEMENT_3D('',#12758,#10829,#10830);
#9248=AXIS2_PLACEMENT_3D('',#12759,#10831,#10832);
#9249=AXIS2_PLACEMENT_3D('',#12763,#10835,#10836);
#9250=AXIS2_PLACEMENT_3D('',#12766,#10838,#10839);
#9251=AXIS2_PLACEMENT_3D('',#12767,#10840,#10841);
#9252=AXIS2_PLACEMENT_3D('',#12771,#10844,#10845);
#9253=AXIS2_PLACEMENT_3D('',#12775,#10848,#10849);
#9254=AXIS2_PLACEMENT_3D('',#12778,#10851,#10852);
#9255=AXIS2_PLACEMENT_3D('',#12779,#10853,#10854);
#9256=AXIS2_PLACEMENT_3D('',#12783,#10857,#10858);
#9257=AXIS2_PLACEMENT_3D('',#12786,#10860,#10861);
#9258=AXIS2_PLACEMENT_3D('',#12787,#10862,#10863);
#9259=AXIS2_PLACEMENT_3D('',#12791,#10866,#10867);
#9260=AXIS2_PLACEMENT_3D('',#12795,#10870,#10871);
#9261=AXIS2_PLACEMENT_3D('',#12796,#10872,#10873);
#9262=AXIS2_PLACEMENT_3D('',#12797,#10874,#10875);
#9263=AXIS2_PLACEMENT_3D('',#12806,#10880,#10881);
#9264=AXIS2_PLACEMENT_3D('',#12809,#10883,#10884);
#9265=AXIS2_PLACEMENT_3D('',#12812,#10886,#10887);
#9266=AXIS2_PLACEMENT_3D('',#12816,#10890,#10891);
#9267=AXIS2_PLACEMENT_3D('',#12819,#10893,#10894);
#9268=AXIS2_PLACEMENT_3D('',#12820,#10895,#10896);
#9269=AXIS2_PLACEMENT_3D('',#12824,#10899,#10900);
#9270=AXIS2_PLACEMENT_3D('',#12828,#10903,#10904);
#9271=AXIS2_PLACEMENT_3D('',#12831,#10906,#10907);
#9272=AXIS2_PLACEMENT_3D('',#12832,#10908,#10909);
#9273=AXIS2_PLACEMENT_3D('',#12836,#10912,#10913);
#9274=AXIS2_PLACEMENT_3D('',#12839,#10915,#10916);
#9275=AXIS2_PLACEMENT_3D('',#12840,#10917,#10918);
#9276=AXIS2_PLACEMENT_3D('',#12844,#10921,#10922);
#9277=AXIS2_PLACEMENT_3D('',#12847,#10924,#10925);
#9278=AXIS2_PLACEMENT_3D('',#12848,#10926,#10927);
#9279=AXIS2_PLACEMENT_3D('',#12852,#10930,#10931);
#9280=AXIS2_PLACEMENT_3D('',#12855,#10933,#10934);
#9281=AXIS2_PLACEMENT_3D('',#12856,#10935,#10936);
#9282=AXIS2_PLACEMENT_3D('',#12860,#10939,#10940);
#9283=AXIS2_PLACEMENT_3D('',#12862,#10942,#10943);
#9284=AXIS2_PLACEMENT_3D('',#12871,#10948,#10949);
#9285=AXIS2_PLACEMENT_3D('',#12872,#10950,#10951);
#9286=AXIS2_PLACEMENT_3D('',#12873,#10952,#10953);
#9287=AXIS2_PLACEMENT_3D('',#12877,#10955,#10956);
#9288=AXIS2_PLACEMENT_3D('',#12882,#10959,#10960);
#9289=AXIS2_PLACEMENT_3D('',#12886,#10962,#10963);
#9290=AXIS2_PLACEMENT_3D('',#12892,#10966,#10967);
#9291=AXIS2_PLACEMENT_3D('',#12902,#10973,#10974);
#9292=AXIS2_PLACEMENT_3D('',#12905,#10977,#10978);
#9293=AXIS2_PLACEMENT_3D('',#12907,#10980,#10981);
#9294=AXIS2_PLACEMENT_3D('',#12908,#10982,#10983);
#9295=AXIS2_PLACEMENT_3D('',#12909,#10984,#10985);
#9296=AXIS2_PLACEMENT_3D('',#12912,#10988,#10989);
#9297=AXIS2_PLACEMENT_3D('',#12914,#10991,#10992);
#9298=AXIS2_PLACEMENT_3D('',#12915,#10993,#10994);
#9299=AXIS2_PLACEMENT_3D('',#12917,#10996,#10997);
#9300=AXIS2_PLACEMENT_3D('',#12919,#10999,#11000);
#9301=AXIS2_PLACEMENT_3D('',#12920,#11001,#11002);
#9302=AXIS2_PLACEMENT_3D('',#12922,#11004,#11005);
#9303=AXIS2_PLACEMENT_3D('',#12924,#11007,#11008);
#9304=AXIS2_PLACEMENT_3D('',#12926,#11010,#11011);
#9305=AXIS2_PLACEMENT_3D('',#12927,#11012,#11013);
#9306=AXIS2_PLACEMENT_3D('',#12929,#11015,#11016);
#9307=AXIS2_PLACEMENT_3D('',#12931,#11018,#11019);
#9308=AXIS2_PLACEMENT_3D('',#12933,#11021,#11022);
#9309=AXIS2_PLACEMENT_3D('',#12935,#11024,#11025);
#9310=AXIS2_PLACEMENT_3D('',#12938,#11028,#11029);
#9311=AXIS2_PLACEMENT_3D('',#12940,#11031,#11032);
#9312=AXIS2_PLACEMENT_3D('',#12942,#11034,#11035);
#9313=AXIS2_PLACEMENT_3D('',#12944,#11037,#11038);
#9314=AXIS2_PLACEMENT_3D('',#12947,#11041,#11042);
#9315=AXIS2_PLACEMENT_3D('',#12949,#11044,#11045);
#9316=AXIS2_PLACEMENT_3D('',#12951,#11047,#11048);
#9317=AXIS2_PLACEMENT_3D('',#12953,#11050,#11051);
#9318=AXIS2_PLACEMENT_3D('',#12955,#11053,#11054);
#9319=AXIS2_PLACEMENT_3D('',#12957,#11056,#11057);
#9320=AXIS2_PLACEMENT_3D('',#12959,#11059,#11060);
#9321=AXIS2_PLACEMENT_3D('',#12960,#11061,#11062);
#9322=AXIS2_PLACEMENT_3D('',#12961,#11063,#11064);
#9323=AXIS2_PLACEMENT_3D('',#12967,#11068,#11069);
#9324=AXIS2_PLACEMENT_3D('',#12971,#11072,#11073);
#9325=AXIS2_PLACEMENT_3D('',#12975,#11076,#11077);
#9326=AXIS2_PLACEMENT_3D('',#12977,#11079,#11080);
#9327=AXIS2_PLACEMENT_3D('',#12978,#11081,#11082);
#9328=AXIS2_PLACEMENT_3D('',#12984,#11086,#11087);
#9329=AXIS2_PLACEMENT_3D('',#12988,#11090,#11091);
#9330=AXIS2_PLACEMENT_3D('',#12992,#11094,#11095);
#9331=AXIS2_PLACEMENT_3D('',#12994,#11097,#11098);
#9332=AXIS2_PLACEMENT_3D('',#12995,#11099,#11100);
#9333=AXIS2_PLACEMENT_3D('',#13001,#11104,#11105);
#9334=AXIS2_PLACEMENT_3D('',#13005,#11108,#11109);
#9335=AXIS2_PLACEMENT_3D('',#13009,#11112,#11113);
#9336=AXIS2_PLACEMENT_3D('',#13011,#11115,#11116);
#9337=AXIS2_PLACEMENT_3D('',#13012,#11117,#11118);
#9338=AXIS2_PLACEMENT_3D('',#13018,#11122,#11123);
#9339=AXIS2_PLACEMENT_3D('',#13022,#11126,#11127);
#9340=AXIS2_PLACEMENT_3D('',#13026,#11130,#11131);
#9341=AXIS2_PLACEMENT_3D('',#13028,#11133,#11134);
#9342=AXIS2_PLACEMENT_3D('',#13029,#11135,#11136);
#9343=AXIS2_PLACEMENT_3D('',#13035,#11140,#11141);
#9344=AXIS2_PLACEMENT_3D('',#13039,#11144,#11145);
#9345=AXIS2_PLACEMENT_3D('',#13043,#11148,#11149);
#9346=AXIS2_PLACEMENT_3D('',#13045,#11151,#11152);
#9347=AXIS2_PLACEMENT_3D('',#13046,#11153,#11154);
#9348=AXIS2_PLACEMENT_3D('',#13047,#11155,#11156);
#9349=AXIS2_PLACEMENT_3D('',#13053,#11160,#11161);
#9350=AXIS2_PLACEMENT_3D('',#13059,#11165,#11166);
#9351=AXIS2_PLACEMENT_3D('',#13066,#11171,#11172);
#9352=AXIS2_PLACEMENT_3D('',#13072,#11176,#11177);
#9353=AXIS2_PLACEMENT_3D('',#13075,#11180,#11181);
#9354=AXIS2_PLACEMENT_3D('',#13076,#11182,#11183);
#9355=DIRECTION('',(0.,0.,1.));
#9356=DIRECTION('',(1.,0.,0.));
#9357=DIRECTION('',(-0.0610485395348574,0.998134798421867,0.));
#9358=DIRECTION('',(-0.998134798421867,-0.0610485395348574,0.));
#9359=DIRECTION('',(0.,0.,1.));
#9360=DIRECTION('',(0.998134798421867,0.0610485395348574,0.));
#9361=DIRECTION('',(0.,0.,-1.));
#9362=DIRECTION('',(0.998134798421867,0.0610485395348574,0.));
#9363=DIRECTION('',(0.839164043877678,0.543878394002614,0.));
#9364=DIRECTION('',(-0.543878394002614,0.839164043877678,0.));
#9365=DIRECTION('',(0.,0.,-1.));
#9366=DIRECTION('',(0.543878394002614,-0.839164043877678,0.));
#9367=DIRECTION('',(0.,0.,-1.));
#9368=DIRECTION('',(0.543878394002614,-0.839164043877678,0.));
#9369=DIRECTION('',(0.,0.,1.));
#9370=DIRECTION('',(-0.543878394002614,0.839164043877678,0.));
#9371=DIRECTION('',(0.,0.,1.));
#9372=DIRECTION('',(0.543878394002614,-0.839164043877678,0.));
#9373=DIRECTION('',(1.,0.,0.));
#9374=DIRECTION('',(0.,0.,-1.));
#9375=DIRECTION('',(0.,0.,-1.));
#9376=DIRECTION('',(0.,-1.,0.));
#9377=DIRECTION('',(0.,0.,-1.));
#9378=DIRECTION('',(0.,-1.,0.));
#9379=DIRECTION('',(0.,0.,1.));
#9380=DIRECTION('',(1.,0.,0.));
#9381=DIRECTION('',(0.,-1.,0.));
#9382=DIRECTION('',(0.766044443118974,-0.642787609686543,0.));
#9383=DIRECTION('',(1.,0.,0.));
#9384=DIRECTION('',(0.301131367937093,0.953582665134143,0.));
#9385=DIRECTION('',(0.965925826289068,0.258819045102522,0.));
#9386=DIRECTION('',(0.,1.,0.));
#9387=DIRECTION('',(-0.866025403784439,0.499999999999999,0.));
#9388=DIRECTION('',(-1.,0.,0.));
#9389=DIRECTION('',(0.,0.,1.));
#9390=DIRECTION('',(1.,0.,0.));
#9391=DIRECTION('',(0.,1.,0.));
#9392=DIRECTION('',(0.,0.,1.));
#9393=DIRECTION('',(1.,0.,0.));
#9394=DIRECTION('',(0.998134798421867,-0.0610485395348545,0.));
#9395=DIRECTION('',(-0.233445363855901,-0.972369920397678,0.));
#9396=DIRECTION('',(0.,0.,1.));
#9397=DIRECTION('',(1.,0.,0.));
#9398=DIRECTION('',(1.,-4.4156597570318E-14,0.));
#9399=DIRECTION('',(0.543878394002614,0.839164043877678,0.));
#9400=DIRECTION('',(0.,0.,1.));
#9401=DIRECTION('',(1.,0.,0.));
#9402=DIRECTION('',(0.,1.,0.));
#9403=DIRECTION('',(0.,0.,1.));
#9404=DIRECTION('',(1.,0.,0.));
#9405=DIRECTION('',(-1.,0.,0.));
#9406=DIRECTION('',(-0.993958490501284,0.109756636065471,0.));
#9407=DIRECTION('',(-1.,0.,0.));
#9408=DIRECTION('',(-0.993958490501284,-0.109756636065472,0.));
#9409=DIRECTION('',(-1.,0.,0.));
#9410=DIRECTION('',(0.,0.,1.));
#9411=DIRECTION('',(1.,0.,0.));
#9412=DIRECTION('',(0.,-1.,0.));
#9413=DIRECTION('',(0.,0.,1.));
#9414=DIRECTION('',(1.,0.,0.));
#9415=DIRECTION('',(1.,0.,0.));
#9416=DIRECTION('',(0.,0.,1.));
#9417=DIRECTION('',(1.,0.,0.));
#9418=DIRECTION('',(0.,0.,1.));
#9419=DIRECTION('',(1.,0.,0.));
#9420=DIRECTION('',(0.766044443118975,-0.642787609686544,0.));
#9421=DIRECTION('',(0.,-1.,0.));
#9422=DIRECTION('',(0.,0.,1.));
#9423=DIRECTION('',(1.,0.,0.));
#9424=DIRECTION('',(1.,0.,0.));
#9425=DIRECTION('',(1.,0.,0.));
#9426=DIRECTION('',(0.,-1.,0.));
#9427=DIRECTION('',(-1.,0.,0.));
#9428=DIRECTION('',(-0.993958490501284,-0.109756636065472,0.));
#9429=DIRECTION('',(-1.,0.,0.));
#9430=DIRECTION('',(-0.993958490501284,0.109756636065471,0.));
#9431=DIRECTION('',(-1.,0.,0.));
#9432=DIRECTION('',(0.,1.,0.));
#9433=DIRECTION('',(1.,0.,0.));
#9434=DIRECTION('',(0.543878394002614,0.839164043877678,0.));
#9435=DIRECTION('',(1.,-4.4156597570318E-14,0.));
#9436=DIRECTION('',(0.,0.,1.));
#9437=DIRECTION('',(1.,0.,0.));
#9438=DIRECTION('',(-0.233445363855901,-0.972369920397678,0.));
#9439=DIRECTION('',(0.998134798421867,-0.0610485395348545,0.));
#9440=DIRECTION('',(0.,0.,1.));
#9441=DIRECTION('',(1.,0.,0.));
#9442=DIRECTION('',(0.,1.,0.));
#9443=DIRECTION('',(0.,0.,1.));
#9444=DIRECTION('',(1.,0.,0.));
#9445=DIRECTION('',(-1.,0.,0.));
#9446=DIRECTION('',(-0.866025403784439,0.499999999999999,0.));
#9447=DIRECTION('',(0.,1.,0.));
#9448=DIRECTION('',(0.965925826289068,0.258819045102522,0.));
#9449=DIRECTION('',(0.301131367937093,0.953582665134143,0.));
#9450=DIRECTION('',(1.,0.,0.));
#9451=DIRECTION('',(1.,0.,0.));
#9452=DIRECTION('',(0.,0.,-1.));
#9453=DIRECTION('',(0.,-1.,0.));
#9454=DIRECTION('',(0.,0.,-1.));
#9455=DIRECTION('',(0.,-1.,0.));
#9456=DIRECTION('',(0.,0.,-1.));
#9457=DIRECTION('',(1.,0.,0.));
#9458=DIRECTION('',(0.,0.,-1.));
#9459=DIRECTION('',(0.,-1.,0.));
#9460=DIRECTION('',(1.,0.,0.));
#9461=DIRECTION('',(0.,0.,-1.));
#9462=DIRECTION('',(0.,0.,1.));
#9463=DIRECTION('',(0.,-1.,0.));
#9464=DIRECTION('',(1.,0.,0.));
#9465=DIRECTION('',(0.,0.,-1.));
#9466=DIRECTION('',(0.,0.,1.));
#9467=DIRECTION('',(1.,0.,0.));
#9468=DIRECTION('',(0.,0.,-1.));
#9469=DIRECTION('',(0.,1.,0.));
#9470=DIRECTION('',(0.,0.,1.));
#9471=DIRECTION('',(1.,0.,0.));
#9472=DIRECTION('',(0.,0.,-1.));
#9473=DIRECTION('',(0.,1.,0.));
#9474=DIRECTION('',(1.,0.,0.));
#9475=DIRECTION('',(0.,0.,-1.));
#9476=DIRECTION('',(0.,0.,-1.));
#9477=DIRECTION('',(0.,1.,0.));
#9478=DIRECTION('',(1.,0.,0.));
#9479=DIRECTION('',(0.,0.,-1.));
#9480=DIRECTION('',(0.,0.,-1.));
#9481=DIRECTION('',(1.,0.,0.));
#9482=DIRECTION('',(0.,0.,-1.));
#9483=DIRECTION('',(0.,-1.,0.));
#9484=DIRECTION('',(0.,0.,-1.));
#9485=DIRECTION('',(0.,-1.,0.));
#9486=DIRECTION('',(0.,0.,1.));
#9487=DIRECTION('',(1.,0.,0.));
#9488=DIRECTION('',(0.,0.,-1.));
#9489=DIRECTION('',(0.,1.,0.));
#9490=DIRECTION('',(1.,0.,0.));
#9491=DIRECTION('',(0.,0.,-1.));
#9492=DIRECTION('',(0.,0.,-1.));
#9493=DIRECTION('',(0.,1.,0.));
#9494=DIRECTION('',(0.,0.,1.));
#9495=DIRECTION('',(1.,0.,0.));
#9496=DIRECTION('',(0.,0.,-1.));
#9497=DIRECTION('',(0.,1.,0.));
#9498=DIRECTION('',(1.,0.,0.));
#9499=DIRECTION('',(0.,0.,-1.));
#9500=DIRECTION('',(0.,0.,-1.));
#9501=DIRECTION('',(0.,6.93889390390723E-17,-1.));
#9502=DIRECTION('',(0.,-0.743294146247167,0.668964731622449));
#9503=DIRECTION('',(0.,-1.,0.));
#9504=DIRECTION('',(1.,0.,0.));
#9505=DIRECTION('',(0.,0.,-1.));
#9506=DIRECTION('',(0.,0.,1.));
#9507=DIRECTION('',(1.,0.,0.));
#9508=DIRECTION('',(0.,0.,-1.));
#9509=DIRECTION('',(1.,0.,0.));
#9510=DIRECTION('',(0.,0.,-1.));
#9511=DIRECTION('',(1.,0.,0.));
#9512=DIRECTION('',(0.,0.,-1.));
#9513=DIRECTION('',(0.,0.,1.));
#9514=DIRECTION('',(1.,0.,0.));
#9515=DIRECTION('',(0.,0.,-1.));
#9516=DIRECTION('',(1.,0.,0.));
#9517=DIRECTION('',(0.,0.,-1.));
#9518=DIRECTION('',(1.,0.,0.));
#9519=DIRECTION('',(0.,0.,-1.));
#9520=DIRECTION('',(0.,0.,1.));
#9521=DIRECTION('',(1.,0.,0.));
#9522=DIRECTION('',(0.,0.,-1.));
#9523=DIRECTION('',(1.,0.,0.));
#9524=DIRECTION('',(0.,0.,-1.));
#9525=DIRECTION('',(1.,0.,0.));
#9526=DIRECTION('',(0.,0.,-1.));
#9527=DIRECTION('',(0.,0.,1.));
#9528=DIRECTION('',(1.,0.,0.));
#9529=DIRECTION('',(0.,0.,-1.));
#9530=DIRECTION('',(1.,0.,0.));
#9531=DIRECTION('',(0.,0.,-1.));
#9532=DIRECTION('',(1.,0.,0.));
#9533=DIRECTION('',(0.,0.,-1.));
#9534=DIRECTION('',(0.,0.,1.));
#9535=DIRECTION('',(1.,0.,0.));
#9536=DIRECTION('',(0.,0.,-1.));
#9537=DIRECTION('',(1.,0.,0.));
#9538=DIRECTION('',(0.,0.,-1.));
#9539=DIRECTION('',(1.,0.,0.));
#9540=DIRECTION('',(0.,0.,-1.));
#9541=DIRECTION('',(0.,0.,1.));
#9542=DIRECTION('',(0.,0.707106781186549,0.707106781186546));
#9543=DIRECTION('',(0.,1.,0.));
#9544=DIRECTION('',(0.,0.743294146247167,0.668964731622449));
#9545=DIRECTION('',(0.,6.93889390390723E-17,-1.));
#9546=DIRECTION('',(1.,0.,0.));
#9547=DIRECTION('',(0.,0.,-1.));
#9548=DIRECTION('',(1.,0.,0.));
#9549=DIRECTION('',(0.,0.,-1.));
#9550=DIRECTION('',(1.,0.,0.));
#9551=DIRECTION('',(0.,0.,-1.));
#9552=DIRECTION('',(0.,6.93889390390723E-17,-1.));
#9553=DIRECTION('',(1.,0.,0.));
#9554=DIRECTION('',(0.,0.,-1.));
#9555=DIRECTION('',(0.,-0.941741911594838,0.336336396998154));
#9556=DIRECTION('',(1.,0.,0.));
#9557=DIRECTION('',(0.,0.,-1.));
#9558=DIRECTION('',(0.,0.,1.));
#9559=DIRECTION('',(1.,0.,0.));
#9560=DIRECTION('',(0.,0.,-1.));
#9561=DIRECTION('',(0.,0.940690666396463,-0.339265486241348));
#9562=DIRECTION('',(0.,6.93889390390723E-17,-1.));
#9563=DIRECTION('',(0.,-0.940690666396463,-0.339265486241348));
#9564=DIRECTION('',(1.,0.,0.));
#9565=DIRECTION('',(0.,0.,-1.));
#9566=DIRECTION('',(0.,0.,1.));
#9567=DIRECTION('',(1.,0.,0.));
#9568=DIRECTION('',(0.,0.,-1.));
#9569=DIRECTION('',(0.,0.941741911594837,0.336336396998156));
#9570=DIRECTION('',(1.,0.,0.));
#9571=DIRECTION('',(0.,0.,-1.));
#9572=DIRECTION('',(0.,1.,0.));
#9573=DIRECTION('',(0.,6.93889390390723E-17,-1.));
#9574=DIRECTION('',(0.,1.,0.));
#9575=DIRECTION('',(1.,0.,0.));
#9576=DIRECTION('',(0.,0.,-1.));
#9577=DIRECTION('',(0.,0.,1.));
#9578=DIRECTION('',(0.,1.,0.));
#9579=DIRECTION('',(1.,0.,0.));
#9580=DIRECTION('',(0.,0.,-1.));
#9581=DIRECTION('',(0.,0.,1.));
#9582=DIRECTION('',(1.,0.,0.));
#9583=DIRECTION('',(0.,0.,-1.));
#9584=DIRECTION('',(0.,-1.,0.));
#9585=DIRECTION('',(0.,0.,1.));
#9586=DIRECTION('',(1.,0.,0.));
#9587=DIRECTION('',(0.,0.,-1.));
#9588=DIRECTION('',(0.,-1.,0.));
#9589=DIRECTION('',(0.,6.93889390390723E-17,-1.));
#9590=DIRECTION('',(0.,-1.,0.));
#9591=DIRECTION('',(0.,0.,1.));
#9592=DIRECTION('',(0.,-1.,0.));
#9593=DIRECTION('',(1.,0.,0.));
#9594=DIRECTION('',(0.,0.,-1.));
#9595=DIRECTION('',(0.,-0.707106781186548,-0.707106781186547));
#9596=DIRECTION('',(1.,0.,0.));
#9597=DIRECTION('',(0.,0.,-1.));
#9598=DIRECTION('',(0.,0.,-1.));
#9599=DIRECTION('',(1.,0.,0.));
#9600=DIRECTION('',(0.,0.,-1.));
#9601=DIRECTION('',(0.,1.,0.));
#9602=DIRECTION('',(0.,0.,-1.));
#9603=DIRECTION('',(0.,-1.,0.));
#9604=DIRECTION('',(1.,0.,0.));
#9605=DIRECTION('',(0.,0.,-1.));
#9606=DIRECTION('',(0.,0.,-1.));
#9607=DIRECTION('',(1.,0.,0.));
#9608=DIRECTION('',(0.,0.,-1.));
#9609=DIRECTION('',(0.,1.,0.));
#9610=DIRECTION('',(0.,0.,-1.));
#9611=DIRECTION('',(0.,-1.,0.));
#9612=DIRECTION('',(1.,0.,0.));
#9613=DIRECTION('',(0.,0.,-1.));
#9614=DIRECTION('',(0.,0.,-1.));
#9615=DIRECTION('',(1.,0.,0.));
#9616=DIRECTION('',(0.,0.,-1.));
#9617=DIRECTION('',(0.,0.707106781186547,-0.707106781186547));
#9618=DIRECTION('',(1.,0.,0.));
#9619=DIRECTION('',(0.,0.,-1.));
#9620=DIRECTION('',(0.,1.,0.));
#9621=DIRECTION('',(0.,0.,1.));
#9622=DIRECTION('',(1.,0.,0.));
#9623=DIRECTION('',(0.,0.,-1.));
#9624=DIRECTION('',(0.,1.,0.));
#9625=DIRECTION('',(0.,0.,-1.));
#9626=DIRECTION('',(1.,0.,0.));
#9627=DIRECTION('',(0.,0.,-1.));
#9628=DIRECTION('',(0.,1.,0.));
#9629=DIRECTION('',(1.,0.,0.));
#9630=DIRECTION('',(0.,0.,-1.));
#9631=DIRECTION('',(0.,0.,-1.));
#9632=DIRECTION('',(1.,0.,0.));
#9633=DIRECTION('',(0.,0.,-1.));
#9634=DIRECTION('',(0.,-1.,0.));
#9635=DIRECTION('',(1.,0.,0.));
#9636=DIRECTION('',(0.,0.,-1.));
#9637=DIRECTION('',(0.,0.,1.));
#9638=DIRECTION('',(0.,-1.,0.));
#9639=DIRECTION('',(1.,0.,0.));
#9640=DIRECTION('',(0.,0.,-1.));
#9641=DIRECTION('',(0.,0.,1.));
#9642=DIRECTION('',(1.,0.,0.));
#9643=DIRECTION('',(0.,0.,-1.));
#9644=DIRECTION('',(0.,1.,0.));
#9645=DIRECTION('',(1.,0.,0.));
#9646=DIRECTION('',(0.,0.,-1.));
#9647=DIRECTION('',(0.,0.,-1.));
#9648=DIRECTION('',(1.,0.,0.));
#9649=DIRECTION('',(0.,0.,-1.));
#9650=DIRECTION('',(0.,-1.,0.));
#9651=DIRECTION('',(1.,0.,0.));
#9652=DIRECTION('',(0.,0.,-1.));
#9653=DIRECTION('',(0.,0.,-1.));
#9654=DIRECTION('',(0.,-1.,0.));
#9655=DIRECTION('',(1.,0.,0.));
#9656=DIRECTION('',(0.,0.,-1.));
#9657=DIRECTION('',(0.,0.,1.));
#9658=DIRECTION('',(1.,0.,0.));
#9659=DIRECTION('',(0.,0.,-1.));
#9660=DIRECTION('',(0.,1.,0.));
#9661=DIRECTION('',(0.,0.,1.));
#9662=DIRECTION('',(1.,0.,0.));
#9663=DIRECTION('',(0.,0.,-1.));
#9664=DIRECTION('',(0.,1.,0.));
#9665=DIRECTION('',(1.,0.,0.));
#9666=DIRECTION('',(0.,0.,-1.));
#9667=DIRECTION('',(0.,0.,-1.));
#9668=DIRECTION('',(0.,1.,0.));
#9669=DIRECTION('',(1.,0.,0.));
#9670=DIRECTION('',(0.,0.,-1.));
#9671=DIRECTION('',(0.,0.,-1.));
#9672=DIRECTION('',(1.,0.,0.));
#9673=DIRECTION('',(0.,0.,-1.));
#9674=DIRECTION('',(0.,-1.,0.));
#9675=DIRECTION('',(1.,0.,0.));
#9676=DIRECTION('',(0.,0.,-1.));
#9677=DIRECTION('',(0.,0.,1.));
#9678=DIRECTION('',(1.,0.,0.));
#9679=DIRECTION('',(0.,0.,-1.));
#9680=DIRECTION('',(0.,1.,0.));
#9681=DIRECTION('',(1.,0.,0.));
#9682=DIRECTION('',(0.,0.,-1.));
#9683=DIRECTION('',(0.,0.,-1.));
#9684=DIRECTION('',(1.,0.,0.));
#9685=DIRECTION('',(0.,0.,-1.));
#9686=DIRECTION('',(0.,-1.,0.));
#9687=DIRECTION('',(0.,0.,-1.));
#9688=DIRECTION('',(1.,0.,0.));
#9689=DIRECTION('',(0.,0.,-1.));
#9690=DIRECTION('',(0.,-1.,0.));
#9691=DIRECTION('',(1.,0.,0.));
#9692=DIRECTION('',(0.,0.,-1.));
#9693=DIRECTION('',(0.,0.,1.));
#9694=DIRECTION('',(0.,-1.,0.));
#9695=DIRECTION('',(1.,0.,0.));
#9696=DIRECTION('',(0.,0.,-1.));
#9697=DIRECTION('',(0.,0.,1.));
#9698=DIRECTION('',(1.,0.,0.));
#9699=DIRECTION('',(0.,0.,-1.));
#9700=DIRECTION('',(0.,1.,0.));
#9701=DIRECTION('',(1.,0.,0.));
#9702=DIRECTION('',(0.,0.,-1.));
#9703=DIRECTION('',(0.,0.,-1.));
#9704=DIRECTION('',(1.,0.,0.));
#9705=DIRECTION('',(0.,0.,-1.));
#9706=DIRECTION('',(0.,-1.,0.));
#9707=DIRECTION('',(0.,0.,-1.));
#9708=DIRECTION('',(1.,0.,0.));
#9709=DIRECTION('',(0.,0.,-1.));
#9710=DIRECTION('',(0.,0.,-1.));
#9711=DIRECTION('',(0.,-1.,0.));
#9712=DIRECTION('',(0.,0.,-1.));
#9713=DIRECTION('',(0.,-1.,0.));
#9714=DIRECTION('',(0.,0.,1.));
#9715=DIRECTION('',(1.,0.,0.));
#9716=DIRECTION('',(0.,-1.,0.));
#9717=DIRECTION('',(0.,-1.,0.));
#9718=DIRECTION('',(0.766044443118975,-0.642787609686544,0.));
#9719=DIRECTION('',(1.,0.,0.));
#9720=DIRECTION('',(0.301131367937093,0.953582665134143,0.));
#9721=DIRECTION('',(0.965925826289068,0.258819045102522,0.));
#9722=DIRECTION('',(0.,-1.,0.));
#9723=DIRECTION('',(-0.866025403784439,0.499999999999999,0.));
#9724=DIRECTION('',(-1.,0.,0.));
#9725=DIRECTION('',(0.,0.,1.));
#9726=DIRECTION('',(1.,0.,0.));
#9727=DIRECTION('',(0.,1.,0.));
#9728=DIRECTION('',(0.,0.,1.));
#9729=DIRECTION('',(1.,0.,0.));
#9730=DIRECTION('',(0.998134798421867,-0.0610485395348545,0.));
#9731=DIRECTION('',(0.233445363855901,0.972369920397678,0.));
#9732=DIRECTION('',(0.,0.,-1.));
#9733=DIRECTION('',(-1.,0.,0.));
#9734=DIRECTION('',(-1.,4.4156597570318E-14,0.));
#9735=DIRECTION('',(-0.543878394002614,-0.839164043877678,0.));
#9736=DIRECTION('',(1.,0.,0.));
#9737=DIRECTION('',(0.,1.,0.));
#9738=DIRECTION('',(-1.,0.,0.));
#9739=DIRECTION('',(-0.993958490501284,0.109756636065471,0.));
#9740=DIRECTION('',(-1.,0.,0.));
#9741=DIRECTION('',(-0.993958490501284,-0.109756636065472,0.));
#9742=DIRECTION('',(-1.,0.,0.));
#9743=DIRECTION('',(0.,-1.,0.));
#9744=DIRECTION('',(1.,0.,0.));
#9745=DIRECTION('',(1.,0.,0.));
#9746=DIRECTION('',(0.998134798421867,0.0610485395348574,0.));
#9747=DIRECTION('',(0.,0.,1.));
#9748=DIRECTION('',(1.,0.,0.));
#9749=DIRECTION('',(-0.258819045102522,0.965925826289068,0.));
#9750=DIRECTION('',(-0.965925826289068,-0.258819045102522,0.));
#9751=DIRECTION('',(0.,0.,-1.));
#9752=DIRECTION('',(0.,0.,-1.));
#9753=DIRECTION('',(-1.,0.,0.));
#9754=DIRECTION('',(0.,0.,1.));
#9755=DIRECTION('',(0.,0.,-1.));
#9756=DIRECTION('',(-0.499999999999999,-0.866025403784439,0.));
#9757=DIRECTION('',(0.866025403784439,-0.499999999999999,0.));
#9758=DIRECTION('',(0.,0.,-1.));
#9759=DIRECTION('',(0.0610485395348545,0.998134798421867,0.));
#9760=DIRECTION('',(-0.998134798421867,0.0610485395348545,0.));
#9761=DIRECTION('',(0.,0.,-1.));
#9762=DIRECTION('',(0.,0.,-1.));
#9763=DIRECTION('',(0.972369920397678,-0.233445363855901,0.));
#9764=DIRECTION('',(0.233445363855901,0.972369920397678,0.));
#9765=DIRECTION('',(0.,0.,-1.));
#9766=DIRECTION('',(0.,0.,-1.));
#9767=DIRECTION('',(-1.,0.,0.));
#9768=DIRECTION('',(0.,0.,-1.));
#9769=DIRECTION('',(4.4156597570318E-14,1.,0.));
#9770=DIRECTION('',(-1.,4.4156597570318E-14,0.));
#9771=DIRECTION('',(0.,0.,-1.));
#9772=DIRECTION('',(-1.,0.,0.));
#9773=DIRECTION('',(0.,0.,1.));
#9774=DIRECTION('',(0.,0.,-1.));
#9775=DIRECTION('',(0.,1.,0.));
#9776=DIRECTION('',(0.,0.,-1.));
#9777=DIRECTION('',(0.,1.,0.));
#9778=DIRECTION('',(0.,0.,-1.));
#9779=DIRECTION('',(0.,0.,-1.));
#9780=DIRECTION('',(0.,1.,0.));
#9781=DIRECTION('',(0.,-1.,0.));
#9782=DIRECTION('',(0.,0.,-1.));
#9783=DIRECTION('',(-1.,0.,0.));
#9784=DIRECTION('',(0.,0.,-1.));
#9785=DIRECTION('',(0.,0.,-1.));
#9786=DIRECTION('',(-1.,0.,0.));
#9787=DIRECTION('',(-1.,0.,0.));
#9788=DIRECTION('',(0.,1.,0.));
#9789=DIRECTION('',(0.,0.,1.));
#9790=DIRECTION('',(1.,0.,0.));
#9791=DIRECTION('',(0.,0.,-1.));
#9792=DIRECTION('',(1.,0.,0.));
#9793=DIRECTION('',(-0.447213595499958,0.894427190999916,0.));
#9794=DIRECTION('',(-0.894427190999916,-0.447213595499958,0.));
#9795=DIRECTION('',(0.894427190999916,0.447213595499958,0.));
#9796=DIRECTION('',(0.894427190999916,0.447213595499958,0.));
#9797=DIRECTION('',(-0.258819045102519,-0.965925826289069,0.));
#9798=DIRECTION('',(0.965925826289069,-0.258819045102519,0.));
#9799=DIRECTION('',(0.,0.,-1.));
#9800=DIRECTION('',(-0.965925826289069,0.258819045102519,0.));
#9801=DIRECTION('',(-0.965925826289069,0.258819045102519,0.));
#9802=DIRECTION('',(-0.0610485395348574,0.998134798421867,0.));
#9803=DIRECTION('',(-0.998134798421867,-0.0610485395348574,0.));
#9804=DIRECTION('',(0.998134798421867,0.0610485395348574,0.));
#9805=DIRECTION('',(0.,0.,-1.));
#9806=DIRECTION('',(1.,0.,0.));
#9807=DIRECTION('',(0.,0.,-1.));
#9808=DIRECTION('',(0.,0.,-1.));
#9809=DIRECTION('',(0.,-1.,0.));
#9810=DIRECTION('',(0.,0.,-1.));
#9811=DIRECTION('',(-1.,0.,0.));
#9812=DIRECTION('',(0.,0.,1.));
#9813=DIRECTION('',(1.,0.,0.));
#9814=DIRECTION('',(0.642787609686543,0.766044443118974,0.));
#9815=DIRECTION('',(-0.766044443118975,0.642787609686544,0.));
#9816=DIRECTION('',(0.766044443118974,-0.642787609686543,0.));
#9817=DIRECTION('',(0.,0.,-1.));
#9818=DIRECTION('',(0.,1.,0.));
#9819=DIRECTION('',(0.,0.,1.));
#9820=DIRECTION('',(1.,0.,0.));
#9821=DIRECTION('',(0.,0.,-1.));
#9822=DIRECTION('',(-0.953582665134143,0.301131367937093,0.));
#9823=DIRECTION('',(-0.301131367937093,-0.953582665134143,0.));
#9824=DIRECTION('',(0.301131367937093,0.953582665134143,0.));
#9825=DIRECTION('',(0.,0.,-1.));
#9826=DIRECTION('',(0.,-1.,0.));
#9827=DIRECTION('',(0.,0.,-1.));
#9828=DIRECTION('',(0.,0.,-1.));
#9829=DIRECTION('',(-1.,0.,0.));
#9830=DIRECTION('',(0.,0.,-1.));
#9831=DIRECTION('',(0.,0.,-1.));
#9832=DIRECTION('',(-1.,0.,0.));
#9833=DIRECTION('',(0.,0.,-1.));
#9834=DIRECTION('',(0.,0.,1.));
#9835=DIRECTION('',(1.,0.,0.));
#9836=DIRECTION('',(-1.,0.,0.));
#9837=DIRECTION('',(0.,0.,1.));
#9838=DIRECTION('',(0.,1.,0.));
#9839=DIRECTION('',(0.,0.,-1.));
#9840=DIRECTION('',(0.,0.,-1.));
#9841=DIRECTION('',(-1.,0.,0.));
#9842=DIRECTION('',(0.,0.,-1.));
#9843=DIRECTION('',(0.,0.,1.));
#9844=DIRECTION('',(1.,0.,0.));
#9845=DIRECTION('',(-0.109756636065471,-0.993958490501284,0.));
#9846=DIRECTION('',(0.993958490501284,-0.109756636065471,0.));
#9847=DIRECTION('',(0.,0.,-1.));
#9848=DIRECTION('',(-0.993958490501284,0.109756636065471,0.));
#9849=DIRECTION('',(0.,0.,-1.));
#9850=DIRECTION('',(0.,-1.,0.));
#9851=DIRECTION('',(0.,0.,-1.));
#9852=DIRECTION('',(-1.,0.,0.));
#9853=DIRECTION('',(0.,0.,-1.));
#9854=DIRECTION('',(0.109756636065472,-0.993958490501284,0.));
#9855=DIRECTION('',(0.993958490501284,0.109756636065472,0.));
#9856=DIRECTION('',(-0.993958490501284,-0.109756636065472,0.));
#9857=DIRECTION('',(0.,0.,-1.));
#9858=DIRECTION('',(1.,0.,0.));
#9859=DIRECTION('',(0.,0.,-1.));
#9860=DIRECTION('',(0.,0.,-1.));
#9861=DIRECTION('',(0.,1.,0.));
#9862=DIRECTION('',(0.,0.,-1.));
#9863=DIRECTION('',(0.,1.,0.));
#9864=DIRECTION('',(1.,0.,0.));
#9865=DIRECTION('',(0.,0.,-1.));
#9866=DIRECTION('',(0.,1.,0.));
#9867=DIRECTION('',(1.,0.,0.));
#9868=DIRECTION('',(0.,0.,-1.));
#9869=DIRECTION('',(0.,0.,1.));
#9870=DIRECTION('',(1.,0.,0.));
#9871=DIRECTION('',(0.,0.,-1.));
#9872=DIRECTION('',(0.,-1.,0.));
#9873=DIRECTION('',(1.,0.,0.));
#9874=DIRECTION('',(0.,0.,-1.));
#9875=DIRECTION('',(0.,0.,-1.));
#9876=DIRECTION('',(1.,0.,0.));
#9877=DIRECTION('',(0.,0.,-1.));
#9878=DIRECTION('',(0.,1.,0.));
#9879=DIRECTION('',(1.,0.,0.));
#9880=DIRECTION('',(0.,0.,-1.));
#9881=DIRECTION('',(0.,0.,-1.));
#9882=DIRECTION('',(1.,0.,0.));
#9883=DIRECTION('',(0.,0.,-1.));
#9884=DIRECTION('',(0.,-1.,0.));
#9885=DIRECTION('',(0.,0.,-1.));
#9886=DIRECTION('',(1.,0.,0.));
#9887=DIRECTION('',(0.,0.,-1.));
#9888=DIRECTION('',(0.,-1.,0.));
#9889=DIRECTION('',(1.,0.,0.));
#9890=DIRECTION('',(0.,0.,-1.));
#9891=DIRECTION('',(0.,0.,-1.));
#9892=DIRECTION('',(1.,0.,0.));
#9893=DIRECTION('',(0.,0.,-1.));
#9894=DIRECTION('',(0.,1.,0.));
#9895=DIRECTION('',(1.,0.,0.));
#9896=DIRECTION('',(0.,0.,-1.));
#9897=DIRECTION('',(0.,0.,1.));
#9898=DIRECTION('',(0.,-0.940690666396463,-0.339265486241348));
#9899=DIRECTION('',(0.,6.93889390390723E-17,-1.));
#9900=DIRECTION('',(1.,0.,0.));
#9901=DIRECTION('',(0.,0.,-1.));
#9902=DIRECTION('',(0.,0.941741911594837,0.336336396998156));
#9903=DIRECTION('',(1.,0.,0.));
#9904=DIRECTION('',(0.,0.,-1.));
#9905=DIRECTION('',(0.,0.,1.));
#9906=DIRECTION('',(1.,0.,0.));
#9907=DIRECTION('',(0.,0.,-1.));
#9908=DIRECTION('',(1.,0.,0.));
#9909=DIRECTION('',(0.,0.,-1.));
#9910=DIRECTION('',(0.,6.93889390390723E-17,-1.));
#9911=DIRECTION('',(0.,0.940690666396463,-0.339265486241348));
#9912=DIRECTION('',(1.,0.,0.));
#9913=DIRECTION('',(0.,0.,-1.));
#9914=DIRECTION('',(0.,0.,1.));
#9915=DIRECTION('',(1.,0.,0.));
#9916=DIRECTION('',(0.,0.,-1.));
#9917=DIRECTION('',(0.,-0.941741911594838,0.336336396998154));
#9918=DIRECTION('',(0.,-0.743294146247167,0.668964731622449));
#9919=DIRECTION('',(0.,6.93889390390723E-17,-1.));
#9920=DIRECTION('',(1.,0.,0.));
#9921=DIRECTION('',(0.,0.,-1.));
#9922=DIRECTION('',(1.,0.,0.));
#9923=DIRECTION('',(0.,0.,-1.));
#9924=DIRECTION('',(1.,0.,0.));
#9925=DIRECTION('',(0.,0.,-1.));
#9926=DIRECTION('',(0.,6.93889390390723E-17,-1.));
#9927=DIRECTION('',(0.,0.743294146247167,0.668964731622449));
#9928=DIRECTION('',(0.,1.,0.));
#9929=DIRECTION('',(0.,0.707106781186549,0.707106781186546));
#9930=DIRECTION('',(0.,0.,1.));
#9931=DIRECTION('',(1.,0.,0.));
#9932=DIRECTION('',(0.,0.,-1.));
#9933=DIRECTION('',(1.,0.,0.));
#9934=DIRECTION('',(0.,0.,-1.));
#9935=DIRECTION('',(1.,0.,0.));
#9936=DIRECTION('',(0.,0.,-1.));
#9937=DIRECTION('',(0.,0.,1.));
#9938=DIRECTION('',(1.,0.,0.));
#9939=DIRECTION('',(0.,0.,-1.));
#9940=DIRECTION('',(1.,0.,0.));
#9941=DIRECTION('',(0.,0.,-1.));
#9942=DIRECTION('',(1.,0.,0.));
#9943=DIRECTION('',(0.,0.,-1.));
#9944=DIRECTION('',(0.,0.,1.));
#9945=DIRECTION('',(1.,0.,0.));
#9946=DIRECTION('',(0.,0.,-1.));
#9947=DIRECTION('',(1.,0.,0.));
#9948=DIRECTION('',(0.,0.,-1.));
#9949=DIRECTION('',(1.,0.,0.));
#9950=DIRECTION('',(0.,0.,-1.));
#9951=DIRECTION('',(0.,0.,1.));
#9952=DIRECTION('',(1.,0.,0.));
#9953=DIRECTION('',(0.,0.,-1.));
#9954=DIRECTION('',(1.,0.,0.));
#9955=DIRECTION('',(0.,0.,-1.));
#9956=DIRECTION('',(1.,0.,0.));
#9957=DIRECTION('',(0.,0.,-1.));
#9958=DIRECTION('',(0.,0.,1.));
#9959=DIRECTION('',(1.,0.,0.));
#9960=DIRECTION('',(0.,0.,-1.));
#9961=DIRECTION('',(1.,0.,0.));
#9962=DIRECTION('',(0.,0.,-1.));
#9963=DIRECTION('',(1.,0.,0.));
#9964=DIRECTION('',(0.,0.,-1.));
#9965=DIRECTION('',(0.,0.,1.));
#9966=DIRECTION('',(1.,0.,0.));
#9967=DIRECTION('',(0.,0.,-1.));
#9968=DIRECTION('',(0.,-1.,0.));
#9969=DIRECTION('',(0.,0.,1.));
#9970=DIRECTION('',(0.,1.,0.));
#9971=DIRECTION('',(0.,0.,1.));
#9972=DIRECTION('',(0.,1.,0.));
#9973=DIRECTION('',(0.,0.,1.));
#9974=DIRECTION('',(1.,0.,0.));
#9975=DIRECTION('',(0.,0.,-1.));
#9976=DIRECTION('',(0.,1.,0.));
#9977=DIRECTION('',(0.,6.93889390390723E-17,-1.));
#9978=DIRECTION('',(0.,1.,0.));
#9979=DIRECTION('',(0.,0.,1.));
#9980=DIRECTION('',(0.,1.,0.));
#9981=DIRECTION('',(1.,0.,0.));
#9982=DIRECTION('',(0.,0.,-1.));
#9983=DIRECTION('',(0.,0.707106781186547,-0.707106781186547));
#9984=DIRECTION('',(1.,0.,0.));
#9985=DIRECTION('',(0.,0.,-1.));
#9986=DIRECTION('',(0.,0.,-1.));
#9987=DIRECTION('',(1.,0.,0.));
#9988=DIRECTION('',(0.,0.,-1.));
#9989=DIRECTION('',(0.,-1.,0.));
#9990=DIRECTION('',(0.,0.,-1.));
#9991=DIRECTION('',(0.,1.,0.));
#9992=DIRECTION('',(1.,0.,0.));
#9993=DIRECTION('',(0.,0.,-1.));
#9994=DIRECTION('',(0.,0.,-1.));
#9995=DIRECTION('',(1.,0.,0.));
#9996=DIRECTION('',(0.,0.,-1.));
#9997=DIRECTION('',(0.,-1.,0.));
#9998=DIRECTION('',(0.,0.,-1.));
#9999=DIRECTION('',(0.,1.,0.));
#10000=DIRECTION('',(1.,0.,0.));
#10001=DIRECTION('',(0.,0.,-1.));
#10002=DIRECTION('',(0.,0.,-1.));
#10003=DIRECTION('',(1.,0.,0.));
#10004=DIRECTION('',(0.,0.,-1.));
#10005=DIRECTION('',(0.,-0.707106781186548,-0.707106781186547));
#10006=DIRECTION('',(1.,0.,0.));
#10007=DIRECTION('',(0.,0.,-1.));
#10008=DIRECTION('',(0.,-1.,0.));
#10009=DIRECTION('',(0.,0.,1.));
#10010=DIRECTION('',(0.,-1.,0.));
#10011=DIRECTION('',(0.,6.93889390390723E-17,-1.));
#10012=DIRECTION('',(0.,-1.,0.));
#10013=DIRECTION('',(1.,0.,0.));
#10014=DIRECTION('',(0.,0.,-1.));
#10015=DIRECTION('',(0.,0.,1.));
#10016=DIRECTION('',(0.,1.,0.));
#10017=DIRECTION('',(0.,0.,-1.));
#10018=DIRECTION('',(-1.,0.,0.));
#10019=DIRECTION('',(0.,1.,0.));
#10020=DIRECTION('',(1.,0.,0.));
#10021=DIRECTION('',(0.,1.,0.));
#10022=DIRECTION('',(-1.,0.,0.));
#10023=DIRECTION('',(-1.,0.,0.));
#10024=DIRECTION('',(-1.,0.,0.));
#10025=DIRECTION('',(0.,0.,1.));
#10026=DIRECTION('',(-0.707106781186547,-0.707106781186547,0.));
#10027=DIRECTION('',(-0.707106781186547,0.707106781186547,0.));
#10028=DIRECTION('',(-1.,0.,0.));
#10029=DIRECTION('',(-1.,0.,0.));
#10030=DIRECTION('',(0.,0.,1.));
#10031=DIRECTION('',(-0.707106781186547,-0.707106781186547,0.));
#10032=DIRECTION('',(-0.707106781186547,0.707106781186547,0.));
#10033=DIRECTION('',(-1.,0.,0.));
#10034=DIRECTION('',(-1.,0.,0.));
#10035=DIRECTION('',(0.573576436351046,0.,0.819152044288992));
#10036=DIRECTION('',(0.819152044288992,0.,-0.573576436351046));
#10037=DIRECTION('',(-0.819152044288992,0.,0.573576436351046));
#10038=DIRECTION('',(0.,1.,0.));
#10039=DIRECTION('',(0.819152044288992,0.,-0.573576436351046));
#10040=DIRECTION('',(0.,1.,0.));
#10041=DIRECTION('',(0.,1.,0.));
#10042=DIRECTION('',(0.,0.,1.));
#10043=DIRECTION('',(0.,1.,0.));
#10044=DIRECTION('',(0.,0.,1.));
#10045=DIRECTION('',(0.,1.,0.));
#10046=DIRECTION('',(0.,1.,0.));
#10047=DIRECTION('',(1.,0.,0.));
#10048=DIRECTION('',(0.,1.,0.));
#10049=DIRECTION('',(0.,0.,1.));
#10050=DIRECTION('',(0.,1.,0.));
#10051=DIRECTION('',(0.,0.,1.));
#10052=DIRECTION('',(0.,1.,0.));
#10053=DIRECTION('',(1.,0.,0.));
#10054=DIRECTION('',(0.,1.,0.));
#10055=DIRECTION('',(0.,0.,1.));
#10056=DIRECTION('',(0.,1.,0.));
#10057=DIRECTION('',(0.,0.,1.));
#10058=DIRECTION('',(0.,1.,0.));
#10059=DIRECTION('',(1.,0.,0.));
#10060=DIRECTION('',(0.,-1.,0.));
#10061=DIRECTION('',(0.,0.,-1.));
#10062=DIRECTION('',(0.,-1.,0.));
#10063=DIRECTION('',(0.,0.,-1.));
#10064=DIRECTION('',(0.,0.,1.));
#10065=DIRECTION('',(0.,-1.,0.));
#10066=DIRECTION('',(0.,0.,-1.));
#10067=DIRECTION('',(0.,-1.,0.));
#10068=DIRECTION('',(0.,0.,-1.));
#10069=DIRECTION('',(0.,-1.,0.));
#10070=DIRECTION('',(0.,0.,-1.));
#10071=DIRECTION('',(1.,0.,0.));
#10072=DIRECTION('',(0.,-1.,0.));
#10073=DIRECTION('',(0.,0.,-1.));
#10074=DIRECTION('',(0.,0.,1.));
#10075=DIRECTION('',(0.,-1.,0.));
#10076=DIRECTION('',(0.,0.,-1.));
#10077=DIRECTION('',(-1.,0.,0.));
#10078=DIRECTION('',(0.,-1.,0.));
#10079=DIRECTION('',(0.,0.,-1.));
#10080=DIRECTION('',(0.,-1.,0.));
#10081=DIRECTION('',(0.,0.,-1.));
#10082=DIRECTION('',(0.,0.,-1.));
#10083=DIRECTION('',(0.,1.,0.));
#10084=DIRECTION('',(0.,0.,1.));
#10085=DIRECTION('',(-1.,0.,0.));
#10086=DIRECTION('',(0.,1.,0.));
#10087=DIRECTION('',(0.,0.,1.));
#10088=DIRECTION('',(-1.,0.,0.));
#10089=DIRECTION('',(0.,0.,1.));
#10090=DIRECTION('',(-1.,0.,0.));
#10091=DIRECTION('',(-1.,0.,0.));
#10092=DIRECTION('',(0.,-0.668964731622449,-0.743294146247167));
#10093=DIRECTION('',(0.,0.743294146247167,-0.668964731622449));
#10094=DIRECTION('',(1.,0.,0.));
#10095=DIRECTION('',(-1.,0.,0.));
#10096=DIRECTION('',(0.,-0.668964731622449,0.743294146247167));
#10097=DIRECTION('',(0.,-0.743294146247167,-0.668964731622449));
#10098=DIRECTION('',(-1.,0.,0.));
#10099=DIRECTION('',(-1.,0.,0.));
#10100=DIRECTION('',(-1.,0.,0.));
#10101=DIRECTION('',(0.,0.,1.));
#10102=DIRECTION('',(-1.,0.,0.));
#10103=DIRECTION('',(-1.,0.,0.));
#10104=DIRECTION('',(0.,0.339265486241348,0.940690666396463));
#10105=DIRECTION('',(0.,-0.940690666396463,0.339265486241348));
#10106=DIRECTION('',(-1.,0.,0.));
#10107=DIRECTION('',(-1.,0.,0.));
#10108=DIRECTION('',(-1.,0.,0.));
#10109=DIRECTION('',(0.,0.,1.));
#10110=DIRECTION('',(-1.,0.,0.));
#10111=DIRECTION('',(-1.,0.,0.));
#10112=DIRECTION('',(-1.,0.,0.));
#10113=DIRECTION('',(0.,0.,1.));
#10114=DIRECTION('',(-1.,0.,0.));
#10115=DIRECTION('',(-1.,0.,0.));
#10116=DIRECTION('',(0.,0.339265486241348,-0.940690666396463));
#10117=DIRECTION('',(0.,0.940690666396463,0.339265486241348));
#10118=DIRECTION('',(1.,0.,0.));
#10119=DIRECTION('',(-1.,0.,0.));
#10120=DIRECTION('',(0.,0.,1.));
#10121=DIRECTION('',(1.,0.,0.));
#10122=DIRECTION('',(-1.,0.,0.));
#10123=DIRECTION('',(-1.,0.,0.));
#10124=DIRECTION('',(0.,0.,-1.));
#10125=DIRECTION('',(-1.,0.,0.));
#10126=DIRECTION('',(1.,0.,0.));
#10127=DIRECTION('',(-1.,0.,0.));
#10128=DIRECTION('',(0.,0.,-1.));
#10129=DIRECTION('',(-1.,0.,0.));
#10130=DIRECTION('',(-1.,0.,0.));
#10131=DIRECTION('',(-1.,0.,0.));
#10132=DIRECTION('',(0.,1.,0.));
#10133=DIRECTION('',(0.,0.,1.));
#10134=DIRECTION('',(1.,0.,0.));
#10135=DIRECTION('',(-1.,0.,0.));
#10136=DIRECTION('',(0.,1.,0.));
#10137=DIRECTION('',(0.,0.,1.));
#10138=DIRECTION('',(-1.,0.,0.));
#10139=DIRECTION('',(-1.,0.,0.));
#10140=DIRECTION('',(0.,0.,1.));
#10141=DIRECTION('',(1.,0.,0.));
#10142=DIRECTION('',(-1.,0.,0.));
#10143=DIRECTION('',(-1.,0.,0.));
#10144=DIRECTION('',(0.,-1.,0.));
#10145=DIRECTION('',(0.,0.,-1.));
#10146=DIRECTION('',(-1.,0.,0.));
#10147=DIRECTION('',(-1.,0.,0.));
#10148=DIRECTION('',(-1.,0.,0.));
#10149=DIRECTION('',(0.,0.,1.));
#10150=DIRECTION('',(-1.,0.,0.));
#10151=DIRECTION('',(-1.,0.,0.));
#10152=DIRECTION('',(0.,0.,-1.));
#10153=DIRECTION('',(-1.,0.,0.));
#10154=DIRECTION('',(-1.,0.,0.));
#10155=DIRECTION('',(-1.,0.,0.));
#10156=DIRECTION('',(0.,0.,1.));
#10157=DIRECTION('',(-1.,0.,0.));
#10158=DIRECTION('',(0.,1.,0.));
#10159=DIRECTION('',(0.,0.,1.));
#10160=DIRECTION('',(0.,0.,-1.));
#10161=DIRECTION('',(-1.,0.,0.));
#10162=DIRECTION('',(-1.,0.,0.));
#10163=DIRECTION('',(-1.,0.,0.));
#10164=DIRECTION('',(0.,0.,1.));
#10165=DIRECTION('',(-1.,0.,0.));
#10166=DIRECTION('',(0.,1.,0.));
#10167=DIRECTION('',(0.,0.,1.));
#10168=DIRECTION('',(-1.,0.,0.));
#10169=DIRECTION('',(-1.,0.,0.));
#10170=DIRECTION('',(0.,0.,1.));
#10171=DIRECTION('',(-1.,0.,0.));
#10172=DIRECTION('',(0.,0.,1.));
#10173=DIRECTION('',(1.,0.,0.));
#10174=DIRECTION('',(0.,1.,0.));
#10175=DIRECTION('',(0.,0.,1.));
#10176=DIRECTION('',(-1.,0.,0.));
#10177=DIRECTION('',(-1.,0.,0.));
#10178=DIRECTION('',(0.,0.,1.));
#10179=DIRECTION('',(-1.,0.,0.));
#10180=DIRECTION('',(0.,0.,1.));
#10181=DIRECTION('',(1.,0.,0.));
#10182=DIRECTION('',(-1.,0.,0.));
#10183=DIRECTION('',(-1.,0.,0.));
#10184=DIRECTION('',(0.,0.,1.));
#10185=DIRECTION('',(-1.,0.,0.));
#10186=DIRECTION('',(-1.,0.,0.));
#10187=DIRECTION('',(0.,0.,1.));
#10188=DIRECTION('',(-1.,0.,0.));
#10189=DIRECTION('',(0.,-0.336336396998156,0.941741911594838));
#10190=DIRECTION('',(0.,-0.941741911594838,-0.336336396998156));
#10191=DIRECTION('',(0.,0.,-1.));
#10192=DIRECTION('',(-1.,0.,0.));
#10193=DIRECTION('',(-1.,0.,0.));
#10194=DIRECTION('',(-1.,0.,0.));
#10195=DIRECTION('',(0.,0.,1.));
#10196=DIRECTION('',(-1.,0.,0.));
#10197=DIRECTION('',(0.,-1.,0.));
#10198=DIRECTION('',(0.,0.,-1.));
#10199=DIRECTION('',(-1.,0.,0.));
#10200=DIRECTION('',(-1.,0.,0.));
#10201=DIRECTION('',(0.,0.,1.));
#10202=DIRECTION('',(-1.,0.,0.));
#10203=DIRECTION('',(-1.,0.,0.));
#10204=DIRECTION('',(0.,0.,1.));
#10205=DIRECTION('',(-1.,0.,0.));
#10206=DIRECTION('',(-1.,0.,0.));
#10207=DIRECTION('',(0.,0.,1.));
#10208=DIRECTION('',(-1.,0.,0.));
#10209=DIRECTION('',(0.,-1.,0.));
#10210=DIRECTION('',(0.,0.,-1.));
#10211=DIRECTION('',(-1.,0.,0.));
#10212=DIRECTION('',(-1.,0.,0.));
#10213=DIRECTION('',(0.,0.,1.));
#10214=DIRECTION('',(-1.,0.,0.));
#10215=DIRECTION('',(-1.,0.,0.));
#10216=DIRECTION('',(0.,0.,1.));
#10217=DIRECTION('',(-1.,0.,0.));
#10218=DIRECTION('',(-1.,0.,0.));
#10219=DIRECTION('',(0.,0.,1.));
#10220=DIRECTION('',(-1.,0.,0.));
#10221=DIRECTION('',(0.,-1.,0.));
#10222=DIRECTION('',(0.,0.,-1.));
#10223=DIRECTION('',(-1.,0.,0.));
#10224=DIRECTION('',(-1.,0.,0.));
#10225=DIRECTION('',(0.,0.,1.));
#10226=DIRECTION('',(-1.,0.,0.));
#10227=DIRECTION('',(-1.,0.,0.));
#10228=DIRECTION('',(0.,0.,1.));
#10229=DIRECTION('',(-1.,0.,0.));
#10230=DIRECTION('',(-1.,0.,0.));
#10231=DIRECTION('',(0.,0.,1.));
#10232=DIRECTION('',(-1.,0.,0.));
#10233=DIRECTION('',(0.,-1.,0.));
#10234=DIRECTION('',(0.,0.,-1.));
#10235=DIRECTION('',(-1.,0.,0.));
#10236=DIRECTION('',(-1.,0.,0.));
#10237=DIRECTION('',(0.,0.,1.));
#10238=DIRECTION('',(-1.,0.,0.));
#10239=DIRECTION('',(-1.,0.,0.));
#10240=DIRECTION('',(0.,0.,1.));
#10241=DIRECTION('',(-1.,0.,0.));
#10242=DIRECTION('',(-1.,0.,0.));
#10243=DIRECTION('',(0.,0.,1.));
#10244=DIRECTION('',(-1.,0.,0.));
#10245=DIRECTION('',(0.,-1.,0.));
#10246=DIRECTION('',(0.,0.,-1.));
#10247=DIRECTION('',(-1.,0.,0.));
#10248=DIRECTION('',(-1.,0.,0.));
#10249=DIRECTION('',(0.,0.,1.));
#10250=DIRECTION('',(-1.,0.,0.));
#10251=DIRECTION('',(-1.,0.,0.));
#10252=DIRECTION('',(0.,0.,1.));
#10253=DIRECTION('',(-1.,0.,0.));
#10254=DIRECTION('',(-1.,0.,0.));
#10255=DIRECTION('',(0.,0.,1.));
#10256=DIRECTION('',(-1.,0.,0.));
#10257=DIRECTION('',(0.,-1.,0.));
#10258=DIRECTION('',(0.,0.,-1.));
#10259=DIRECTION('',(-1.,0.,0.));
#10260=DIRECTION('',(0.,-0.707106781186546,0.707106781186549));
#10261=DIRECTION('',(0.,-0.707106781186549,-0.707106781186546));
#10262=DIRECTION('',(-1.,0.,0.));
#10263=DIRECTION('',(0.,0.,1.));
#10264=DIRECTION('',(1.,0.,0.));
#10265=DIRECTION('',(0.,-0.336336396998154,-0.941741911594838));
#10266=DIRECTION('',(0.,0.941741911594838,-0.336336396998154));
#10267=DIRECTION('',(-1.,0.,0.));
#10268=DIRECTION('',(-1.,0.,0.));
#10269=DIRECTION('',(0.,0.,1.));
#10270=DIRECTION('',(-1.,0.,0.));
#10271=DIRECTION('',(0.,-1.,0.));
#10272=DIRECTION('',(0.,0.,-1.));
#10273=DIRECTION('',(-1.,0.,0.));
#10274=DIRECTION('',(0.,0.,1.));
#10275=DIRECTION('',(1.,0.,0.));
#10276=DIRECTION('',(-1.,0.,0.));
#10277=DIRECTION('',(-1.,0.,0.));
#10278=DIRECTION('',(0.,0.,1.));
#10279=DIRECTION('',(-1.,0.,0.));
#10280=DIRECTION('',(0.,1.,0.));
#10281=DIRECTION('',(0.,0.,1.));
#10282=DIRECTION('',(-1.,0.,0.));
#10283=DIRECTION('',(-1.,0.,0.));
#10284=DIRECTION('',(0.,0.,1.));
#10285=DIRECTION('',(-1.,0.,0.));
#10286=DIRECTION('',(0.,0.,-1.));
#10287=DIRECTION('',(-1.,0.,0.));
#10288=DIRECTION('',(-1.,0.,0.));
#10289=DIRECTION('',(0.,0.,-1.));
#10290=DIRECTION('',(-1.,0.,0.));
#10291=DIRECTION('',(-1.,0.,0.));
#10292=DIRECTION('',(-1.,0.,0.));
#10293=DIRECTION('',(-1.,0.,0.));
#10294=DIRECTION('',(0.,0.,1.));
#10295=DIRECTION('',(-1.,0.,0.));
#10296=DIRECTION('',(0.,0.707106781186547,-0.707106781186548));
#10297=DIRECTION('',(0.,0.707106781186548,0.707106781186547));
#10298=DIRECTION('',(-1.,0.,0.));
#10299=DIRECTION('',(-1.,0.,0.));
#10300=DIRECTION('',(0.,0.,1.));
#10301=DIRECTION('',(-1.,0.,0.));
#10302=DIRECTION('',(0.,1.,0.));
#10303=DIRECTION('',(0.,0.,1.));
#10304=DIRECTION('',(-1.,0.,0.));
#10305=DIRECTION('',(-1.,0.,0.));
#10306=DIRECTION('',(0.,0.,1.));
#10307=DIRECTION('',(0.,-1.,0.));
#10308=DIRECTION('',(0.,0.,-1.));
#10309=DIRECTION('',(-1.,0.,0.));
#10310=DIRECTION('',(-1.,0.,0.));
#10311=DIRECTION('',(0.,0.,1.));
#10312=DIRECTION('',(-1.,0.,0.));
#10313=DIRECTION('',(0.,0.,1.));
#10314=DIRECTION('',(1.,0.,0.));
#10315=DIRECTION('',(-1.,0.,0.));
#10316=DIRECTION('',(-1.,0.,0.));
#10317=DIRECTION('',(0.,0.,1.));
#10318=DIRECTION('',(-1.,0.,0.));
#10319=DIRECTION('',(0.,1.,0.));
#10320=DIRECTION('',(0.,0.,1.));
#10321=DIRECTION('',(-1.,0.,0.));
#10322=DIRECTION('',(0.,0.,1.));
#10323=DIRECTION('',(-1.,0.,0.));
#10324=DIRECTION('',(0.,0.,1.));
#10325=DIRECTION('',(-1.,0.,0.));
#10326=DIRECTION('',(0.,0.,1.));
#10327=DIRECTION('',(-1.,0.,0.));
#10328=DIRECTION('',(0.,0.,1.));
#10329=DIRECTION('',(-1.,0.,0.));
#10330=DIRECTION('',(0.,0.,-1.));
#10331=DIRECTION('',(-1.,0.,0.));
#10332=DIRECTION('',(-1.,0.,0.));
#10333=DIRECTION('',(-1.,0.,0.));
#10334=DIRECTION('',(0.,0.,1.));
#10335=DIRECTION('',(-1.,0.,0.));
#10336=DIRECTION('',(0.,-1.,0.));
#10337=DIRECTION('',(0.,0.,-1.));
#10338=DIRECTION('',(-1.,0.,0.));
#10339=DIRECTION('',(0.,0.,1.));
#10340=DIRECTION('',(-1.,0.,0.));
#10341=DIRECTION('',(0.,1.,0.));
#10342=DIRECTION('',(0.,0.,1.));
#10343=DIRECTION('',(-1.,0.,0.));
#10344=DIRECTION('',(-1.,0.,0.));
#10345=DIRECTION('',(0.,0.,1.));
#10346=DIRECTION('',(-1.,0.,0.));
#10347=DIRECTION('',(0.,0.707106781186548,0.707106781186548));
#10348=DIRECTION('',(0.,-0.707106781186547,0.707106781186548));
#10349=DIRECTION('',(-1.,0.,0.));
#10350=DIRECTION('',(-1.,0.,0.));
#10351=DIRECTION('',(0.,0.,1.));
#10352=DIRECTION('',(-1.,0.,0.));
#10353=DIRECTION('',(0.,0.,1.));
#10354=DIRECTION('',(1.,0.,0.));
#10355=DIRECTION('',(-1.,0.,0.));
#10356=DIRECTION('',(0.,-1.,0.));
#10357=DIRECTION('',(0.,0.,-1.));
#10358=DIRECTION('',(0.,-1.,0.));
#10359=DIRECTION('',(0.,0.,-1.));
#10360=DIRECTION('',(0.,-1.,0.));
#10361=DIRECTION('',(0.,0.,-1.));
#10362=DIRECTION('',(-1.,0.,0.));
#10363=DIRECTION('',(0.,0.,1.));
#10364=DIRECTION('',(1.,0.,0.));
#10365=DIRECTION('',(-1.,0.,0.));
#10366=DIRECTION('',(0.,1.,0.));
#10367=DIRECTION('',(-1.,0.,0.));
#10368=DIRECTION('',(0.,1.,0.));
#10369=DIRECTION('',(0.,-1.,0.));
#10370=DIRECTION('',(0.,0.,-1.));
#10371=DIRECTION('',(-1.,0.,0.));
#10372=DIRECTION('',(0.,1.,0.));
#10373=DIRECTION('',(1.,0.,0.));
#10374=DIRECTION('',(-1.,0.,0.));
#10375=DIRECTION('',(0.,0.,1.));
#10376=DIRECTION('',(-1.,0.,0.));
#10377=DIRECTION('',(0.,0.,1.));
#10378=DIRECTION('',(1.,0.,0.));
#10379=DIRECTION('',(-1.,0.,0.));
#10380=DIRECTION('',(0.,0.,-1.));
#10381=DIRECTION('',(-1.,0.,0.));
#10382=DIRECTION('',(-1.,0.,0.));
#10383=DIRECTION('',(-1.,0.,0.));
#10384=DIRECTION('',(-1.,0.,0.));
#10385=DIRECTION('',(0.,0.,1.));
#10386=DIRECTION('',(0.,1.,6.93889390390723E-17));
#10387=DIRECTION('',(0.,-6.93889390390723E-17,1.));
#10388=DIRECTION('',(0.,1.,6.93889390390723E-17));
#10389=DIRECTION('',(0.,-6.93889390390723E-17,1.));
#10390=DIRECTION('',(0.,1.,6.93889390390723E-17));
#10391=DIRECTION('',(0.,-6.93889390390723E-17,1.));
#10392=DIRECTION('',(0.,1.,6.93889390390723E-17));
#10393=DIRECTION('',(0.,-6.93889390390723E-17,1.));
#10394=DIRECTION('',(0.,1.,6.93889390390723E-17));
#10395=DIRECTION('',(0.,-6.93889390390723E-17,1.));
#10396=DIRECTION('',(0.,1.,6.93889390390723E-17));
#10397=DIRECTION('',(0.,-6.93889390390723E-17,1.));
#10398=DIRECTION('',(0.,1.,0.));
#10399=DIRECTION('',(0.,0.,1.));
#10400=DIRECTION('',(0.,1.,0.));
#10401=DIRECTION('',(0.,0.,1.));
#10402=DIRECTION('',(0.,1.,0.));
#10403=DIRECTION('',(0.,1.,0.));
#10404=DIRECTION('',(1.,0.,0.));
#10405=DIRECTION('',(0.,1.,0.));
#10406=DIRECTION('',(0.,0.,1.));
#10407=DIRECTION('',(0.,1.,0.));
#10408=DIRECTION('',(1.,0.,0.));
#10409=DIRECTION('',(1.,0.,0.));
#10410=DIRECTION('',(0.,0.,-1.));
#10411=DIRECTION('',(0.,1.,0.));
#10412=DIRECTION('',(0.,0.,-1.));
#10413=DIRECTION('',(0.,1.,0.));
#10414=DIRECTION('',(0.,0.,1.));
#10415=DIRECTION('',(0.,1.,0.));
#10416=DIRECTION('',(0.,0.,1.));
#10417=DIRECTION('',(0.,1.,0.));
#10418=DIRECTION('',(0.,0.,1.));
#10419=DIRECTION('',(1.,0.,0.));
#10420=DIRECTION('',(0.,1.,0.));
#10421=DIRECTION('',(0.,0.,1.));
#10422=DIRECTION('',(0.,1.,0.));
#10423=DIRECTION('',(0.,0.,1.));
#10424=DIRECTION('',(1.,0.,0.));
#10425=DIRECTION('',(0.,1.,0.));
#10426=DIRECTION('',(0.,0.,1.));
#10427=DIRECTION('',(0.,1.,0.));
#10428=DIRECTION('',(0.,0.,1.));
#10429=DIRECTION('',(0.,1.,0.));
#10430=DIRECTION('',(0.,0.,1.));
#10431=DIRECTION('',(0.,0.,1.));
#10432=DIRECTION('',(0.,1.,0.));
#10433=DIRECTION('',(0.,0.,1.));
#10434=DIRECTION('',(-1.,0.,0.));
#10435=DIRECTION('',(0.,1.,0.));
#10436=DIRECTION('',(0.,0.,1.));
#10437=DIRECTION('',(0.,1.,0.));
#10438=DIRECTION('',(0.,0.,1.));
#10439=DIRECTION('',(0.,1.,0.));
#10440=DIRECTION('',(0.,0.,1.));
#10441=DIRECTION('',(-1.,0.,0.));
#10442=DIRECTION('',(1.,0.,0.));
#10443=DIRECTION('',(0.,0.,-1.));
#10444=DIRECTION('',(0.,1.,0.));
#10445=DIRECTION('',(0.,0.,-1.));
#10446=DIRECTION('',(0.,1.,0.));
#10447=DIRECTION('',(0.,1.,0.));
#10448=DIRECTION('',(0.,0.,1.));
#10449=DIRECTION('',(0.,1.,0.));
#10450=DIRECTION('',(0.,1.,0.));
#10451=DIRECTION('',(1.,0.,0.));
#10452=DIRECTION('',(0.,1.,0.));
#10453=DIRECTION('',(0.,0.,1.));
#10454=DIRECTION('',(0.,1.,0.));
#10455=DIRECTION('',(1.,0.,0.));
#10456=DIRECTION('',(0.,1.,0.));
#10457=DIRECTION('',(0.,1.,0.));
#10458=DIRECTION('',(0.,0.,1.));
#10459=DIRECTION('',(0.,1.,0.));
#10460=DIRECTION('',(0.,1.,0.));
#10461=DIRECTION('',(1.,0.,0.));
#10462=DIRECTION('',(0.,0.,-1.));
#10463=DIRECTION('',(-1.,0.,0.));
#10464=DIRECTION('',(-1.,0.,0.));
#10465=DIRECTION('',(0.,1.,0.));
#10466=DIRECTION('',(0.,1.,0.));
#10467=DIRECTION('',(0.,0.,1.));
#10468=DIRECTION('',(0.,1.,0.));
#10469=DIRECTION('',(1.,0.,0.));
#10470=DIRECTION('',(0.,1.,0.));
#10471=DIRECTION('',(1.,0.,0.));
#10472=DIRECTION('',(0.,0.,-1.));
#10473=DIRECTION('',(0.,0.,-1.));
#10474=DIRECTION('',(0.,1.,0.));
#10475=DIRECTION('',(0.,1.,0.));
#10476=DIRECTION('',(0.,0.,1.));
#10477=DIRECTION('',(0.,1.,0.));
#10478=DIRECTION('',(1.,0.,0.));
#10479=DIRECTION('',(0.,1.,0.));
#10480=DIRECTION('',(0.,0.,1.));
#10481=DIRECTION('',(1.,0.,0.));
#10482=DIRECTION('',(1.,0.,0.));
#10483=DIRECTION('',(0.,1.,0.));
#10484=DIRECTION('',(0.,1.,0.));
#10485=DIRECTION('',(0.,0.,1.));
#10486=DIRECTION('',(0.,1.,0.));
#10487=DIRECTION('',(0.,1.,0.));
#10488=DIRECTION('',(1.,0.,0.));
#10489=DIRECTION('',(0.,1.,0.));
#10490=DIRECTION('',(0.,0.,1.));
#10491=DIRECTION('',(0.,1.,0.));
#10492=DIRECTION('',(0.,1.,0.));
#10493=DIRECTION('',(1.,0.,0.));
#10494=DIRECTION('',(0.,1.,0.));
#10495=DIRECTION('',(0.,0.,1.));
#10496=DIRECTION('',(0.,1.,0.));
#10497=DIRECTION('',(1.,0.,0.));
#10498=DIRECTION('',(0.,1.,0.));
#10499=DIRECTION('',(0.,1.,0.));
#10500=DIRECTION('',(0.,0.,1.));
#10501=DIRECTION('',(0.,1.,0.));
#10502=DIRECTION('',(0.,1.,0.));
#10503=DIRECTION('',(1.,0.,0.));
#10504=DIRECTION('',(0.,1.,0.));
#10505=DIRECTION('',(-1.,0.,0.));
#10506=DIRECTION('',(0.,0.,1.));
#10507=DIRECTION('',(0.,1.,0.));
#10508=DIRECTION('',(0.,0.,1.));
#10509=DIRECTION('',(0.,1.,0.));
#10510=DIRECTION('',(0.,0.,1.));
#10511=DIRECTION('',(0.,1.,0.));
#10512=DIRECTION('',(0.,1.,0.));
#10513=DIRECTION('',(1.,0.,0.));
#10514=DIRECTION('',(0.,0.,-1.));
#10515=DIRECTION('',(-1.,0.,0.));
#10516=DIRECTION('',(0.,1.,0.));
#10517=DIRECTION('',(-1.,0.,0.));
#10518=DIRECTION('',(0.,1.,0.));
#10519=DIRECTION('',(0.,0.,1.));
#10520=DIRECTION('',(0.,1.,0.));
#10521=DIRECTION('',(1.,0.,0.));
#10522=DIRECTION('',(0.,1.,0.));
#10523=DIRECTION('',(0.,1.,0.));
#10524=DIRECTION('',(0.,0.,1.));
#10525=DIRECTION('',(0.,1.,0.));
#10526=DIRECTION('',(0.,1.,0.));
#10527=DIRECTION('',(1.,0.,0.));
#10528=DIRECTION('',(0.,1.,0.));
#10529=DIRECTION('',(0.,0.,1.));
#10530=DIRECTION('',(0.,1.,0.));
#10531=DIRECTION('',(1.,0.,0.));
#10532=DIRECTION('',(0.,1.,0.));
#10533=DIRECTION('',(0.,0.,-1.));
#10534=DIRECTION('',(-1.,0.,0.));
#10535=DIRECTION('',(-1.,0.,0.));
#10536=DIRECTION('',(0.,0.,1.));
#10537=DIRECTION('',(1.,0.,0.));
#10538=DIRECTION('',(0.,1.,0.));
#10539=DIRECTION('',(1.,0.,0.));
#10540=DIRECTION('',(0.,1.,0.));
#10541=DIRECTION('',(0.,0.,1.));
#10542=DIRECTION('',(0.,1.,0.));
#10543=DIRECTION('',(1.,0.,0.));
#10544=DIRECTION('',(0.,1.,0.));
#10545=DIRECTION('',(0.,1.,0.));
#10546=DIRECTION('',(0.,0.,1.));
#10547=DIRECTION('',(0.,1.,0.));
#10548=DIRECTION('',(0.,1.,0.));
#10549=DIRECTION('',(1.,0.,0.));
#10550=DIRECTION('',(0.,0.,1.));
#10551=DIRECTION('',(1.,0.,0.));
#10552=DIRECTION('',(0.,1.,0.));
#10553=DIRECTION('',(1.,0.,0.));
#10554=DIRECTION('',(0.,1.,0.));
#10555=DIRECTION('',(0.,0.,1.));
#10556=DIRECTION('',(0.,1.,0.));
#10557=DIRECTION('',(1.,0.,0.));
#10558=DIRECTION('',(0.,1.,0.));
#10559=DIRECTION('',(0.,1.,0.));
#10560=DIRECTION('',(0.,0.,1.));
#10561=DIRECTION('',(0.,1.,0.));
#10562=DIRECTION('',(1.,0.,0.));
#10563=DIRECTION('',(0.,1.,0.));
#10564=DIRECTION('',(0.,0.,1.));
#10565=DIRECTION('',(0.,1.,0.));
#10566=DIRECTION('',(1.,0.,0.));
#10567=DIRECTION('',(0.,1.,0.));
#10568=DIRECTION('',(1.,0.,0.));
#10569=DIRECTION('',(0.,1.,0.));
#10570=DIRECTION('',(1.,0.,0.));
#10571=DIRECTION('',(0.,1.,0.));
#10572=DIRECTION('',(1.,0.,0.));
#10573=DIRECTION('',(0.,1.,0.));
#10574=DIRECTION('',(1.,0.,0.));
#10575=DIRECTION('',(0.,-1.,0.));
#10576=DIRECTION('',(0.,0.,-1.));
#10577=DIRECTION('',(0.,1.,0.));
#10578=DIRECTION('',(1.,0.,0.));
#10579=DIRECTION('',(0.,1.,0.));
#10580=DIRECTION('',(0.,0.,1.));
#10581=DIRECTION('',(0.,-1.,0.));
#10582=DIRECTION('',(0.,0.,-1.));
#10583=DIRECTION('',(0.,1.,0.));
#10584=DIRECTION('',(1.,0.,0.));
#10585=DIRECTION('',(0.,1.,0.));
#10586=DIRECTION('',(0.,0.,1.));
#10587=DIRECTION('',(0.,-1.,0.));
#10588=DIRECTION('',(0.,0.,-1.));
#10589=DIRECTION('',(0.,1.,0.));
#10590=DIRECTION('',(1.,0.,0.));
#10591=DIRECTION('',(0.,1.,0.));
#10592=DIRECTION('',(0.,0.,1.));
#10593=DIRECTION('',(0.,-1.,0.));
#10594=DIRECTION('',(0.,0.,-1.));
#10595=DIRECTION('',(0.,1.,0.));
#10596=DIRECTION('',(1.,0.,0.));
#10597=DIRECTION('',(0.,1.,0.));
#10598=DIRECTION('',(0.,0.,1.));
#10599=DIRECTION('',(0.,-1.,0.));
#10600=DIRECTION('',(0.,0.,-1.));
#10601=DIRECTION('',(0.,1.,0.));
#10602=DIRECTION('',(1.,0.,0.));
#10603=DIRECTION('',(0.,1.,0.));
#10604=DIRECTION('',(0.,0.,1.));
#10605=DIRECTION('',(-1.,0.,0.));
#10606=DIRECTION('',(0.,0.,1.));
#10607=DIRECTION('',(-1.,0.,0.));
#10608=DIRECTION('',(1.,0.,0.));
#10609=DIRECTION('',(0.,0.,-1.));
#10610=DIRECTION('',(-1.,0.,0.));
#10611=DIRECTION('',(0.,0.,-1.));
#10612=DIRECTION('',(-1.,0.,0.));
#10613=DIRECTION('',(-1.,0.,0.));
#10614=DIRECTION('',(0.,-1.,0.));
#10615=DIRECTION('',(-1.,0.,0.));
#10616=DIRECTION('',(0.,0.,1.));
#10617=DIRECTION('',(-1.,0.,0.));
#10618=DIRECTION('',(1.,0.,0.));
#10619=DIRECTION('',(0.,0.,-1.));
#10620=DIRECTION('',(0.,1.,0.));
#10621=DIRECTION('',(0.,0.,1.));
#10622=DIRECTION('',(-1.,0.,0.));
#10623=DIRECTION('',(0.,0.,-1.));
#10624=DIRECTION('',(-1.,0.,0.));
#10625=DIRECTION('',(0.,0.,1.));
#10626=DIRECTION('',(-1.,0.,0.));
#10627=DIRECTION('',(1.,0.,0.));
#10628=DIRECTION('',(0.,0.,-1.));
#10629=DIRECTION('',(0.,0.,1.));
#10630=DIRECTION('',(1.,0.,0.));
#10631=DIRECTION('',(-1.,0.,0.));
#10632=DIRECTION('',(0.,1.,0.));
#10633=DIRECTION('',(0.,1.,0.));
#10634=DIRECTION('',(0.,0.,1.));
#10635=DIRECTION('',(-1.,0.,0.));
#10636=DIRECTION('',(0.,0.,-1.));
#10637=DIRECTION('',(-1.,0.,0.));
#10638=DIRECTION('',(0.,0.,1.));
#10639=DIRECTION('',(-1.,0.,0.));
#10640=DIRECTION('',(1.,0.,0.));
#10641=DIRECTION('',(0.,0.,-1.));
#10642=DIRECTION('',(0.,0.,1.));
#10643=DIRECTION('',(1.,0.,0.));
#10644=DIRECTION('',(-1.,0.,0.));
#10645=DIRECTION('',(0.,1.,0.));
#10646=DIRECTION('',(-1.,0.,0.));
#10647=DIRECTION('',(0.,0.,1.));
#10648=DIRECTION('',(-1.,0.,0.));
#10649=DIRECTION('',(1.,0.,0.));
#10650=DIRECTION('',(0.,0.,-1.));
#10651=DIRECTION('',(0.,-1.,0.));
#10652=DIRECTION('',(0.,0.,-1.));
#10653=DIRECTION('',(-1.,0.,0.));
#10654=DIRECTION('',(0.,0.,1.));
#10655=DIRECTION('',(0.,0.,1.));
#10656=DIRECTION('',(1.,0.,0.));
#10657=DIRECTION('',(-1.,0.,0.));
#10658=DIRECTION('',(0.,1.,0.));
#10659=DIRECTION('',(-1.,0.,0.));
#10660=DIRECTION('',(0.,0.,1.));
#10661=DIRECTION('',(-1.,0.,0.));
#10662=DIRECTION('',(1.,0.,0.));
#10663=DIRECTION('',(0.,0.,-1.));
#10664=DIRECTION('',(0.,-1.,0.));
#10665=DIRECTION('',(0.,0.,-1.));
#10666=DIRECTION('',(0.,0.,1.));
#10667=DIRECTION('',(1.,0.,0.));
#10668=DIRECTION('',(0.,0.,-1.));
#10669=DIRECTION('',(0.,0.,1.));
#10670=DIRECTION('',(0.,1.,0.));
#10671=DIRECTION('',(0.,0.,-1.));
#10672=DIRECTION('',(0.,-1.,0.));
#10673=DIRECTION('',(0.,-1.,0.));
#10674=DIRECTION('',(0.,0.,-1.));
#10675=DIRECTION('',(-1.,0.,0.));
#10676=DIRECTION('',(0.,0.,1.));
#10677=DIRECTION('',(-1.,0.,0.));
#10678=DIRECTION('',(0.,0.,-1.));
#10679=DIRECTION('',(-1.,0.,0.));
#10680=DIRECTION('',(-1.,0.,0.));
#10681=DIRECTION('',(0.,-1.,0.));
#10682=DIRECTION('',(0.,1.,0.));
#10683=DIRECTION('',(0.,0.,1.));
#10684=DIRECTION('',(-1.,0.,0.));
#10685=DIRECTION('',(0.,0.,-1.));
#10686=DIRECTION('',(-1.,0.,0.));
#10687=DIRECTION('',(0.,0.,1.));
#10688=DIRECTION('',(-1.,0.,0.));
#10689=DIRECTION('',(1.,0.,0.));
#10690=DIRECTION('',(0.,0.,-1.));
#10691=DIRECTION('',(0.,0.,1.));
#10692=DIRECTION('',(1.,0.,0.));
#10693=DIRECTION('',(-1.,0.,0.));
#10694=DIRECTION('',(0.,1.,0.));
#10695=DIRECTION('',(-1.,0.,0.));
#10696=DIRECTION('',(0.,0.,1.));
#10697=DIRECTION('',(-1.,0.,0.));
#10698=DIRECTION('',(1.,0.,0.));
#10699=DIRECTION('',(0.,0.,-1.));
#10700=DIRECTION('',(0.,-1.,0.));
#10701=DIRECTION('',(0.,0.,-1.));
#10702=DIRECTION('',(-1.,0.,0.));
#10703=DIRECTION('',(0.,0.,1.));
#10704=DIRECTION('',(0.,0.,1.));
#10705=DIRECTION('',(1.,0.,0.));
#10706=DIRECTION('',(-1.,0.,0.));
#10707=DIRECTION('',(0.,1.,0.));
#10708=DIRECTION('',(0.,1.,0.));
#10709=DIRECTION('',(0.,0.,1.));
#10710=DIRECTION('',(-1.,0.,0.));
#10711=DIRECTION('',(0.,0.,-1.));
#10712=DIRECTION('',(-1.,0.,0.));
#10713=DIRECTION('',(0.,0.,1.));
#10714=DIRECTION('',(-1.,0.,0.));
#10715=DIRECTION('',(1.,0.,0.));
#10716=DIRECTION('',(0.,0.,-1.));
#10717=DIRECTION('',(0.,0.,1.));
#10718=DIRECTION('',(1.,0.,0.));
#10719=DIRECTION('',(-1.,0.,0.));
#10720=DIRECTION('',(0.,1.,0.));
#10721=DIRECTION('',(-1.,0.,0.));
#10722=DIRECTION('',(0.,0.,1.));
#10723=DIRECTION('',(1.,0.,0.));
#10724=DIRECTION('',(0.,0.,-1.));
#10725=DIRECTION('',(1.,0.,0.));
#10726=DIRECTION('',(0.,0.,-1.));
#10727=DIRECTION('',(0.,0.,1.));
#10728=DIRECTION('',(0.,1.,0.));
#10729=DIRECTION('',(0.,0.,-1.));
#10730=DIRECTION('',(0.,-1.,0.));
#10731=DIRECTION('',(-1.,0.,0.));
#10732=DIRECTION('',(0.,0.,1.));
#10733=DIRECTION('',(-1.,0.,0.));
#10734=DIRECTION('',(1.,0.,0.));
#10735=DIRECTION('',(0.,0.,-1.));
#10736=DIRECTION('',(-1.,0.,0.));
#10737=DIRECTION('',(0.,0.,-1.));
#10738=DIRECTION('',(-1.,0.,0.));
#10739=DIRECTION('',(-1.,0.,0.));
#10740=DIRECTION('',(0.,-1.,0.));
#10741=DIRECTION('',(-1.,0.,0.));
#10742=DIRECTION('',(0.,0.,1.));
#10743=DIRECTION('',(-1.,0.,0.));
#10744=DIRECTION('',(1.,0.,0.));
#10745=DIRECTION('',(0.,0.,-1.));
#10746=DIRECTION('',(0.,1.,0.));
#10747=DIRECTION('',(0.,0.,1.));
#10748=DIRECTION('',(-1.,0.,0.));
#10749=DIRECTION('',(0.,0.,-1.));
#10750=DIRECTION('',(0.,0.,-1.));
#10751=DIRECTION('',(-1.,0.,0.));
#10752=DIRECTION('',(-1.,0.,0.));
#10753=DIRECTION('',(0.,-1.,0.));
#10754=DIRECTION('',(-1.,0.,0.));
#10755=DIRECTION('',(0.,0.,1.));
#10756=DIRECTION('',(-1.,0.,0.));
#10757=DIRECTION('',(1.,0.,0.));
#10758=DIRECTION('',(0.,0.,-1.));
#10759=DIRECTION('',(0.,1.,0.));
#10760=DIRECTION('',(0.,0.,1.));
#10761=DIRECTION('',(-1.,0.,0.));
#10762=DIRECTION('',(0.,0.,-1.));
#10763=DIRECTION('',(-1.,0.,0.));
#10764=DIRECTION('',(0.,0.,1.));
#10765=DIRECTION('',(-1.,0.,0.));
#10766=DIRECTION('',(1.,0.,0.));
#10767=DIRECTION('',(0.,0.,-1.));
#10768=DIRECTION('',(0.,0.,1.));
#10769=DIRECTION('',(1.,0.,0.));
#10770=DIRECTION('',(-1.,0.,0.));
#10771=DIRECTION('',(0.,1.,0.));
#10772=DIRECTION('',(-1.,0.,0.));
#10773=DIRECTION('',(0.,0.,1.));
#10774=DIRECTION('',(-1.,0.,0.));
#10775=DIRECTION('',(1.,0.,0.));
#10776=DIRECTION('',(0.,0.,-1.));
#10777=DIRECTION('',(0.,-1.,0.));
#10778=DIRECTION('',(0.,0.,-1.));
#10779=DIRECTION('',(0.,0.,1.));
#10780=DIRECTION('',(1.,0.,0.));
#10781=DIRECTION('',(0.,0.,-1.));
#10782=DIRECTION('',(0.,0.,1.));
#10783=DIRECTION('',(0.,1.,0.));
#10784=DIRECTION('',(0.,0.,-1.));
#10785=DIRECTION('',(0.,-1.,0.));
#10786=DIRECTION('',(0.,0.,-1.));
#10787=DIRECTION('',(-1.,0.,0.));
#10788=DIRECTION('',(-1.,0.,0.));
#10789=DIRECTION('',(0.,-1.,0.));
#10790=DIRECTION('',(-1.,0.,0.));
#10791=DIRECTION('',(-1.,0.,0.));
#10792=DIRECTION('',(0.,0.,1.));
#10793=DIRECTION('',(-1.,0.,0.));
#10794=DIRECTION('',(1.,0.,0.));
#10795=DIRECTION('',(0.,0.,-1.));
#10796=DIRECTION('',(0.,1.,0.));
#10797=DIRECTION('',(0.,0.,1.));
#10798=DIRECTION('',(-1.,0.,0.));
#10799=DIRECTION('',(0.,0.,-1.));
#10800=DIRECTION('',(0.,0.,-1.));
#10801=DIRECTION('',(-1.,0.,0.));
#10802=DIRECTION('',(-1.,0.,0.));
#10803=DIRECTION('',(0.,-1.,0.));
#10804=DIRECTION('',(-1.,0.,0.));
#10805=DIRECTION('',(0.,0.,1.));
#10806=DIRECTION('',(-1.,0.,0.));
#10807=DIRECTION('',(1.,0.,0.));
#10808=DIRECTION('',(0.,0.,-1.));
#10809=DIRECTION('',(0.,1.,0.));
#10810=DIRECTION('',(0.,0.,1.));
#10811=DIRECTION('',(-1.,0.,0.));
#10812=DIRECTION('',(0.,0.,-1.));
#10813=DIRECTION('',(-1.,0.,0.));
#10814=DIRECTION('',(0.,0.,1.));
#10815=DIRECTION('',(-1.,0.,0.));
#10816=DIRECTION('',(1.,0.,0.));
#10817=DIRECTION('',(0.,0.,-1.));
#10818=DIRECTION('',(0.,0.,1.));
#10819=DIRECTION('',(1.,0.,0.));
#10820=DIRECTION('',(-1.,0.,0.));
#10821=DIRECTION('',(0.,1.,0.));
#10822=DIRECTION('',(0.,1.,0.));
#10823=DIRECTION('',(0.,0.,1.));
#10824=DIRECTION('',(-1.,0.,0.));
#10825=DIRECTION('',(0.,0.,-1.));
#10826=DIRECTION('',(-1.,0.,0.));
#10827=DIRECTION('',(0.,0.,1.));
#10828=DIRECTION('',(-1.,0.,0.));
#10829=DIRECTION('',(1.,0.,0.));
#10830=DIRECTION('',(0.,0.,-1.));
#10831=DIRECTION('',(0.,0.,1.));
#10832=DIRECTION('',(1.,0.,0.));
#10833=DIRECTION('',(-1.,0.,0.));
#10834=DIRECTION('',(0.,1.,0.));
#10835=DIRECTION('',(-1.,0.,0.));
#10836=DIRECTION('',(0.,0.,1.));
#10837=DIRECTION('',(-1.,0.,0.));
#10838=DIRECTION('',(1.,0.,0.));
#10839=DIRECTION('',(0.,0.,-1.));
#10840=DIRECTION('',(0.,-1.,0.));
#10841=DIRECTION('',(0.,0.,-1.));
#10842=DIRECTION('',(-1.,0.,0.));
#10843=DIRECTION('',(0.,0.,1.));
#10844=DIRECTION('',(0.,0.,1.));
#10845=DIRECTION('',(1.,0.,0.));
#10846=DIRECTION('',(-1.,0.,0.));
#10847=DIRECTION('',(0.,1.,0.));
#10848=DIRECTION('',(-1.,0.,0.));
#10849=DIRECTION('',(0.,0.,1.));
#10850=DIRECTION('',(-1.,0.,0.));
#10851=DIRECTION('',(1.,0.,0.));
#10852=DIRECTION('',(0.,0.,-1.));
#10853=DIRECTION('',(0.,-1.,0.));
#10854=DIRECTION('',(0.,0.,-1.));
#10855=DIRECTION('',(-1.,0.,0.));
#10856=DIRECTION('',(0.,0.,1.));
#10857=DIRECTION('',(-1.,0.,0.));
#10858=DIRECTION('',(0.,0.,1.));
#10859=DIRECTION('',(-1.,0.,0.));
#10860=DIRECTION('',(1.,0.,0.));
#10861=DIRECTION('',(0.,0.,-1.));
#10862=DIRECTION('',(0.,0.,-1.));
#10863=DIRECTION('',(-1.,0.,0.));
#10864=DIRECTION('',(-1.,0.,0.));
#10865=DIRECTION('',(0.,-1.,0.));
#10866=DIRECTION('',(0.,-1.,0.));
#10867=DIRECTION('',(0.,0.,-1.));
#10868=DIRECTION('',(-1.,0.,0.));
#10869=DIRECTION('',(0.,0.,1.));
#10870=DIRECTION('',(-1.,0.,0.));
#10871=DIRECTION('',(0.,0.,1.));
#10872=DIRECTION('',(1.,0.,0.));
#10873=DIRECTION('',(0.,0.,-1.));
#10874=DIRECTION('',(1.,0.,0.));
#10875=DIRECTION('',(0.,0.,-1.));
#10876=DIRECTION('',(0.,0.,1.));
#10877=DIRECTION('',(0.,1.,0.));
#10878=DIRECTION('',(0.,0.,-1.));
#10879=DIRECTION('',(0.,-1.,0.));
#10880=DIRECTION('',(-1.,0.,0.));
#10881=DIRECTION('',(0.,0.,1.));
#10882=DIRECTION('',(-1.,0.,0.));
#10883=DIRECTION('',(1.,0.,0.));
#10884=DIRECTION('',(0.,0.,-1.));
#10885=DIRECTION('',(-1.,0.,0.));
#10886=DIRECTION('',(0.,0.,-1.));
#10887=DIRECTION('',(-1.,0.,0.));
#10888=DIRECTION('',(-1.,0.,0.));
#10889=DIRECTION('',(0.,-1.,0.));
#10890=DIRECTION('',(-1.,0.,0.));
#10891=DIRECTION('',(0.,0.,1.));
#10892=DIRECTION('',(-1.,0.,0.));
#10893=DIRECTION('',(1.,0.,0.));
#10894=DIRECTION('',(0.,0.,-1.));
#10895=DIRECTION('',(0.,1.,0.));
#10896=DIRECTION('',(0.,0.,1.));
#10897=DIRECTION('',(-1.,0.,0.));
#10898=DIRECTION('',(0.,0.,-1.));
#10899=DIRECTION('',(0.,0.,-1.));
#10900=DIRECTION('',(-1.,0.,0.));
#10901=DIRECTION('',(-1.,0.,0.));
#10902=DIRECTION('',(0.,-1.,0.));
#10903=DIRECTION('',(-1.,0.,0.));
#10904=DIRECTION('',(0.,0.,1.));
#10905=DIRECTION('',(-1.,0.,0.));
#10906=DIRECTION('',(1.,0.,0.));
#10907=DIRECTION('',(0.,0.,-1.));
#10908=DIRECTION('',(0.,1.,0.));
#10909=DIRECTION('',(0.,0.,1.));
#10910=DIRECTION('',(-1.,0.,0.));
#10911=DIRECTION('',(0.,0.,-1.));
#10912=DIRECTION('',(-1.,0.,0.));
#10913=DIRECTION('',(0.,0.,1.));
#10914=DIRECTION('',(-1.,0.,0.));
#10915=DIRECTION('',(1.,0.,0.));
#10916=DIRECTION('',(0.,0.,-1.));
#10917=DIRECTION('',(0.,0.,1.));
#10918=DIRECTION('',(1.,0.,0.));
#10919=DIRECTION('',(-1.,0.,0.));
#10920=DIRECTION('',(0.,1.,0.));
#10921=DIRECTION('',(-1.,0.,0.));
#10922=DIRECTION('',(0.,0.,1.));
#10923=DIRECTION('',(-1.,0.,0.));
#10924=DIRECTION('',(1.,0.,0.));
#10925=DIRECTION('',(0.,0.,-1.));
#10926=DIRECTION('',(0.,-1.,0.));
#10927=DIRECTION('',(0.,0.,-1.));
#10928=DIRECTION('',(-1.,0.,0.));
#10929=DIRECTION('',(0.,0.,1.));
#10930=DIRECTION('',(-1.,0.,0.));
#10931=DIRECTION('',(0.,0.,1.));
#10932=DIRECTION('',(-1.,0.,0.));
#10933=DIRECTION('',(1.,0.,0.));
#10934=DIRECTION('',(0.,0.,-1.));
#10935=DIRECTION('',(0.,0.,-1.));
#10936=DIRECTION('',(-1.,0.,0.));
#10937=DIRECTION('',(-1.,0.,0.));
#10938=DIRECTION('',(0.,-1.,0.));
#10939=DIRECTION('',(0.,-1.,0.));
#10940=DIRECTION('',(0.,0.,-1.));
#10941=DIRECTION('',(0.,0.,1.));
#10942=DIRECTION('',(1.,0.,0.));
#10943=DIRECTION('',(0.,0.,-1.));
#10944=DIRECTION('',(0.,0.,1.));
#10945=DIRECTION('',(0.,1.,0.));
#10946=DIRECTION('',(0.,0.,-1.));
#10947=DIRECTION('',(0.,-1.,0.));
#10948=DIRECTION('',(0.,0.,1.));
#10949=DIRECTION('',(1.,0.,0.));
#10950=DIRECTION('',(0.,0.,1.));
#10951=DIRECTION('',(1.,0.,0.));
#10952=DIRECTION('',(0.,0.,1.));
#10953=DIRECTION('',(1.,0.,0.));
#10954=DIRECTION('',(0.,-1.,0.));
#10955=DIRECTION('',(0.,0.,1.));
#10956=DIRECTION('',(1.,0.,0.));
#10957=DIRECTION('',(-1.,0.,0.));
#10958=DIRECTION('',(-1.,0.,0.));
#10959=DIRECTION('',(0.,0.,1.));
#10960=DIRECTION('',(1.,0.,0.));
#10961=DIRECTION('',(0.,1.,0.));
#10962=DIRECTION('',(0.,0.,1.));
#10963=DIRECTION('',(1.,0.,0.));
#10964=DIRECTION('',(0.543878394002614,0.839164043877678,0.));
#10965=DIRECTION('',(1.,-4.4156597570318E-14,0.));
#10966=DIRECTION('',(0.,0.,1.));
#10967=DIRECTION('',(1.,0.,0.));
#10968=DIRECTION('',(-0.233445363855901,-0.972369920397678,0.));
#10969=DIRECTION('',(0.998134798421867,-0.0610485395348545,0.));
#10970=DIRECTION('',(-0.866025403784439,0.499999999999999,0.));
#10971=DIRECTION('',(0.,1.,0.));
#10972=DIRECTION('',(0.965925826289068,0.258819045102522,0.));
#10973=DIRECTION('',(0.,0.,-1.));
#10974=DIRECTION('',(-1.,0.,0.));
#10975=DIRECTION('',(0.,0.,-1.));
#10976=DIRECTION('',(0.,0.,-1.));
#10977=DIRECTION('',(1.,0.,0.));
#10978=DIRECTION('',(0.,0.,-1.));
#10979=DIRECTION('',(0.,0.,-1.));
#10980=DIRECTION('',(0.,0.,-1.));
#10981=DIRECTION('',(-1.,0.,0.));
#10982=DIRECTION('',(0.,0.,-1.));
#10983=DIRECTION('',(-1.,0.,0.));
#10984=DIRECTION('',(0.642787609686543,0.766044443118974,0.));
#10985=DIRECTION('',(-0.766044443118975,0.642787609686544,0.));
#10986=DIRECTION('',(0.,0.,-1.));
#10987=DIRECTION('',(0.,0.,-1.));
#10988=DIRECTION('',(0.,1.,0.));
#10989=DIRECTION('',(0.,0.,1.));
#10990=DIRECTION('',(0.,0.,-1.));
#10991=DIRECTION('',(-0.953582665134143,0.301131367937093,0.));
#10992=DIRECTION('',(-0.301131367937093,-0.953582665134143,0.));
#10993=DIRECTION('',(-0.258819045102522,0.965925826289068,0.));
#10994=DIRECTION('',(-0.965925826289068,-0.258819045102522,0.));
#10995=DIRECTION('',(0.,0.,-1.));
#10996=DIRECTION('',(-1.,0.,0.));
#10997=DIRECTION('',(0.,0.,1.));
#10998=DIRECTION('',(0.,0.,-1.));
#10999=DIRECTION('',(-0.499999999999999,-0.866025403784439,0.));
#11000=DIRECTION('',(0.866025403784439,-0.499999999999999,0.));
#11001=DIRECTION('',(0.,-1.,0.));
#11002=DIRECTION('',(0.,0.,-1.));
#11003=DIRECTION('',(0.,0.,-1.));
#11004=DIRECTION('',(0.,0.,-1.));
#11005=DIRECTION('',(-1.,0.,0.));
#11006=DIRECTION('',(0.,0.,-1.));
#11007=DIRECTION('',(-1.,0.,0.));
#11008=DIRECTION('',(0.,0.,1.));
#11009=DIRECTION('',(0.,0.,-1.));
#11010=DIRECTION('',(0.,0.,-1.));
#11011=DIRECTION('',(-1.,0.,0.));
#11012=DIRECTION('',(0.0610485395348545,0.998134798421867,0.));
#11013=DIRECTION('',(-0.998134798421867,0.0610485395348545,0.));
#11014=DIRECTION('',(0.,0.,-1.));
#11015=DIRECTION('',(0.972369920397678,-0.233445363855901,0.));
#11016=DIRECTION('',(0.233445363855901,0.972369920397678,0.));
#11017=DIRECTION('',(0.,0.,-1.));
#11018=DIRECTION('',(0.,0.,-1.));
#11019=DIRECTION('',(-1.,0.,0.));
#11020=DIRECTION('',(0.,0.,-1.));
#11021=DIRECTION('',(4.4156597570318E-14,1.,0.));
#11022=DIRECTION('',(-1.,4.4156597570318E-14,0.));
#11023=DIRECTION('',(0.,0.,-1.));
#11024=DIRECTION('',(-0.839164043877678,0.543878394002614,0.));
#11025=DIRECTION('',(-0.543878394002614,-0.839164043877678,0.));
#11026=DIRECTION('',(0.,0.,-1.));
#11027=DIRECTION('',(0.,0.,-1.));
#11028=DIRECTION('',(0.,0.,-1.));
#11029=DIRECTION('',(-1.,0.,0.));
#11030=DIRECTION('',(0.,0.,-1.));
#11031=DIRECTION('',(-1.,0.,0.));
#11032=DIRECTION('',(0.,0.,1.));
#11033=DIRECTION('',(0.,0.,-1.));
#11034=DIRECTION('',(0.,0.,-1.));
#11035=DIRECTION('',(-1.,0.,0.));
#11036=DIRECTION('',(0.,0.,-1.));
#11037=DIRECTION('',(0.,-1.,0.));
#11038=DIRECTION('',(0.,0.,-1.));
#11039=DIRECTION('',(0.,0.,-1.));
#11040=DIRECTION('',(0.,0.,-1.));
#11041=DIRECTION('',(-0.109756636065471,-0.993958490501284,0.));
#11042=DIRECTION('',(0.993958490501284,-0.109756636065471,0.));
#11043=DIRECTION('',(0.,0.,-1.));
#11044=DIRECTION('',(0.,-1.,0.));
#11045=DIRECTION('',(0.,0.,-1.));
#11046=DIRECTION('',(0.,0.,-1.));
#11047=DIRECTION('',(0.109756636065472,-0.993958490501284,0.));
#11048=DIRECTION('',(0.993958490501284,0.109756636065472,0.));
#11049=DIRECTION('',(0.,0.,-1.));
#11050=DIRECTION('',(0.,-1.,0.));
#11051=DIRECTION('',(0.,0.,-1.));
#11052=DIRECTION('',(0.,0.,1.));
#11053=DIRECTION('',(-1.,0.,0.));
#11054=DIRECTION('',(0.,0.,1.));
#11055=DIRECTION('',(0.,0.,-1.));
#11056=DIRECTION('',(1.,0.,0.));
#11057=DIRECTION('',(0.,0.,-1.));
#11058=DIRECTION('',(0.,0.,1.));
#11059=DIRECTION('',(0.,1.,0.));
#11060=DIRECTION('',(0.,0.,1.));
#11061=DIRECTION('',(0.,1.,0.));
#11062=DIRECTION('',(0.,0.,1.));
#11063=DIRECTION('',(0.,1.,0.));
#11064=DIRECTION('',(0.,0.,1.));
#11065=DIRECTION('',(1.,0.,0.));
#11066=DIRECTION('',(0.,0.,1.));
#11067=DIRECTION('',(1.,0.,0.));
#11068=DIRECTION('',(0.,0.,1.));
#11069=DIRECTION('',(1.,0.,0.));
#11070=DIRECTION('',(1.,0.,0.));
#11071=DIRECTION('',(0.,-1.,0.));
#11072=DIRECTION('',(0.,-1.,0.));
#11073=DIRECTION('',(0.,0.,-1.));
#11074=DIRECTION('',(1.,0.,0.));
#11075=DIRECTION('',(0.,0.,-1.));
#11076=DIRECTION('',(0.,0.,-1.));
#11077=DIRECTION('',(-1.,0.,0.));
#11078=DIRECTION('',(0.,1.,0.));
#11079=DIRECTION('',(1.,0.,0.));
#11080=DIRECTION('',(0.,0.,-1.));
#11081=DIRECTION('',(0.,1.,0.));
#11082=DIRECTION('',(0.,0.,1.));
#11083=DIRECTION('',(1.,0.,0.));
#11084=DIRECTION('',(0.,0.,1.));
#11085=DIRECTION('',(1.,0.,0.));
#11086=DIRECTION('',(0.,0.,1.));
#11087=DIRECTION('',(1.,0.,0.));
#11088=DIRECTION('',(1.,0.,0.));
#11089=DIRECTION('',(0.,-1.,0.));
#11090=DIRECTION('',(0.,-1.,0.));
#11091=DIRECTION('',(0.,0.,-1.));
#11092=DIRECTION('',(1.,0.,0.));
#11093=DIRECTION('',(0.,0.,-1.));
#11094=DIRECTION('',(0.,0.,-1.));
#11095=DIRECTION('',(-1.,0.,0.));
#11096=DIRECTION('',(0.,1.,0.));
#11097=DIRECTION('',(1.,0.,0.));
#11098=DIRECTION('',(0.,0.,-1.));
#11099=DIRECTION('',(0.,1.,0.));
#11100=DIRECTION('',(0.,0.,1.));
#11101=DIRECTION('',(1.,0.,0.));
#11102=DIRECTION('',(0.,0.,1.));
#11103=DIRECTION('',(1.,0.,0.));
#11104=DIRECTION('',(0.,0.,1.));
#11105=DIRECTION('',(1.,0.,0.));
#11106=DIRECTION('',(1.,0.,0.));
#11107=DIRECTION('',(0.,-1.,0.));
#11108=DIRECTION('',(0.,-1.,0.));
#11109=DIRECTION('',(0.,0.,-1.));
#11110=DIRECTION('',(1.,0.,0.));
#11111=DIRECTION('',(0.,0.,-1.));
#11112=DIRECTION('',(0.,0.,-1.));
#11113=DIRECTION('',(-1.,0.,0.));
#11114=DIRECTION('',(0.,1.,0.));
#11115=DIRECTION('',(1.,0.,0.));
#11116=DIRECTION('',(0.,0.,-1.));
#11117=DIRECTION('',(0.,1.,0.));
#11118=DIRECTION('',(0.,0.,1.));
#11119=DIRECTION('',(1.,0.,0.));
#11120=DIRECTION('',(0.,0.,1.));
#11121=DIRECTION('',(1.,0.,0.));
#11122=DIRECTION('',(0.,0.,1.));
#11123=DIRECTION('',(1.,0.,0.));
#11124=DIRECTION('',(1.,0.,0.));
#11125=DIRECTION('',(0.,-1.,0.));
#11126=DIRECTION('',(0.,-1.,0.));
#11127=DIRECTION('',(0.,0.,-1.));
#11128=DIRECTION('',(1.,0.,0.));
#11129=DIRECTION('',(0.,0.,-1.));
#11130=DIRECTION('',(0.,0.,-1.));
#11131=DIRECTION('',(-1.,0.,0.));
#11132=DIRECTION('',(0.,1.,0.));
#11133=DIRECTION('',(1.,0.,0.));
#11134=DIRECTION('',(0.,0.,-1.));
#11135=DIRECTION('',(0.,1.,0.));
#11136=DIRECTION('',(0.,0.,1.));
#11137=DIRECTION('',(1.,0.,0.));
#11138=DIRECTION('',(0.,0.,1.));
#11139=DIRECTION('',(1.,0.,0.));
#11140=DIRECTION('',(0.,0.,1.));
#11141=DIRECTION('',(1.,0.,0.));
#11142=DIRECTION('',(1.,0.,0.));
#11143=DIRECTION('',(0.,-1.,0.));
#11144=DIRECTION('',(0.,-1.,0.));
#11145=DIRECTION('',(0.,0.,-1.));
#11146=DIRECTION('',(1.,0.,0.));
#11147=DIRECTION('',(0.,0.,-1.));
#11148=DIRECTION('',(0.,0.,-1.));
#11149=DIRECTION('',(-1.,0.,0.));
#11150=DIRECTION('',(0.,1.,0.));
#11151=DIRECTION('',(1.,0.,0.));
#11152=DIRECTION('',(0.,0.,-1.));
#11153=DIRECTION('',(0.,0.,1.));
#11154=DIRECTION('',(1.,0.,0.));
#11155=DIRECTION('',(0.,1.,0.));
#11156=DIRECTION('',(0.,0.,1.));
#11157=DIRECTION('',(1.,0.,0.));
#11158=DIRECTION('',(0.,0.,-1.));
#11159=DIRECTION('',(1.,0.,0.));
#11160=DIRECTION('',(-0.447213595499958,0.894427190999916,0.));
#11161=DIRECTION('',(-0.894427190999916,-0.447213595499958,0.));
#11162=DIRECTION('',(0.894427190999916,0.447213595499958,0.));
#11163=DIRECTION('',(0.,0.,-1.));
#11164=DIRECTION('',(0.894427190999916,0.447213595499958,0.));
#11165=DIRECTION('',(-1.,0.,0.));
#11166=DIRECTION('',(0.,0.,1.));
#11167=DIRECTION('',(0.,0.,-1.));
#11168=DIRECTION('',(0.,1.,0.));
#11169=DIRECTION('',(0.,1.,0.));
#11170=DIRECTION('',(0.,0.,-1.));
#11171=DIRECTION('',(-0.258819045102519,-0.965925826289069,0.));
#11172=DIRECTION('',(0.965925826289069,-0.258819045102519,0.));
#11173=DIRECTION('',(-0.965925826289069,0.258819045102519,0.));
#11174=DIRECTION('',(0.,0.,-1.));
#11175=DIRECTION('',(-0.965925826289069,0.258819045102519,0.));
#11176=DIRECTION('',(0.,-1.,0.));
#11177=DIRECTION('',(0.,0.,-1.));
#11178=DIRECTION('',(-1.,0.,0.));
#11179=DIRECTION('',(-1.,0.,0.));
#11180=DIRECTION('',(0.,0.,1.));
#11181=DIRECTION('',(1.,0.,0.));
#11182=DIRECTION('',(0.,0.,1.));
#11183=DIRECTION('',(1.,0.,0.));
#11184=CARTESIAN_POINT('',(0.,0.,0.));
#11185=CARTESIAN_POINT('',(63.7813168849957,26.0623273205546,31.8));
#11186=CARTESIAN_POINT('',(66.8497380707407,26.25,31.8));
#11187=CARTESIAN_POINT('',(66.8497380707408,26.25,28.2));
#11188=CARTESIAN_POINT('',(66.8497380707407,26.25,31.8));
#11189=CARTESIAN_POINT('',(63.7813168849957,26.0623273205546,28.2));
#11190=CARTESIAN_POINT('',(68.4694757302326,26.3490673992109,28.2));
#11191=CARTESIAN_POINT('',(68.4694757302326,26.3490673992109,31.8));
#11192=CARTESIAN_POINT('',(68.4694757302326,26.3490673992109,31.8));
#11193=CARTESIAN_POINT('',(63.7813168849957,26.0623273205546,31.8));
#11194=CARTESIAN_POINT('',(62.1804179780612,26.5780608029987,31.8));
#11195=CARTESIAN_POINT('',(62.3930405087474,26.25,31.8));
#11196=CARTESIAN_POINT('',(62.3930405087474,26.25,31.8));
#11197=CARTESIAN_POINT('',(62.3930405087474,26.25,28.2));
#11198=CARTESIAN_POINT('',(62.1804179780612,26.5780608029987,31.8));
#11199=CARTESIAN_POINT('',(62.1804179780612,26.5780608029987,31.8));
#11200=CARTESIAN_POINT('',(62.1804179780612,26.5780608029987,31.8));
#11201=CARTESIAN_POINT('',(62.1804179780612,26.5780608029987,18.2));
#11202=CARTESIAN_POINT('',(62.1804179780612,26.5780608029987,18.2));
#11203=CARTESIAN_POINT('',(62.3930405087474,26.25,18.2));
#11204=CARTESIAN_POINT('',(62.3930405087474,26.25,22.6));
#11205=CARTESIAN_POINT('',(62.3930405087474,26.25,21.8));
#11206=CARTESIAN_POINT('',(62.1804179780612,26.5780608029987,21.8));
#11207=CARTESIAN_POINT('',(62.3282285809758,26.35,21.8));
#11208=CARTESIAN_POINT('',(62.3282285809758,26.35,31.8));
#11209=CARTESIAN_POINT('',(62.3282285809758,26.35,28.2));
#11210=CARTESIAN_POINT('',(62.1804179780612,26.5780608029987,28.2));
#11211=CARTESIAN_POINT('',(69.,25.85,31.8));
#11212=CARTESIAN_POINT('',(69.,25.8480762113533,32.6));
#11213=CARTESIAN_POINT('',(69.,25.8480762113533,31.8));
#11214=CARTESIAN_POINT('',(69.,25.8480762113533,28.2));
#11215=CARTESIAN_POINT('',(69.,25.85,31.8));
#11216=CARTESIAN_POINT('',(69.,25.85,31.8));
#11217=CARTESIAN_POINT('',(69.,25.85,31.8));
#11218=CARTESIAN_POINT('',(69.,25.85,28.2));
#11219=CARTESIAN_POINT('',(69.,25.85,28.2));
#11220=CARTESIAN_POINT('',(62.6,27.05,31.8));
#11221=CARTESIAN_POINT('',(69.,27.05,31.8));
#11222=CARTESIAN_POINT('',(69.,23.3,31.8));
#11223=CARTESIAN_POINT('',(69.,23.3,31.8));
#11224=CARTESIAN_POINT('',(70.1321659129645,22.35,31.8));
#11225=CARTESIAN_POINT('',(70.1321659129645,22.35,31.8));
#11226=CARTESIAN_POINT('',(74.2,22.35,31.8));
#11227=CARTESIAN_POINT('',(74.2,22.35,31.8));
#11228=CARTESIAN_POINT('',(74.5,23.3,31.8));
#11229=CARTESIAN_POINT('',(74.5,23.3,31.8));
#11230=CARTESIAN_POINT('',(76.6,23.8626933041054,31.8));
#11231=CARTESIAN_POINT('',(76.6,23.8626933041054,31.8));
#11232=CARTESIAN_POINT('',(76.6,24.1375644347018,31.8));
#11233=CARTESIAN_POINT('',(76.6,24.1375644347018,31.8));
#11234=CARTESIAN_POINT('',(74.5,25.35,31.8));
#11235=CARTESIAN_POINT('',(74.5,25.35,31.8));
#11236=CARTESIAN_POINT('',(72.2,25.35,31.8));
#11237=CARTESIAN_POINT('',(72.2,25.55,31.8));
#11238=CARTESIAN_POINT('',(72.,25.55,31.8));
#11239=CARTESIAN_POINT('',(72.,25.55,31.8));
#11240=CARTESIAN_POINT('',(72.,25.85,31.8));
#11241=CARTESIAN_POINT('',(72.5,25.85,31.8));
#11242=CARTESIAN_POINT('',(72.5305242697674,26.3490673992109,31.8));
#11243=CARTESIAN_POINT('',(72.5305242697674,26.3490673992109,31.8));
#11244=CARTESIAN_POINT('',(77.2186831150043,26.0623273205546,31.8));
#11245=CARTESIAN_POINT('',(77.2186831150043,26.0623273205546,31.8));
#11246=CARTESIAN_POINT('',(77.0055260159205,25.1744641047474,31.8));
#11247=CARTESIAN_POINT('',(77.2,25.1277750319763,31.8));
#11248=CARTESIAN_POINT('',(77.2,24.9277750319763,31.8));
#11249=CARTESIAN_POINT('',(77.2,24.9277750319763,31.8));
#11250=CARTESIAN_POINT('',(77.75,24.9277750319762,31.8));
#11251=CARTESIAN_POINT('',(77.75,24.9277750319762,31.8));
#11252=CARTESIAN_POINT('',(78.8195820219388,26.5780608029987,31.8));
#11253=CARTESIAN_POINT('',(78.4,26.85,31.8));
#11254=CARTESIAN_POINT('',(78.9,26.85,31.8));
#11255=CARTESIAN_POINT('',(78.9,26.85,31.8));
#11256=CARTESIAN_POINT('',(78.9,27.05,31.8));
#11257=CARTESIAN_POINT('',(78.4,27.05,31.8));
#11258=CARTESIAN_POINT('',(78.4,27.55,31.8));
#11259=CARTESIAN_POINT('',(78.4,27.55,31.8));
#11260=CARTESIAN_POINT('',(76.1724087258228,27.55,31.8));
#11261=CARTESIAN_POINT('',(76.1724087258228,27.55,31.8));
#11262=CARTESIAN_POINT('',(72.55,27.95,31.8));
#11263=CARTESIAN_POINT('',(72.55,27.95,31.8));
#11264=CARTESIAN_POINT('',(68.45,27.95,31.8));
#11265=CARTESIAN_POINT('',(68.45,27.95,31.8));
#11266=CARTESIAN_POINT('',(64.8275912741773,27.55,31.8));
#11267=CARTESIAN_POINT('',(64.8275912741773,27.55,31.8));
#11268=CARTESIAN_POINT('',(62.6,27.55,31.8));
#11269=CARTESIAN_POINT('',(62.6,27.05,31.8));
#11270=CARTESIAN_POINT('',(62.1,27.05,31.8));
#11271=CARTESIAN_POINT('',(62.1,27.05,31.8));
#11272=CARTESIAN_POINT('',(62.1,26.85,31.8));
#11273=CARTESIAN_POINT('',(62.5999999999999,26.85,31.8));
#11274=CARTESIAN_POINT('',(62.6,26.25,31.8));
#11275=CARTESIAN_POINT('',(68.5,25.85,31.8));
#11276=CARTESIAN_POINT('',(0.,0.,28.2));
#11277=CARTESIAN_POINT('',(69.,23.3,28.2));
#11278=CARTESIAN_POINT('',(69.,23.3,28.2));
#11279=CARTESIAN_POINT('',(70.1321659129645,22.35,28.2));
#11280=CARTESIAN_POINT('',(69.,25.85,28.2));
#11281=CARTESIAN_POINT('',(68.5,25.85,28.2));
#11282=CARTESIAN_POINT('',(0.,26.25,28.2));
#11283=CARTESIAN_POINT('',(62.,26.35,28.2));
#11284=CARTESIAN_POINT('',(64.3,26.35,28.2));
#11285=CARTESIAN_POINT('',(64.3,28.85,28.2));
#11286=CARTESIAN_POINT('',(64.3,27.55,28.2));
#11287=CARTESIAN_POINT('',(64.8275912741773,27.55,28.2));
#11288=CARTESIAN_POINT('',(64.8275912741773,27.55,28.2));
#11289=CARTESIAN_POINT('',(68.45,27.95,28.2));
#11290=CARTESIAN_POINT('',(68.45,27.95,28.2));
#11291=CARTESIAN_POINT('',(72.55,27.95,28.2));
#11292=CARTESIAN_POINT('',(72.55,27.95,28.2));
#11293=CARTESIAN_POINT('',(76.1724087258228,27.55,28.2));
#11294=CARTESIAN_POINT('',(76.1724087258228,27.55,28.2));
#11295=CARTESIAN_POINT('',(78.4,27.55,28.2));
#11296=CARTESIAN_POINT('',(76.5,27.55,28.2));
#11297=CARTESIAN_POINT('',(76.5,22.35,28.2));
#11298=CARTESIAN_POINT('',(76.5,26.35,28.2));
#11299=CARTESIAN_POINT('',(62.,26.35,28.2));
#11300=CARTESIAN_POINT('',(78.6717714190242,26.35,28.2));
#11301=CARTESIAN_POINT('',(77.75,24.9277750319762,28.2));
#11302=CARTESIAN_POINT('',(77.75,24.9277750319762,28.2));
#11303=CARTESIAN_POINT('',(77.2,24.9277750319763,28.2));
#11304=CARTESIAN_POINT('',(77.2,24.9277750319763,28.2));
#11305=CARTESIAN_POINT('',(77.2,25.1277750319763,28.2));
#11306=CARTESIAN_POINT('',(77.0055260159205,25.1744641047474,28.2));
#11307=CARTESIAN_POINT('',(77.2186831150043,26.0623273205546,28.2));
#11308=CARTESIAN_POINT('',(77.2186831150043,26.0623273205546,28.2));
#11309=CARTESIAN_POINT('',(72.5305242697674,26.3490673992109,28.2));
#11310=CARTESIAN_POINT('',(72.5305242697674,26.3490673992109,28.2));
#11311=CARTESIAN_POINT('',(72.5,25.85,28.2));
#11312=CARTESIAN_POINT('',(72.,25.85,28.2));
#11313=CARTESIAN_POINT('',(72.,25.55,28.2));
#11314=CARTESIAN_POINT('',(72.,25.55,28.2));
#11315=CARTESIAN_POINT('',(72.2,25.55,28.2));
#11316=CARTESIAN_POINT('',(72.2,25.35,28.2));
#11317=CARTESIAN_POINT('',(74.5,25.35,28.2));
#11318=CARTESIAN_POINT('',(74.5,25.35,28.2));
#11319=CARTESIAN_POINT('',(76.6,24.1375644347018,28.2));
#11320=CARTESIAN_POINT('',(76.6,24.1375644347018,28.2));
#11321=CARTESIAN_POINT('',(76.6,23.8626933041054,28.2));
#11322=CARTESIAN_POINT('',(76.6,23.8626933041054,28.2));
#11323=CARTESIAN_POINT('',(74.5,23.3,28.2));
#11324=CARTESIAN_POINT('',(74.5,23.3,28.2));
#11325=CARTESIAN_POINT('',(74.2,22.35,28.2));
#11326=CARTESIAN_POINT('',(74.2,22.35,28.2));
#11327=CARTESIAN_POINT('',(64.3,22.35,28.2));
#11328=CARTESIAN_POINT('',(62.,8.10000000000002,45.6));
#11329=CARTESIAN_POINT('',(62.,26.25,32.6));
#11330=CARTESIAN_POINT('',(62.,26.25,32.6));
#11331=CARTESIAN_POINT('',(62.,22.5,32.6));
#11332=CARTESIAN_POINT('',(62.,26.25,32.6));
#11333=CARTESIAN_POINT('',(62.,26.25,27.4));
#11334=CARTESIAN_POINT('',(62.,26.25,27.4));
#11335=CARTESIAN_POINT('',(62.,22.5,27.4));
#11336=CARTESIAN_POINT('',(62.,22.5,32.6));
#11337=CARTESIAN_POINT('',(62.,18.25,18.55));
#11338=CARTESIAN_POINT('',(62.,18.25,19.05));
#11339=CARTESIAN_POINT('',(62.,17.75,18.55));
#11340=CARTESIAN_POINT('',(62.,18.65,19.05));
#11341=CARTESIAN_POINT('',(62.,18.65,19.05));
#11342=CARTESIAN_POINT('',(62.,18.65,18.55));
#11343=CARTESIAN_POINT('',(62.,19.15,18.55));
#11344=CARTESIAN_POINT('',(62.,19.15,16.95));
#11345=CARTESIAN_POINT('',(62.,19.15,16.95));
#11346=CARTESIAN_POINT('',(62.,20.6,16.95));
#11347=CARTESIAN_POINT('',(62.,20.6,16.95));
#11348=CARTESIAN_POINT('',(62.,20.6,16.45));
#11349=CARTESIAN_POINT('',(62.,21.1,16.45));
#11350=CARTESIAN_POINT('',(62.,21.1,13.55));
#11351=CARTESIAN_POINT('',(62.,21.1,13.55));
#11352=CARTESIAN_POINT('',(62.,20.6,13.55));
#11353=CARTESIAN_POINT('',(62.,20.6,13.05));
#11354=CARTESIAN_POINT('',(62.,19.15,13.05));
#11355=CARTESIAN_POINT('',(62.,19.15,13.05));
#11356=CARTESIAN_POINT('',(62.,19.15,11.45));
#11357=CARTESIAN_POINT('',(62.,19.15,11.45));
#11358=CARTESIAN_POINT('',(62.,18.65,11.45));
#11359=CARTESIAN_POINT('',(62.,18.65,10.95));
#11360=CARTESIAN_POINT('',(62.,18.25,10.95));
#11361=CARTESIAN_POINT('',(62.,18.25,10.95));
#11362=CARTESIAN_POINT('',(62.,18.25,11.45));
#11363=CARTESIAN_POINT('',(62.,17.75,11.45));
#11364=CARTESIAN_POINT('',(62.,17.75,13.05));
#11365=CARTESIAN_POINT('',(62.,17.75,13.05));
#11366=CARTESIAN_POINT('',(62.,16.3,13.05));
#11367=CARTESIAN_POINT('',(62.,16.3,13.05));
#11368=CARTESIAN_POINT('',(62.,16.3,13.55));
#11369=CARTESIAN_POINT('',(62.,15.8,13.55));
#11370=CARTESIAN_POINT('',(62.,15.8,16.45));
#11371=CARTESIAN_POINT('',(62.,15.8,16.45));
#11372=CARTESIAN_POINT('',(62.,16.3,16.45));
#11373=CARTESIAN_POINT('',(62.,16.3,16.95));
#11374=CARTESIAN_POINT('',(62.,17.75,16.95));
#11375=CARTESIAN_POINT('',(62.,17.75,16.95));
#11376=CARTESIAN_POINT('',(62.,17.75,18.55));
#11377=CARTESIAN_POINT('',(62.,21.1,36.95));
#11378=CARTESIAN_POINT('',(62.,21.1,36.95));
#11379=CARTESIAN_POINT('',(62.,15.8,36.95));
#11380=CARTESIAN_POINT('',(62.,21.1,31.45));
#11381=CARTESIAN_POINT('',(62.,21.1,31.45));
#11382=CARTESIAN_POINT('',(62.,20.6,31.45));
#11383=CARTESIAN_POINT('',(62.,20.6,30.95));
#11384=CARTESIAN_POINT('',(62.,20.2,30.95));
#11385=CARTESIAN_POINT('',(62.,20.2,30.95));
#11386=CARTESIAN_POINT('',(62.,20.2,31.45));
#11387=CARTESIAN_POINT('',(62.,19.7,31.45));
#11388=CARTESIAN_POINT('',(62.,19.7,33.05));
#11389=CARTESIAN_POINT('',(62.,19.7,33.05));
#11390=CARTESIAN_POINT('',(62.,17.2,33.05));
#11391=CARTESIAN_POINT('',(62.,17.2,33.05));
#11392=CARTESIAN_POINT('',(62.,17.2,31.45));
#11393=CARTESIAN_POINT('',(62.,17.2,31.45));
#11394=CARTESIAN_POINT('',(62.,16.7,31.45));
#11395=CARTESIAN_POINT('',(62.,16.7,30.95));
#11396=CARTESIAN_POINT('',(62.,16.3,30.95));
#11397=CARTESIAN_POINT('',(62.,16.3,30.95));
#11398=CARTESIAN_POINT('',(62.,16.3,31.45));
#11399=CARTESIAN_POINT('',(62.,15.8,31.45));
#11400=CARTESIAN_POINT('',(62.,15.8,36.95));
#11401=CARTESIAN_POINT('',(62.,11.15,50.));
#11402=CARTESIAN_POINT('',(62.,11.15,17.6679000138238));
#11403=CARTESIAN_POINT('',(62.,11.15,8.295));
#11404=CARTESIAN_POINT('',(62.,11.2,8.25));
#11405=CARTESIAN_POINT('',(62.,10.2,9.15));
#11406=CARTESIAN_POINT('',(62.,10.2,9.15));
#11407=CARTESIAN_POINT('',(62.,7.5,9.15));
#11408=CARTESIAN_POINT('',(62.,7.5,11.15));
#11409=CARTESIAN_POINT('',(62.,5.5,11.15));
#11410=CARTESIAN_POINT('',(62.,5.5,11.15));
#11411=CARTESIAN_POINT('',(62.,5.5,16.6143346385386));
#11412=CARTESIAN_POINT('',(62.,7.5,16.6143346385386));
#11413=CARTESIAN_POINT('',(62.,6.86363636363637,18.510394058049));
#11414=CARTESIAN_POINT('',(62.,6.80000000000001,18.7));
#11415=CARTESIAN_POINT('',(62.,6.86363636363636,18.889605941951));
#11416=CARTESIAN_POINT('',(62.,7.49999999999999,20.7856653614614));
#11417=CARTESIAN_POINT('',(62.,5.5,20.7856653614614));
#11418=CARTESIAN_POINT('',(62.,5.5,20.7856653614614));
#11419=CARTESIAN_POINT('',(62.,5.5,21.8406523060569));
#11420=CARTESIAN_POINT('',(62.,7.5,21.8406523060569));
#11421=CARTESIAN_POINT('',(62.,6.13636363636364,23.303695664187));
#11422=CARTESIAN_POINT('',(62.,6.,23.45));
#11423=CARTESIAN_POINT('',(62.,6.13636364759964,23.5963043253404));
#11424=CARTESIAN_POINT('',(62.,7.49999999999997,25.0593476939431));
#11425=CARTESIAN_POINT('',(62.,5.5,25.0593476939431));
#11426=CARTESIAN_POINT('',(62.,5.5,25.0593476939431));
#11427=CARTESIAN_POINT('',(62.,5.5,25.7406523060569));
#11428=CARTESIAN_POINT('',(62.,7.5,25.7406523060569));
#11429=CARTESIAN_POINT('',(62.,6.13636363636363,27.203695664187));
#11430=CARTESIAN_POINT('',(62.,6.,27.35));
#11431=CARTESIAN_POINT('',(62.,6.13636364759964,27.4963043253404));
#11432=CARTESIAN_POINT('',(62.,7.49999999999998,28.9593476939431));
#11433=CARTESIAN_POINT('',(62.,5.5,28.9593476939431));
#11434=CARTESIAN_POINT('',(62.,5.5,28.9593476939431));
#11435=CARTESIAN_POINT('',(62.,5.5,29.6406523060569));
#11436=CARTESIAN_POINT('',(62.,7.49999999999999,29.6406523060569));
#11437=CARTESIAN_POINT('',(62.,6.13636363636363,31.103695664187));
#11438=CARTESIAN_POINT('',(62.,6.00000000000001,31.25));
#11439=CARTESIAN_POINT('',(62.,6.13636363636363,31.396304335813));
#11440=CARTESIAN_POINT('',(62.,7.49999999999999,32.8593476939431));
#11441=CARTESIAN_POINT('',(62.,5.49999999999999,32.8593476939431));
#11442=CARTESIAN_POINT('',(62.,5.5,32.8593476939431));
#11443=CARTESIAN_POINT('',(62.,5.5,33.5406523060569));
#11444=CARTESIAN_POINT('',(62.,7.50000000000001,33.5406523060569));
#11445=CARTESIAN_POINT('',(62.,6.13636363636363,35.003695664187));
#11446=CARTESIAN_POINT('',(62.,5.99999999999999,35.15));
#11447=CARTESIAN_POINT('',(62.,6.13636364759964,35.2963043253404));
#11448=CARTESIAN_POINT('',(62.,7.49999999999997,36.7593476939431));
#11449=CARTESIAN_POINT('',(62.,5.5,36.7593476939431));
#11450=CARTESIAN_POINT('',(62.,5.5,36.7593476939431));
#11451=CARTESIAN_POINT('',(62.,5.5,40.2));
#11452=CARTESIAN_POINT('',(62.,5.5,40.2));
#11453=CARTESIAN_POINT('',(62.,6.35,41.05));
#11454=CARTESIAN_POINT('',(62.,6.35,41.05));
#11455=CARTESIAN_POINT('',(62.,10.2,41.05));
#11456=CARTESIAN_POINT('',(62.,10.2,41.05));
#11457=CARTESIAN_POINT('',(62.,11.15,41.905));
#11458=CARTESIAN_POINT('',(62.,11.15,50.));
#11459=CARTESIAN_POINT('',(62.,11.15,19.7320999861762));
#11460=CARTESIAN_POINT('',(62.,9.44999999999999,20.7856653614614));
#11461=CARTESIAN_POINT('',(62.,10.0863636363636,18.889605941951));
#11462=CARTESIAN_POINT('',(62.,10.15,18.7));
#11463=CARTESIAN_POINT('',(62.,10.0863636218021,18.5103940629362));
#11464=CARTESIAN_POINT('',(62.,9.44999999999999,16.6143346385386));
#11465=CARTESIAN_POINT('',(62.,11.15,50.));
#11466=CARTESIAN_POINT('',(62.,11.15,43.2581967213115));
#11467=CARTESIAN_POINT('',(62.,11.15,43.1044154806467));
#11468=CARTESIAN_POINT('',(62.,10.9,42.9385842411289));
#11469=CARTESIAN_POINT('',(62.,11.0009009190994,43.2211068146073));
#11470=CARTESIAN_POINT('',(62.,11.0009009190994,43.2211068146073));
#11471=CARTESIAN_POINT('',(62.,8.59909908090055,44.0788931853927));
#11472=CARTESIAN_POINT('',(62.,8.69999999999999,44.3614157588711));
#11473=CARTESIAN_POINT('',(62.,8.4,44.3614157588711));
#11474=CARTESIAN_POINT('',(62.,8.4,44.3614157588711));
#11475=CARTESIAN_POINT('',(62.,8.4,44.4607178918729));
#11476=CARTESIAN_POINT('',(62.,8.70000000000001,44.4607178918729));
#11477=CARTESIAN_POINT('',(62.,8.5982203541276,44.178510691954));
#11478=CARTESIAN_POINT('',(62.,8.5982203541276,44.178510691954));
#11479=CARTESIAN_POINT('',(62.,11.15,50.));
#11480=CARTESIAN_POINT('',(62.,11.15,6.89558451935335));
#11481=CARTESIAN_POINT('',(62.,11.15,6.74180327868853));
#11482=CARTESIAN_POINT('',(62.,11.2517796458724,6.77851069195398));
#11483=CARTESIAN_POINT('',(62.,8.5982203541276,5.82148930804602));
#11484=CARTESIAN_POINT('',(62.,8.7,5.53928210812708));
#11485=CARTESIAN_POINT('',(62.,8.4,5.53928210812708));
#11486=CARTESIAN_POINT('',(62.,8.4,4.9));
#11487=CARTESIAN_POINT('',(62.,8.4,5.63858424112889));
#11488=CARTESIAN_POINT('',(62.,8.7,5.63858424112889));
#11489=CARTESIAN_POINT('',(62.,8.59909908090055,5.92110681460734));
#11490=CARTESIAN_POINT('',(62.,8.59909908090055,5.92110681460734));
#11491=CARTESIAN_POINT('',(62.,11.0009009190994,6.77889318539266));
#11492=CARTESIAN_POINT('',(62.,10.9,7.06141575887111));
#11493=CARTESIAN_POINT('',(62.,10.95,2.6));
#11494=CARTESIAN_POINT('',(62.,10.95,2.6));
#11495=CARTESIAN_POINT('',(62.,11.15,2.6));
#11496=CARTESIAN_POINT('',(62.,11.15,50.));
#11497=CARTESIAN_POINT('',(62.,11.15,0.));
#11498=CARTESIAN_POINT('',(62.,11.15,0.));
#11499=CARTESIAN_POINT('',(62.,11.75,0.));
#11500=CARTESIAN_POINT('',(62.,11.75,0.300000000000002));
#11501=CARTESIAN_POINT('',(62.,12.05,0.3));
#11502=CARTESIAN_POINT('',(62.,12.05,0.3));
#11503=CARTESIAN_POINT('',(62.,12.05,1.5));
#11504=CARTESIAN_POINT('',(62.,12.05,1.5));
#11505=CARTESIAN_POINT('',(62.,26.25,1.5));
#11506=CARTESIAN_POINT('',(62.,26.25,3.));
#11507=CARTESIAN_POINT('',(62.,27.75,3.));
#11508=CARTESIAN_POINT('',(62.,27.75,3.));
#11509=CARTESIAN_POINT('',(62.,27.75,47.));
#11510=CARTESIAN_POINT('',(62.,26.25,47.));
#11511=CARTESIAN_POINT('',(62.,26.25,48.5));
#11512=CARTESIAN_POINT('',(62.,26.25,48.5));
#11513=CARTESIAN_POINT('',(62.,12.05,48.5));
#11514=CARTESIAN_POINT('',(62.,12.05,48.5));
#11515=CARTESIAN_POINT('',(62.,12.05,49.7));
#11516=CARTESIAN_POINT('',(62.,11.75,49.7));
#11517=CARTESIAN_POINT('',(62.,11.75,50.));
#11518=CARTESIAN_POINT('',(62.,11.75,50.));
#11519=CARTESIAN_POINT('',(62.,11.15,50.));
#11520=CARTESIAN_POINT('',(62.,11.15,50.));
#11521=CARTESIAN_POINT('',(62.,11.15,47.4));
#11522=CARTESIAN_POINT('',(62.,13.45,47.4));
#11523=CARTESIAN_POINT('',(62.,10.95,47.4));
#11524=CARTESIAN_POINT('',(62.,10.95,47.4));
#11525=CARTESIAN_POINT('',(62.,10.95,50.));
#11526=CARTESIAN_POINT('',(62.,10.95,50.));
#11527=CARTESIAN_POINT('',(62.,4.24421356237309,50.));
#11528=CARTESIAN_POINT('',(62.,4.24421356237309,49.));
#11529=CARTESIAN_POINT('',(62.,3.53710678118654,49.7071067811865));
#11530=CARTESIAN_POINT('',(62.,3.53710678118655,49.7071067811865));
#11531=CARTESIAN_POINT('',(62.,1.62289321881345,47.7928932188135));
#11532=CARTESIAN_POINT('',(62.,2.33,47.0857864376269));
#11533=CARTESIAN_POINT('',(62.,1.33,47.0857864376269));
#11534=CARTESIAN_POINT('',(62.,1.33,47.0857864376269));
#11535=CARTESIAN_POINT('',(62.,1.33,43.4));
#11536=CARTESIAN_POINT('',(62.,1.63,43.4));
#11537=CARTESIAN_POINT('',(62.,1.63,43.1));
#11538=CARTESIAN_POINT('',(62.,1.63,43.1));
#11539=CARTESIAN_POINT('',(62.,2.1,43.1));
#11540=CARTESIAN_POINT('',(62.,2.1,43.3));
#11541=CARTESIAN_POINT('',(62.,2.1,42.8));
#11542=CARTESIAN_POINT('',(62.,2.1,42.8));
#11543=CARTESIAN_POINT('',(62.,0.6,42.8));
#11544=CARTESIAN_POINT('',(62.,0.599999999999985,42.2));
#11545=CARTESIAN_POINT('',(62.,2.27682456221956E-15,42.2));
#11546=CARTESIAN_POINT('',(62.,0.,42.2));
#11547=CARTESIAN_POINT('',(62.,0.,7.8));
#11548=CARTESIAN_POINT('',(62.,0.599999999999999,7.8));
#11549=CARTESIAN_POINT('',(62.,0.6,7.2));
#11550=CARTESIAN_POINT('',(62.,0.6,7.2));
#11551=CARTESIAN_POINT('',(62.,2.1,7.2));
#11552=CARTESIAN_POINT('',(62.,2.1,7.2));
#11553=CARTESIAN_POINT('',(62.,2.1,6.9));
#11554=CARTESIAN_POINT('',(62.,3.9,6.9));
#11555=CARTESIAN_POINT('',(62.,1.63,6.9));
#11556=CARTESIAN_POINT('',(62.,1.63,6.6));
#11557=CARTESIAN_POINT('',(62.,1.33,6.6));
#11558=CARTESIAN_POINT('',(62.,1.33,6.6));
#11559=CARTESIAN_POINT('',(62.,1.33,2.9142135623731));
#11560=CARTESIAN_POINT('',(62.,2.33,2.9142135623731));
#11561=CARTESIAN_POINT('',(62.,1.62289321881345,2.20710678118655));
#11562=CARTESIAN_POINT('',(62.,1.62289321881345,2.20710678118655));
#11563=CARTESIAN_POINT('',(62.,3.53710678118655,0.292893218813453));
#11564=CARTESIAN_POINT('',(62.,4.2442135623731,1.));
#11565=CARTESIAN_POINT('',(62.,4.24421356237309,4.33680868994202E-16));
#11566=CARTESIAN_POINT('',(62.,4.24421356237309,0.));
#11567=CARTESIAN_POINT('',(62.,10.95,0.));
#11568=CARTESIAN_POINT('',(62.,10.95,0.));
#11569=CARTESIAN_POINT('',(62.,3.9,6.6));
#11570=CARTESIAN_POINT('',(62.,4.2,6.6));
#11571=CARTESIAN_POINT('',(62.,4.18284271247462,6.7));
#11572=CARTESIAN_POINT('',(62.,2.1,6.7));
#11573=CARTESIAN_POINT('',(62.,4.5,6.7));
#11574=CARTESIAN_POINT('',(62.,4.5,6.7));
#11575=CARTESIAN_POINT('',(62.,4.5,4.9));
#11576=CARTESIAN_POINT('',(62.,4.8,4.9));
#11577=CARTESIAN_POINT('',(62.,4.8,4.6));
#11578=CARTESIAN_POINT('',(62.,4.8,4.6));
#11579=CARTESIAN_POINT('',(62.,8.1,4.6));
#11580=CARTESIAN_POINT('',(62.,8.1,4.9));
#11581=CARTESIAN_POINT('',(62.,8.4,4.9));
#11582=CARTESIAN_POINT('',(62.,8.4,5.53928210812708));
#11583=CARTESIAN_POINT('',(62.,8.4,4.7));
#11584=CARTESIAN_POINT('',(62.,8.1,4.7));
#11585=CARTESIAN_POINT('',(62.,8.1,4.4));
#11586=CARTESIAN_POINT('',(62.,8.1,4.4));
#11587=CARTESIAN_POINT('',(62.,4.5,4.4));
#11588=CARTESIAN_POINT('',(62.,4.5,4.7));
#11589=CARTESIAN_POINT('',(62.,4.2,4.7));
#11590=CARTESIAN_POINT('',(62.,4.2,4.7));
#11591=CARTESIAN_POINT('',(62.,5.5,43.3));
#11592=CARTESIAN_POINT('',(62.,5.5,43.3));
#11593=CARTESIAN_POINT('',(62.,5.18284271247462,43.3));
#11594=CARTESIAN_POINT('',(62.,4.9,43.4));
#11595=CARTESIAN_POINT('',(62.,5.2,43.4));
#11596=CARTESIAN_POINT('',(62.,5.2,43.4));
#11597=CARTESIAN_POINT('',(62.,5.2,45.8));
#11598=CARTESIAN_POINT('',(62.,5.49999999999999,45.8));
#11599=CARTESIAN_POINT('',(62.,5.5,46.1));
#11600=CARTESIAN_POINT('',(62.,5.5,46.1));
#11601=CARTESIAN_POINT('',(62.,8.1,46.1));
#11602=CARTESIAN_POINT('',(62.,8.10000000000002,45.8));
#11603=CARTESIAN_POINT('',(62.,8.4,45.8));
#11604=CARTESIAN_POINT('',(62.,8.4,45.8));
#11605=CARTESIAN_POINT('',(62.,8.4,45.6));
#11606=CARTESIAN_POINT('',(62.,8.10000000000002,45.6));
#11607=CARTESIAN_POINT('',(62.,8.1,45.9));
#11608=CARTESIAN_POINT('',(62.,8.1,45.9));
#11609=CARTESIAN_POINT('',(62.,5.8,45.9));
#11610=CARTESIAN_POINT('',(62.,5.79999999999999,45.6));
#11611=CARTESIAN_POINT('',(62.,5.5,45.6));
#11612=CARTESIAN_POINT('',(62.,5.5,45.6));
#11613=CARTESIAN_POINT('',(62.,20.6,46.95));
#11614=CARTESIAN_POINT('',(62.,20.6,46.95));
#11615=CARTESIAN_POINT('',(62.,16.3,46.95));
#11616=CARTESIAN_POINT('',(62.,20.6,46.45));
#11617=CARTESIAN_POINT('',(62.,21.1,46.45));
#11618=CARTESIAN_POINT('',(62.,21.1,43.55));
#11619=CARTESIAN_POINT('',(62.,21.1,43.55));
#11620=CARTESIAN_POINT('',(62.,20.6,43.55));
#11621=CARTESIAN_POINT('',(62.,20.6,43.05));
#11622=CARTESIAN_POINT('',(62.,19.15,43.05));
#11623=CARTESIAN_POINT('',(62.,19.15,43.05));
#11624=CARTESIAN_POINT('',(62.,19.15,41.45));
#11625=CARTESIAN_POINT('',(62.,19.15,41.45));
#11626=CARTESIAN_POINT('',(62.,18.65,41.45));
#11627=CARTESIAN_POINT('',(62.,18.65,40.95));
#11628=CARTESIAN_POINT('',(62.,18.25,40.95));
#11629=CARTESIAN_POINT('',(62.,18.25,40.95));
#11630=CARTESIAN_POINT('',(62.,18.25,41.45));
#11631=CARTESIAN_POINT('',(62.,17.75,41.45));
#11632=CARTESIAN_POINT('',(62.,17.75,43.05));
#11633=CARTESIAN_POINT('',(62.,17.75,43.05));
#11634=CARTESIAN_POINT('',(62.,16.3,43.05));
#11635=CARTESIAN_POINT('',(62.,16.3,43.05));
#11636=CARTESIAN_POINT('',(62.,16.3,43.55));
#11637=CARTESIAN_POINT('',(62.,15.8,43.55));
#11638=CARTESIAN_POINT('',(62.,15.8,46.45));
#11639=CARTESIAN_POINT('',(62.,15.8,46.45));
#11640=CARTESIAN_POINT('',(62.,16.3,46.45));
#11641=CARTESIAN_POINT('',(62.,20.6,29.05));
#11642=CARTESIAN_POINT('',(62.,20.6,29.05));
#11643=CARTESIAN_POINT('',(62.,20.2,29.05));
#11644=CARTESIAN_POINT('',(62.,20.6,28.55));
#11645=CARTESIAN_POINT('',(62.,21.1,28.55));
#11646=CARTESIAN_POINT('',(62.,21.1,23.55));
#11647=CARTESIAN_POINT('',(62.,21.1,23.55));
#11648=CARTESIAN_POINT('',(62.,20.6,23.55));
#11649=CARTESIAN_POINT('',(62.,20.6,23.05));
#11650=CARTESIAN_POINT('',(62.,16.3,23.05));
#11651=CARTESIAN_POINT('',(62.,16.3,23.05));
#11652=CARTESIAN_POINT('',(62.,16.3,23.55));
#11653=CARTESIAN_POINT('',(62.,15.8,23.55));
#11654=CARTESIAN_POINT('',(62.,15.8,26.45));
#11655=CARTESIAN_POINT('',(62.,15.8,26.45));
#11656=CARTESIAN_POINT('',(62.,16.3,26.45));
#11657=CARTESIAN_POINT('',(62.,16.3,26.95));
#11658=CARTESIAN_POINT('',(62.,19.7,26.95));
#11659=CARTESIAN_POINT('',(62.,19.7,26.95));
#11660=CARTESIAN_POINT('',(62.,19.7,28.55));
#11661=CARTESIAN_POINT('',(62.,19.7,28.55));
#11662=CARTESIAN_POINT('',(62.,20.2,28.55));
#11663=CARTESIAN_POINT('',(62.,18.65,9.05));
#11664=CARTESIAN_POINT('',(62.,18.65,9.05));
#11665=CARTESIAN_POINT('',(62.,18.25,9.05));
#11666=CARTESIAN_POINT('',(62.,18.65,8.55));
#11667=CARTESIAN_POINT('',(62.,19.15,8.55));
#11668=CARTESIAN_POINT('',(62.,19.15,6.95));
#11669=CARTESIAN_POINT('',(62.,19.15,6.95));
#11670=CARTESIAN_POINT('',(62.,20.6,6.95));
#11671=CARTESIAN_POINT('',(62.,20.6,6.95));
#11672=CARTESIAN_POINT('',(62.,20.6,6.45));
#11673=CARTESIAN_POINT('',(62.,21.1,6.45));
#11674=CARTESIAN_POINT('',(62.,21.1,3.55));
#11675=CARTESIAN_POINT('',(62.,21.1,3.55));
#11676=CARTESIAN_POINT('',(62.,20.6,3.55));
#11677=CARTESIAN_POINT('',(62.,20.6,3.05));
#11678=CARTESIAN_POINT('',(62.,16.3,3.05));
#11679=CARTESIAN_POINT('',(62.,16.3,3.05));
#11680=CARTESIAN_POINT('',(62.,16.3,3.55));
#11681=CARTESIAN_POINT('',(62.,15.8,3.55));
#11682=CARTESIAN_POINT('',(62.,15.8,6.45));
#11683=CARTESIAN_POINT('',(62.,15.8,6.45));
#11684=CARTESIAN_POINT('',(62.,16.3,6.45));
#11685=CARTESIAN_POINT('',(62.,16.3,6.95));
#11686=CARTESIAN_POINT('',(62.,17.75,6.95));
#11687=CARTESIAN_POINT('',(62.,17.75,6.95));
#11688=CARTESIAN_POINT('',(62.,17.75,8.55));
#11689=CARTESIAN_POINT('',(62.,17.75,8.55));
#11690=CARTESIAN_POINT('',(62.,18.25,8.55000000000001));
#11691=CARTESIAN_POINT('',(62.,22.5,22.6));
#11692=CARTESIAN_POINT('',(62.,22.5,22.6));
#11693=CARTESIAN_POINT('',(62.,22.5,17.4));
#11694=CARTESIAN_POINT('',(62.,26.25,22.6));
#11695=CARTESIAN_POINT('',(62.,26.25,22.6));
#11696=CARTESIAN_POINT('',(62.,26.25,22.6));
#11697=CARTESIAN_POINT('',(62.,26.25,17.4));
#11698=CARTESIAN_POINT('',(62.,26.25,17.4));
#11699=CARTESIAN_POINT('',(0.,0.,21.8));
#11700=CARTESIAN_POINT('',(69.,25.85,21.8));
#11701=CARTESIAN_POINT('',(69.,25.85,21.8));
#11702=CARTESIAN_POINT('',(69.,25.8480762113533,21.8));
#11703=CARTESIAN_POINT('',(69.,0.,21.8));
#11704=CARTESIAN_POINT('',(69.,23.3,21.8));
#11705=CARTESIAN_POINT('',(69.,23.3,21.8));
#11706=CARTESIAN_POINT('',(70.1321659129645,22.35,21.8));
#11707=CARTESIAN_POINT('',(64.3,22.35,21.8));
#11708=CARTESIAN_POINT('',(74.2,22.35,21.8));
#11709=CARTESIAN_POINT('',(74.2,22.35,21.8));
#11710=CARTESIAN_POINT('',(74.5,23.3,21.8));
#11711=CARTESIAN_POINT('',(74.5,23.3,21.8));
#11712=CARTESIAN_POINT('',(76.6,23.8626933041054,21.8));
#11713=CARTESIAN_POINT('',(76.6,23.8626933041054,21.8));
#11714=CARTESIAN_POINT('',(76.6,24.1375644347018,21.8));
#11715=CARTESIAN_POINT('',(76.6,24.1375644347018,21.8));
#11716=CARTESIAN_POINT('',(74.5,25.35,21.8));
#11717=CARTESIAN_POINT('',(74.5,25.35,21.8));
#11718=CARTESIAN_POINT('',(72.2,25.35,21.8));
#11719=CARTESIAN_POINT('',(72.2,25.55,21.8));
#11720=CARTESIAN_POINT('',(72.,25.55,21.8));
#11721=CARTESIAN_POINT('',(72.,25.55,21.8));
#11722=CARTESIAN_POINT('',(72.,25.85,21.8));
#11723=CARTESIAN_POINT('',(72.5,25.85,21.8));
#11724=CARTESIAN_POINT('',(72.5305242697674,26.3490673992109,21.8));
#11725=CARTESIAN_POINT('',(72.5305242697674,26.3490673992109,21.8));
#11726=CARTESIAN_POINT('',(77.2186831150043,26.0623273205546,21.8));
#11727=CARTESIAN_POINT('',(77.2186831150043,26.0623273205546,21.8));
#11728=CARTESIAN_POINT('',(77.0055260159205,25.1744641047474,21.8));
#11729=CARTESIAN_POINT('',(77.2,25.1277750319763,21.8));
#11730=CARTESIAN_POINT('',(77.2,24.9277750319763,21.8));
#11731=CARTESIAN_POINT('',(77.2,24.9277750319763,21.8));
#11732=CARTESIAN_POINT('',(77.75,24.9277750319762,21.8));
#11733=CARTESIAN_POINT('',(77.75,24.9277750319762,21.8));
#11734=CARTESIAN_POINT('',(78.6717714190242,26.35,21.8));
#11735=CARTESIAN_POINT('',(62.,26.35,21.8));
#11736=CARTESIAN_POINT('',(76.5,26.35,21.8));
#11737=CARTESIAN_POINT('',(76.5,22.35,21.8));
#11738=CARTESIAN_POINT('',(76.5,27.55,21.8));
#11739=CARTESIAN_POINT('',(78.4,27.55,21.8));
#11740=CARTESIAN_POINT('',(76.1724087258228,27.55,21.8));
#11741=CARTESIAN_POINT('',(76.1724087258228,27.55,21.8));
#11742=CARTESIAN_POINT('',(72.55,27.95,21.8));
#11743=CARTESIAN_POINT('',(72.55,27.95,21.8));
#11744=CARTESIAN_POINT('',(68.45,27.95,21.8));
#11745=CARTESIAN_POINT('',(68.45,27.95,21.8));
#11746=CARTESIAN_POINT('',(64.8275912741773,27.55,21.8));
#11747=CARTESIAN_POINT('',(64.8275912741773,27.55,21.8));
#11748=CARTESIAN_POINT('',(64.3,27.55,21.8));
#11749=CARTESIAN_POINT('',(64.3,28.85,21.8));
#11750=CARTESIAN_POINT('',(64.3,26.35,21.8));
#11751=CARTESIAN_POINT('',(62.,26.35,21.8));
#11752=CARTESIAN_POINT('',(0.,26.25,21.8));
#11753=CARTESIAN_POINT('',(66.8497380707408,26.25,21.8));
#11754=CARTESIAN_POINT('',(63.7813168849957,26.0623273205546,21.8));
#11755=CARTESIAN_POINT('',(68.4694757302326,26.3490673992109,21.8));
#11756=CARTESIAN_POINT('',(68.5,25.85,21.8));
#11757=CARTESIAN_POINT('',(74.5,23.3,31.8));
#11758=CARTESIAN_POINT('',(76.6,23.8626933041054,31.8));
#11759=CARTESIAN_POINT('',(74.5,23.3,31.8));
#11760=CARTESIAN_POINT('',(76.6,23.8626933041054,31.8));
#11761=CARTESIAN_POINT('',(76.6,24.1375644347018,31.8));
#11762=CARTESIAN_POINT('',(76.6,24.1375644347018,31.8));
#11763=CARTESIAN_POINT('',(74.5,25.35,31.8));
#11764=CARTESIAN_POINT('',(72.5305242697674,26.3490673992109,31.8));
#11765=CARTESIAN_POINT('',(77.2186831150043,26.0623273205546,31.8));
#11766=CARTESIAN_POINT('',(72.5305242697674,26.3490673992109,31.8));
#11767=CARTESIAN_POINT('',(77.2186831150043,26.0623273205546,31.8));
#11768=CARTESIAN_POINT('',(77.0055260159205,25.1744641047474,31.8));
#11769=CARTESIAN_POINT('',(77.2,25.1277750319763,31.8));
#11770=CARTESIAN_POINT('',(77.2,24.9277750319763,31.8));
#11771=CARTESIAN_POINT('',(77.2,24.9277750319763,31.8));
#11772=CARTESIAN_POINT('',(77.75,24.9277750319762,31.8));
#11773=CARTESIAN_POINT('',(69.,23.,22.6));
#11774=CARTESIAN_POINT('',(69.,23.,22.6));
#11775=CARTESIAN_POINT('',(69.,23.,22.6));
#11776=CARTESIAN_POINT('',(69.,23.,17.4));
#11777=CARTESIAN_POINT('',(69.,23.,17.4));
#11778=CARTESIAN_POINT('',(69.,25.8480762113533,17.4));
#11779=CARTESIAN_POINT('',(69.,25.8480762113533,22.6));
#11780=CARTESIAN_POINT('',(69.,25.8480762113533,18.2));
#11781=CARTESIAN_POINT('',(69.,23.,18.2));
#11782=CARTESIAN_POINT('',(69.,23.3,18.2));
#11783=CARTESIAN_POINT('',(69.,23.3,31.8));
#11784=CARTESIAN_POINT('',(69.,25.8480762113533,22.6));
#11785=CARTESIAN_POINT('',(69.,25.8480762113533,22.6));
#11786=CARTESIAN_POINT('',(69.,23.,22.6));
#11787=CARTESIAN_POINT('',(67.5,26.25,22.6));
#11788=CARTESIAN_POINT('',(67.5,26.25,18.2));
#11789=CARTESIAN_POINT('',(66.8497380707408,26.25,18.2));
#11790=CARTESIAN_POINT('',(66.8497380707407,26.25,22.6));
#11791=CARTESIAN_POINT('',(67.5,26.25,22.6));
#11792=CARTESIAN_POINT('',(67.5,26.25,22.6));
#11793=CARTESIAN_POINT('',(67.5,26.25,17.4));
#11794=CARTESIAN_POINT('',(67.5,26.25,17.4));
#11795=CARTESIAN_POINT('',(67.5,26.25,22.6));
#11796=CARTESIAN_POINT('',(62.,22.5,22.6));
#11797=CARTESIAN_POINT('',(62.,22.5,17.4));
#11798=CARTESIAN_POINT('',(68.,22.5,17.4));
#11799=CARTESIAN_POINT('',(68.,22.5,22.6));
#11800=CARTESIAN_POINT('',(68.,22.5,22.6));
#11801=CARTESIAN_POINT('',(62.,22.5,22.6));
#11802=CARTESIAN_POINT('',(68.,22.5,22.6));
#11803=CARTESIAN_POINT('',(68.,22.5,17.4));
#11804=CARTESIAN_POINT('',(68.,22.5,22.6));
#11805=CARTESIAN_POINT('',(69.,25.8480762113533,22.6));
#11806=CARTESIAN_POINT('',(69.,25.8480762113533,22.6));
#11807=CARTESIAN_POINT('',(69.,25.8480762113533,17.4));
#11808=CARTESIAN_POINT('',(69.,25.8480762113533,22.6));
#11809=CARTESIAN_POINT('',(63.7813168849957,26.0623273205546,31.8));
#11810=CARTESIAN_POINT('',(63.7813168849957,26.0623273205546,18.2));
#11811=CARTESIAN_POINT('',(68.4694757302326,26.3490673992109,18.2));
#11812=CARTESIAN_POINT('',(68.4694757302326,26.3490673992109,31.8));
#11813=CARTESIAN_POINT('',(69.,25.85,31.8));
#11814=CARTESIAN_POINT('',(69.,25.85,31.8));
#11815=CARTESIAN_POINT('',(69.,25.85,18.2));
#11816=CARTESIAN_POINT('',(69.,25.85,18.2));
#11817=CARTESIAN_POINT('',(68.5,25.85,31.8));
#11818=CARTESIAN_POINT('',(68.5,25.85,18.2));
#11819=CARTESIAN_POINT('',(69.,23.3,31.8));
#11820=CARTESIAN_POINT('',(69.,23.3,18.2));
#11821=CARTESIAN_POINT('',(70.1321659129645,22.35,18.2));
#11822=CARTESIAN_POINT('',(70.1321659129645,22.35,31.8));
#11823=CARTESIAN_POINT('',(70.1321659129645,22.35,31.8));
#11824=CARTESIAN_POINT('',(70.1321659129645,22.35,18.2));
#11825=CARTESIAN_POINT('',(74.2,22.35,18.2));
#11826=CARTESIAN_POINT('',(74.2,22.35,31.8));
#11827=CARTESIAN_POINT('',(74.2,22.35,31.8));
#11828=CARTESIAN_POINT('',(74.2,22.35,18.2));
#11829=CARTESIAN_POINT('',(74.5,23.3,18.2));
#11830=CARTESIAN_POINT('',(74.5,23.3,31.8));
#11831=CARTESIAN_POINT('',(74.5,25.35,31.8));
#11832=CARTESIAN_POINT('',(74.5,25.35,31.8));
#11833=CARTESIAN_POINT('',(74.5,25.35,18.2));
#11834=CARTESIAN_POINT('',(74.5,25.35,18.2));
#11835=CARTESIAN_POINT('',(72.2,25.35,18.2));
#11836=CARTESIAN_POINT('',(72.2,25.35,31.8));
#11837=CARTESIAN_POINT('',(72.2,25.55,31.8));
#11838=CARTESIAN_POINT('',(72.,25.55,31.8));
#11839=CARTESIAN_POINT('',(72.,25.55,18.2));
#11840=CARTESIAN_POINT('',(72.2,25.55,18.2));
#11841=CARTESIAN_POINT('',(72.,25.55,31.8));
#11842=CARTESIAN_POINT('',(72.,25.55,18.2));
#11843=CARTESIAN_POINT('',(72.,25.85,18.2));
#11844=CARTESIAN_POINT('',(72.,25.85,31.8));
#11845=CARTESIAN_POINT('',(72.5,25.85,31.8));
#11846=CARTESIAN_POINT('',(72.5305242697674,26.3490673992109,31.8));
#11847=CARTESIAN_POINT('',(72.5305242697674,26.3490673992109,18.2));
#11848=CARTESIAN_POINT('',(72.5,25.85,18.2));
#11849=CARTESIAN_POINT('',(76.1724087258228,27.55,31.8));
#11850=CARTESIAN_POINT('',(76.1724087258228,27.55,31.8));
#11851=CARTESIAN_POINT('',(76.1724087258228,27.55,18.2));
#11852=CARTESIAN_POINT('',(76.1724087258228,27.55,18.2));
#11853=CARTESIAN_POINT('',(72.55,27.95,18.2));
#11854=CARTESIAN_POINT('',(72.55,27.95,31.8));
#11855=CARTESIAN_POINT('',(72.55,27.95,31.8));
#11856=CARTESIAN_POINT('',(72.55,27.95,18.2));
#11857=CARTESIAN_POINT('',(68.45,27.95,18.2));
#11858=CARTESIAN_POINT('',(68.45,27.95,31.8));
#11859=CARTESIAN_POINT('',(68.45,27.95,31.8));
#11860=CARTESIAN_POINT('',(68.45,27.95,18.2));
#11861=CARTESIAN_POINT('',(64.8275912741773,27.55,18.2));
#11862=CARTESIAN_POINT('',(64.8275912741773,27.55,31.8));
#11863=CARTESIAN_POINT('',(46.6,22.65,47.));
#11864=CARTESIAN_POINT('',(46.6,22.65,47.));
#11865=CARTESIAN_POINT('',(46.6,22.65,18.));
#11866=CARTESIAN_POINT('',(46.6,22.65,3.));
#11867=CARTESIAN_POINT('',(46.6,21.55,18.));
#11868=CARTESIAN_POINT('',(46.6,27.75,18.));
#11869=CARTESIAN_POINT('',(46.6,27.75,47.));
#11870=CARTESIAN_POINT('',(46.6,27.75,3.));
#11871=CARTESIAN_POINT('',(46.6,22.65,3.));
#11872=CARTESIAN_POINT('',(0.,8.10000000000002,45.6));
#11873=CARTESIAN_POINT('',(0.,2.1,6.7));
#11874=CARTESIAN_POINT('',(0.,4.18284271247462,6.7));
#11875=CARTESIAN_POINT('',(0.,4.5,6.7));
#11876=CARTESIAN_POINT('',(0.,3.9,6.6));
#11877=CARTESIAN_POINT('',(0.,4.2,6.6));
#11878=CARTESIAN_POINT('',(0.,4.2,4.7));
#11879=CARTESIAN_POINT('',(0.,4.2,4.7));
#11880=CARTESIAN_POINT('',(0.,4.5,4.7));
#11881=CARTESIAN_POINT('',(0.,4.5,4.4));
#11882=CARTESIAN_POINT('',(0.,8.1,4.4));
#11883=CARTESIAN_POINT('',(0.,8.1,4.4));
#11884=CARTESIAN_POINT('',(0.,8.1,4.7));
#11885=CARTESIAN_POINT('',(0.,8.4,4.7));
#11886=CARTESIAN_POINT('',(0.,8.4,5.53928210812708));
#11887=CARTESIAN_POINT('',(0.,8.4,4.9));
#11888=CARTESIAN_POINT('',(0.,8.1,4.9));
#11889=CARTESIAN_POINT('',(0.,8.1,4.6));
#11890=CARTESIAN_POINT('',(0.,4.8,4.6));
#11891=CARTESIAN_POINT('',(0.,4.8,4.6));
#11892=CARTESIAN_POINT('',(0.,4.8,4.9));
#11893=CARTESIAN_POINT('',(0.,4.5,4.9));
#11894=CARTESIAN_POINT('',(0.,4.5,6.7));
#11895=CARTESIAN_POINT('',(0.,4.9,43.4));
#11896=CARTESIAN_POINT('',(0.,5.18284271247462,43.3));
#11897=CARTESIAN_POINT('',(0.,5.2,43.4));
#11898=CARTESIAN_POINT('',(0.,5.5,43.3));
#11899=CARTESIAN_POINT('',(0.,5.5,43.3));
#11900=CARTESIAN_POINT('',(0.,5.5,45.6));
#11901=CARTESIAN_POINT('',(0.,5.5,45.6));
#11902=CARTESIAN_POINT('',(0.,5.79999999999999,45.6));
#11903=CARTESIAN_POINT('',(0.,5.8,45.9));
#11904=CARTESIAN_POINT('',(0.,8.1,45.9));
#11905=CARTESIAN_POINT('',(0.,8.1,45.9));
#11906=CARTESIAN_POINT('',(0.,8.10000000000002,45.6));
#11907=CARTESIAN_POINT('',(0.,8.4,45.6));
#11908=CARTESIAN_POINT('',(0.,8.4,45.8));
#11909=CARTESIAN_POINT('',(0.,8.4,45.8));
#11910=CARTESIAN_POINT('',(0.,8.10000000000002,45.8));
#11911=CARTESIAN_POINT('',(0.,8.1,46.1));
#11912=CARTESIAN_POINT('',(0.,5.5,46.1));
#11913=CARTESIAN_POINT('',(0.,5.5,46.1));
#11914=CARTESIAN_POINT('',(0.,5.49999999999999,45.8));
#11915=CARTESIAN_POINT('',(0.,5.2,45.8));
#11916=CARTESIAN_POINT('',(0.,5.2,43.4));
#11917=CARTESIAN_POINT('',(0.,11.2517796458724,6.77851069195398));
#11918=CARTESIAN_POINT('',(0.,11.15,6.74180327868853));
#11919=CARTESIAN_POINT('',(0.,8.5982203541276,5.82148930804602));
#11920=CARTESIAN_POINT('',(0.,11.15,50.));
#11921=CARTESIAN_POINT('',(0.,11.15,6.89558451935335));
#11922=CARTESIAN_POINT('',(0.,10.9,7.06141575887111));
#11923=CARTESIAN_POINT('',(0.,11.0009009190994,6.77889318539266));
#11924=CARTESIAN_POINT('',(0.,8.59909908090055,5.92110681460734));
#11925=CARTESIAN_POINT('',(0.,8.59909908090055,5.92110681460734));
#11926=CARTESIAN_POINT('',(0.,8.7,5.63858424112889));
#11927=CARTESIAN_POINT('',(0.,8.4,5.63858424112889));
#11928=CARTESIAN_POINT('',(0.,8.4,4.9));
#11929=CARTESIAN_POINT('',(0.,8.4,5.53928210812708));
#11930=CARTESIAN_POINT('',(0.,8.7,5.53928210812708));
#11931=CARTESIAN_POINT('',(0.,10.9,42.9385842411289));
#11932=CARTESIAN_POINT('',(0.,11.15,43.1044154806467));
#11933=CARTESIAN_POINT('',(0.,11.0009009190994,43.2211068146073));
#11934=CARTESIAN_POINT('',(0.,11.15,50.));
#11935=CARTESIAN_POINT('',(0.,11.15,43.2581967213115));
#11936=CARTESIAN_POINT('',(0.,8.5982203541276,44.178510691954));
#11937=CARTESIAN_POINT('',(0.,8.5982203541276,44.178510691954));
#11938=CARTESIAN_POINT('',(0.,8.70000000000001,44.4607178918729));
#11939=CARTESIAN_POINT('',(0.,8.4,44.4607178918729));
#11940=CARTESIAN_POINT('',(0.,8.4,44.3614157588711));
#11941=CARTESIAN_POINT('',(0.,8.4,44.3614157588711));
#11942=CARTESIAN_POINT('',(0.,8.69999999999999,44.3614157588711));
#11943=CARTESIAN_POINT('',(0.,8.59909908090055,44.0788931853927));
#11944=CARTESIAN_POINT('',(0.,11.0009009190994,43.2211068146073));
#11945=CARTESIAN_POINT('',(0.,11.2,8.25));
#11946=CARTESIAN_POINT('',(0.,11.15,8.295));
#11947=CARTESIAN_POINT('',(0.,10.2,9.15));
#11948=CARTESIAN_POINT('',(0.,11.15,50.));
#11949=CARTESIAN_POINT('',(0.,11.15,17.6679000138238));
#11950=CARTESIAN_POINT('',(0.,9.44999999999999,16.6143346385386));
#11951=CARTESIAN_POINT('',(0.,10.0863636218021,18.5103940629362));
#11952=CARTESIAN_POINT('',(0.,10.15,18.7));
#11953=CARTESIAN_POINT('',(0.,10.0863636363636,18.889605941951));
#11954=CARTESIAN_POINT('',(0.,9.44999999999999,20.7856653614614));
#11955=CARTESIAN_POINT('',(0.,11.15,19.7320999861762));
#11956=CARTESIAN_POINT('',(0.,11.15,50.));
#11957=CARTESIAN_POINT('',(0.,11.15,41.905));
#11958=CARTESIAN_POINT('',(0.,10.2,41.05));
#11959=CARTESIAN_POINT('',(0.,10.2,41.05));
#11960=CARTESIAN_POINT('',(0.,6.35,41.05));
#11961=CARTESIAN_POINT('',(0.,6.35,41.05));
#11962=CARTESIAN_POINT('',(0.,5.5,40.2));
#11963=CARTESIAN_POINT('',(0.,5.5,40.2));
#11964=CARTESIAN_POINT('',(0.,5.5,36.7593476939431));
#11965=CARTESIAN_POINT('',(0.,5.5,36.7593476939431));
#11966=CARTESIAN_POINT('',(0.,7.49999999999997,36.7593476939431));
#11967=CARTESIAN_POINT('',(0.,6.13636364759964,35.2963043253404));
#11968=CARTESIAN_POINT('',(0.,5.99999999999999,35.15));
#11969=CARTESIAN_POINT('',(0.,6.13636363636363,35.003695664187));
#11970=CARTESIAN_POINT('',(0.,7.50000000000001,33.5406523060569));
#11971=CARTESIAN_POINT('',(0.,5.5,33.5406523060569));
#11972=CARTESIAN_POINT('',(0.,5.5,32.8593476939431));
#11973=CARTESIAN_POINT('',(0.,5.49999999999999,32.8593476939431));
#11974=CARTESIAN_POINT('',(0.,7.49999999999999,32.8593476939431));
#11975=CARTESIAN_POINT('',(0.,6.13636363636363,31.396304335813));
#11976=CARTESIAN_POINT('',(0.,6.00000000000001,31.25));
#11977=CARTESIAN_POINT('',(0.,6.13636363636363,31.103695664187));
#11978=CARTESIAN_POINT('',(0.,7.49999999999999,29.6406523060569));
#11979=CARTESIAN_POINT('',(0.,5.5,29.6406523060569));
#11980=CARTESIAN_POINT('',(0.,5.5,28.9593476939431));
#11981=CARTESIAN_POINT('',(0.,5.5,28.9593476939431));
#11982=CARTESIAN_POINT('',(0.,7.49999999999998,28.9593476939431));
#11983=CARTESIAN_POINT('',(0.,6.13636364759964,27.4963043253404));
#11984=CARTESIAN_POINT('',(0.,6.,27.35));
#11985=CARTESIAN_POINT('',(0.,6.13636363636363,27.203695664187));
#11986=CARTESIAN_POINT('',(0.,7.5,25.7406523060569));
#11987=CARTESIAN_POINT('',(0.,5.5,25.7406523060569));
#11988=CARTESIAN_POINT('',(0.,5.5,25.0593476939431));
#11989=CARTESIAN_POINT('',(0.,5.5,25.0593476939431));
#11990=CARTESIAN_POINT('',(0.,7.49999999999997,25.0593476939431));
#11991=CARTESIAN_POINT('',(0.,6.13636364759964,23.5963043253404));
#11992=CARTESIAN_POINT('',(0.,6.,23.45));
#11993=CARTESIAN_POINT('',(0.,6.13636363636364,23.303695664187));
#11994=CARTESIAN_POINT('',(0.,7.5,21.8406523060569));
#11995=CARTESIAN_POINT('',(0.,5.5,21.8406523060569));
#11996=CARTESIAN_POINT('',(0.,5.5,20.7856653614614));
#11997=CARTESIAN_POINT('',(0.,5.5,20.7856653614614));
#11998=CARTESIAN_POINT('',(0.,7.49999999999999,20.7856653614614));
#11999=CARTESIAN_POINT('',(0.,6.86363636363636,18.889605941951));
#12000=CARTESIAN_POINT('',(0.,6.80000000000001,18.7));
#12001=CARTESIAN_POINT('',(0.,6.86363636363637,18.510394058049));
#12002=CARTESIAN_POINT('',(0.,7.5,16.6143346385386));
#12003=CARTESIAN_POINT('',(0.,5.5,16.6143346385386));
#12004=CARTESIAN_POINT('',(0.,5.5,11.15));
#12005=CARTESIAN_POINT('',(0.,5.5,11.15));
#12006=CARTESIAN_POINT('',(0.,7.5,11.15));
#12007=CARTESIAN_POINT('',(0.,7.5,9.15));
#12008=CARTESIAN_POINT('',(0.,10.2,9.15));
#12009=CARTESIAN_POINT('',(0.,22.65,1.5));
#12010=CARTESIAN_POINT('',(0.,22.65,21.8866616456995));
#12011=CARTESIAN_POINT('',(-3.46944695195361E-15,22.65,46.5));
#12012=CARTESIAN_POINT('',(0.,16.15,21.8866616456995));
#12013=CARTESIAN_POINT('',(0.,16.15,21.8866616456995));
#12014=CARTESIAN_POINT('',(0.,16.15,1.5));
#12015=CARTESIAN_POINT('',(8.67361737988404E-16,16.15,3.5));
#12016=CARTESIAN_POINT('',(0.,12.05,3.5));
#12017=CARTESIAN_POINT('',(0.,12.05,3.5));
#12018=CARTESIAN_POINT('',(0.,12.05,0.3));
#12019=CARTESIAN_POINT('',(0.,12.05,0.3));
#12020=CARTESIAN_POINT('',(0.,11.75,0.300000000000002));
#12021=CARTESIAN_POINT('',(0.,11.75,0.));
#12022=CARTESIAN_POINT('',(0.,11.15,0.));
#12023=CARTESIAN_POINT('',(0.,11.15,0.));
#12024=CARTESIAN_POINT('',(0.,11.15,50.));
#12025=CARTESIAN_POINT('',(0.,11.15,2.6));
#12026=CARTESIAN_POINT('',(0.,10.95,2.6));
#12027=CARTESIAN_POINT('',(0.,10.95,2.6));
#12028=CARTESIAN_POINT('',(0.,10.95,0.));
#12029=CARTESIAN_POINT('',(0.,10.95,0.));
#12030=CARTESIAN_POINT('',(0.,4.24421356237309,0.));
#12031=CARTESIAN_POINT('',(0.,4.24421356237309,4.33680868994202E-16));
#12032=CARTESIAN_POINT('',(0.,4.2442135623731,1.));
#12033=CARTESIAN_POINT('',(0.,3.53710678118655,0.292893218813453));
#12034=CARTESIAN_POINT('',(0.,1.62289321881345,2.20710678118655));
#12035=CARTESIAN_POINT('',(0.,1.62289321881345,2.20710678118655));
#12036=CARTESIAN_POINT('',(0.,2.33,2.9142135623731));
#12037=CARTESIAN_POINT('',(0.,1.33,2.9142135623731));
#12038=CARTESIAN_POINT('',(0.,1.33,6.6));
#12039=CARTESIAN_POINT('',(0.,1.33,6.6));
#12040=CARTESIAN_POINT('',(0.,1.63,6.6));
#12041=CARTESIAN_POINT('',(0.,1.63,6.9));
#12042=CARTESIAN_POINT('',(0.,3.9,6.9));
#12043=CARTESIAN_POINT('',(0.,2.1,6.9));
#12044=CARTESIAN_POINT('',(0.,2.1,7.2));
#12045=CARTESIAN_POINT('',(0.,2.1,7.2));
#12046=CARTESIAN_POINT('',(0.,0.6,7.2));
#12047=CARTESIAN_POINT('',(0.,0.6,7.2));
#12048=CARTESIAN_POINT('',(0.,0.599999999999999,7.8));
#12049=CARTESIAN_POINT('',(0.,0.,7.8));
#12050=CARTESIAN_POINT('',(0.,0.,42.2));
#12051=CARTESIAN_POINT('',(0.,2.27682456221956E-15,42.2));
#12052=CARTESIAN_POINT('',(0.,0.599999999999985,42.2));
#12053=CARTESIAN_POINT('',(0.,0.6,42.8));
#12054=CARTESIAN_POINT('',(0.,2.1,42.8));
#12055=CARTESIAN_POINT('',(0.,2.1,42.8));
#12056=CARTESIAN_POINT('',(0.,2.1,43.3));
#12057=CARTESIAN_POINT('',(0.,2.1,43.1));
#12058=CARTESIAN_POINT('',(0.,1.63,43.1));
#12059=CARTESIAN_POINT('',(0.,1.63,43.1));
#12060=CARTESIAN_POINT('',(0.,1.63,43.4));
#12061=CARTESIAN_POINT('',(0.,1.33,43.4));
#12062=CARTESIAN_POINT('',(0.,1.33,47.0857864376269));
#12063=CARTESIAN_POINT('',(0.,1.33,47.0857864376269));
#12064=CARTESIAN_POINT('',(0.,2.33,47.0857864376269));
#12065=CARTESIAN_POINT('',(0.,1.62289321881345,47.7928932188135));
#12066=CARTESIAN_POINT('',(0.,3.53710678118655,49.7071067811865));
#12067=CARTESIAN_POINT('',(0.,3.53710678118654,49.7071067811865));
#12068=CARTESIAN_POINT('',(0.,4.24421356237309,49.));
#12069=CARTESIAN_POINT('',(0.,4.24421356237309,50.));
#12070=CARTESIAN_POINT('',(0.,10.95,50.));
#12071=CARTESIAN_POINT('',(0.,10.95,50.));
#12072=CARTESIAN_POINT('',(0.,10.95,47.4));
#12073=CARTESIAN_POINT('',(0.,10.95,47.4));
#12074=CARTESIAN_POINT('',(0.,13.45,47.4));
#12075=CARTESIAN_POINT('',(0.,11.15,47.4));
#12076=CARTESIAN_POINT('',(0.,11.15,50.));
#12077=CARTESIAN_POINT('',(0.,11.15,50.));
#12078=CARTESIAN_POINT('',(0.,11.75,50.));
#12079=CARTESIAN_POINT('',(0.,11.75,50.));
#12080=CARTESIAN_POINT('',(0.,11.75,49.7));
#12081=CARTESIAN_POINT('',(0.,12.05,49.7));
#12082=CARTESIAN_POINT('',(0.,12.05,48.5));
#12083=CARTESIAN_POINT('',(-3.46944695195361E-15,12.05,46.5));
#12084=CARTESIAN_POINT('',(-3.46944695195361E-15,12.05,46.5));
#12085=CARTESIAN_POINT('',(62.,26.25,48.5));
#12086=CARTESIAN_POINT('',(48.1,22.65,48.5));
#12087=CARTESIAN_POINT('',(48.1,22.65,48.5));
#12088=CARTESIAN_POINT('',(48.1,26.25,48.5));
#12089=CARTESIAN_POINT('',(0.,22.65,48.5));
#12090=CARTESIAN_POINT('',(2.,22.65,48.5));
#12091=CARTESIAN_POINT('',(2.,12.05,48.5));
#12092=CARTESIAN_POINT('',(2.,12.05,48.5));
#12093=CARTESIAN_POINT('',(62.,12.05,48.5));
#12094=CARTESIAN_POINT('',(62.,26.25,48.5));
#12095=CARTESIAN_POINT('',(62.,26.25,47.));
#12096=CARTESIAN_POINT('',(48.1,26.25,47.));
#12097=CARTESIAN_POINT('',(46.6,27.75,47.));
#12098=CARTESIAN_POINT('',(62.,27.75,47.));
#12099=CARTESIAN_POINT('',(62.,26.25,3.));
#12100=CARTESIAN_POINT('',(48.1,26.25,3.));
#12101=CARTESIAN_POINT('',(48.1,26.25,1.5));
#12102=CARTESIAN_POINT('',(62.,27.75,3.));
#12103=CARTESIAN_POINT('',(62.,26.25,1.5));
#12104=CARTESIAN_POINT('',(0.639635345473431,16.15,20.657933579266));
#12105=CARTESIAN_POINT('',(0.639635345473431,22.65,20.657933579266));
#12106=CARTESIAN_POINT('',(27.6125835287919,22.65,1.77127193356651));
#12107=CARTESIAN_POINT('',(0.63963534547343,22.65,20.657933579266));
#12108=CARTESIAN_POINT('',(27.6125835287919,16.15,1.77127193356651));
#12109=CARTESIAN_POINT('',(27.6125835287919,16.15,1.77127193356651));
#12110=CARTESIAN_POINT('',(0.639635345473431,16.15,20.657933579266));
#12111=CARTESIAN_POINT('',(0.63963534547343,16.15,20.657933579266));
#12112=CARTESIAN_POINT('',(0.63963534547343,16.15,20.657933579266));
#12113=CARTESIAN_POINT('',(28.4729481833185,16.15,3.));
#12114=CARTESIAN_POINT('',(28.4729481833185,22.65,3.));
#12115=CARTESIAN_POINT('',(28.4729481833185,22.65,1.5));
#12116=CARTESIAN_POINT('',(28.4729481833185,16.15,1.5));
#12117=CARTESIAN_POINT('',(28.4729481833185,16.15,1.5));
#12118=CARTESIAN_POINT('',(28.4729481833185,16.15,3.));
#12119=CARTESIAN_POINT('',(1.5,16.15,21.8866616456995));
#12120=CARTESIAN_POINT('',(1.5,22.65,21.8866616456995));
#12121=CARTESIAN_POINT('',(1.5,16.15,21.8866616456995));
#12122=CARTESIAN_POINT('',(2.,12.05,46.5));
#12123=CARTESIAN_POINT('',(2.,22.65,46.5));
#12124=CARTESIAN_POINT('',(2.,12.05,46.5));
#12125=CARTESIAN_POINT('',(62.,27.75,3.));
#12126=CARTESIAN_POINT('',(45.4,27.75,19.6));
#12127=CARTESIAN_POINT('',(47.4,27.75,19.6));
#12128=CARTESIAN_POINT('',(47.4,27.75,3.));
#12129=CARTESIAN_POINT('',(47.4,27.75,20.5090956096656));
#12130=CARTESIAN_POINT('',(49.4,27.75,20.5090956096657));
#12131=CARTESIAN_POINT('',(48.5546391752577,27.75,22.3216532159202));
#12132=CARTESIAN_POINT('',(45.2999999999998,27.75,29.3000000000002));
#12133=CARTESIAN_POINT('',(51.4118556797636,27.75,24.6164948863334));
#12134=CARTESIAN_POINT('',(52.9993506219681,27.75,23.4));
#12135=CARTESIAN_POINT('',(52.9993506219681,27.75,25.4));
#12136=CARTESIAN_POINT('',(62.,27.75,25.4));
#12137=CARTESIAN_POINT('',(55.6,27.75,25.4));
#12138=CARTESIAN_POINT('',(55.6,27.75,26.9));
#12139=CARTESIAN_POINT('',(57.1,27.75,26.9));
#12140=CARTESIAN_POINT('',(57.1,27.75,3.));
#12141=CARTESIAN_POINT('',(57.1,27.75,29.));
#12142=CARTESIAN_POINT('',(55.6,27.75,29.));
#12143=CARTESIAN_POINT('',(55.6,27.75,30.5));
#12144=CARTESIAN_POINT('',(62.,27.75,30.5));
#12145=CARTESIAN_POINT('',(54.4569645625611,27.75,30.5));
#12146=CARTESIAN_POINT('',(54.4569645625611,27.75,32.5));
#12147=CARTESIAN_POINT('',(52.5689306321361,27.75,31.840206185567));
#12148=CARTESIAN_POINT('',(45.3,27.75,29.3));
#12149=CARTESIAN_POINT('',(46.6,27.75,36.8894663844041));
#12150=CARTESIAN_POINT('',(46.6,27.75,47.));
#12151=CARTESIAN_POINT('',(1.5,16.15,21.8866616456995));
#12152=CARTESIAN_POINT('',(28.4729481833185,16.15,1.5));
#12153=CARTESIAN_POINT('',(2.,16.15,1.5));
#12154=CARTESIAN_POINT('',(2.,16.15,3.5));
#12155=CARTESIAN_POINT('',(62.,10.9,7.06141575887111));
#12156=CARTESIAN_POINT('',(62.,11.15,6.89558451935335));
#12157=CARTESIAN_POINT('',(62.,11.0009009190994,6.77889318539266));
#12158=CARTESIAN_POINT('',(62.,11.2,8.25));
#12159=CARTESIAN_POINT('',(62.,11.15,8.29499999999999));
#12160=CARTESIAN_POINT('',(62.,10.2,9.15));
#12161=CARTESIAN_POINT('',(62.,10.2,41.05));
#12162=CARTESIAN_POINT('',(62.,11.15,41.905));
#12163=CARTESIAN_POINT('',(62.,10.2,41.05));
#12164=CARTESIAN_POINT('',(62.,10.9,42.9385842411289));
#12165=CARTESIAN_POINT('',(62.,11.15,43.1044154806467));
#12166=CARTESIAN_POINT('',(62.,11.0009009190994,43.2211068146073));
#12167=CARTESIAN_POINT('',(62.,8.5982203541276,44.178510691954));
#12168=CARTESIAN_POINT('',(62.,11.15,43.2581967213115));
#12169=CARTESIAN_POINT('',(62.,8.5982203541276,44.178510691954));
#12170=CARTESIAN_POINT('',(62.,9.44999999999999,20.7856653614614));
#12171=CARTESIAN_POINT('',(62.,11.15,19.7320999861762));
#12172=CARTESIAN_POINT('',(62.,10.0863636363636,18.889605941951));
#12173=CARTESIAN_POINT('',(62.,9.44999999999999,16.6143346385386));
#12174=CARTESIAN_POINT('',(62.,11.15,17.6679000138239));
#12175=CARTESIAN_POINT('',(62.,10.0863636218021,18.5103940629362));
#12176=CARTESIAN_POINT('',(62.,11.2517796458724,6.77851069195398));
#12177=CARTESIAN_POINT('',(62.,11.15,6.74180327868853));
#12178=CARTESIAN_POINT('',(62.,8.5982203541276,5.82148930804602));
#12179=CARTESIAN_POINT('',(62.,10.95,2.6));
#12180=CARTESIAN_POINT('',(62.,11.15,2.6));
#12181=CARTESIAN_POINT('',(62.,10.95,2.6));
#12182=CARTESIAN_POINT('',(62.,13.45,47.4));
#12183=CARTESIAN_POINT('',(62.,11.15,47.4));
#12184=CARTESIAN_POINT('',(62.,10.95,47.4));
#12185=CARTESIAN_POINT('',(62.,5.5,43.3));
#12186=CARTESIAN_POINT('',(62.,5.18284271247462,43.3));
#12187=CARTESIAN_POINT('',(62.,5.5,43.3));
#12188=CARTESIAN_POINT('',(62.,2.1,43.3));
#12189=CARTESIAN_POINT('',(62.,2.1,43.1));
#12190=CARTESIAN_POINT('',(62.,2.1,42.8));
#12191=CARTESIAN_POINT('',(62.,2.1,7.2));
#12192=CARTESIAN_POINT('',(62.,2.1,6.9));
#12193=CARTESIAN_POINT('',(62.,2.1,7.2));
#12194=CARTESIAN_POINT('',(62.,2.1,6.7));
#12195=CARTESIAN_POINT('',(62.,4.18284271247462,6.7));
#12196=CARTESIAN_POINT('',(62.,4.5,6.7));
#12197=CARTESIAN_POINT('',(62.,8.4,4.9));
#12198=CARTESIAN_POINT('',(62.,8.4,5.53928210812708));
#12199=CARTESIAN_POINT('',(62.,8.4,5.63858424112889));
#12200=CARTESIAN_POINT('',(62.,8.10000000000002,45.6));
#12201=CARTESIAN_POINT('',(62.,8.1,45.9));
#12202=CARTESIAN_POINT('',(62.,8.4,45.6));
#12203=CARTESIAN_POINT('',(62.,8.1,45.9));
#12204=CARTESIAN_POINT('',(62.,5.8,45.9));
#12205=CARTESIAN_POINT('',(62.,5.79999999999999,45.6));
#12206=CARTESIAN_POINT('',(62.,5.5,45.6));
#12207=CARTESIAN_POINT('',(62.,5.5,45.6));
#12208=CARTESIAN_POINT('',(62.,2.1,42.8));
#12209=CARTESIAN_POINT('',(62.,0.6,42.8));
#12210=CARTESIAN_POINT('',(62.,0.599999999999985,42.2));
#12211=CARTESIAN_POINT('',(62.,2.27682456221956E-15,42.2));
#12212=CARTESIAN_POINT('',(62.,0.,42.2));
#12213=CARTESIAN_POINT('',(62.,0.,7.8));
#12214=CARTESIAN_POINT('',(62.,0.599999999999999,7.8));
#12215=CARTESIAN_POINT('',(62.,0.6,7.2));
#12216=CARTESIAN_POINT('',(62.,0.6,7.2));
#12217=CARTESIAN_POINT('',(62.,4.5,6.7));
#12218=CARTESIAN_POINT('',(62.,4.5,4.9));
#12219=CARTESIAN_POINT('',(62.,4.8,4.9));
#12220=CARTESIAN_POINT('',(62.,4.8,4.6));
#12221=CARTESIAN_POINT('',(62.,4.8,4.6));
#12222=CARTESIAN_POINT('',(62.,8.1,4.6));
#12223=CARTESIAN_POINT('',(62.,8.1,4.9));
#12224=CARTESIAN_POINT('',(62.,8.4,4.9));
#12225=CARTESIAN_POINT('',(62.,8.7,5.63858424112889));
#12226=CARTESIAN_POINT('',(62.,8.59909908090055,5.92110681460734));
#12227=CARTESIAN_POINT('',(62.,8.59909908090055,5.92110681460734));
#12228=CARTESIAN_POINT('',(62.,10.2,9.15));
#12229=CARTESIAN_POINT('',(62.,7.5,9.15));
#12230=CARTESIAN_POINT('',(62.,7.5,11.15));
#12231=CARTESIAN_POINT('',(62.,5.5,11.15));
#12232=CARTESIAN_POINT('',(62.,5.5,11.15));
#12233=CARTESIAN_POINT('',(62.,5.5,16.6143346385386));
#12234=CARTESIAN_POINT('',(62.,7.5,16.6143346385386));
#12235=CARTESIAN_POINT('',(62.,6.86363636363637,18.510394058049));
#12236=CARTESIAN_POINT('',(62.,6.80000000000001,18.7));
#12237=CARTESIAN_POINT('',(62.,6.86363636363636,18.889605941951));
#12238=CARTESIAN_POINT('',(62.,7.49999999999999,20.7856653614614));
#12239=CARTESIAN_POINT('',(62.,5.5,20.7856653614614));
#12240=CARTESIAN_POINT('',(62.,5.5,20.7856653614614));
#12241=CARTESIAN_POINT('',(62.,5.5,21.8406523060569));
#12242=CARTESIAN_POINT('',(62.,7.5,21.8406523060569));
#12243=CARTESIAN_POINT('',(62.,6.13636363636364,23.303695664187));
#12244=CARTESIAN_POINT('',(62.,6.,23.45));
#12245=CARTESIAN_POINT('',(62.,6.13636364759964,23.5963043253404));
#12246=CARTESIAN_POINT('',(62.,7.49999999999997,25.0593476939431));
#12247=CARTESIAN_POINT('',(62.,5.5,25.0593476939431));
#12248=CARTESIAN_POINT('',(62.,5.5,25.0593476939431));
#12249=CARTESIAN_POINT('',(62.,5.5,25.7406523060569));
#12250=CARTESIAN_POINT('',(62.,7.5,25.7406523060569));
#12251=CARTESIAN_POINT('',(62.,6.13636363636363,27.203695664187));
#12252=CARTESIAN_POINT('',(62.,6.,27.35));
#12253=CARTESIAN_POINT('',(62.,6.13636364759964,27.4963043253404));
#12254=CARTESIAN_POINT('',(62.,7.49999999999998,28.9593476939431));
#12255=CARTESIAN_POINT('',(62.,5.5,28.9593476939431));
#12256=CARTESIAN_POINT('',(62.,5.5,28.9593476939431));
#12257=CARTESIAN_POINT('',(62.,5.5,29.6406523060569));
#12258=CARTESIAN_POINT('',(62.,7.49999999999999,29.6406523060569));
#12259=CARTESIAN_POINT('',(62.,6.13636363636363,31.103695664187));
#12260=CARTESIAN_POINT('',(62.,6.00000000000001,31.25));
#12261=CARTESIAN_POINT('',(62.,6.13636363636363,31.396304335813));
#12262=CARTESIAN_POINT('',(62.,7.49999999999999,32.8593476939431));
#12263=CARTESIAN_POINT('',(62.,5.49999999999999,32.8593476939431));
#12264=CARTESIAN_POINT('',(62.,5.5,32.8593476939431));
#12265=CARTESIAN_POINT('',(62.,5.5,33.5406523060569));
#12266=CARTESIAN_POINT('',(62.,7.50000000000001,33.5406523060569));
#12267=CARTESIAN_POINT('',(62.,6.13636363636363,35.003695664187));
#12268=CARTESIAN_POINT('',(62.,5.99999999999999,35.15));
#12269=CARTESIAN_POINT('',(62.,6.13636364759964,35.2963043253404));
#12270=CARTESIAN_POINT('',(62.,7.49999999999997,36.7593476939431));
#12271=CARTESIAN_POINT('',(62.,5.5,36.7593476939431));
#12272=CARTESIAN_POINT('',(62.,5.5,36.7593476939431));
#12273=CARTESIAN_POINT('',(62.,5.5,40.2));
#12274=CARTESIAN_POINT('',(62.,5.5,40.2));
#12275=CARTESIAN_POINT('',(62.,6.35,41.05));
#12276=CARTESIAN_POINT('',(62.,6.35,41.05));
#12277=CARTESIAN_POINT('',(62.,11.0009009190994,43.2211068146073));
#12278=CARTESIAN_POINT('',(62.,8.59909908090055,44.0788931853927));
#12279=CARTESIAN_POINT('',(62.,8.69999999999999,44.3614157588711));
#12280=CARTESIAN_POINT('',(62.,8.4,44.3614157588711));
#12281=CARTESIAN_POINT('',(62.,8.4,44.3614157588711));
#12282=CARTESIAN_POINT('',(62.,8.4,44.4607178918729));
#12283=CARTESIAN_POINT('',(62.,1.63,43.1));
#12284=CARTESIAN_POINT('',(62.,1.63,43.1));
#12285=CARTESIAN_POINT('',(62.,4.9,43.4));
#12286=CARTESIAN_POINT('',(62.,5.2,43.4));
#12287=CARTESIAN_POINT('',(62.,8.4,5.53928210812708));
#12288=CARTESIAN_POINT('',(62.,8.4,4.7));
#12289=CARTESIAN_POINT('',(62.,3.9,6.6));
#12290=CARTESIAN_POINT('',(62.,4.2,6.6));
#12291=CARTESIAN_POINT('',(62.,3.9,6.9));
#12292=CARTESIAN_POINT('',(62.,1.63,6.9));
#12293=CARTESIAN_POINT('',(62.,10.95,50.));
#12294=CARTESIAN_POINT('',(62.,4.24421356237309,50.));
#12295=CARTESIAN_POINT('',(62.,10.95,50.));
#12296=CARTESIAN_POINT('',(62.,4.24421356237309,49.));
#12297=CARTESIAN_POINT('',(62.,3.53710678118654,49.7071067811865));
#12298=CARTESIAN_POINT('',(62.,3.53710678118655,49.7071067811865));
#12299=CARTESIAN_POINT('',(62.,1.62289321881345,47.7928932188135));
#12300=CARTESIAN_POINT('',(62.,2.33,47.0857864376269));
#12301=CARTESIAN_POINT('',(62.,1.33,47.0857864376269));
#12302=CARTESIAN_POINT('',(62.,1.33,47.0857864376269));
#12303=CARTESIAN_POINT('',(62.,1.33,43.4));
#12304=CARTESIAN_POINT('',(62.,1.63,43.4));
#12305=CARTESIAN_POINT('',(62.,5.2,43.4));
#12306=CARTESIAN_POINT('',(62.,5.2,45.8));
#12307=CARTESIAN_POINT('',(62.,5.49999999999999,45.8));
#12308=CARTESIAN_POINT('',(62.,5.5,46.1));
#12309=CARTESIAN_POINT('',(62.,5.5,46.1));
#12310=CARTESIAN_POINT('',(62.,8.1,46.1));
#12311=CARTESIAN_POINT('',(62.,8.10000000000002,45.8));
#12312=CARTESIAN_POINT('',(62.,8.4,45.8));
#12313=CARTESIAN_POINT('',(62.,8.4,45.8));
#12314=CARTESIAN_POINT('',(62.,8.70000000000001,44.4607178918729));
#12315=CARTESIAN_POINT('',(62.,10.15,18.7));
#12316=CARTESIAN_POINT('',(62.,8.7,5.53928210812708));
#12317=CARTESIAN_POINT('',(62.,8.1,4.7));
#12318=CARTESIAN_POINT('',(62.,8.1,4.4));
#12319=CARTESIAN_POINT('',(62.,8.1,4.4));
#12320=CARTESIAN_POINT('',(62.,4.5,4.4));
#12321=CARTESIAN_POINT('',(62.,4.5,4.7));
#12322=CARTESIAN_POINT('',(62.,4.2,4.7));
#12323=CARTESIAN_POINT('',(62.,4.2,4.7));
#12324=CARTESIAN_POINT('',(62.,1.63,6.6));
#12325=CARTESIAN_POINT('',(62.,1.33,6.6));
#12326=CARTESIAN_POINT('',(62.,1.33,6.6));
#12327=CARTESIAN_POINT('',(62.,1.33,2.9142135623731));
#12328=CARTESIAN_POINT('',(62.,2.33,2.9142135623731));
#12329=CARTESIAN_POINT('',(62.,1.62289321881345,2.20710678118655));
#12330=CARTESIAN_POINT('',(62.,1.62289321881345,2.20710678118655));
#12331=CARTESIAN_POINT('',(62.,3.53710678118655,0.292893218813453));
#12332=CARTESIAN_POINT('',(62.,4.2442135623731,1.));
#12333=CARTESIAN_POINT('',(62.,4.24421356237309,4.33680868994202E-16));
#12334=CARTESIAN_POINT('',(62.,4.24421356237309,0.));
#12335=CARTESIAN_POINT('',(62.,10.95,0.));
#12336=CARTESIAN_POINT('',(62.,10.95,0.));
#12337=CARTESIAN_POINT('',(62.,10.95,47.4));
#12338=CARTESIAN_POINT('',(62.,12.05,48.5));
#12339=CARTESIAN_POINT('',(62.,12.05,49.7));
#12340=CARTESIAN_POINT('',(62.,12.05,1.5));
#12341=CARTESIAN_POINT('',(48.1,22.65,1.5));
#12342=CARTESIAN_POINT('',(48.1,22.65,1.5));
#12343=CARTESIAN_POINT('',(48.1,22.65,1.5));
#12344=CARTESIAN_POINT('',(62.,12.05,1.5));
#12345=CARTESIAN_POINT('',(2.,12.05,1.5));
#12346=CARTESIAN_POINT('',(2.,12.05,1.5));
#12347=CARTESIAN_POINT('',(62.,12.05,0.3));
#12348=CARTESIAN_POINT('',(62.,12.05,0.3));
#12349=CARTESIAN_POINT('',(2.,12.05,3.5));
#12350=CARTESIAN_POINT('',(62.,11.75,0.300000000000002));
#12351=CARTESIAN_POINT('',(62.,11.75,0.));
#12352=CARTESIAN_POINT('',(62.,11.15,0.));
#12353=CARTESIAN_POINT('',(62.,11.15,0.));
#12354=CARTESIAN_POINT('',(62.,11.75,50.));
#12355=CARTESIAN_POINT('',(62.,11.15,50.));
#12356=CARTESIAN_POINT('',(62.,11.75,50.));
#12357=CARTESIAN_POINT('',(62.,11.75,49.7));
#12358=CARTESIAN_POINT('',(62.,11.15,50.));
#12359=CARTESIAN_POINT('',(62.,11.15,50.));
#12360=CARTESIAN_POINT('',(62.,11.15,50.));
#12361=CARTESIAN_POINT('',(62.,11.15,50.));
#12362=CARTESIAN_POINT('',(62.,11.15,50.));
#12363=CARTESIAN_POINT('',(62.,11.15,50.));
#12364=CARTESIAN_POINT('',(2.,12.05,3.5));
#12365=CARTESIAN_POINT('',(48.1,22.65,47.));
#12366=CARTESIAN_POINT('',(46.6,22.65,47.));
#12367=CARTESIAN_POINT('',(46.6,22.65,47.));
#12368=CARTESIAN_POINT('',(48.1,22.65,47.));
#12369=CARTESIAN_POINT('',(48.1,22.65,3.));
#12370=CARTESIAN_POINT('',(48.1,22.65,3.));
#12371=CARTESIAN_POINT('',(46.6,22.65,47.));
#12372=CARTESIAN_POINT('',(46.6,21.55,36.8894663844041));
#12373=CARTESIAN_POINT('',(46.6,22.65,36.8894663844041));
#12374=CARTESIAN_POINT('',(46.6,22.65,47.));
#12375=CARTESIAN_POINT('',(48.1,22.65,47.));
#12376=CARTESIAN_POINT('',(45.4,22.65,19.6));
#12377=CARTESIAN_POINT('',(45.4,22.65,17.6));
#12378=CARTESIAN_POINT('',(45.3,22.65,29.3));
#12379=CARTESIAN_POINT('',(45.3,22.65,37.));
#12380=CARTESIAN_POINT('',(48.1,22.65,37.));
#12381=CARTESIAN_POINT('',(34.6749598069701,22.65,37.));
#12382=CARTESIAN_POINT('',(34.6749598069701,22.65,39.));
#12383=CARTESIAN_POINT('',(33.0718753106876,22.65,37.8041237113402));
#12384=CARTESIAN_POINT('',(26.9,22.65,33.2));
#12385=CARTESIAN_POINT('',(26.9,22.65,40.9));
#12386=CARTESIAN_POINT('',(48.1,22.65,40.9));
#12387=CARTESIAN_POINT('',(16.2749598069701,22.65,40.9));
#12388=CARTESIAN_POINT('',(16.2749598069701,22.65,42.9));
#12389=CARTESIAN_POINT('',(14.6718754114924,22.65,41.7041235762103));
#12390=CARTESIAN_POINT('',(8.5,22.65,37.1));
#12391=CARTESIAN_POINT('',(6.43608242449655,22.65,29.6817627267977));
#12392=CARTESIAN_POINT('',(5.9,22.65,27.7549478332114));
#12393=CARTESIAN_POINT('',(7.9,22.65,27.7549478332114));
#12394=CARTESIAN_POINT('',(7.9,22.65,47.));
#12395=CARTESIAN_POINT('',(7.9,22.65,25.4));
#12396=CARTESIAN_POINT('',(15.6,22.65,25.4));
#12397=CARTESIAN_POINT('',(15.6,22.65,17.7));
#12398=CARTESIAN_POINT('',(48.1,22.65,17.7));
#12399=CARTESIAN_POINT('',(26.2250401930299,22.65,17.7));
#12400=CARTESIAN_POINT('',(26.2250401930299,22.65,15.7));
#12401=CARTESIAN_POINT('',(27.8281246893124,22.65,16.8958762886598));
#12402=CARTESIAN_POINT('',(34.,22.65,21.5));
#12403=CARTESIAN_POINT('',(40.1118556483664,22.65,16.8164948453608));
#12404=CARTESIAN_POINT('',(41.6993506219681,22.65,15.6));
#12405=CARTESIAN_POINT('',(41.6993506219681,22.65,17.6));
#12406=CARTESIAN_POINT('',(48.1,22.65,17.6));
#12407=CARTESIAN_POINT('',(47.4,21.55,20.5090956096656));
#12408=CARTESIAN_POINT('',(47.4,21.55,19.6));
#12409=CARTESIAN_POINT('',(47.4,36.55,19.6));
#12410=CARTESIAN_POINT('',(47.4,36.55,20.5090956096656));
#12411=CARTESIAN_POINT('',(47.4,36.55,20.5090956096656));
#12412=CARTESIAN_POINT('',(47.4,21.55,20.5090956096656));
#12413=CARTESIAN_POINT('',(49.4,21.55,20.5090956096657));
#12414=CARTESIAN_POINT('',(48.5546391752577,21.55,22.3216532159202));
#12415=CARTESIAN_POINT('',(48.5546391752577,36.55,22.3216532159202));
#12416=CARTESIAN_POINT('',(49.4,36.55,20.5090956096657));
#12417=CARTESIAN_POINT('',(45.2999999999998,21.55,29.3000000000002));
#12418=CARTESIAN_POINT('',(45.2999999999998,36.55,29.3000000000002));
#12419=CARTESIAN_POINT('',(51.4118556797636,36.55,24.6164948863334));
#12420=CARTESIAN_POINT('',(51.4118556797636,21.55,24.6164948863334));
#12421=CARTESIAN_POINT('',(52.9993506219681,21.55,23.4));
#12422=CARTESIAN_POINT('',(52.9993506219681,21.55,25.4));
#12423=CARTESIAN_POINT('',(52.9993506219681,36.55,25.4));
#12424=CARTESIAN_POINT('',(52.9993506219681,36.55,23.4));
#12425=CARTESIAN_POINT('',(55.6,21.55,25.4));
#12426=CARTESIAN_POINT('',(55.6,36.55,25.4));
#12427=CARTESIAN_POINT('',(55.6,36.55,25.4));
#12428=CARTESIAN_POINT('',(55.6,21.55,25.4));
#12429=CARTESIAN_POINT('',(55.6,21.55,26.9));
#12430=CARTESIAN_POINT('',(55.6,36.55,26.9));
#12431=CARTESIAN_POINT('',(57.1,36.55,26.9));
#12432=CARTESIAN_POINT('',(57.1,21.55,26.9));
#12433=CARTESIAN_POINT('',(57.1,21.55,29.));
#12434=CARTESIAN_POINT('',(57.1,36.55,29.));
#12435=CARTESIAN_POINT('',(57.1,36.55,29.));
#12436=CARTESIAN_POINT('',(57.1,21.55,29.));
#12437=CARTESIAN_POINT('',(55.6,21.55,29.));
#12438=CARTESIAN_POINT('',(55.6,36.55,29.));
#12439=CARTESIAN_POINT('',(55.6,36.55,30.5));
#12440=CARTESIAN_POINT('',(55.6,21.55,30.5));
#12441=CARTESIAN_POINT('',(54.4569645625611,21.55,30.5));
#12442=CARTESIAN_POINT('',(54.4569645625611,36.55,30.5));
#12443=CARTESIAN_POINT('',(54.4569645625611,36.55,30.5));
#12444=CARTESIAN_POINT('',(54.4569645625611,21.55,30.5));
#12445=CARTESIAN_POINT('',(54.4569645625611,21.55,32.5));
#12446=CARTESIAN_POINT('',(52.5689306321361,21.55,31.840206185567));
#12447=CARTESIAN_POINT('',(52.5689306321361,36.55,31.840206185567));
#12448=CARTESIAN_POINT('',(54.4569645625611,36.55,32.5));
#12449=CARTESIAN_POINT('',(45.4,21.55,19.6));
#12450=CARTESIAN_POINT('',(45.4,21.55,17.6));
#12451=CARTESIAN_POINT('',(45.4,36.55,17.6));
#12452=CARTESIAN_POINT('',(45.4,36.55,19.6));
#12453=CARTESIAN_POINT('',(45.3,21.55,29.3));
#12454=CARTESIAN_POINT('',(45.3,36.55,29.3));
#12455=CARTESIAN_POINT('',(45.3,36.55,37.));
#12456=CARTESIAN_POINT('',(45.3,21.55,37.));
#12457=CARTESIAN_POINT('',(5.9,21.55,27.7549478332114));
#12458=CARTESIAN_POINT('',(6.43608242449655,21.55,29.6817627267977));
#12459=CARTESIAN_POINT('',(6.43608242449655,36.55,29.6817627267977));
#12460=CARTESIAN_POINT('',(5.9,36.55,27.7549478332114));
#12461=CARTESIAN_POINT('',(7.9,36.55,27.7549478332114));
#12462=CARTESIAN_POINT('',(7.9,21.55,27.7549478332114));
#12463=CARTESIAN_POINT('',(7.9,21.55,25.4));
#12464=CARTESIAN_POINT('',(7.9,21.55,25.4));
#12465=CARTESIAN_POINT('',(7.9,36.55,25.4));
#12466=CARTESIAN_POINT('',(7.9,36.55,25.4));
#12467=CARTESIAN_POINT('',(15.6,21.55,25.4));
#12468=CARTESIAN_POINT('',(15.6,21.55,17.7));
#12469=CARTESIAN_POINT('',(15.6,36.55,17.7));
#12470=CARTESIAN_POINT('',(15.6,36.55,25.4));
#12471=CARTESIAN_POINT('',(26.2250401930299,21.55,17.7));
#12472=CARTESIAN_POINT('',(26.2250401930299,21.55,17.7));
#12473=CARTESIAN_POINT('',(26.2250401930299,36.55,17.7));
#12474=CARTESIAN_POINT('',(26.2250401930299,36.55,17.7));
#12475=CARTESIAN_POINT('',(26.2250401930299,21.55,15.7));
#12476=CARTESIAN_POINT('',(26.2250401930299,36.55,15.7));
#12477=CARTESIAN_POINT('',(27.8281246893124,36.55,16.8958762886598));
#12478=CARTESIAN_POINT('',(27.8281246893124,21.55,16.8958762886598));
#12479=CARTESIAN_POINT('',(34.,21.55,21.5));
#12480=CARTESIAN_POINT('',(40.1118556483664,21.55,16.8164948453608));
#12481=CARTESIAN_POINT('',(40.1118556483664,36.55,16.8164948453608));
#12482=CARTESIAN_POINT('',(34.,36.55,21.5));
#12483=CARTESIAN_POINT('',(41.6993506219681,21.55,15.6));
#12484=CARTESIAN_POINT('',(41.6993506219681,36.55,15.6));
#12485=CARTESIAN_POINT('',(41.6993506219681,36.55,17.6));
#12486=CARTESIAN_POINT('',(41.6993506219681,21.55,17.6));
#12487=CARTESIAN_POINT('',(45.4,21.55,17.6));
#12488=CARTESIAN_POINT('',(45.4,36.55,17.6));
#12489=CARTESIAN_POINT('',(34.6749598069701,21.55,37.));
#12490=CARTESIAN_POINT('',(34.6749598069701,21.55,37.));
#12491=CARTESIAN_POINT('',(34.6749598069701,36.55,37.));
#12492=CARTESIAN_POINT('',(34.6749598069701,36.55,37.));
#12493=CARTESIAN_POINT('',(34.6749598069701,21.55,39.));
#12494=CARTESIAN_POINT('',(34.6749598069701,36.55,39.));
#12495=CARTESIAN_POINT('',(33.0718753106876,36.55,37.8041237113402));
#12496=CARTESIAN_POINT('',(33.0718753106876,21.55,37.8041237113402));
#12497=CARTESIAN_POINT('',(26.9,21.55,33.2));
#12498=CARTESIAN_POINT('',(26.9,21.55,40.9));
#12499=CARTESIAN_POINT('',(26.9,36.55,40.9));
#12500=CARTESIAN_POINT('',(26.9,36.55,33.2));
#12501=CARTESIAN_POINT('',(16.2749598069701,21.55,40.9));
#12502=CARTESIAN_POINT('',(16.2749598069701,21.55,40.9));
#12503=CARTESIAN_POINT('',(16.2749598069701,36.55,40.9));
#12504=CARTESIAN_POINT('',(16.2749598069701,36.55,40.9));
#12505=CARTESIAN_POINT('',(16.2749598069701,21.55,42.9));
#12506=CARTESIAN_POINT('',(16.2749598069701,36.55,42.9));
#12507=CARTESIAN_POINT('',(14.6718754114924,36.55,41.7041235762103));
#12508=CARTESIAN_POINT('',(14.6718754114924,21.55,41.7041235762103));
#12509=CARTESIAN_POINT('',(8.5,21.55,37.1));
#12510=CARTESIAN_POINT('',(8.5,36.55,37.1));
#12511=CARTESIAN_POINT('',(5.9,36.55,27.7549478332114));
#12512=CARTESIAN_POINT('',(15.6,36.55,25.4));
#12513=CARTESIAN_POINT('',(21.6,36.55,25.4));
#12514=CARTESIAN_POINT('',(34.,36.55,21.5));
#12515=CARTESIAN_POINT('',(40.,36.55,21.5));
#12516=CARTESIAN_POINT('',(8.5,36.55,37.1));
#12517=CARTESIAN_POINT('',(14.5,36.55,37.1));
#12518=CARTESIAN_POINT('',(26.9,36.55,33.2));
#12519=CARTESIAN_POINT('',(32.9,36.55,33.2));
#12520=CARTESIAN_POINT('',(45.3,36.55,29.3));
#12521=CARTESIAN_POINT('',(51.3,36.55,29.3));
#12522=CARTESIAN_POINT('',(45.3,46.5,29.3));
#12523=CARTESIAN_POINT('',(45.3,46.5,29.3));
#12524=CARTESIAN_POINT('',(51.3,46.5,29.3));
#12525=CARTESIAN_POINT('',(45.3,46.5,29.3));
#12526=CARTESIAN_POINT('',(26.9,46.5,33.2));
#12527=CARTESIAN_POINT('',(26.9,46.5,33.2));
#12528=CARTESIAN_POINT('',(32.9,46.5,33.2));
#12529=CARTESIAN_POINT('',(26.9,46.5,33.2));
#12530=CARTESIAN_POINT('',(8.5,46.5,37.1));
#12531=CARTESIAN_POINT('',(8.5,46.5,37.1));
#12532=CARTESIAN_POINT('',(14.5,46.5,37.1));
#12533=CARTESIAN_POINT('',(8.5,46.5,37.1));
#12534=CARTESIAN_POINT('',(34.,46.5,21.5));
#12535=CARTESIAN_POINT('',(34.,46.5,21.5));
#12536=CARTESIAN_POINT('',(40.,46.5,21.5));
#12537=CARTESIAN_POINT('',(34.,46.5,21.5));
#12538=CARTESIAN_POINT('',(15.6,46.5,25.4));
#12539=CARTESIAN_POINT('',(15.6,46.5,25.4));
#12540=CARTESIAN_POINT('',(21.6,46.5,25.4));
#12541=CARTESIAN_POINT('',(15.6,46.5,25.4));
#12542=CARTESIAN_POINT('',(79.,20.6,46.45));
#12543=CARTESIAN_POINT('',(79.,20.6,46.95));
#12544=CARTESIAN_POINT('',(79.,20.6,46.95));
#12545=CARTESIAN_POINT('',(79.,20.6,46.45));
#12546=CARTESIAN_POINT('',(79.,21.1,46.45));
#12547=CARTESIAN_POINT('',(79.,21.1,46.45));
#12548=CARTESIAN_POINT('',(79.,20.6,46.95));
#12549=CARTESIAN_POINT('',(79.,16.3,46.95));
#12550=CARTESIAN_POINT('',(79.,16.3,46.95));
#12551=CARTESIAN_POINT('',(79.,20.6,46.95));
#12552=CARTESIAN_POINT('',(79.,16.3,46.45));
#12553=CARTESIAN_POINT('',(79.,15.8,46.45));
#12554=CARTESIAN_POINT('',(79.,15.8,46.45));
#12555=CARTESIAN_POINT('',(79.,16.3,46.45));
#12556=CARTESIAN_POINT('',(79.,15.8,46.45));
#12557=CARTESIAN_POINT('',(79.,15.8,43.55));
#12558=CARTESIAN_POINT('',(79.,15.8,43.55));
#12559=CARTESIAN_POINT('',(79.,15.8,46.45));
#12560=CARTESIAN_POINT('',(79.,16.3,43.55));
#12561=CARTESIAN_POINT('',(79.,16.3,43.05));
#12562=CARTESIAN_POINT('',(79.,16.3,43.05));
#12563=CARTESIAN_POINT('',(79.,16.3,43.55));
#12564=CARTESIAN_POINT('',(79.,16.3,43.05));
#12565=CARTESIAN_POINT('',(79.,17.75,43.05));
#12566=CARTESIAN_POINT('',(79.,17.75,43.05));
#12567=CARTESIAN_POINT('',(79.,16.3,43.05));
#12568=CARTESIAN_POINT('',(79.,17.75,43.05));
#12569=CARTESIAN_POINT('',(79.,17.75,41.45));
#12570=CARTESIAN_POINT('',(79.,17.75,41.45));
#12571=CARTESIAN_POINT('',(79.,17.75,43.05));
#12572=CARTESIAN_POINT('',(79.,18.25,41.45));
#12573=CARTESIAN_POINT('',(79.,18.25,40.95));
#12574=CARTESIAN_POINT('',(79.,18.25,40.95));
#12575=CARTESIAN_POINT('',(79.,18.25,41.45));
#12576=CARTESIAN_POINT('',(79.,18.25,40.95));
#12577=CARTESIAN_POINT('',(79.,18.65,40.95));
#12578=CARTESIAN_POINT('',(79.,18.65,40.95));
#12579=CARTESIAN_POINT('',(79.,18.25,40.95));
#12580=CARTESIAN_POINT('',(79.,18.65,41.45));
#12581=CARTESIAN_POINT('',(79.,19.15,41.45));
#12582=CARTESIAN_POINT('',(79.,19.15,41.45));
#12583=CARTESIAN_POINT('',(79.,18.65,41.45));
#12584=CARTESIAN_POINT('',(79.,19.15,41.45));
#12585=CARTESIAN_POINT('',(79.,19.15,43.05));
#12586=CARTESIAN_POINT('',(79.,19.15,43.05));
#12587=CARTESIAN_POINT('',(79.,19.15,41.45));
#12588=CARTESIAN_POINT('',(79.,19.15,43.05));
#12589=CARTESIAN_POINT('',(79.,20.6,43.05));
#12590=CARTESIAN_POINT('',(79.,20.6,43.05));
#12591=CARTESIAN_POINT('',(79.,19.15,43.05));
#12592=CARTESIAN_POINT('',(79.,20.6,43.55));
#12593=CARTESIAN_POINT('',(79.,21.1,43.55));
#12594=CARTESIAN_POINT('',(79.,21.1,43.55));
#12595=CARTESIAN_POINT('',(79.,20.6,43.55));
#12596=CARTESIAN_POINT('',(79.,21.1,43.55));
#12597=CARTESIAN_POINT('',(79.,21.1,43.55));
#12598=CARTESIAN_POINT('',(79.,20.6,46.45));
#12599=CARTESIAN_POINT('',(79.,19.7,43.55));
#12600=CARTESIAN_POINT('',(79.,19.7,43.55));
#12601=CARTESIAN_POINT('',(79.,19.7,46.45));
#12602=CARTESIAN_POINT('',(79.,17.2,43.55));
#12603=CARTESIAN_POINT('',(79.,17.2,43.55));
#12604=CARTESIAN_POINT('',(79.,17.2,46.45));
#12605=CARTESIAN_POINT('',(79.,17.2,46.45));
#12606=CARTESIAN_POINT('',(79.,19.7,46.45));
#12607=CARTESIAN_POINT('',(79.,21.1,31.45));
#12608=CARTESIAN_POINT('',(79.,21.1,36.95));
#12609=CARTESIAN_POINT('',(79.,21.1,36.95));
#12610=CARTESIAN_POINT('',(79.,21.1,31.45));
#12611=CARTESIAN_POINT('',(79.,21.1,31.45));
#12612=CARTESIAN_POINT('',(79.,21.1,31.45));
#12613=CARTESIAN_POINT('',(79.,21.1,36.95));
#12614=CARTESIAN_POINT('',(79.,15.8,36.95));
#12615=CARTESIAN_POINT('',(79.,15.8,36.95));
#12616=CARTESIAN_POINT('',(79.,21.1,36.95));
#12617=CARTESIAN_POINT('',(79.,15.8,36.95));
#12618=CARTESIAN_POINT('',(79.,15.8,31.45));
#12619=CARTESIAN_POINT('',(79.,15.8,31.45));
#12620=CARTESIAN_POINT('',(79.,15.8,36.95));
#12621=CARTESIAN_POINT('',(79.,16.3,31.45));
#12622=CARTESIAN_POINT('',(79.,16.3,30.95));
#12623=CARTESIAN_POINT('',(79.,16.3,30.95));
#12624=CARTESIAN_POINT('',(79.,16.3,31.45));
#12625=CARTESIAN_POINT('',(79.,16.3,30.95));
#12626=CARTESIAN_POINT('',(79.,16.7,30.95));
#12627=CARTESIAN_POINT('',(79.,16.7,30.95));
#12628=CARTESIAN_POINT('',(79.,16.3,30.95));
#12629=CARTESIAN_POINT('',(79.,16.7,31.45));
#12630=CARTESIAN_POINT('',(79.,17.2,31.45));
#12631=CARTESIAN_POINT('',(79.,17.2,31.45));
#12632=CARTESIAN_POINT('',(79.,16.7,31.45));
#12633=CARTESIAN_POINT('',(79.,17.2,31.45));
#12634=CARTESIAN_POINT('',(79.,17.2,33.05));
#12635=CARTESIAN_POINT('',(79.,17.2,33.05));
#12636=CARTESIAN_POINT('',(79.,17.2,31.45));
#12637=CARTESIAN_POINT('',(79.,17.2,33.05));
#12638=CARTESIAN_POINT('',(79.,19.7,33.05));
#12639=CARTESIAN_POINT('',(79.,19.7,33.05));
#12640=CARTESIAN_POINT('',(79.,17.2,33.05));
#12641=CARTESIAN_POINT('',(79.,19.7,33.05));
#12642=CARTESIAN_POINT('',(79.,19.7,31.45));
#12643=CARTESIAN_POINT('',(79.,19.7,31.45));
#12644=CARTESIAN_POINT('',(79.,19.7,33.05));
#12645=CARTESIAN_POINT('',(79.,20.2,31.45));
#12646=CARTESIAN_POINT('',(79.,20.2,30.95));
#12647=CARTESIAN_POINT('',(79.,20.2,30.95));
#12648=CARTESIAN_POINT('',(79.,20.2,31.45));
#12649=CARTESIAN_POINT('',(79.,20.2,30.95));
#12650=CARTESIAN_POINT('',(79.,20.6,30.95));
#12651=CARTESIAN_POINT('',(79.,20.6,30.95));
#12652=CARTESIAN_POINT('',(79.,20.2,30.95));
#12653=CARTESIAN_POINT('',(79.,20.6,31.45));
#12654=CARTESIAN_POINT('',(79.,20.6,31.45));
#12655=CARTESIAN_POINT('',(79.,16.3,31.45));
#12656=CARTESIAN_POINT('',(79.,19.7,33.55));
#12657=CARTESIAN_POINT('',(79.,19.7,33.55));
#12658=CARTESIAN_POINT('',(79.,19.7,36.45));
#12659=CARTESIAN_POINT('',(79.,17.2,33.55));
#12660=CARTESIAN_POINT('',(79.,17.2,33.55));
#12661=CARTESIAN_POINT('',(79.,17.2,36.45));
#12662=CARTESIAN_POINT('',(79.,17.2,36.45));
#12663=CARTESIAN_POINT('',(79.,19.7,36.45));
#12664=CARTESIAN_POINT('',(79.,20.6,28.55));
#12665=CARTESIAN_POINT('',(79.,20.6,29.05));
#12666=CARTESIAN_POINT('',(79.,20.6,29.05));
#12667=CARTESIAN_POINT('',(79.,20.6,28.55));
#12668=CARTESIAN_POINT('',(79.,21.1,28.55));
#12669=CARTESIAN_POINT('',(79.,21.1,28.55));
#12670=CARTESIAN_POINT('',(79.,20.6,29.05));
#12671=CARTESIAN_POINT('',(79.,20.2,29.05));
#12672=CARTESIAN_POINT('',(79.,20.2,29.05));
#12673=CARTESIAN_POINT('',(79.,20.6,29.05));
#12674=CARTESIAN_POINT('',(79.,20.2,28.55));
#12675=CARTESIAN_POINT('',(79.,19.7,28.55));
#12676=CARTESIAN_POINT('',(79.,19.7,28.55));
#12677=CARTESIAN_POINT('',(79.,20.2,28.55));
#12678=CARTESIAN_POINT('',(79.,19.7,28.55));
#12679=CARTESIAN_POINT('',(79.,19.7,26.95));
#12680=CARTESIAN_POINT('',(79.,19.7,26.95));
#12681=CARTESIAN_POINT('',(79.,19.7,28.55));
#12682=CARTESIAN_POINT('',(79.,19.7,26.95));
#12683=CARTESIAN_POINT('',(79.,16.3,26.95));
#12684=CARTESIAN_POINT('',(79.,16.3,26.95));
#12685=CARTESIAN_POINT('',(79.,19.7,26.95));
#12686=CARTESIAN_POINT('',(79.,16.3,26.45));
#12687=CARTESIAN_POINT('',(79.,15.8,26.45));
#12688=CARTESIAN_POINT('',(79.,15.8,26.45));
#12689=CARTESIAN_POINT('',(79.,16.3,26.45));
#12690=CARTESIAN_POINT('',(79.,15.8,26.45));
#12691=CARTESIAN_POINT('',(79.,15.8,23.55));
#12692=CARTESIAN_POINT('',(79.,15.8,23.55));
#12693=CARTESIAN_POINT('',(79.,15.8,26.45));
#12694=CARTESIAN_POINT('',(79.,16.3,23.55));
#12695=CARTESIAN_POINT('',(79.,16.3,23.05));
#12696=CARTESIAN_POINT('',(79.,16.3,23.05));
#12697=CARTESIAN_POINT('',(79.,16.3,23.55));
#12698=CARTESIAN_POINT('',(79.,16.3,23.05));
#12699=CARTESIAN_POINT('',(79.,20.6,23.05));
#12700=CARTESIAN_POINT('',(79.,20.6,23.05));
#12701=CARTESIAN_POINT('',(79.,16.3,23.05));
#12702=CARTESIAN_POINT('',(79.,20.6,23.55));
#12703=CARTESIAN_POINT('',(79.,21.1,23.55));
#12704=CARTESIAN_POINT('',(79.,21.1,23.55));
#12705=CARTESIAN_POINT('',(79.,20.6,23.55));
#12706=CARTESIAN_POINT('',(79.,21.1,23.55));
#12707=CARTESIAN_POINT('',(79.,21.1,23.55));
#12708=CARTESIAN_POINT('',(79.,20.6,28.55));
#12709=CARTESIAN_POINT('',(79.,19.7,23.55));
#12710=CARTESIAN_POINT('',(79.,19.7,23.55));
#12711=CARTESIAN_POINT('',(79.,19.7,26.45));
#12712=CARTESIAN_POINT('',(79.,17.2,23.55));
#12713=CARTESIAN_POINT('',(79.,17.2,23.55));
#12714=CARTESIAN_POINT('',(79.,17.2,26.45));
#12715=CARTESIAN_POINT('',(79.,17.2,26.45));
#12716=CARTESIAN_POINT('',(79.,19.7,26.45));
#12717=CARTESIAN_POINT('',(79.,18.65,19.05));
#12718=CARTESIAN_POINT('',(79.,18.25,19.05));
#12719=CARTESIAN_POINT('',(79.,18.25,19.05));
#12720=CARTESIAN_POINT('',(79.,18.65,19.05));
#12721=CARTESIAN_POINT('',(79.,18.65,19.05));
#12722=CARTESIAN_POINT('',(79.,18.65,19.05));
#12723=CARTESIAN_POINT('',(79.,18.25,18.55));
#12724=CARTESIAN_POINT('',(79.,17.75,18.55));
#12725=CARTESIAN_POINT('',(79.,17.75,18.55));
#12726=CARTESIAN_POINT('',(79.,18.25,18.55));
#12727=CARTESIAN_POINT('',(79.,17.75,18.55));
#12728=CARTESIAN_POINT('',(79.,17.75,16.95));
#12729=CARTESIAN_POINT('',(79.,17.75,16.95));
#12730=CARTESIAN_POINT('',(79.,17.75,18.55));
#12731=CARTESIAN_POINT('',(79.,17.75,16.95));
#12732=CARTESIAN_POINT('',(79.,16.3,16.95));
#12733=CARTESIAN_POINT('',(79.,16.3,16.95));
#12734=CARTESIAN_POINT('',(79.,17.75,16.95));
#12735=CARTESIAN_POINT('',(79.,16.3,16.45));
#12736=CARTESIAN_POINT('',(79.,15.8,16.45));
#12737=CARTESIAN_POINT('',(79.,15.8,16.45));
#12738=CARTESIAN_POINT('',(79.,16.3,16.45));
#12739=CARTESIAN_POINT('',(79.,15.8,16.45));
#12740=CARTESIAN_POINT('',(79.,15.8,13.55));
#12741=CARTESIAN_POINT('',(79.,15.8,13.55));
#12742=CARTESIAN_POINT('',(79.,15.8,16.45));
#12743=CARTESIAN_POINT('',(79.,16.3,13.55));
#12744=CARTESIAN_POINT('',(79.,16.3,13.05));
#12745=CARTESIAN_POINT('',(79.,16.3,13.05));
#12746=CARTESIAN_POINT('',(79.,16.3,13.55));
#12747=CARTESIAN_POINT('',(79.,16.3,13.05));
#12748=CARTESIAN_POINT('',(79.,17.75,13.05));
#12749=CARTESIAN_POINT('',(79.,17.75,13.05));
#12750=CARTESIAN_POINT('',(79.,16.3,13.05));
#12751=CARTESIAN_POINT('',(79.,17.75,13.05));
#12752=CARTESIAN_POINT('',(79.,17.75,11.45));
#12753=CARTESIAN_POINT('',(79.,17.75,11.45));
#12754=CARTESIAN_POINT('',(79.,17.75,13.05));
#12755=CARTESIAN_POINT('',(79.,18.25,11.45));
#12756=CARTESIAN_POINT('',(79.,18.25,10.95));
#12757=CARTESIAN_POINT('',(79.,18.25,10.95));
#12758=CARTESIAN_POINT('',(79.,18.25,11.45));
#12759=CARTESIAN_POINT('',(79.,18.25,10.95));
#12760=CARTESIAN_POINT('',(79.,18.65,10.95));
#12761=CARTESIAN_POINT('',(79.,18.65,10.95));
#12762=CARTESIAN_POINT('',(79.,18.25,10.95));
#12763=CARTESIAN_POINT('',(79.,18.65,11.45));
#12764=CARTESIAN_POINT('',(79.,19.15,11.45));
#12765=CARTESIAN_POINT('',(79.,19.15,11.45));
#12766=CARTESIAN_POINT('',(79.,18.65,11.45));
#12767=CARTESIAN_POINT('',(79.,19.15,11.45));
#12768=CARTESIAN_POINT('',(79.,19.15,13.05));
#12769=CARTESIAN_POINT('',(79.,19.15,13.05));
#12770=CARTESIAN_POINT('',(79.,19.15,11.45));
#12771=CARTESIAN_POINT('',(79.,19.15,13.05));
#12772=CARTESIAN_POINT('',(79.,20.6,13.05));
#12773=CARTESIAN_POINT('',(79.,20.6,13.05));
#12774=CARTESIAN_POINT('',(79.,19.15,13.05));
#12775=CARTESIAN_POINT('',(79.,20.6,13.55));
#12776=CARTESIAN_POINT('',(79.,21.1,13.55));
#12777=CARTESIAN_POINT('',(79.,21.1,13.55));
#12778=CARTESIAN_POINT('',(79.,20.6,13.55));
#12779=CARTESIAN_POINT('',(79.,21.1,13.55));
#12780=CARTESIAN_POINT('',(79.,21.1,16.45));
#12781=CARTESIAN_POINT('',(79.,21.1,16.45));
#12782=CARTESIAN_POINT('',(79.,21.1,13.55));
#12783=CARTESIAN_POINT('',(79.,20.6,16.45));
#12784=CARTESIAN_POINT('',(79.,20.6,16.95));
#12785=CARTESIAN_POINT('',(79.,20.6,16.95));
#12786=CARTESIAN_POINT('',(79.,20.6,16.45));
#12787=CARTESIAN_POINT('',(79.,20.6,16.95));
#12788=CARTESIAN_POINT('',(79.,19.15,16.95));
#12789=CARTESIAN_POINT('',(79.,19.15,16.95));
#12790=CARTESIAN_POINT('',(79.,20.6,16.95));
#12791=CARTESIAN_POINT('',(79.,19.15,16.95));
#12792=CARTESIAN_POINT('',(79.,19.15,18.55));
#12793=CARTESIAN_POINT('',(79.,19.15,18.55));
#12794=CARTESIAN_POINT('',(79.,19.15,16.95));
#12795=CARTESIAN_POINT('',(79.,18.65,18.55));
#12796=CARTESIAN_POINT('',(79.,18.65,18.55));
#12797=CARTESIAN_POINT('',(79.,18.25,18.55));
#12798=CARTESIAN_POINT('',(79.,19.7,13.55));
#12799=CARTESIAN_POINT('',(79.,19.7,13.55));
#12800=CARTESIAN_POINT('',(79.,19.7,16.45));
#12801=CARTESIAN_POINT('',(79.,17.2,13.55));
#12802=CARTESIAN_POINT('',(79.,17.2,13.55));
#12803=CARTESIAN_POINT('',(79.,17.2,16.45));
#12804=CARTESIAN_POINT('',(79.,17.2,16.45));
#12805=CARTESIAN_POINT('',(79.,19.7,16.45));
#12806=CARTESIAN_POINT('',(79.,18.65,8.55));
#12807=CARTESIAN_POINT('',(79.,18.65,9.05));
#12808=CARTESIAN_POINT('',(79.,18.65,9.05));
#12809=CARTESIAN_POINT('',(79.,18.65,8.55));
#12810=CARTESIAN_POINT('',(79.,19.15,8.55));
#12811=CARTESIAN_POINT('',(79.,19.15,8.55));
#12812=CARTESIAN_POINT('',(79.,18.65,9.05));
#12813=CARTESIAN_POINT('',(79.,18.25,9.05));
#12814=CARTESIAN_POINT('',(79.,18.25,9.05));
#12815=CARTESIAN_POINT('',(79.,18.65,9.05));
#12816=CARTESIAN_POINT('',(79.,18.25,8.55000000000001));
#12817=CARTESIAN_POINT('',(79.,17.75,8.55));
#12818=CARTESIAN_POINT('',(79.,17.75,8.55));
#12819=CARTESIAN_POINT('',(79.,18.25,8.55000000000001));
#12820=CARTESIAN_POINT('',(79.,17.75,8.55));
#12821=CARTESIAN_POINT('',(79.,17.75,6.95));
#12822=CARTESIAN_POINT('',(79.,17.75,6.95));
#12823=CARTESIAN_POINT('',(79.,17.75,8.55));
#12824=CARTESIAN_POINT('',(79.,17.75,6.95));
#12825=CARTESIAN_POINT('',(79.,16.3,6.95));
#12826=CARTESIAN_POINT('',(79.,16.3,6.95));
#12827=CARTESIAN_POINT('',(79.,17.75,6.95));
#12828=CARTESIAN_POINT('',(79.,16.3,6.45));
#12829=CARTESIAN_POINT('',(79.,15.8,6.45));
#12830=CARTESIAN_POINT('',(79.,15.8,6.45));
#12831=CARTESIAN_POINT('',(79.,16.3,6.45));
#12832=CARTESIAN_POINT('',(79.,15.8,6.45));
#12833=CARTESIAN_POINT('',(79.,15.8,3.55));
#12834=CARTESIAN_POINT('',(79.,15.8,3.55));
#12835=CARTESIAN_POINT('',(79.,15.8,6.45));
#12836=CARTESIAN_POINT('',(79.,16.3,3.55));
#12837=CARTESIAN_POINT('',(79.,16.3,3.05));
#12838=CARTESIAN_POINT('',(79.,16.3,3.05));
#12839=CARTESIAN_POINT('',(79.,16.3,3.55));
#12840=CARTESIAN_POINT('',(79.,16.3,3.05));
#12841=CARTESIAN_POINT('',(79.,20.6,3.05));
#12842=CARTESIAN_POINT('',(79.,20.6,3.05));
#12843=CARTESIAN_POINT('',(79.,16.3,3.05));
#12844=CARTESIAN_POINT('',(79.,20.6,3.55));
#12845=CARTESIAN_POINT('',(79.,21.1,3.55));
#12846=CARTESIAN_POINT('',(79.,21.1,3.55));
#12847=CARTESIAN_POINT('',(79.,20.6,3.55));
#12848=CARTESIAN_POINT('',(79.,21.1,3.55));
#12849=CARTESIAN_POINT('',(79.,21.1,6.45));
#12850=CARTESIAN_POINT('',(79.,21.1,6.45));
#12851=CARTESIAN_POINT('',(79.,21.1,3.55));
#12852=CARTESIAN_POINT('',(79.,20.6,6.45));
#12853=CARTESIAN_POINT('',(79.,20.6,6.95));
#12854=CARTESIAN_POINT('',(79.,20.6,6.95));
#12855=CARTESIAN_POINT('',(79.,20.6,6.45));
#12856=CARTESIAN_POINT('',(79.,20.6,6.95));
#12857=CARTESIAN_POINT('',(79.,19.15,6.95));
#12858=CARTESIAN_POINT('',(79.,19.15,6.95));
#12859=CARTESIAN_POINT('',(79.,20.6,6.95));
#12860=CARTESIAN_POINT('',(79.,19.15,6.95));
#12861=CARTESIAN_POINT('',(79.,19.15,6.95));
#12862=CARTESIAN_POINT('',(79.,18.65,8.55));
#12863=CARTESIAN_POINT('',(79.,19.7,3.55));
#12864=CARTESIAN_POINT('',(79.,19.7,3.55));
#12865=CARTESIAN_POINT('',(79.,19.7,6.45));
#12866=CARTESIAN_POINT('',(79.,17.2,3.55));
#12867=CARTESIAN_POINT('',(79.,17.2,3.55));
#12868=CARTESIAN_POINT('',(79.,17.2,6.45));
#12869=CARTESIAN_POINT('',(79.,17.2,6.45));
#12870=CARTESIAN_POINT('',(79.,19.7,6.45));
#12871=CARTESIAN_POINT('',(0.,0.,17.4));
#12872=CARTESIAN_POINT('',(62.6,27.05,18.2));
#12873=CARTESIAN_POINT('',(62.5999999999999,26.85,18.2));
#12874=CARTESIAN_POINT('',(62.1,26.85,18.2));
#12875=CARTESIAN_POINT('',(62.1,27.05,18.2));
#12876=CARTESIAN_POINT('',(62.1,27.05,18.2));
#12877=CARTESIAN_POINT('',(62.6,27.05,18.2));
#12878=CARTESIAN_POINT('',(62.6,27.55,18.2));
#12879=CARTESIAN_POINT('',(64.8275912741773,27.55,18.2));
#12880=CARTESIAN_POINT('',(78.4,27.55,18.2));
#12881=CARTESIAN_POINT('',(78.4,27.55,18.2));
#12882=CARTESIAN_POINT('',(78.4,27.05,18.2));
#12883=CARTESIAN_POINT('',(78.9,27.05,18.2));
#12884=CARTESIAN_POINT('',(78.9,26.85,18.2));
#12885=CARTESIAN_POINT('',(78.9,26.85,18.2));
#12886=CARTESIAN_POINT('',(78.4,26.85,18.2));
#12887=CARTESIAN_POINT('',(78.8195820219388,26.5780608029987,18.2));
#12888=CARTESIAN_POINT('',(77.75,24.9277750319762,18.2));
#12889=CARTESIAN_POINT('',(77.75,24.9277750319762,18.2));
#12890=CARTESIAN_POINT('',(77.2,24.9277750319763,18.2));
#12891=CARTESIAN_POINT('',(77.2,24.9277750319763,18.2));
#12892=CARTESIAN_POINT('',(77.2,25.1277750319763,18.2));
#12893=CARTESIAN_POINT('',(77.0055260159205,25.1744641047474,18.2));
#12894=CARTESIAN_POINT('',(77.2186831150043,26.0623273205546,18.2));
#12895=CARTESIAN_POINT('',(77.2186831150043,26.0623273205546,18.2));
#12896=CARTESIAN_POINT('',(72.5305242697674,26.3490673992109,18.2));
#12897=CARTESIAN_POINT('',(76.6,24.1375644347018,18.2));
#12898=CARTESIAN_POINT('',(76.6,24.1375644347018,18.2));
#12899=CARTESIAN_POINT('',(76.6,23.8626933041054,18.2));
#12900=CARTESIAN_POINT('',(76.6,23.8626933041054,18.2));
#12901=CARTESIAN_POINT('',(74.5,23.3,18.2));
#12902=CARTESIAN_POINT('',(62.6,27.05,31.8));
#12903=CARTESIAN_POINT('',(62.1,27.05,31.8));
#12904=CARTESIAN_POINT('',(62.6,27.55,31.8));
#12905=CARTESIAN_POINT('',(62.1,27.05,31.8));
#12906=CARTESIAN_POINT('',(62.1,26.85,31.8));
#12907=CARTESIAN_POINT('',(62.5999999999999,26.85,31.8));
#12908=CARTESIAN_POINT('',(68.5,25.85,31.8));
#12909=CARTESIAN_POINT('',(69.,23.3,31.8));
#12910=CARTESIAN_POINT('',(69.,23.3,31.8));
#12911=CARTESIAN_POINT('',(70.1321659129645,22.35,31.8));
#12912=CARTESIAN_POINT('',(70.1321659129645,22.35,31.8));
#12913=CARTESIAN_POINT('',(74.2,22.35,31.8));
#12914=CARTESIAN_POINT('',(74.2,22.35,31.8));
#12915=CARTESIAN_POINT('',(74.5,23.3,31.8));
#12916=CARTESIAN_POINT('',(76.6,23.8626933041054,31.8));
#12917=CARTESIAN_POINT('',(76.6,23.8626933041054,31.8));
#12918=CARTESIAN_POINT('',(76.6,24.1375644347018,31.8));
#12919=CARTESIAN_POINT('',(76.6,24.1375644347018,31.8));
#12920=CARTESIAN_POINT('',(74.5,25.35,31.8));
#12921=CARTESIAN_POINT('',(72.2,25.35,31.8));
#12922=CARTESIAN_POINT('',(72.2,25.55,31.8));
#12923=CARTESIAN_POINT('',(72.,25.55,31.8));
#12924=CARTESIAN_POINT('',(72.,25.55,31.8));
#12925=CARTESIAN_POINT('',(72.,25.85,31.8));
#12926=CARTESIAN_POINT('',(72.5,25.85,31.8));
#12927=CARTESIAN_POINT('',(72.5305242697674,26.3490673992109,31.8));
#12928=CARTESIAN_POINT('',(77.2186831150043,26.0623273205546,31.8));
#12929=CARTESIAN_POINT('',(77.2186831150043,26.0623273205546,31.8));
#12930=CARTESIAN_POINT('',(77.0055260159205,25.1744641047474,31.8));
#12931=CARTESIAN_POINT('',(77.2,25.1277750319763,31.8));
#12932=CARTESIAN_POINT('',(77.2,24.9277750319763,31.8));
#12933=CARTESIAN_POINT('',(77.2,24.9277750319763,31.8));
#12934=CARTESIAN_POINT('',(77.75,24.9277750319762,31.8));
#12935=CARTESIAN_POINT('',(77.75,24.9277750319762,31.8));
#12936=CARTESIAN_POINT('',(78.6717714190242,26.35,31.8));
#12937=CARTESIAN_POINT('',(78.8195820219388,26.5780608029987,31.8));
#12938=CARTESIAN_POINT('',(78.4,26.85,31.8));
#12939=CARTESIAN_POINT('',(78.9,26.85,31.8));
#12940=CARTESIAN_POINT('',(78.9,26.85,31.8));
#12941=CARTESIAN_POINT('',(78.9,27.05,31.8));
#12942=CARTESIAN_POINT('',(78.4,27.05,31.8));
#12943=CARTESIAN_POINT('',(78.4,27.55,31.8));
#12944=CARTESIAN_POINT('',(78.4,27.55,31.8));
#12945=CARTESIAN_POINT('',(76.5,27.55,31.8));
#12946=CARTESIAN_POINT('',(76.1724087258228,27.55,31.8));
#12947=CARTESIAN_POINT('',(76.1724087258228,27.55,31.8));
#12948=CARTESIAN_POINT('',(72.55,27.95,31.8));
#12949=CARTESIAN_POINT('',(72.55,27.95,31.8));
#12950=CARTESIAN_POINT('',(68.45,27.95,31.8));
#12951=CARTESIAN_POINT('',(68.45,27.95,31.8));
#12952=CARTESIAN_POINT('',(64.8275912741773,27.55,31.8));
#12953=CARTESIAN_POINT('',(64.8275912741773,27.55,31.8));
#12954=CARTESIAN_POINT('',(64.3,27.55,31.8));
#12955=CARTESIAN_POINT('',(76.5,22.35,28.2));
#12956=CARTESIAN_POINT('',(76.5,26.35,28.2));
#12957=CARTESIAN_POINT('',(64.3,28.85,28.2));
#12958=CARTESIAN_POINT('',(64.3,26.35,28.2));
#12959=CARTESIAN_POINT('',(62.,26.35,21.8));
#12960=CARTESIAN_POINT('',(62.,26.35,21.8));
#12961=CARTESIAN_POINT('',(78.,19.7,43.55));
#12962=CARTESIAN_POINT('',(78.,19.7,46.45));
#12963=CARTESIAN_POINT('',(78.,19.7,46.45));
#12964=CARTESIAN_POINT('',(78.,19.7,43.55));
#12965=CARTESIAN_POINT('',(78.,19.7,43.55));
#12966=CARTESIAN_POINT('',(78.,19.7,43.55));
#12967=CARTESIAN_POINT('',(78.,19.7,46.45));
#12968=CARTESIAN_POINT('',(78.,17.2,46.45));
#12969=CARTESIAN_POINT('',(78.,17.2,46.45));
#12970=CARTESIAN_POINT('',(78.,19.7,46.45));
#12971=CARTESIAN_POINT('',(78.,17.2,46.45));
#12972=CARTESIAN_POINT('',(78.,17.2,43.55));
#12973=CARTESIAN_POINT('',(78.,17.2,43.55));
#12974=CARTESIAN_POINT('',(78.,17.2,46.45));
#12975=CARTESIAN_POINT('',(78.,17.2,43.55));
#12976=CARTESIAN_POINT('',(78.,17.2,43.55));
#12977=CARTESIAN_POINT('',(78.,0.,0.));
#12978=CARTESIAN_POINT('',(78.,19.7,3.55));
#12979=CARTESIAN_POINT('',(78.,19.7,6.45));
#12980=CARTESIAN_POINT('',(78.,19.7,6.45));
#12981=CARTESIAN_POINT('',(78.,19.7,3.55));
#12982=CARTESIAN_POINT('',(78.,19.7,3.55));
#12983=CARTESIAN_POINT('',(78.,19.7,3.55));
#12984=CARTESIAN_POINT('',(78.,19.7,6.45));
#12985=CARTESIAN_POINT('',(78.,17.2,6.45));
#12986=CARTESIAN_POINT('',(78.,17.2,6.45));
#12987=CARTESIAN_POINT('',(78.,19.7,6.45));
#12988=CARTESIAN_POINT('',(78.,17.2,6.45));
#12989=CARTESIAN_POINT('',(78.,17.2,3.55));
#12990=CARTESIAN_POINT('',(78.,17.2,3.55));
#12991=CARTESIAN_POINT('',(78.,17.2,6.45));
#12992=CARTESIAN_POINT('',(78.,17.2,3.55));
#12993=CARTESIAN_POINT('',(78.,17.2,3.55));
#12994=CARTESIAN_POINT('',(78.,0.,-40.));
#12995=CARTESIAN_POINT('',(78.,19.7,13.55));
#12996=CARTESIAN_POINT('',(78.,19.7,16.45));
#12997=CARTESIAN_POINT('',(78.,19.7,16.45));
#12998=CARTESIAN_POINT('',(78.,19.7,13.55));
#12999=CARTESIAN_POINT('',(78.,19.7,13.55));
#13000=CARTESIAN_POINT('',(78.,19.7,13.55));
#13001=CARTESIAN_POINT('',(78.,19.7,16.45));
#13002=CARTESIAN_POINT('',(78.,17.2,16.45));
#13003=CARTESIAN_POINT('',(78.,17.2,16.45));
#13004=CARTESIAN_POINT('',(78.,19.7,16.45));
#13005=CARTESIAN_POINT('',(78.,17.2,16.45));
#13006=CARTESIAN_POINT('',(78.,17.2,13.55));
#13007=CARTESIAN_POINT('',(78.,17.2,13.55));
#13008=CARTESIAN_POINT('',(78.,17.2,16.45));
#13009=CARTESIAN_POINT('',(78.,17.2,13.55));
#13010=CARTESIAN_POINT('',(78.,17.2,13.55));
#13011=CARTESIAN_POINT('',(78.,0.,-30.));
#13012=CARTESIAN_POINT('',(78.,19.7,23.55));
#13013=CARTESIAN_POINT('',(78.,19.7,26.45));
#13014=CARTESIAN_POINT('',(78.,19.7,26.45));
#13015=CARTESIAN_POINT('',(78.,19.7,23.55));
#13016=CARTESIAN_POINT('',(78.,19.7,23.55));
#13017=CARTESIAN_POINT('',(78.,19.7,23.55));
#13018=CARTESIAN_POINT('',(78.,19.7,26.45));
#13019=CARTESIAN_POINT('',(78.,17.2,26.45));
#13020=CARTESIAN_POINT('',(78.,17.2,26.45));
#13021=CARTESIAN_POINT('',(78.,19.7,26.45));
#13022=CARTESIAN_POINT('',(78.,17.2,26.45));
#13023=CARTESIAN_POINT('',(78.,17.2,23.55));
#13024=CARTESIAN_POINT('',(78.,17.2,23.55));
#13025=CARTESIAN_POINT('',(78.,17.2,26.45));
#13026=CARTESIAN_POINT('',(78.,17.2,23.55));
#13027=CARTESIAN_POINT('',(78.,17.2,23.55));
#13028=CARTESIAN_POINT('',(78.,0.,-20.));
#13029=CARTESIAN_POINT('',(78.,19.7,33.55));
#13030=CARTESIAN_POINT('',(78.,19.7,36.45));
#13031=CARTESIAN_POINT('',(78.,19.7,36.45));
#13032=CARTESIAN_POINT('',(78.,19.7,33.55));
#13033=CARTESIAN_POINT('',(78.,19.7,33.55));
#13034=CARTESIAN_POINT('',(78.,19.7,33.55));
#13035=CARTESIAN_POINT('',(78.,19.7,36.45));
#13036=CARTESIAN_POINT('',(78.,17.2,36.45));
#13037=CARTESIAN_POINT('',(78.,17.2,36.45));
#13038=CARTESIAN_POINT('',(78.,19.7,36.45));
#13039=CARTESIAN_POINT('',(78.,17.2,36.45));
#13040=CARTESIAN_POINT('',(78.,17.2,33.55));
#13041=CARTESIAN_POINT('',(78.,17.2,33.55));
#13042=CARTESIAN_POINT('',(78.,17.2,36.45));
#13043=CARTESIAN_POINT('',(78.,17.2,33.55));
#13044=CARTESIAN_POINT('',(78.,17.2,33.55));
#13045=CARTESIAN_POINT('',(78.,0.,-10.));
#13046=CARTESIAN_POINT('',(0.,0.,22.6));
#13047=CARTESIAN_POINT('',(62.,22.5,32.6));
#13048=CARTESIAN_POINT('',(62.,22.5,27.4));
#13049=CARTESIAN_POINT('',(68.,22.5,27.4));
#13050=CARTESIAN_POINT('',(68.,22.5,32.6));
#13051=CARTESIAN_POINT('',(68.,22.5,32.6));
#13052=CARTESIAN_POINT('',(62.,22.5,32.6));
#13053=CARTESIAN_POINT('',(68.,22.5,32.6));
#13054=CARTESIAN_POINT('',(68.,22.5,27.4));
#13055=CARTESIAN_POINT('',(69.,23.,27.4));
#13056=CARTESIAN_POINT('',(69.,23.,32.6));
#13057=CARTESIAN_POINT('',(69.,23.,32.6));
#13058=CARTESIAN_POINT('',(68.,22.5,32.6));
#13059=CARTESIAN_POINT('',(69.,23.,32.6));
#13060=CARTESIAN_POINT('',(69.,25.8480762113533,32.6));
#13061=CARTESIAN_POINT('',(69.,25.8480762113533,32.6));
#13062=CARTESIAN_POINT('',(69.,23.,32.6));
#13063=CARTESIAN_POINT('',(69.,23.,27.4));
#13064=CARTESIAN_POINT('',(69.,25.8480762113533,27.4));
#13065=CARTESIAN_POINT('',(69.,25.8480762113533,32.6));
#13066=CARTESIAN_POINT('',(69.,25.8480762113533,32.6));
#13067=CARTESIAN_POINT('',(69.,25.8480762113533,27.4));
#13068=CARTESIAN_POINT('',(67.5,26.25,27.4));
#13069=CARTESIAN_POINT('',(67.5,26.25,32.6));
#13070=CARTESIAN_POINT('',(67.5,26.25,32.6));
#13071=CARTESIAN_POINT('',(69.,25.8480762113533,32.6));
#13072=CARTESIAN_POINT('',(67.5,26.25,32.6));
#13073=CARTESIAN_POINT('',(67.5,26.25,27.4));
#13074=CARTESIAN_POINT('',(67.5,26.25,32.6));
#13075=CARTESIAN_POINT('',(0.,0.,32.6));
#13076=CARTESIAN_POINT('',(0.,0.,27.4));
#13077=MECHANICAL_DESIGN_GEOMETRIC_PRESENTATION_REPRESENTATION('',(#6154,
#6155,#6156,#6157,#6158,#6159,#6160,#6161,#6162,#6163,#6164,#6165,#6166,
#6167,#6168,#6169,#6170,#6171,#6172,#6173,#6174,#6175,#6176,#6177,#6178,
#6179,#6180,#6181,#6182,#6183,#6184,#6185,#6186,#6187,#6188,#6189,#6190,
#6191,#6192,#6193,#6194,#6195,#6196,#6197,#6198,#6199,#6200,#6201,#6202,
#6203,#6204,#6205,#6206,#6207,#6208,#6209,#6210,#6211,#6212,#6213,#6214,
#6215,#6216,#6217,#6218,#6219,#6220,#6221,#6222,#6223,#6224,#6225,#6226,
#6227,#6228,#6229,#6230,#6231,#6232,#6233,#6234,#6235,#6236,#6237,#6238,
#6239,#6240,#6241,#6242,#6243,#6244,#6245,#6246,#6247,#6248,#6249,#6250,
#6251,#6252,#6253,#6254,#6255,#6256,#6257,#6258,#6259,#6260,#6261,#6262,
#6263,#6264,#6265,#6266,#6267,#6268,#6269,#6270,#6271,#6272,#6273,#6274,
#6275,#6276,#6277,#6278,#6279,#6280,#6281,#6282,#6283,#6284,#6285,#6286,
#6287,#6288,#6289,#6290,#6291,#6292,#6293,#6294,#6295,#6296,#6297,#6298,
#6299,#6300,#6301,#6302,#6303,#6304,#6305,#6306,#6307,#6308,#6309,#6310,
#6311,#6312,#6313,#6314,#6315,#6316,#6317,#6318,#6319,#6320,#6321,#6322,
#6323,#6324,#6325,#6326,#6327,#6328,#6329,#6330,#6331,#6332,#6333,#6334,
#6335,#6336,#6337,#6338,#6339,#6340,#6341,#6342,#6343,#6344,#6345,#6346,
#6347,#6348,#6349,#6350,#6351,#6352,#6353,#6354,#6355,#6356,#6357,#6358,
#6359,#6360,#6361,#6362,#6363,#6364,#6365,#6366,#6367,#6368,#6369,#6370,
#6371,#6372,#6373,#6374,#6375,#6376,#6377,#6378,#6379,#6380,#6381,#6382,
#6383,#6384,#6385,#6386,#6387,#6388,#6389,#6390,#6391,#6392,#6393,#6394,
#6395,#6396,#6397,#6398,#6399,#6400,#6401,#6402,#6403,#6404,#6405,#6406,
#6407,#6408,#6409,#6410,#6411,#6412,#6413,#6414,#6415,#6416,#6417,#6418,
#6419,#6420,#6421,#6422,#6423,#6424,#6425,#6426,#6427,#6428,#6429,#6430,
#6431,#6432,#6433,#6434,#6435,#6436,#6437,#6438,#6439,#6440,#6441,#6442,
#6443,#6444,#6445,#6446,#6447,#6448,#6449,#6450,#6451,#6452,#6453,#6454,
#6455,#6456,#6457,#6458,#6459,#6460,#6461,#6462,#6463,#6464,#6465,#6466,
#6467,#6468,#6469,#6470,#6471,#6472,#6473,#6474,#6475,#6476,#6477,#6478,
#6479,#6480,#6481,#6482),#13078);
#13078=(
GEOMETRIC_REPRESENTATION_CONTEXT(3)
GLOBAL_UNCERTAINTY_ASSIGNED_CONTEXT((#13079))
GLOBAL_UNIT_ASSIGNED_CONTEXT((#13082,#13081,#13080))
REPRESENTATION_CONTEXT('772-272','TOP_LEVEL_ASSEMBLY_PART')
);
#13079=UNCERTAINTY_MEASURE_WITH_UNIT(LENGTH_MEASURE(1.E-5),#13082,
'DISTANCE_ACCURACY_VALUE','Maximum Tolerance applied to model');
#13080=(
NAMED_UNIT(*)
SI_UNIT($,.STERADIAN.)
SOLID_ANGLE_UNIT()
);
#13081=(
NAMED_UNIT(*)
PLANE_ANGLE_UNIT()
SI_UNIT($,.RADIAN.)
);
#13082=(
LENGTH_UNIT()
NAMED_UNIT(*)
SI_UNIT(.MILLI.,.METRE.)
);
#13083=PRODUCT_DEFINITION_SHAPE('','',#13084);
#13084=PRODUCT_DEFINITION('','',#13086,#13085);
#13085=PRODUCT_DEFINITION_CONTEXT('',#13092,'design');
#13086=PRODUCT_DEFINITION_FORMATION_WITH_SPECIFIED_SOURCE('','',#13088,
 .NOT_KNOWN.);
#13087=PRODUCT_RELATED_PRODUCT_CATEGORY('','',(#13088));
#13088=PRODUCT('772-272','772-272','772-272',(#13090));
#13089=PRODUCT_CATEGORY('','');
#13090=PRODUCT_CONTEXT('',#13092,'mechanical');
#13091=APPLICATION_PROTOCOL_DEFINITION('international standard',
'automotive_design',2010,#13092);
#13092=APPLICATION_CONTEXT(
'core data for automotive mechanical design processes');
ENDSEC;
END-ISO-10303-21;
